role,department,employment_type,resource,dept_matches_resource,role_eligible_for_critical,resource_sensitivity,has_relevant_cert,project_assigned,employment_is_contractor,employment_is_intern,contract_duration_days,previously_approved_similar,label
Finance Analyst,Product,Intern,Production Database,0,0,4,0,0,0,1,60,1,DENY
Product Manager,HR,Contractor,HR Database,1,1,3,1,0,1,0,7,0,REVIEW
System Administrator,HR,Employee,Production Database,0,1,4,0,1,0,0,365,0,DENY
Product Manager,IT,Employee,GitHub Project Alpha,0,1,1,0,0,0,0,90,0,DENY
Contractor,Engineering,Intern,HR Database,0,1,3,0,0,0,1,60,0,DENY
Product Manager,Product,Contractor,Development Server,0,1,2,1,1,1,0,7,0,DENY
Contractor,Finance,Contractor,HR Database,0,1,3,1,0,1,0,14,0,DENY
System Administrator,IT,Employee,Finance System,0,1,3,1,1,0,0,30,0,DENY
DevOps Engineer,Finance,Intern,Finance System,1,1,3,1,0,0,1,180,0,REVIEW
DevOps Engineer,Engineering,Employee,Production Database,1,1,4,1,0,0,0,7,0,REVIEW
Contractor,HR,Contractor,Finance System,0,1,3,1,1,1,0,30,0,DENY
Software Developer,IT,Intern,Production Database,1,0,4,0,0,0,1,90,1,DENY
Software Developer,HR,Employee,Development Server,0,1,2,0,0,0,0,365,0,DENY
Product Manager,HR,Intern,GitHub Project Alpha,0,1,1,1,0,0,1,180,0,DENY
HR Specialist,IT,Employee,Admin Panel,1,0,4,0,0,0,0,365,1,DENY
Software Developer,Product,Employee,Development Server,0,1,2,1,0,0,0,7,1,DENY
Software Developer,Engineering,Employee,Development Server,1,1,2,0,0,0,0,7,0,REVIEW
Product Manager,Engineering,Employee,Project Management System,1,1,1,0,1,0,0,60,0,ALLOW
Contractor,Engineering,Employee,HR Database,0,1,3,0,1,0,0,90,0,DENY
Product Manager,Product,Intern,Production Database,0,0,4,1,1,0,1,365,0,DENY
Contractor,Finance,Contractor,GitHub Project Alpha,0,1,1,0,1,1,0,90,1,DENY
HR Specialist,Engineering,Employee,GitHub Project Alpha,1,1,1,0,1,0,0,30,0,ALLOW
Contractor,Finance,Employee,Admin Panel,0,0,4,1,0,0,0,14,0,DENY
Product Manager,Finance,Employee,Project Management System,1,1,1,0,0,0,0,90,0,ALLOW
Software Developer,Finance,Employee,HR Database,0,1,3,1,0,0,0,7,1,DENY
QA Engineer,IT,Contractor,Finance System,0,1,3,0,0,1,0,14,1,DENY
QA Engineer,Finance,Contractor,Production Database,0,0,4,1,0,1,0,90,0,DENY
Finance Analyst,Product,Intern,Admin Panel,0,0,4,1,0,0,1,365,0,DENY
System Administrator,IT,Contractor,Project Management System,1,1,1,1,1,1,0,365,1,ALLOW
Finance Analyst,Finance,Intern,Production Database,0,0,4,0,0,0,1,30,1,DENY
DevOps Engineer,Engineering,Intern,Production Database,1,1,4,0,0,0,1,365,0,REVIEW
Product Manager,Finance,Contractor,Development Server,0,1,2,0,0,1,0,7,0,DENY
QA Engineer,HR,Intern,HR Database,1,1,3,1,1,0,1,180,0,REVIEW
QA Engineer,Product,Contractor,HR Database,0,1,3,0,1,1,0,180,0,DENY
QA Engineer,IT,Intern,GitHub Project Alpha,0,1,1,1,0,0,1,7,0,DENY
System Administrator,HR,Intern,Admin Panel,0,1,4,1,1,0,1,14,0,DENY
HR Specialist,Product,Employee,HR Database,0,1,3,0,1,0,0,365,0,DENY
Product Manager,IT,Employee,Project Management System,1,1,1,1,0,0,0,90,1,ALLOW
Product Manager,Product,Contractor,Finance System,0,1,3,0,0,1,0,14,1,DENY
HR Specialist,HR,Employee,Finance System,0,1,3,1,1,0,0,90,0,DENY
HR Specialist,HR,Intern,Admin Panel,0,0,4,1,1,0,1,180,0,DENY
HR Specialist,IT,Intern,HR Database,0,1,3,1,0,0,1,7,0,DENY
Finance Analyst,HR,Contractor,Admin Panel,0,0,4,1,1,1,0,30,0,DENY
HR Specialist,HR,Contractor,Development Server,0,1,2,0,1,1,0,7,0,DENY
Product Manager,HR,Intern,Project Management System,1,1,1,1,0,0,1,14,0,REVIEW
Finance Analyst,IT,Employee,Finance System,0,1,3,1,0,0,0,30,0,DENY
DevOps Engineer,Product,Intern,Admin Panel,0,0,4,1,0,0,1,365,1,DENY
Product Manager,Engineering,Employee,Development Server,1,1,2,1,1,0,0,14,1,ALLOW
HR Specialist,Finance,Contractor,Finance System,1,1,3,1,0,1,0,90,1,ALLOW
Contractor,Engineering,Intern,Development Server,1,1,2,1,1,0,1,30,1,ALLOW
System Administrator,Finance,Intern,Development Server,0,1,2,0,0,0,1,14,0,DENY
QA Engineer,Engineering,Contractor,Development Server,1,1,2,1,0,1,0,60,1,ALLOW
Finance Analyst,Engineering,Contractor,Admin Panel,0,0,4,1,1,1,0,90,0,DENY
Software Developer,HR,Contractor,Finance System,0,1,3,1,1,1,0,30,1,DENY
QA Engineer,Product,Employee,HR Database,0,1,3,0,0,0,0,365,0,DENY
Product Manager,Engineering,Employee,Production Database,1,0,4,0,1,0,0,60,0,DENY
Software Developer,Product,Contractor,HR Database,0,1,3,0,1,1,0,14,1,DENY
Product Manager,Finance,Intern,Development Server,0,1,2,1,0,0,1,90,1,DENY
HR Specialist,Product,Employee,Project Management System,1,1,1,0,1,0,0,60,0,ALLOW
HR Specialist,Finance,Employee,Production Database,0,0,4,1,0,0,0,60,1,DENY
Finance Analyst,Finance,Contractor,Finance System,1,1,3,1,0,1,0,7,0,REVIEW
HR Specialist,Product,Contractor,Project Management System,1,1,1,0,1,1,0,60,0,ALLOW
Contractor,Finance,Intern,GitHub Project Alpha,0,1,1,1,1,0,1,7,0,DENY
Product Manager,Engineering,Contractor,Finance System,0,1,3,0,0,1,0,365,0,DENY
System Administrator,Finance,Contractor,Admin Panel,0,1,4,1,1,1,0,30,0,DENY
Contractor,Product,Employee,Production Database,0,0,4,0,1,0,0,90,1,DENY
HR Specialist,Product,Intern,HR Database,0,1,3,0,0,0,1,60,0,DENY
Software Developer,Finance,Contractor,Project Management System,1,1,1,0,1,1,0,365,0,ALLOW
QA Engineer,HR,Contractor,Project Management System,1,1,1,1,1,1,0,60,1,ALLOW
Contractor,IT,Contractor,Development Server,0,1,2,1,1,1,0,14,0,DENY
Contractor,Finance,Employee,Development Server,0,1,2,1,0,0,0,30,0,DENY
DevOps Engineer,Engineering,Intern,Finance System,0,1,3,0,0,0,1,180,0,DENY
QA Engineer,HR,Intern,Development Server,0,1,2,1,1,0,1,30,1,DENY
System Administrator,Engineering,Intern,Admin Panel,0,1,4,0,0,0,1,180,0,DENY
System Administrator,IT,Employee,Development Server,0,1,2,0,1,0,0,7,0,DENY
QA Engineer,Engineering,Intern,Project Management System,1,1,1,1,0,0,1,60,0,REVIEW
QA Engineer,Product,Intern,HR Database,0,1,3,1,1,0,1,7,1,DENY
QA Engineer,Engineering,Contractor,GitHub Project Alpha,1,1,1,0,1,1,0,365,0,ALLOW
Product Manager,Product,Employee,Production Database,0,0,4,1,0,0,0,365,0,DENY
Finance Analyst,Engineering,Contractor,Finance System,0,1,3,1,1,1,0,7,0,DENY
DevOps Engineer,Engineering,Intern,Finance System,0,1,3,1,1,0,1,365,0,DENY
HR Specialist,Engineering,Employee,GitHub Project Alpha,1,1,1,0,0,0,0,60,0,ALLOW
HR Specialist,Product,Intern,Development Server,0,1,2,1,0,0,1,14,0,DENY
QA Engineer,Product,Contractor,HR Database,0,1,3,1,0,1,0,365,1,DENY
System Administrator,Engineering,Contractor,Project Management System,1,1,1,0,1,1,0,90,0,ALLOW
Contractor,Engineering,Employee,Finance System,0,1,3,1,0,0,0,14,0,DENY
Finance Analyst,Engineering,Contractor,HR Database,0,1,3,1,0,1,0,180,0,DENY
DevOps Engineer,Finance,Contractor,HR Database,0,1,3,0,1,1,0,180,0,DENY
Software Developer,Finance,Employee,Production Database,0,0,4,0,1,0,0,365,0,DENY
DevOps Engineer,Product,Employee,GitHub Project Alpha,1,1,1,0,0,0,0,30,0,ALLOW
HR Specialist,Engineering,Intern,Development Server,1,1,2,1,1,0,1,180,0,ALLOW
System Administrator,Engineering,Contractor,Finance System,0,1,3,1,1,1,0,7,1,DENY
Contractor,IT,Contractor,Production Database,1,0,4,0,0,1,0,180,1,DENY
Product Manager,HR,Contractor,GitHub Project Alpha,0,1,1,1,1,1,0,180,1,DENY
HR Specialist,Product,Contractor,HR Database,0,1,3,0,0,1,0,90,1,DENY
Software Developer,Finance,Employee,Development Server,0,1,2,0,1,0,0,30,0,DENY
Contractor,Finance,Contractor,Production Database,0,0,4,1,0,1,0,90,1,DENY
Finance Analyst,Product,Intern,Project Management System,1,1,1,1,0,0,1,90,0,REVIEW
Finance Analyst,Finance,Contractor,HR Database,0,1,3,0,0,1,0,30,1,DENY
Product Manager,IT,Employee,GitHub Project Alpha,0,1,1,1,0,0,0,14,1,DENY
Software Developer,Product,Employee,Finance System,0,1,3,1,1,0,0,180,0,DENY
HR Specialist,Product,Employee,Finance System,0,1,3,0,0,0,0,7,0,DENY
Finance Analyst,HR,Intern,Production Database,0,0,4,0,0,0,1,365,0,DENY
Finance Analyst,HR,Intern,GitHub Project Alpha,0,1,1,0,0,0,1,14,0,DENY
QA Engineer,Product,Employee,Production Database,0,0,4,0,0,0,0,30,0,DENY
Finance Analyst,Product,Employee,GitHub Project Alpha,1,1,1,1,1,0,0,7,0,ALLOW
Product Manager,Finance,Contractor,Project Management System,1,1,1,1,1,1,0,60,0,ALLOW
QA Engineer,IT,Intern,Finance System,0,1,3,0,1,0,1,90,1,DENY
HR Specialist,HR,Intern,Finance System,0,1,3,1,0,0,1,180,1,DENY
Finance Analyst,Finance,Intern,Finance System,1,1,3,0,1,0,1,60,0,REVIEW
Finance Analyst,HR,Employee,Finance System,0,1,3,1,1,0,0,60,0,DENY
Contractor,HR,Intern,Project Management System,1,1,1,1,1,0,1,180,0,ALLOW
System Administrator,Product,Intern,Development Server,0,1,2,0,0,0,1,180,1,DENY
Product Manager,Engineering,Intern,Admin Panel,0,0,4,0,0,0,1,14,1,DENY
QA Engineer,Product,Employee,Finance System,0,1,3,1,0,0,0,365,0,DENY
HR Specialist,HR,Intern,Admin Panel,0,0,4,1,1,0,1,90,1,DENY
DevOps Engineer,Engineering,Intern,Admin Panel,0,0,4,1,1,0,1,90,0,DENY
DevOps Engineer,IT,Intern,Production Database,1,1,4,1,1,0,1,60,1,ALLOW
Finance Analyst,Finance,Contractor,HR Database,0,1,3,0,0,1,0,365,0,DENY
QA Engineer,Product,Intern,Development Server,0,1,2,0,1,0,1,60,0,DENY
Finance Analyst,Engineering,Contractor,Project Management System,1,1,1,1,0,1,0,7,0,ALLOW
Contractor,Product,Intern,Admin Panel,0,0,4,0,0,0,1,7,1,DENY
Product Manager,Engineering,Contractor,Project Management System,1,1,1,1,1,1,0,7,0,ALLOW
Finance Analyst,Finance,Contractor,Admin Panel,0,0,4,0,1,1,0,60,0,DENY
DevOps Engineer,IT,Intern,GitHub Project Alpha,0,1,1,1,1,0,1,30,1,DENY
System Administrator,Product,Employee,Finance System,0,1,3,0,1,0,0,60,0,DENY
HR Specialist,Engineering,Employee,Admin Panel,0,0,4,0,0,0,0,180,0,DENY
Contractor,Finance,Contractor,HR Database,0,1,3,0,0,1,0,365,0,DENY
Contractor,Engineering,Contractor,Finance System,0,1,3,1,0,1,0,7,0,DENY
HR Specialist,IT,Employee,Development Server,0,1,2,0,1,0,0,14,0,DENY
Product Manager,HR,Employee,Production Database,0,0,4,0,0,0,0,14,0,DENY
QA Engineer,HR,Contractor,Finance System,0,1,3,1,1,1,0,90,0,DENY
Contractor,HR,Contractor,HR Database,1,1,3,0,0,1,0,365,0,REVIEW
System Administrator,Engineering,Intern,Admin Panel,0,1,4,1,1,0,1,90,0,DENY
Software Developer,Finance,Contractor,Production Database,0,0,4,1,1,1,0,14,1,DENY
DevOps Engineer,Product,Intern,Development Server,0,1,2,1,1,0,1,365,0,DENY
QA Engineer,HR,Employee,Development Server,0,1,2,1,1,0,0,14,0,DENY
System Administrator,Engineering,Contractor,HR Database,0,1,3,0,1,1,0,180,0,DENY
Software Developer,Finance,Contractor,Admin Panel,0,0,4,0,1,1,0,180,0,DENY
HR Specialist,Engineering,Employee,Admin Panel,0,0,4,0,1,0,0,30,0,DENY
QA Engineer,Engineering,Employee,Development Server,1,1,2,1,0,0,0,7,1,ALLOW
HR Specialist,Product,Intern,Finance System,0,1,3,1,1,0,1,90,1,DENY
DevOps Engineer,Finance,Contractor,Project Management System,1,1,1,1,1,1,0,14,0,ALLOW
QA Engineer,HR,Intern,Project Management System,1,1,1,1,0,0,1,90,0,REVIEW
Finance Analyst,Finance,Intern,Admin Panel,0,0,4,0,1,0,1,180,0,DENY
System Administrator,Finance,Contractor,GitHub Project Alpha,0,1,1,1,1,1,0,7,0,DENY
Product Manager,Product,Employee,GitHub Project Alpha,1,1,1,1,0,0,0,365,1,ALLOW
Contractor,Engineering,Contractor,GitHub Project Alpha,1,1,1,0,0,1,0,7,0,ALLOW
System Administrator,Finance,Intern,Admin Panel,0,1,4,1,1,0,1,7,0,DENY
Software Developer,Product,Employee,Production Database,0,0,4,1,1,0,0,180,0,DENY
Software Developer,Finance,Intern,Project Management System,1,1,1,1,0,0,1,90,1,REVIEW
Contractor,IT,Intern,Production Database,1,0,4,0,1,0,1,60,0,DENY
System Administrator,Finance,Employee,Finance System,1,1,3,1,0,0,0,14,0,REVIEW
Product Manager,HR,Intern,HR Database,1,1,3,1,1,0,1,180,1,REVIEW
Product Manager,IT,Intern,Admin Panel,1,0,4,1,1,0,1,60,0,DENY
Finance Analyst,Finance,Employee,Project Management System,1,1,1,1,0,0,0,30,1,ALLOW
DevOps Engineer,Product,Intern,Project Management System,1,1,1,1,1,0,1,365,1,ALLOW
System Administrator,HR,Intern,Admin Panel,0,1,4,1,1,0,1,90,0,DENY
DevOps Engineer,Product,Contractor,GitHub Project Alpha,1,1,1,0,0,1,0,90,0,ALLOW
QA Engineer,Product,Contractor,Admin Panel,0,0,4,1,0,1,0,90,1,DENY
Software Developer,Engineering,Intern,Development Server,1,1,2,1,1,0,1,30,1,ALLOW
DevOps Engineer,Product,Employee,HR Database,0,1,3,0,0,0,0,60,0,DENY
Contractor,Finance,Employee,Development Server,0,1,2,1,0,0,0,90,0,DENY
Product Manager,HR,Contractor,Admin Panel,0,0,4,1,1,1,0,14,0,DENY
Product Manager,Engineering,Employee,Development Server,1,1,2,1,0,0,0,60,0,REVIEW
Finance Analyst,Product,Contractor,GitHub Project Alpha,1,1,1,1,0,1,0,365,0,ALLOW
Contractor,HR,Intern,Development Server,0,1,2,1,0,0,1,14,1,DENY
Product Manager,Product,Contractor,Project Management System,1,1,1,1,1,1,0,180,0,ALLOW
System Administrator,HR,Employee,GitHub Project Alpha,0,1,1,0,0,0,0,30,0,DENY
DevOps Engineer,Finance,Contractor,Finance System,1,1,3,1,0,1,0,60,0,REVIEW
DevOps Engineer,Finance,Intern,Development Server,0,1,2,0,1,0,1,365,0,DENY
Product Manager,IT,Intern,Project Management System,1,1,1,0,0,0,1,180,0,REVIEW
Software Developer,Finance,Employee,Production Database,0,0,4,0,0,0,0,30,0,DENY
System Administrator,Product,Intern,Production Database,0,1,4,1,1,0,1,180,0,DENY
QA Engineer,HR,Employee,Project Management System,1,1,1,1,0,0,0,14,0,ALLOW
Contractor,IT,Intern,Finance System,0,1,3,0,1,0,1,180,1,DENY
DevOps Engineer,Product,Contractor,Development Server,0,1,2,1,0,1,0,7,1,DENY
Software Developer,IT,Intern,GitHub Project Alpha,0,1,1,0,0,0,1,7,0,DENY
Product Manager,Product,Contractor,Development Server,0,1,2,0,1,1,0,30,0,DENY
Contractor,HR,Employee,Project Management System,1,1,1,0,1,0,0,30,0,ALLOW
QA Engineer,Finance,Contractor,Admin Panel,0,0,4,1,0,1,0,14,0,DENY
Software Developer,Engineering,Employee,Admin Panel,0,0,4,0,1,0,0,7,1,DENY
System Administrator,Finance,Employee,HR Database,0,1,3,1,1,0,0,7,0,DENY
Product Manager,Finance,Intern,Production Database,0,0,4,0,0,0,1,90,0,DENY
Contractor,Engineering,Contractor,Development Server,1,1,2,1,0,1,0,365,1,ALLOW
Finance Analyst,Finance,Contractor,Admin Panel,0,0,4,1,0,1,0,14,0,DENY
Software Developer,Finance,Employee,Admin Panel,0,0,4,1,1,0,0,60,0,DENY
Software Developer,HR,Intern,Finance System,0,1,3,1,0,0,1,14,0,DENY
DevOps Engineer,IT,Intern,Admin Panel,1,0,4,0,0,0,1,30,0,DENY
HR Specialist,Product,Intern,GitHub Project Alpha,1,1,1,1,0,0,1,180,0,REVIEW
Contractor,Product,Intern,GitHub Project Alpha,1,1,1,0,1,0,1,30,0,ALLOW
Product Manager,Finance,Intern,Development Server,0,1,2,0,1,0,1,60,0,DENY
DevOps Engineer,HR,Intern,Project Management System,1,1,1,0,0,0,1,30,0,REVIEW
Contractor,Engineering,Intern,Production Database,1,0,4,0,0,0,1,30,1,DENY
Contractor,HR,Intern,Project Management System,1,1,1,0,0,0,1,30,0,REVIEW
System Administrator,Engineering,Intern,Development Server,1,1,2,1,1,0,1,30,0,ALLOW
Finance Analyst,Engineering,Employee,Project Management System,1,1,1,0,0,0,0,30,1,ALLOW
DevOps Engineer,HR,Contractor,Production Database,0,1,4,1,1,1,0,7,0,DENY
Product Manager,Finance,Employee,GitHub Project Alpha,0,1,1,0,1,0,0,180,0,DENY
HR Specialist,IT,Intern,Admin Panel,1,0,4,0,0,0,1,365,1,DENY
System Administrator,Finance,Employee,Finance System,1,1,3,1,0,0,0,60,0,REVIEW
Contractor,Finance,Employee,Admin Panel,0,0,4,1,0,0,0,60,0,DENY
QA Engineer,Product,Intern,Development Server,0,1,2,0,1,0,1,30,0,DENY
HR Specialist,Finance,Intern,Finance System,1,1,3,1,1,0,1,7,0,REVIEW
Product Manager,Finance,Employee,GitHub Project Alpha,0,1,1,1,1,0,0,60,1,DENY
Finance Analyst,Engineering,Intern,GitHub Project Alpha,1,1,1,0,0,0,1,7,0,REVIEW
Contractor,HR,Contractor,Production Database,0,0,4,0,0,1,0,180,0,DENY
System Administrator,Product,Intern,Development Server,0,1,2,1,0,0,1,180,1,DENY
Contractor,Finance,Contractor,Production Database,0,0,4,0,1,1,0,90,1,DENY
DevOps Engineer,HR,Intern,Finance System,0,1,3,1,1,0,1,60,0,DENY
Product Manager,HR,Employee,Production Database,0,0,4,0,1,0,0,30,0,DENY
Product Manager,Product,Contractor,Project Management System,1,1,1,1,0,1,0,14,1,ALLOW
Software Developer,Product,Intern,Development Server,0,1,2,0,0,0,1,7,0,DENY
Product Manager,Finance,Employee,GitHub Project Alpha,0,1,1,0,0,0,0,180,0,DENY
DevOps Engineer,Finance,Employee,GitHub Project Alpha,0,1,1,1,0,0,0,30,1,DENY
System Administrator,Product,Employee,Project Management System,1,1,1,0,1,0,0,30,0,ALLOW
System Administrator,HR,Intern,GitHub Project Alpha,0,1,1,0,1,0,1,30,1,DENY
Contractor,Engineering,Employee,Development Server,1,1,2,1,0,0,0,60,1,ALLOW
DevOps Engineer,Finance,Intern,Finance System,1,1,3,1,1,0,1,90,0,REVIEW
Finance Analyst,Finance,Intern,GitHub Project Alpha,0,1,1,1,1,0,1,90,0,DENY
DevOps Engineer,Engineering,Employee,Production Database,1,1,4,0,1,0,0,7,0,REVIEW
Product Manager,HR,Intern,Admin Panel,0,0,4,0,1,0,1,60,0,DENY
Software Developer,Finance,Contractor,Project Management System,1,1,1,1,1,1,0,365,0,ALLOW
DevOps Engineer,Engineering,Employee,HR Database,0,1,3,0,0,0,0,30,0,DENY
Software Developer,Finance,Contractor,Production Database,0,0,4,1,0,1,0,60,0,DENY
Product Manager,Engineering,Contractor,Production Database,1,0,4,0,0,1,0,7,0,DENY
Finance Analyst,Finance,Intern,Finance System,1,1,3,0,0,0,1,365,1,REVIEW
DevOps Engineer,Engineering,Employee,Project Management System,1,1,1,0,1,0,0,365,0,ALLOW
HR Specialist,Engineering,Employee,GitHub Project Alpha,1,1,1,1,0,0,0,365,0,ALLOW
Software Developer,Finance,Intern,Development Server,0,1,2,1,1,0,1,180,1,DENY
Software Developer,Product,Contractor,GitHub Project Alpha,1,1,1,0,0,1,0,90,0,ALLOW
System Administrator,Product,Employee,Project Management System,1,1,1,1,1,0,0,365,0,ALLOW
System Administrator,Engineering,Employee,Project Management System,1,1,1,0,1,0,0,7,1,ALLOW
Finance Analyst,Finance,Contractor,Finance System,1,1,3,1,1,1,0,60,0,ALLOW
HR Specialist,IT,Intern,Project Management System,1,1,1,0,0,0,1,90,0,REVIEW
Finance Analyst,HR,Contractor,Project Management System,1,1,1,0,1,1,0,180,0,ALLOW
HR Specialist,Engineering,Employee,HR Database,0,1,3,1,1,0,0,90,0,DENY
Software Developer,HR,Employee,Production Database,0,0,4,1,1,0,0,60,0,DENY
DevOps Engineer,Engineering,Contractor,GitHub Project Alpha,1,1,1,0,0,1,0,365,0,ALLOW
QA Engineer,Engineering,Employee,Development Server,1,1,2,0,1,0,0,60,0,ALLOW
Software Developer,Finance,Intern,Finance System,1,1,3,0,0,0,1,180,0,REVIEW
QA Engineer,Engineering,Contractor,Admin Panel,0,0,4,1,0,1,0,90,0,DENY
Contractor,IT,Intern,Project Management System,1,1,1,0,0,0,1,365,0,REVIEW
HR Specialist,Finance,Contractor,Admin Panel,0,0,4,0,1,1,0,90,0,DENY
System Administrator,Product,Employee,Finance System,0,1,3,1,0,0,0,14,0,DENY
Finance Analyst,IT,Intern,Development Server,0,1,2,0,0,0,1,7,0,DENY
System Administrator,Engineering,Intern,HR Database,0,1,3,1,1,0,1,90,0,DENY
HR Specialist,Finance,Employee,Development Server,0,1,2,1,1,0,0,365,1,DENY
Contractor,Finance,Contractor,Project Management System,1,1,1,1,0,1,0,30,0,ALLOW
Software Developer,IT,Employee,HR Database,0,1,3,1,0,0,0,30,0,DENY
Product Manager,Product,Employee,Production Database,0,0,4,1,1,0,0,7,0,DENY
Product Manager,Engineering,Intern,HR Database,0,1,3,1,0,0,1,30,1,DENY
System Administrator,IT,Contractor,Production Database,1,1,4,1,1,1,0,365,0,REVIEW
System Administrator,Engineering,Intern,Project Management System,1,1,1,1,1,0,1,7,0,ALLOW
QA Engineer,Engineering,Employee,Admin Panel,0,0,4,1,0,0,0,60,0,DENY
QA Engineer,Finance,Contractor,HR Database,0,1,3,0,1,1,0,14,0,DENY
Software Developer,Product,Intern,Development Server,0,1,2,0,0,0,1,60,0,DENY
Software Developer,IT,Contractor,GitHub Project Alpha,0,1,1,0,0,1,0,90,0,DENY
Software Developer,IT,Contractor,Development Server,0,1,2,1,0,1,0,60,1,DENY
HR Specialist,HR,Intern,Finance System,0,1,3,0,1,0,1,90,0,DENY
QA Engineer,HR,Contractor,Development Server,0,1,2,0,0,1,0,60,1,DENY
Product Manager,HR,Employee,HR Database,1,1,3,0,0,0,0,365,0,REVIEW
DevOps Engineer,IT,Intern,Admin Panel,1,0,4,0,0,0,1,90,1,DENY
HR Specialist,Engineering,Contractor,Development Server,1,1,2,0,0,1,0,14,0,REVIEW
Software Developer,HR,Intern,Development Server,0,1,2,0,1,0,1,14,0,DENY
Product Manager,Finance,Contractor,Development Server,0,1,2,1,0,1,0,180,0,DENY
Product Manager,IT,Contractor,GitHub Project Alpha,0,1,1,0,1,1,0,14,0,DENY
Contractor,Engineering,Employee,Finance System,0,1,3,0,1,0,0,365,1,DENY
QA Engineer,IT,Employee,Production Database,1,0,4,0,0,0,0,90,1,DENY
HR Specialist,HR,Employee,Development Server,0,1,2,1,1,0,0,7,0,DENY
DevOps Engineer,IT,Employee,Development Server,0,1,2,1,0,0,0,90,0,DENY
Contractor,Product,Contractor,HR Database,0,1,3,1,0,1,0,60,0,DENY
DevOps Engineer,HR,Contractor,Production Database,0,1,4,1,0,1,0,90,0,DENY
System Administrator,Engineering,Intern,Finance System,0,1,3,0,0,0,1,180,0,DENY
DevOps Engineer,Product,Intern,Development Server,0,1,2,1,1,0,1,14,1,DENY
Finance Analyst,IT,Employee,Development Server,0,1,2,0,1,0,0,14,1,DENY
QA Engineer,Engineering,Contractor,GitHub Project Alpha,1,1,1,1,1,1,0,14,1,ALLOW
Software Developer,HR,Employee,GitHub Project Alpha,0,1,1,1,0,0,0,365,0,DENY
Product Manager,Product,Intern,Development Server,0,1,2,0,0,0,1,180,1,DENY
Software Developer,IT,Intern,Finance System,0,1,3,0,1,0,1,14,0,DENY
Finance Analyst,Engineering,Intern,HR Database,0,1,3,1,1,0,1,90,1,DENY
Software Developer,Finance,Intern,Admin Panel,0,0,4,0,0,0,1,60,1,DENY
Contractor,HR,Contractor,Admin Panel,0,0,4,1,1,1,0,30,0,DENY
Product Manager,Product,Intern,Development Server,0,1,2,0,1,0,1,180,0,DENY
Finance Analyst,Product,Contractor,Project Management System,1,1,1,0,1,1,0,60,0,ALLOW
Finance Analyst,HR,Contractor,Production Database,0,0,4,0,1,1,0,180,0,DENY
Contractor,HR,Employee,Project Management System,1,1,1,1,0,0,0,7,0,ALLOW
Product Manager,Engineering,Intern,HR Database,0,1,3,0,0,0,1,365,1,DENY
Software Developer,Finance,Intern,Admin Panel,0,0,4,1,0,0,1,14,0,DENY
DevOps Engineer,IT,Intern,GitHub Project Alpha,0,1,1,1,1,0,1,7,1,DENY
Product Manager,Product,Contractor,Production Database,0,0,4,0,0,1,0,14,0,DENY
Product Manager,Engineering,Employee,Development Server,1,1,2,1,0,0,0,14,0,REVIEW
Contractor,Product,Employee,Development Server,0,1,2,1,1,0,0,7,0,DENY
Finance Analyst,Product,Employee,Admin Panel,0,0,4,0,1,0,0,365,1,DENY
Product Manager,IT,Intern,GitHub Project Alpha,0,1,1,0,1,0,1,60,0,DENY
Product Manager,IT,Employee,Finance System,0,1,3,0,1,0,0,60,0,DENY
DevOps Engineer,Product,Intern,Project Management System,1,1,1,1,1,0,1,90,1,ALLOW
Product Manager,Engineering,Employee,HR Database,0,1,3,0,0,0,0,7,0,DENY
HR Specialist,IT,Intern,Development Server,0,1,2,0,1,0,1,180,0,DENY
HR Specialist,IT,Contractor,Development Server,0,1,2,1,0,1,0,60,0,DENY
Software Developer,HR,Employee,HR Database,1,1,3,0,0,0,0,60,0,REVIEW
Finance Analyst,HR,Employee,Project Management System,1,1,1,0,1,0,0,7,0,ALLOW
QA Engineer,IT,Contractor,GitHub Project Alpha,0,1,1,1,1,1,0,7,1,DENY
QA Engineer,Finance,Contractor,GitHub Project Alpha,0,1,1,1,1,1,0,7,1,DENY
DevOps Engineer,IT,Intern,Production Database,1,1,4,0,1,0,1,7,0,REVIEW
Product Manager,HR,Intern,Project Management System,1,1,1,0,1,0,1,7,0,ALLOW
Finance Analyst,Engineering,Employee,Project Management System,1,1,1,1,1,0,0,60,0,ALLOW
Product Manager,HR,Contractor,Project Management System,1,1,1,0,1,1,0,90,0,ALLOW
Contractor,IT,Intern,Admin Panel,1,0,4,1,0,0,1,365,1,DENY
HR Specialist,Product,Contractor,Production Database,0,0,4,1,1,1,0,180,0,DENY
HR Specialist,IT,Intern,Production Database,1,0,4,1,0,0,1,365,0,DENY
DevOps Engineer,IT,Intern,Production Database,1,1,4,1,0,0,1,60,0,REVIEW
System Administrator,HR,Contractor,Finance System,0,1,3,1,1,1,0,365,0,DENY
Finance Analyst,Product,Employee,Finance System,0,1,3,1,1,0,0,30,1,DENY
Finance Analyst,HR,Contractor,Production Database,0,0,4,1,1,1,0,365,0,DENY
HR Specialist,Engineering,Intern,Finance System,0,1,3,0,1,0,1,60,0,DENY
System Administrator,IT,Intern,Development Server,0,1,2,1,0,0,1,14,0,DENY
System Administrator,Product,Intern,Admin Panel,0,1,4,0,1,0,1,90,1,DENY
Finance Analyst,Product,Contractor,Admin Panel,0,0,4,0,1,1,0,7,0,DENY
System Administrator,HR,Employee,Development Server,0,1,2,0,0,0,0,90,1,DENY
Contractor,Product,Contractor,Project Management System,1,1,1,1,1,1,0,90,0,ALLOW
Product Manager,HR,Contractor,GitHub Project Alpha,0,1,1,1,1,1,0,14,0,DENY
System Administrator,Product,Contractor,GitHub Project Alpha,1,1,1,0,1,1,0,7,0,ALLOW
Software Developer,Finance,Intern,Project Management System,1,1,1,1,1,0,1,60,1,ALLOW
System Administrator,IT,Intern,Finance System,0,1,3,1,0,0,1,365,1,DENY
Finance Analyst,Product,Contractor,Production Database,0,0,4,0,1,1,0,60,0,DENY
Software Developer,IT,Contractor,Admin Panel,1,0,4,0,1,1,0,7,0,DENY
Contractor,Product,Intern,Project Management System,1,1,1,0,1,0,1,7,0,ALLOW
Finance Analyst,HR,Contractor,Admin Panel,0,0,4,0,0,1,0,60,1,DENY
DevOps Engineer,Engineering,Intern,Development Server,1,1,2,1,1,0,1,365,0,ALLOW
Product Manager,HR,Contractor,Finance System,0,1,3,1,0,1,0,180,0,DENY
Contractor,HR,Employee,Admin Panel,0,0,4,1,0,0,0,180,0,DENY
Product Manager,Product,Contractor,Project Management System,1,1,1,1,1,1,0,30,0,ALLOW
DevOps Engineer,HR,Contractor,Development Server,0,1,2,0,0,1,0,7,0,DENY
Contractor,Product,Intern,Development Server,0,1,2,1,1,0,1,14,0,DENY
Product Manager,Engineering,Intern,Finance System,0,1,3,0,1,0,1,180,0,DENY
Contractor,Product,Contractor,GitHub Project Alpha,1,1,1,0,0,1,0,14,1,ALLOW
DevOps Engineer,HR,Intern,Development Server,0,1,2,0,0,0,1,365,0,DENY
Contractor,HR,Contractor,Project Management System,1,1,1,1,1,1,0,60,0,ALLOW
Product Manager,Product,Intern,Project Management System,1,1,1,0,1,0,1,365,0,ALLOW
Product Manager,Engineering,Intern,GitHub Project Alpha,1,1,1,0,1,0,1,180,0,ALLOW
Finance Analyst,Engineering,Intern,Development Server,1,1,2,1,0,0,1,180,1,ALLOW
QA Engineer,IT,Employee,Finance System,0,1,3,0,1,0,0,14,0,DENY
Software Developer,IT,Contractor,Project Management System,1,1,1,1,1,1,0,365,0,ALLOW
HR Specialist,Finance,Intern,Finance System,1,1,3,0,0,0,1,14,0,REVIEW
Software Developer,Product,Intern,Development Server,0,1,2,1,1,0,1,365,0,DENY
System Administrator,Engineering,Contractor,Production Database,1,1,4,1,1,1,0,180,0,REVIEW
Product Manager,Engineering,Intern,Admin Panel,0,0,4,1,0,0,1,365,0,DENY
Finance Analyst,Product,Contractor,HR Database,0,1,3,1,0,1,0,30,0,DENY
DevOps Engineer,HR,Contractor,Finance System,0,1,3,1,0,1,0,30,0,DENY
DevOps Engineer,Product,Contractor,HR Database,0,1,3,1,0,1,0,90,1,DENY
System Administrator,Finance,Contractor,GitHub Project Alpha,0,1,1,0,0,1,0,180,0,DENY
Finance Analyst,IT,Employee,GitHub Project Alpha,0,1,1,1,0,0,0,365,1,DENY
Finance Analyst,Finance,Intern,Development Server,0,1,2,1,0,0,1,180,0,DENY
Product Manager,HR,Employee,Admin Panel,0,0,4,0,0,0,0,60,1,DENY
Contractor,Finance,Employee,Production Database,0,0,4,0,0,0,0,7,0,DENY
HR Specialist,HR,Intern,Project Management System,1,1,1,1,0,0,1,90,1,REVIEW
QA Engineer,Engineering,Intern,Admin Panel,0,0,4,1,0,0,1,14,0,DENY
HR Specialist,IT,Employee,HR Database,0,1,3,0,0,0,0,30,0,DENY
Software Developer,HR,Intern,GitHub Project Alpha,0,1,1,1,1,0,1,60,1,DENY
Software Developer,Engineering,Employee,Admin Panel,0,0,4,1,0,0,0,14,1,DENY
Finance Analyst,Engineering,Intern,Finance System,0,1,3,1,1,0,1,90,1,DENY
Contractor,Product,Contractor,Finance System,0,1,3,1,0,1,0,180,0,DENY
HR Specialist,IT,Employee,Development Server,0,1,2,0,1,0,0,7,1,DENY
DevOps Engineer,Engineering,Intern,GitHub Project Alpha,1,1,1,0,0,0,1,60,0,REVIEW
Product Manager,Engineering,Intern,Production Database,1,0,4,1,1,0,1,30,0,DENY
Finance Analyst,Finance,Intern,Production Database,0,0,4,1,0,0,1,30,0,DENY
Finance Analyst,Finance,Contractor,Project Management System,1,1,1,0,0,1,0,14,1,ALLOW
System Administrator,HR,Intern,GitHub Project Alpha,0,1,1,1,0,0,1,90,0,DENY
Finance Analyst,Product,Contractor,Finance System,0,1,3,1,1,1,0,30,1,DENY
Finance Analyst,Product,Intern,Production Database,0,0,4,1,0,0,1,14,0,DENY
System Administrator,IT,Contractor,Project Management System,1,1,1,1,0,1,0,180,1,ALLOW
DevOps Engineer,HR,Intern,Production Database,0,1,4,1,1,0,1,30,0,DENY
Software Developer,IT,Employee,Project Management System,1,1,1,1,0,0,0,14,0,ALLOW
Contractor,IT,Employee,Admin Panel,1,0,4,0,0,0,0,60,0,DENY
Software Developer,HR,Intern,Project Management System,1,1,1,0,1,0,1,30,0,ALLOW
System Administrator,Engineering,Contractor,HR Database,0,1,3,1,1,1,0,365,0,DENY
System Administrator,Engineering,Intern,HR Database,0,1,3,1,1,0,1,180,0,DENY
DevOps Engineer,HR,Employee,HR Database,1,1,3,0,0,0,0,180,0,REVIEW
System Administrator,HR,Employee,Production Database,0,1,4,1,1,0,0,7,0,DENY
DevOps Engineer,Product,Intern,Project Management System,1,1,1,1,1,0,1,180,0,ALLOW
DevOps Engineer,Finance,Intern,Project Management System,1,1,1,1,0,0,1,180,0,REVIEW
DevOps Engineer,IT,Employee,Project Management System,1,1,1,0,1,0,0,365,0,ALLOW
DevOps Engineer,Product,Intern,Finance System,0,1,3,1,0,0,1,30,0,DENY
Product Manager,IT,Intern,Admin Panel,1,0,4,0,1,0,1,30,0,DENY
HR Specialist,Product,Contractor,Development Server,0,1,2,1,0,1,0,180,0,DENY
Product Manager,Product,Contractor,GitHub Project Alpha,1,1,1,0,1,1,0,30,0,ALLOW
QA Engineer,Product,Intern,Production Database,0,0,4,0,1,0,1,90,0,DENY
QA Engineer,Finance,Contractor,Finance System,1,1,3,1,1,1,0,90,0,ALLOW
QA Engineer,Finance,Employee,GitHub Project Alpha,0,1,1,0,1,0,0,365,1,DENY
System Administrator,Finance,Employee,HR Database,0,1,3,0,0,0,0,14,1,DENY
DevOps Engineer,Finance,Contractor,Project Management System,1,1,1,0,1,1,0,14,0,ALLOW
Finance Analyst,IT,Employee,Project Management System,1,1,1,0,1,0,0,180,0,ALLOW
DevOps Engineer,Product,Employee,Admin Panel,0,0,4,0,1,0,0,60,0,DENY
Product Manager,Finance,Employee,Development Server,0,1,2,1,0,0,0,14,1,DENY
QA Engineer,Finance,Contractor,HR Database,0,1,3,0,0,1,0,180,0,DENY
QA Engineer,Engineering,Contractor,Project Management System,1,1,1,0,0,1,0,30,0,ALLOW
DevOps Engineer,Finance,Employee,Admin Panel,0,0,4,1,1,0,0,90,0,DENY
Contractor,Finance,Contractor,GitHub Project Alpha,0,1,1,0,0,1,0,60,0,DENY
Software Developer,Engineering,Intern,Production Database,1,0,4,0,0,0,1,90,0,DENY
HR Specialist,Product,Intern,HR Database,0,1,3,1,1,0,1,14,0,DENY
System Administrator,HR,Intern,HR Database,1,1,3,1,0,0,1,7,0,REVIEW
Contractor,Finance,Employee,GitHub Project Alpha,0,1,1,1,1,0,0,90,0,DENY
Software Developer,Engineering,Employee,HR Database,0,1,3,1,1,0,0,7,1,DENY
HR Specialist,HR,Contractor,Development Server,0,1,2,1,0,1,0,90,0,DENY
System Administrator,Product,Contractor,GitHub Project Alpha,1,1,1,1,0,1,0,365,0,ALLOW
DevOps Engineer,Engineering,Employee,Project Management System,1,1,1,1,1,0,0,90,0,ALLOW
System Administrator,Engineering,Intern,Admin Panel,0,1,4,0,1,0,1,180,0,DENY
Product Manager,Product,Employee,Development Server,0,1,2,1,1,0,0,90,0,DENY
Software Developer,HR,Intern,GitHub Project Alpha,0,1,1,0,1,0,1,60,1,DENY
Software Developer,HR,Intern,Development Server,0,1,2,0,1,0,1,180,0,DENY
HR Specialist,HR,Contractor,HR Database,1,1,3,0,1,1,0,7,0,REVIEW
Software Developer,IT,Contractor,Project Management System,1,1,1,1,1,1,0,60,0,ALLOW
Finance Analyst,Engineering,Contractor,GitHub Project Alpha,1,1,1,1,1,1,0,60,1,ALLOW
Software Developer,Engineering,Employee,HR Database,0,1,3,0,1,0,0,180,0,DENY
DevOps Engineer,Engineering,Contractor,Development Server,1,1,2,1,1,1,0,7,0,ALLOW
Finance Analyst,Finance,Employee,GitHub Project Alpha,0,1,1,1,1,0,0,365,1,DENY
Contractor,Engineering,Intern,HR Database,0,1,3,1,1,0,1,180,0,DENY
QA Engineer,IT,Employee,Project Management System,1,1,1,0,0,0,0,90,0,ALLOW
Contractor,IT,Employee,HR Database,0,1,3,0,1,0,0,14,0,DENY
Finance Analyst,IT,Contractor,Finance System,0,1,3,1,1,1,0,7,1,DENY
Contractor,Finance,Intern,Production Database,0,0,4,0,0,0,1,60,0,DENY
QA Engineer,HR,Employee,Project Management System,1,1,1,0,0,0,0,365,1,ALLOW
HR Specialist,Engineering,Contractor,Development Server,1,1,2,1,1,1,0,14,1,ALLOW
DevOps Engineer,Product,Employee,Development Server,0,1,2,1,1,0,0,7,0,DENY
QA Engineer,IT,Employee,Project Management System,1,1,1,1,0,0,0,365,1,ALLOW
Contractor,Finance,Intern,Admin Panel,0,0,4,1,0,0,1,365,0,DENY
DevOps Engineer,Product,Employee,Admin Panel,0,0,4,0,0,0,0,365,0,DENY
Finance Analyst,Product,Intern,Finance System,0,1,3,0,0,0,1,7,0,DENY
QA Engineer,Engineering,Intern,Finance System,0,1,3,1,1,0,1,14,1,DENY
QA Engineer,Product,Contractor,HR Database,0,1,3,1,0,1,0,7,0,DENY
Finance Analyst,IT,Contractor,Admin Panel,1,0,4,0,0,1,0,60,1,DENY
Product Manager,HR,Intern,GitHub Project Alpha,0,1,1,0,0,0,1,14,1,DENY
Finance Analyst,IT,Employee,Admin Panel,1,0,4,0,0,0,0,180,0,DENY
Finance Analyst,IT,Intern,GitHub Project Alpha,0,1,1,0,0,0,1,14,0,DENY
System Administrator,IT,Employee,Finance System,0,1,3,0,0,0,0,90,1,DENY
Software Developer,IT,Contractor,Admin Panel,1,0,4,0,0,1,0,365,0,DENY
Finance Analyst,HR,Employee,Admin Panel,0,0,4,1,0,0,0,30,0,DENY
Product Manager,HR,Employee,GitHub Project Alpha,0,1,1,1,1,0,0,365,1,DENY
QA Engineer,Engineering,Contractor,Production Database,1,0,4,1,1,1,0,90,0,DENY
HR Specialist,IT,Intern,Project Management System,1,1,1,0,1,0,1,14,0,ALLOW
HR Specialist,IT,Contractor,HR Database,0,1,3,1,0,1,0,30,0,DENY
Software Developer,Finance,Employee,Project Management System,1,1,1,1,1,0,0,7,0,ALLOW
Finance Analyst,Finance,Contractor,Production Database,0,0,4,0,1,1,0,60,1,DENY
Product Manager,Product,Intern,HR Database,0,1,3,1,1,0,1,7,0,DENY
System Administrator,Product,Contractor,GitHub Project Alpha,1,1,1,0,1,1,0,14,1,ALLOW
DevOps Engineer,Finance,Employee,Development Server,0,1,2,1,1,0,0,7,0,DENY
QA Engineer,IT,Intern,HR Database,0,1,3,1,1,0,1,90,1,DENY
QA Engineer,Finance,Contractor,Finance System,1,1,3,0,1,1,0,365,0,REVIEW
DevOps Engineer,IT,Contractor,Production Database,1,1,4,0,1,1,0,7,1,REVIEW
Software Developer,IT,Contractor,Development Server,0,1,2,0,0,1,0,365,0,DENY
QA Engineer,Engineering,Contractor,Development Server,1,1,2,1,1,1,0,30,0,ALLOW
System Administrator,Finance,Contractor,Finance System,1,1,3,1,1,1,0,180,0,ALLOW
Product Manager,IT,Intern,GitHub Project Alpha,0,1,1,1,0,0,1,90,0,DENY
Contractor,IT,Employee,Development Server,0,1,2,0,1,0,0,180,0,DENY
HR Specialist,IT,Contractor,Project Management System,1,1,1,1,1,1,0,180,0,ALLOW
Finance Analyst,Engineering,Intern,Admin Panel,0,0,4,1,1,0,1,90,0,DENY
DevOps Engineer,Engineering,Intern,Development Server,1,1,2,0,1,0,1,60,0,ALLOW
Software Developer,Product,Employee,Development Server,0,1,2,1,1,0,0,180,1,DENY
Contractor,HR,Intern,Admin Panel,0,0,4,0,0,0,1,14,0,DENY
Product Manager,Product,Intern,Admin Panel,0,0,4,0,1,0,1,60,0,DENY
Software Developer,Engineering,Employee,Finance System,0,1,3,0,1,0,0,180,0,DENY
System Administrator,IT,Contractor,HR Database,0,1,3,0,1,1,0,365,0,DENY
Contractor,Product,Employee,Development Server,0,1,2,1,1,0,0,365,1,DENY
HR Specialist,IT,Employee,Production Database,1,0,4,0,0,0,0,60,0,DENY
HR Specialist,Engineering,Intern,Finance System,0,1,3,0,0,0,1,14,0,DENY
HR Specialist,Finance,Intern,Project Management System,1,1,1,1,1,0,1,60,0,ALLOW
Software Developer,Product,Contractor,GitHub Project Alpha,1,1,1,0,1,1,0,60,0,ALLOW
Product Manager,Product,Contractor,Finance System,0,1,3,0,1,1,0,60,0,DENY
System Administrator,Product,Intern,HR Database,0,1,3,1,1,0,1,14,0,DENY
System Administrator,IT,Employee,Finance System,0,1,3,0,1,0,0,90,1,DENY
QA Engineer,Engineering,Employee,Finance System,0,1,3,1,1,0,0,30,0,DENY
HR Specialist,IT,Contractor,Production Database,1,0,4,0,0,1,0,7,1,DENY
DevOps Engineer,Finance,Intern,HR Database,0,1,3,0,0,0,1,365,0,DENY
Contractor,HR,Employee,Project Management System,1,1,1,0,0,0,0,60,1,ALLOW
Software Developer,IT,Employee,GitHub Project Alpha,0,1,1,0,0,0,0,90,0,DENY
Finance Analyst,IT,Contractor,GitHub Project Alpha,0,1,1,1,0,1,0,7,0,DENY
QA Engineer,Product,Employee,Development Server,0,1,2,1,1,0,0,180,0,DENY
System Administrator,IT,Intern,Project Management System,1,1,1,1,0,0,1,30,0,REVIEW
DevOps Engineer,Finance,Employee,GitHub Project Alpha,0,1,1,1,1,0,0,90,0,DENY
Finance Analyst,HR,Contractor,Finance System,0,1,3,0,1,1,0,60,1,DENY
Software Developer,Engineering,Employee,Admin Panel,0,0,4,1,1,0,0,14,1,DENY
Contractor,HR,Intern,Finance System,0,1,3,1,0,0,1,30,0,DENY
QA Engineer,Finance,Intern,HR Database,0,1,3,0,1,0,1,365,0,DENY
Finance Analyst,Finance,Contractor,HR Database,0,1,3,1,0,1,0,7,0,DENY
Finance Analyst,Product,Intern,Production Database,0,0,4,1,1,0,1,180,0,DENY
System Administrator,Product,Employee,Project Management System,1,1,1,1,1,0,0,7,0,ALLOW
DevOps Engineer,Engineering,Intern,Finance System,0,1,3,0,1,0,1,60,0,DENY
Software Developer,Product,Contractor,Development Server,0,1,2,1,1,1,0,60,1,DENY
HR Specialist,IT,Employee,Finance System,0,1,3,0,0,0,0,90,0,DENY
DevOps Engineer,Product,Intern,Admin Panel,0,0,4,0,1,0,1,180,1,DENY
System Administrator,HR,Contractor,GitHub Project Alpha,0,1,1,1,1,1,0,90,0,DENY
DevOps Engineer,Finance,Employee,Finance System,1,1,3,1,1,0,0,365,0,ALLOW
Finance Analyst,HR,Employee,Finance System,0,1,3,1,1,0,0,180,1,DENY
DevOps Engineer,Finance,Contractor,Development Server,0,1,2,1,1,1,0,180,0,DENY
Finance Analyst,IT,Contractor,Production Database,1,0,4,1,1,1,0,7,0,DENY
Software Developer,IT,Contractor,GitHub Project Alpha,0,1,1,0,1,1,0,30,0,DENY
System Administrator,Engineering,Contractor,GitHub Project Alpha,1,1,1,1,0,1,0,60,0,ALLOW
Finance Analyst,IT,Employee,Admin Panel,1,0,4,0,1,0,0,60,1,DENY
QA Engineer,Engineering,Intern,Development Server,1,1,2,1,0,0,1,60,1,ALLOW
Contractor,IT,Contractor,Finance System,0,1,3,1,1,1,0,365,0,DENY
Software Developer,IT,Intern,Project Management System,1,1,1,1,1,0,1,14,0,ALLOW
QA Engineer,Product,Employee,Production Database,0,0,4,1,1,0,0,180,0,DENY
Finance Analyst,Engineering,Intern,Development Server,1,1,2,1,0,0,1,14,0,REVIEW
Software Developer,Engineering,Intern,HR Database,0,1,3,1,1,0,1,90,0,DENY
Finance Analyst,IT,Intern,Admin Panel,1,0,4,1,0,0,1,14,0,DENY
System Administrator,Engineering,Intern,Development Server,1,1,2,0,0,0,1,180,0,REVIEW
Contractor,Product,Employee,Development Server,0,1,2,1,0,0,0,14,1,DENY
System Administrator,Finance,Intern,Finance System,1,1,3,1,1,0,1,365,0,REVIEW
Contractor,Finance,Intern,Production Database,0,0,4,0,1,0,1,30,0,DENY
System Administrator,Product,Intern,GitHub Project Alpha,1,1,1,1,1,0,1,14,0,ALLOW
System Administrator,HR,Employee,GitHub Project Alpha,0,1,1,0,1,0,0,365,0,DENY
QA Engineer,Product,Employee,HR Database,0,1,3,0,1,0,0,365,0,DENY
DevOps Engineer,IT,Intern,Admin Panel,1,0,4,0,1,0,1,365,1,DENY
Finance Analyst,Engineering,Intern,HR Database,0,1,3,1,0,0,1,365,0,DENY
QA Engineer,HR,Intern,Admin Panel,0,0,4,1,1,0,1,60,1,DENY
HR Specialist,Finance,Intern,HR Database,0,1,3,1,1,0,1,365,0,DENY
Finance Analyst,Product,Intern,Project Management System,1,1,1,1,0,0,1,7,0,REVIEW
HR Specialist,Engineering,Employee,GitHub Project Alpha,1,1,1,1,0,0,0,60,1,ALLOW
Product Manager,Engineering,Contractor,Admin Panel,0,0,4,1,1,1,0,365,0,DENY
Contractor,IT,Employee,Finance System,0,1,3,0,0,0,0,90,1,DENY
Contractor,HR,Intern,GitHub Project Alpha,0,1,1,0,1,0,1,90,0,DENY
HR Specialist,Engineering,Intern,Finance System,0,1,3,1,0,0,1,14,0,DENY
System Administrator,Engineering,Employee,Development Server,1,1,2,1,0,0,0,180,0,REVIEW
Product Manager,Finance,Intern,Finance System,1,1,3,0,0,0,1,365,0,REVIEW
QA Engineer,Engineering,Contractor,Production Database,1,0,4,0,1,1,0,90,0,DENY
Product Manager,HR,Contractor,Production Database,0,0,4,1,0,1,0,180,0,DENY
DevOps Engineer,Finance,Intern,Finance System,1,1,3,0,1,0,1,14,0,REVIEW
Contractor,IT,Contractor,Production Database,1,0,4,0,0,1,0,365,0,DENY
Contractor,Product,Employee,Production Database,0,0,4,0,1,0,0,7,0,DENY
System Administrator,HR,Intern,Finance System,0,1,3,0,1,0,1,90,1,DENY
Finance Analyst,Engineering,Employee,HR Database,0,1,3,1,0,0,0,90,1,DENY
Finance Analyst,Engineering,Contractor,HR Database,0,1,3,0,1,1,0,60,0,DENY
Contractor,IT,Intern,Production Database,1,0,4,0,1,0,1,180,0,DENY
Product Manager,Finance,Employee,Admin Panel,0,0,4,0,0,0,0,365,0,DENY
Software Developer,Product,Intern,GitHub Project Alpha,1,1,1,0,0,0,1,365,0,REVIEW
Product Manager,Engineering,Contractor,Production Database,1,0,4,0,1,1,0,60,1,DENY
QA Engineer,IT,Intern,Project Management System,1,1,1,1,1,0,1,30,0,ALLOW
DevOps Engineer,Product,Employee,Development Server,0,1,2,1,1,0,0,365,1,DENY
QA Engineer,IT,Intern,Admin Panel,1,0,4,0,0,0,1,180,0,DENY
Finance Analyst,IT,Contractor,Admin Panel,1,0,4,1,1,1,0,7,1,DENY
Product Manager,Engineering,Contractor,Finance System,0,1,3,0,0,1,0,30,0,DENY
Product Manager,Product,Employee,Development Server,0,1,2,1,0,0,0,365,0,DENY
Product Manager,Product,Intern,Finance System,0,1,3,1,0,0,1,365,0,DENY
QA Engineer,Finance,Contractor,Admin Panel,0,0,4,1,1,1,0,365,0,DENY
QA Engineer,Engineering,Employee,HR Database,0,1,3,1,0,0,0,90,0,DENY
Finance Analyst,IT,Contractor,GitHub Project Alpha,0,1,1,0,0,1,0,14,0,DENY
Product Manager,HR,Contractor,HR Database,1,1,3,1,1,1,0,30,0,ALLOW
Contractor,Product,Employee,Finance System,0,1,3,1,1,0,0,90,1,DENY
QA Engineer,IT,Contractor,Project Management System,1,1,1,0,1,1,0,30,0,ALLOW
Product Manager,Engineering,Employee,Admin Panel,0,0,4,0,1,0,0,365,0,DENY
DevOps Engineer,Product,Contractor,Project Management System,1,1,1,0,1,1,0,30,1,ALLOW
Product Manager,Engineering,Contractor,Admin Panel,0,0,4,1,0,1,0,30,0,DENY
System Administrator,Engineering,Contractor,Production Database,1,1,4,0,1,1,0,60,0,REVIEW
Finance Analyst,IT,Employee,GitHub Project Alpha,0,1,1,1,0,0,0,90,0,DENY
Finance Analyst,Engineering,Intern,Development Server,1,1,2,0,1,0,1,30,0,ALLOW
Contractor,Finance,Employee,Finance System,1,1,3,0,1,0,0,7,0,REVIEW
DevOps Engineer,IT,Intern,Project Management System,1,1,1,0,0,0,1,60,0,REVIEW
DevOps Engineer,Product,Contractor,Production Database,0,1,4,1,1,1,0,180,0,DENY
Contractor,Engineering,Employee,Development Server,1,1,2,0,0,0,0,30,0,REVIEW
Finance Analyst,HR,Contractor,HR Database,1,1,3,0,0,1,0,60,0,REVIEW
System Administrator,HR,Employee,Production Database,0,1,4,1,0,0,0,180,0,DENY
QA Engineer,HR,Employee,Project Management System,1,1,1,1,1,0,0,60,0,ALLOW
DevOps Engineer,Product,Contractor,Project Management System,1,1,1,1,0,1,0,90,0,ALLOW
System Administrator,Engineering,Employee,Admin Panel,0,1,4,1,1,0,0,180,0,DENY
Software Developer,IT,Contractor,Admin Panel,1,0,4,0,1,1,0,365,0,DENY
Software Developer,IT,Intern,Production Database,1,0,4,0,1,0,1,14,0,DENY
Finance Analyst,HR,Intern,Admin Panel,0,0,4,1,0,0,1,30,0,DENY
HR Specialist,HR,Contractor,Production Database,0,0,4,0,1,1,0,30,0,DENY
Product Manager,Engineering,Employee,Development Server,1,1,2,1,1,0,0,14,0,ALLOW
Product Manager,IT,Contractor,Admin Panel,1,0,4,0,1,1,0,365,0,DENY
HR Specialist,HR,Contractor,Admin Panel,0,0,4,1,0,1,0,7,0,DENY
QA Engineer,IT,Contractor,Admin Panel,1,0,4,1,0,1,0,90,0,DENY
Contractor,Engineering,Intern,Admin Panel,0,0,4,1,0,0,1,365,0,DENY
Software Developer,Finance,Intern,Admin Panel,0,0,4,0,0,0,1,14,1,DENY
Finance Analyst,Finance,Contractor,Development Server,0,1,2,1,1,1,0,90,0,DENY
DevOps Engineer,Product,Intern,Admin Panel,0,0,4,1,1,0,1,7,1,DENY
QA Engineer,Finance,Contractor,Finance System,1,1,3,0,0,1,0,90,1,ALLOW
Software Developer,Finance,Employee,Production Database,0,0,4,1,0,0,0,365,0,DENY
QA Engineer,IT,Employee,Development Server,0,1,2,1,1,0,0,90,0,DENY
HR Specialist,IT,Employee,GitHub Project Alpha,0,1,1,1,0,0,0,30,1,DENY
Product Manager,IT,Employee,Development Server,0,1,2,1,1,0,0,365,0,DENY
Contractor,HR,Contractor,Production Database,0,0,4,1,0,1,0,60,0,DENY
Software Developer,Engineering,Employee,Project Management System,1,1,1,0,0,0,0,90,0,ALLOW
DevOps Engineer,IT,Intern,Development Server,0,1,2,0,0,0,1,14,0,DENY
Contractor,Engineering,Contractor,Project Management System,1,1,1,1,1,1,0,365,0,ALLOW
QA Engineer,Engineering,Contractor,Admin Panel,0,0,4,1,1,1,0,30,0,DENY
QA Engineer,Finance,Intern,Admin Panel,0,0,4,1,1,0,1,14,0,DENY
QA Engineer,HR,Contractor,Development Server,0,1,2,1,0,1,0,7,0,DENY
System Administrator,Finance,Intern,Admin Panel,0,1,4,0,0,0,1,60,0,DENY
QA Engineer,HR,Employee,HR Database,1,1,3,1,0,0,0,60,0,REVIEW
Product Manager,Engineering,Employee,Development Server,1,1,2,1,0,0,0,180,0,REVIEW
DevOps Engineer,Finance,Intern,Admin Panel,0,0,4,0,1,0,1,180,0,DENY
Contractor,Finance,Contractor,Project Management System,1,1,1,0,1,1,0,180,0,ALLOW
System Administrator,Finance,Contractor,Admin Panel,0,1,4,0,1,1,0,7,0,DENY
Finance Analyst,Finance,Employee,HR Database,0,1,3,1,1,0,0,14,0,DENY
Contractor,HR,Contractor,Development Server,0,1,2,0,0,1,0,14,1,DENY
Contractor,IT,Contractor,Development Server,0,1,2,0,1,1,0,90,0,DENY
HR Specialist,Finance,Contractor,Finance System,1,1,3,0,0,1,0,365,0,REVIEW
System Administrator,Finance,Contractor,Finance System,1,1,3,0,0,1,0,7,0,REVIEW
Product Manager,Engineering,Employee,Project Management System,1,1,1,1,0,0,0,180,1,ALLOW
Contractor,IT,Contractor,Project Management System,1,1,1,1,0,1,0,14,0,ALLOW
Finance Analyst,Product,Intern,Production Database,0,0,4,1,0,0,1,7,0,DENY
QA Engineer,IT,Employee,GitHub Project Alpha,0,1,1,0,1,0,0,365,1,DENY
Contractor,Finance,Contractor,Finance System,1,1,3,1,1,1,0,7,1,ALLOW
System Administrator,IT,Contractor,Finance System,0,1,3,1,1,1,0,365,0,DENY
DevOps Engineer,Finance,Intern,Development Server,0,1,2,0,1,0,1,180,0,DENY
HR Specialist,IT,Contractor,Development Server,0,1,2,1,1,1,0,90,1,DENY
Finance Analyst,HR,Contractor,Production Database,0,0,4,0,0,1,0,180,0,DENY
Software Developer,Finance,Employee,Admin Panel,0,0,4,0,1,0,0,365,0,DENY
System Administrator,Product,Employee,Admin Panel,0,1,4,1,0,0,0,30,1,DENY
Contractor,IT,Intern,GitHub Project Alpha,0,1,1,0,0,0,1,7,1,DENY
QA Engineer,IT,Employee,GitHub Project Alpha,0,1,1,0,1,0,0,90,1,DENY
Product Manager,Product,Contractor,HR Database,0,1,3,1,1,1,0,180,1,DENY
System Administrator,IT,Contractor,Admin Panel,1,1,4,1,0,1,0,30,0,REVIEW
Software Developer,Finance,Employee,Production Database,0,0,4,1,1,0,0,60,1,DENY
Software Developer,IT,Intern,Development Server,0,1,2,1,1,0,1,14,0,DENY
System Administrator,IT,Employee,Finance System,0,1,3,1,1,0,0,14,0,DENY
QA Engineer,Finance,Intern,Finance System,1,1,3,0,0,0,1,60,0,REVIEW
Contractor,Engineering,Intern,Project Management System,1,1,1,0,0,0,1,365,0,REVIEW
Contractor,Finance,Employee,Finance System,1,1,3,0,1,0,0,180,1,ALLOW
QA Engineer,Finance,Intern,GitHub Project Alpha,0,1,1,0,1,0,1,365,0,DENY
Finance Analyst,IT,Contractor,Production Database,1,0,4,0,0,1,0,365,0,DENY
DevOps Engineer,HR,Intern,Production Database,0,1,4,0,1,0,1,14,1,DENY
Finance Analyst,IT,Employee,Finance System,0,1,3,0,0,0,0,14,0,DENY
Finance Analyst,IT,Employee,Finance System,0,1,3,1,1,0,0,7,1,DENY
System Administrator,IT,Employee,Admin Panel,1,1,4,0,0,0,0,90,0,REVIEW
System Administrator,Product,Intern,HR Database,0,1,3,0,0,0,1,14,0,DENY
Contractor,Finance,Contractor,Development Server,0,1,2,0,1,1,0,14,0,DENY
Finance Analyst,Product,Contractor,Project Management System,1,1,1,1,1,1,0,90,0,ALLOW
HR Specialist,HR,Employee,GitHub Project Alpha,0,1,1,1,0,0,0,7,0,DENY
System Administrator,HR,Employee,Finance System,0,1,3,1,1,0,0,14,0,DENY
DevOps Engineer,Product,Contractor,Production Database,0,1,4,1,1,1,0,180,1,DENY
Software Developer,Finance,Contractor,GitHub Project Alpha,0,1,1,1,1,1,0,60,1,DENY
Software Developer,IT,Contractor,Finance System,0,1,3,0,0,1,0,60,1,DENY
DevOps Engineer,HR,Intern,HR Database,1,1,3,0,0,0,1,60,0,REVIEW
Contractor,Finance,Employee,Production Database,0,0,4,0,1,0,0,30,0,DENY
Software Developer,HR,Employee,Development Server,0,1,2,1,1,0,0,7,1,DENY
QA Engineer,Finance,Contractor,Production Database,0,0,4,1,0,1,0,365,1,DENY
Finance Analyst,Finance,Intern,Finance System,1,1,3,1,1,0,1,365,1,REVIEW
System Administrator,Finance,Intern,Admin Panel,0,1,4,1,0,0,1,90,1,DENY
Product Manager,IT,Employee,Development Server,0,1,2,0,0,0,0,7,0,DENY
System Administrator,Finance,Contractor,Finance System,1,1,3,1,1,1,0,30,0,ALLOW
Software Developer,Finance,Contractor,GitHub Project Alpha,0,1,1,0,1,1,0,14,0,DENY
Software Developer,Engineering,Intern,Project Management System,1,1,1,0,0,0,1,7,0,REVIEW
QA Engineer,Product,Employee,GitHub Project Alpha,1,1,1,0,0,0,0,365,1,ALLOW
Contractor,IT,Contractor,HR Database,0,1,3,0,1,1,0,30,0,DENY
Software Developer,Engineering,Employee,Finance System,0,1,3,1,0,0,0,14,1,DENY
Finance Analyst,Product,Employee,Production Database,0,0,4,1,1,0,0,365,0,DENY
QA Engineer,Finance,Intern,Admin Panel,0,0,4,1,1,0,1,90,0,DENY
System Administrator,Engineering,Employee,Admin Panel,0,1,4,0,1,0,0,90,1,DENY
System Administrator,Engineering,Employee,Development Server,1,1,2,1,0,0,0,14,0,REVIEW
DevOps Engineer,IT,Intern,Production Database,1,1,4,0,1,0,1,365,0,REVIEW
DevOps Engineer,Finance,Intern,Production Database,0,1,4,1,1,0,1,365,0,DENY
HR Specialist,Product,Employee,Admin Panel,0,0,4,0,0,0,0,60,0,DENY
DevOps Engineer,Engineering,Contractor,Finance System,0,1,3,1,1,1,0,7,0,DENY
System Administrator,HR,Contractor,Finance System,0,1,3,1,1,1,0,30,0,DENY
System Administrator,Product,Contractor,HR Database,0,1,3,1,1,1,0,60,1,DENY
System Administrator,Engineering,Employee,GitHub Project Alpha,1,1,1,1,1,0,0,180,0,ALLOW
HR Specialist,IT,Contractor,Production Database,1,0,4,0,0,1,0,90,0,DENY
Finance Analyst,IT,Intern,Production Database,1,0,4,1,1,0,1,14,1,DENY
DevOps Engineer,Engineering,Contractor,Development Server,1,1,2,0,1,1,0,14,1,ALLOW
Contractor,IT,Intern,Project Management System,1,1,1,1,1,0,1,14,0,ALLOW
Contractor,HR,Employee,Production Database,0,0,4,1,1,0,0,365,0,DENY
System Administrator,IT,Intern,Admin Panel,1,1,4,1,0,0,1,60,0,REVIEW
Contractor,HR,Contractor,Admin Panel,0,0,4,1,1,1,0,14,0,DENY
Finance Analyst,Product,Employee,Development Server,0,1,2,1,1,0,0,90,1,DENY
Finance Analyst,Engineering,Employee,Development Server,1,1,2,0,1,0,0,90,1,ALLOW
Finance Analyst,Product,Intern,GitHub Project Alpha,1,1,1,1,0,0,1,30,0,REVIEW
HR Specialist,IT,Employee,Development Server,0,1,2,0,1,0,0,7,0,DENY
Software Developer,HR,Contractor,GitHub Project Alpha,0,1,1,1,1,1,0,365,1,DENY
Software Developer,HR,Contractor,GitHub Project Alpha,0,1,1,1,1,1,0,365,0,DENY
Contractor,Finance,Employee,Development Server,0,1,2,0,1,0,0,30,0,DENY
System Administrator,HR,Employee,Admin Panel,0,1,4,1,0,0,0,180,0,DENY
System Administrator,Engineering,Employee,Finance System,0,1,3,1,0,0,0,60,0,DENY
QA Engineer,Finance,Employee,Development Server,0,1,2,0,0,0,0,365,1,DENY
DevOps Engineer,Product,Employee,Production Database,0,1,4,1,0,0,0,30,1,DENY
HR Specialist,HR,Contractor,GitHub Project Alpha,0,1,1,0,0,1,0,60,1,DENY
Contractor,IT,Intern,Development Server,0,1,2,0,0,0,1,60,0,DENY
QA Engineer,Finance,Intern,HR Database,0,1,3,1,1,0,1,60,1,DENY
Product Manager,IT,Contractor,Development Server,0,1,2,0,1,1,0,365,0,DENY
HR Specialist,HR,Intern,GitHub Project Alpha,0,1,1,1,1,0,1,30,0,DENY
DevOps Engineer,Product,Intern,Production Database,0,1,4,0,0,0,1,90,0,DENY
DevOps Engineer,IT,Intern,Admin Panel,1,0,4,0,1,0,1,180,1,DENY
Software Developer,IT,Contractor,Admin Panel,1,0,4,0,0,1,0,90,1,DENY
Contractor,HR,Employee,Production Database,0,0,4,0,1,0,0,60,0,DENY
Contractor,Engineering,Employee,Finance System,0,1,3,0,1,0,0,7,0,DENY
HR Specialist,IT,Employee,Project Management System,1,1,1,1,1,0,0,90,0,ALLOW
HR Specialist,HR,Intern,Finance System,0,1,3,1,1,0,1,60,1,DENY
Product Manager,Product,Contractor,Finance System,0,1,3,0,1,1,0,365,1,DENY
DevOps Engineer,IT,Intern,Finance System,0,1,3,0,1,0,1,180,0,DENY
DevOps Engineer,Finance,Contractor,HR Database,0,1,3,1,0,1,0,30,0,DENY
Contractor,HR,Intern,GitHub Project Alpha,0,1,1,1,0,0,1,30,0,DENY
Product Manager,Product,Contractor,Project Management System,1,1,1,1,0,1,0,7,0,ALLOW
DevOps Engineer,Product,Intern,GitHub Project Alpha,1,1,1,0,1,0,1,14,0,ALLOW
Finance Analyst,Product,Employee,Finance System,0,1,3,0,0,0,0,365,0,DENY
QA Engineer,HR,Employee,GitHub Project Alpha,0,1,1,0,0,0,0,7,0,DENY
DevOps Engineer,Engineering,Employee,Finance System,0,1,3,0,0,0,0,60,0,DENY
DevOps Engineer,Finance,Contractor,Development Server,0,1,2,0,0,1,0,30,0,DENY
Software Developer,Product,Contractor,GitHub Project Alpha,1,1,1,0,1,1,0,90,0,ALLOW
Contractor,Finance,Employee,GitHub Project Alpha,0,1,1,0,1,0,0,30,0,DENY
QA Engineer,HR,Employee,Finance System,0,1,3,0,0,0,0,365,0,DENY
HR Specialist,Finance,Employee,Production Database,0,0,4,0,0,0,0,30,1,DENY
HR Specialist,IT,Employee,HR Database,0,1,3,1,0,0,0,180,1,DENY
Finance Analyst,HR,Intern,Production Database,0,0,4,0,0,0,1,7,0,DENY
Contractor,HR,Employee,Admin Panel,0,0,4,0,1,0,0,60,0,DENY
System Administrator,Product,Intern,Project Management System,1,1,1,0,1,0,1,60,1,ALLOW
Software Developer,Product,Intern,Production Database,0,0,4,1,1,0,1,90,0,DENY
Product Manager,IT,Intern,GitHub Project Alpha,0,1,1,0,0,0,1,60,0,DENY
QA Engineer,Finance,Intern,Production Database,0,0,4,1,0,0,1,90,0,DENY
System Administrator,Finance,Employee,Production Database,0,1,4,0,1,0,0,7,0,DENY
DevOps Engineer,Product,Contractor,Admin Panel,0,0,4,0,1,1,0,14,0,DENY
DevOps Engineer,IT,Intern,HR Database,0,1,3,1,1,0,1,14,0,DENY
Product Manager,Engineering,Intern,Finance System,0,1,3,0,0,0,1,60,1,DENY
Software Developer,Finance,Intern,Development Server,0,1,2,1,1,0,1,30,0,DENY
Software Developer,HR,Intern,Production Database,0,0,4,0,0,0,1,60,0,DENY
Finance Analyst,HR,Contractor,HR Database,1,1,3,1,0,1,0,180,0,REVIEW
DevOps Engineer,Finance,Employee,HR Database,0,1,3,0,0,0,0,7,0,DENY
QA Engineer,Engineering,Intern,HR Database,0,1,3,0,0,0,1,14,0,DENY
Finance Analyst,Engineering,Contractor,Project Management System,1,1,1,1,1,1,0,365,0,ALLOW
Contractor,Engineering,Contractor,Production Database,1,0,4,0,1,1,0,7,1,DENY
Contractor,Finance,Contractor,GitHub Project Alpha,0,1,1,0,1,1,0,365,1,DENY
Software Developer,Product,Intern,Admin Panel,0,0,4,1,0,0,1,365,0,DENY
System Administrator,Engineering,Employee,GitHub Project Alpha,1,1,1,1,1,0,0,180,1,ALLOW
QA Engineer,Finance,Intern,Production Database,0,0,4,1,1,0,1,7,1,DENY
Software Developer,Finance,Employee,Production Database,0,0,4,0,1,0,0,180,0,DENY
Finance Analyst,Finance,Intern,HR Database,0,1,3,0,1,0,1,14,0,DENY
DevOps Engineer,Finance,Employee,Project Management System,1,1,1,0,1,0,0,30,1,ALLOW
Product Manager,Product,Intern,GitHub Project Alpha,1,1,1,1,1,0,1,14,1,ALLOW
DevOps Engineer,HR,Employee,Production Database,0,1,4,0,0,0,0,180,1,DENY
System Administrator,IT,Contractor,Finance System,0,1,3,1,0,1,0,180,0,DENY
Finance Analyst,IT,Contractor,Project Management System,1,1,1,0,0,1,0,90,0,ALLOW
Finance Analyst,Engineering,Intern,Finance System,0,1,3,0,1,0,1,90,0,DENY
Contractor,Finance,Contractor,Production Database,0,0,4,1,0,1,0,30,0,DENY
System Administrator,Finance,Employee,Production Database,0,1,4,1,1,0,0,180,1,DENY
Contractor,Finance,Intern,Production Database,0,0,4,1,1,0,1,7,0,DENY
System Administrator,Finance,Contractor,GitHub Project Alpha,0,1,1,1,0,1,0,90,0,DENY
Product Manager,Product,Intern,GitHub Project Alpha,1,1,1,0,0,0,1,90,0,REVIEW
DevOps Engineer,Finance,Employee,Project Management System,1,1,1,0,0,0,0,365,1,ALLOW
Contractor,Product,Intern,Production Database,0,0,4,0,1,0,1,90,0,DENY
System Administrator,Engineering,Employee,Production Database,1,1,4,0,1,0,0,30,1,REVIEW
Finance Analyst,IT,Intern,GitHub Project Alpha,0,1,1,0,0,0,1,90,1,DENY
Software Developer,HR,Employee,Admin Panel,0,0,4,0,0,0,0,180,0,DENY
Contractor,HR,Intern,Project Management System,1,1,1,0,0,0,1,7,0,REVIEW
HR Specialist,Engineering,Employee,Development Server,1,1,2,1,0,0,0,180,0,REVIEW
HR Specialist,IT,Contractor,Development Server,0,1,2,0,0,1,0,14,0,DENY
Product Manager,Product,Intern,Development Server,0,1,2,1,1,0,1,7,1,DENY
System Administrator,Engineering,Contractor,Project Management System,1,1,1,1,0,1,0,365,0,ALLOW
System Administrator,HR,Contractor,Admin Panel,0,1,4,1,1,1,0,60,1,DENY
System Administrator,Engineering,Intern,Development Server,1,1,2,0,0,0,1,90,0,REVIEW
Software Developer,HR,Intern,Admin Panel,0,0,4,0,0,0,1,180,0,DENY
Contractor,Finance,Intern,Finance System,1,1,3,1,0,0,1,90,1,REVIEW
Software Developer,Product,Employee,Project Management System,1,1,1,0,0,0,0,365,1,ALLOW
HR Specialist,HR,Intern,HR Database,1,1,3,0,1,0,1,60,0,REVIEW
DevOps Engineer,Engineering,Employee,Admin Panel,0,0,4,1,0,0,0,14,1,DENY
Product Manager,Engineering,Intern,HR Database,0,1,3,1,1,0,1,180,1,DENY
Finance Analyst,Finance,Employee,Finance System,1,1,3,1,0,0,0,60,1,ALLOW
Product Manager,Engineering,Intern,Development Server,1,1,2,1,1,0,1,14,1,ALLOW
Contractor,IT,Intern,Admin Panel,1,0,4,0,0,0,1,180,0,DENY
Contractor,IT,Contractor,GitHub Project Alpha,0,1,1,1,0,1,0,14,1,DENY
QA Engineer,Finance,Employee,GitHub Project Alpha,0,1,1,1,1,0,0,60,0,DENY
Contractor,Engineering,Contractor,Project Management System,1,1,1,0,0,1,0,60,0,ALLOW
Finance Analyst,Product,Contractor,Production Database,0,0,4,1,0,1,0,180,1,DENY
Software Developer,IT,Employee,Project Management System,1,1,1,1,0,0,0,60,0,ALLOW
Contractor,Product,Employee,GitHub Project Alpha,1,1,1,1,0,0,0,14,1,ALLOW
HR Specialist,Finance,Contractor,HR Database,0,1,3,1,0,1,0,14,0,DENY
Finance Analyst,HR,Employee,Project Management System,1,1,1,1,1,0,0,30,0,ALLOW
QA Engineer,Product,Employee,Project Management System,1,1,1,0,1,0,0,365,1,ALLOW
DevOps Engineer,IT,Employee,GitHub Project Alpha,0,1,1,1,0,0,0,365,1,DENY
HR Specialist,Finance,Contractor,HR Database,0,1,3,0,1,1,0,60,0,DENY
QA Engineer,Engineering,Employee,GitHub Project Alpha,1,1,1,0,0,0,0,14,1,ALLOW
Contractor,HR,Employee,Finance System,0,1,3,1,1,0,0,180,1,DENY
DevOps Engineer,Finance,Employee,GitHub Project Alpha,0,1,1,0,1,0,0,60,1,DENY
System Administrator,IT,Intern,Admin Panel,1,1,4,1,1,0,1,14,1,ALLOW
HR Specialist,IT,Intern,Production Database,1,0,4,1,0,0,1,90,1,DENY
Contractor,HR,Contractor,Finance System,0,1,3,0,0,1,0,30,0,DENY
HR Specialist,Product,Intern,Production Database,0,0,4,0,1,0,1,7,0,DENY
Contractor,HR,Contractor,Admin Panel,0,0,4,1,0,1,0,7,0,DENY
HR Specialist,Product,Intern,GitHub Project Alpha,1,1,1,1,1,0,1,60,1,ALLOW
System Administrator,IT,Contractor,Finance System,0,1,3,0,0,1,0,14,0,DENY
Software Developer,IT,Intern,Production Database,1,0,4,0,0,0,1,180,0,DENY
Finance Analyst,IT,Intern,Finance System,0,1,3,0,1,0,1,30,0,DENY
Finance Analyst,HR,Employee,GitHub Project Alpha,0,1,1,1,1,0,0,60,1,DENY
System Administrator,Engineering,Contractor,Production Database,1,1,4,0,0,1,0,14,0,REVIEW
DevOps Engineer,Engineering,Employee,Development Server,1,1,2,0,0,0,0,60,0,REVIEW
Software Developer,Finance,Contractor,Finance System,1,1,3,0,0,1,0,7,0,REVIEW
QA Engineer,Product,Contractor,Production Database,0,0,4,1,1,1,0,60,0,DENY
System Administrator,Finance,Contractor,Finance System,1,1,3,0,0,1,0,90,0,REVIEW
QA Engineer,Engineering,Intern,Project Management System,1,1,1,1,0,0,1,180,0,REVIEW
System Administrator,HR,Employee,Project Management System,1,1,1,0,0,0,0,365,0,ALLOW
System Administrator,HR,Contractor,Project Management System,1,1,1,0,1,1,0,14,0,ALLOW
Finance Analyst,Finance,Employee,Admin Panel,0,0,4,0,1,0,0,90,1,DENY
QA Engineer,Finance,Contractor,Development Server,0,1,2,1,1,1,0,14,0,DENY
Product Manager,Engineering,Employee,GitHub Project Alpha,1,1,1,1,0,0,0,90,1,ALLOW
QA Engineer,Product,Employee,HR Database,0,1,3,1,0,0,0,30,0,DENY
DevOps Engineer,Product,Employee,Project Management System,1,1,1,0,1,0,0,365,0,ALLOW
System Administrator,Product,Contractor,Development Server,0,1,2,1,1,1,0,90,0,DENY
Product Manager,Product,Contractor,GitHub Project Alpha,1,1,1,1,0,1,0,7,1,ALLOW
Contractor,Finance,Employee,HR Database,0,1,3,1,1,0,0,30,0,DENY
Contractor,IT,Contractor,HR Database,0,1,3,0,1,1,0,90,1,DENY
DevOps Engineer,Engineering,Intern,HR Database,0,1,3,0,0,0,1,365,0,DENY
Finance Analyst,Engineering,Intern,Admin Panel,0,0,4,1,0,0,1,180,0,DENY
Software Developer,IT,Intern,Development Server,0,1,2,0,1,0,1,365,1,DENY
DevOps Engineer,HR,Contractor,Project Management System,1,1,1,1,0,1,0,60,0,ALLOW
HR Specialist,Product,Contractor,HR Database,0,1,3,1,1,1,0,365,0,DENY
DevOps Engineer,HR,Contractor,HR Database,1,1,3,1,1,1,0,14,0,ALLOW
HR Specialist,HR,Intern,HR Database,1,1,3,1,1,0,1,7,1,REVIEW
DevOps Engineer,Finance,Contractor,HR Database,0,1,3,1,1,1,0,365,0,DENY
HR Specialist,Product,Intern,Admin Panel,0,0,4,1,1,0,1,180,0,DENY
QA Engineer,Product,Intern,HR Database,0,1,3,0,1,0,1,365,0,DENY
DevOps Engineer,Product,Intern,GitHub Project Alpha,1,1,1,1,1,0,1,7,0,ALLOW
System Administrator,Finance,Contractor,Finance System,1,1,3,0,0,1,0,30,0,REVIEW
System Administrator,Finance,Employee,HR Database,0,1,3,0,1,0,0,180,0,DENY
Finance Analyst,IT,Intern,Finance System,0,1,3,1,0,0,1,180,0,DENY
DevOps Engineer,IT,Contractor,Production Database,1,1,4,0,0,1,0,365,0,REVIEW
QA Engineer,HR,Intern,Finance System,0,1,3,1,1,0,1,7,0,DENY
Software Developer,Product,Employee,Project Management System,1,1,1,0,1,0,0,60,0,ALLOW
System Administrator,IT,Employee,Development Server,0,1,2,1,0,0,0,90,0,DENY
Software Developer,HR,Employee,GitHub Project Alpha,0,1,1,0,0,0,0,30,1,DENY
QA Engineer,Finance,Intern,GitHub Project Alpha,0,1,1,0,1,0,1,14,0,DENY
Software Developer,IT,Intern,Project Management System,1,1,1,1,1,0,1,7,1,ALLOW
Contractor,HR,Intern,Production Database,0,0,4,0,1,0,1,7,0,DENY
Finance Analyst,IT,Contractor,HR Database,0,1,3,1,0,1,0,30,1,DENY
HR Specialist,Product,Employee,Project Management System,1,1,1,1,0,0,0,180,0,ALLOW
Product Manager,IT,Contractor,Project Management System,1,1,1,0,1,1,0,7,0,ALLOW
Contractor,Engineering,Employee,Production Database,1,0,4,0,1,0,0,180,1,DENY
Product Manager,IT,Contractor,GitHub Project Alpha,0,1,1,1,1,1,0,30,0,DENY
QA Engineer,Engineering,Intern,Development Server,1,1,2,0,1,0,1,365,1,ALLOW
Finance Analyst,HR,Contractor,Production Database,0,0,4,1,0,1,0,7,1,DENY
Product Manager,HR,Employee,HR Database,1,1,3,1,0,0,0,7,0,REVIEW
System Administrator,Finance,Employee,GitHub Project Alpha,0,1,1,1,1,0,0,60,1,DENY
System Administrator,Engineering,Intern,Development Server,1,1,2,1,1,0,1,90,0,ALLOW
Finance Analyst,IT,Contractor,HR Database,0,1,3,0,1,1,0,30,0,DENY
Contractor,Finance,Employee,GitHub Project Alpha,0,1,1,1,1,0,0,14,0,DENY
System Administrator,HR,Contractor,HR Database,1,1,3,1,0,1,0,90,0,REVIEW
DevOps Engineer,Engineering,Employee,Production Database,1,1,4,0,0,0,0,60,1,REVIEW
System Administrator,Finance,Intern,Admin Panel,0,1,4,1,0,0,1,365,0,DENY
System Administrator,IT,Contractor,Finance System,0,1,3,1,0,1,0,30,0,DENY
HR Specialist,Engineering,Contractor,Finance System,0,1,3,0,1,1,0,180,1,DENY
DevOps Engineer,Product,Employee,Development Server,0,1,2,1,1,0,0,14,1,DENY
DevOps Engineer,HR,Contractor,Finance System,0,1,3,0,1,1,0,30,0,DENY
System Administrator,Finance,Intern,GitHub Project Alpha,0,1,1,0,1,0,1,90,1,DENY
Software Developer,Finance,Employee,Finance System,1,1,3,0,0,0,0,60,0,REVIEW
Contractor,HR,Intern,Production Database,0,0,4,0,1,0,1,14,1,DENY
Finance Analyst,IT,Intern,Development Server,0,1,2,0,1,0,1,14,0,DENY
System Administrator,Product,Intern,GitHub Project Alpha,1,1,1,0,0,0,1,180,0,REVIEW
System Administrator,HR,Contractor,Production Database,0,1,4,0,0,1,0,60,1,DENY
Product Manager,Product,Contractor,Project Management System,1,1,1,1,1,1,0,14,0,ALLOW
System Administrator,HR,Intern,Finance System,0,1,3,1,1,0,1,7,0,DENY
System Administrator,Engineering,Contractor,Development Server,1,1,2,1,0,1,0,365,0,REVIEW
QA Engineer,Finance,Contractor,Development Server,0,1,2,0,1,1,0,60,0,DENY
DevOps Engineer,Finance,Intern,GitHub Project Alpha,0,1,1,1,0,0,1,60,0,DENY
Product Manager,IT,Employee,Production Database,1,0,4,0,1,0,0,90,0,DENY
Finance Analyst,Finance,Intern,GitHub Project Alpha,0,1,1,1,0,0,1,90,0,DENY
QA Engineer,IT,Contractor,Development Server,0,1,2,0,0,1,0,60,0,DENY
HR Specialist,Engineering,Intern,Finance System,0,1,3,0,1,0,1,7,0,DENY
Contractor,HR,Contractor,Project Management System,1,1,1,1,1,1,0,180,0,ALLOW
Finance Analyst,HR,Contractor,Development Server,0,1,2,1,1,1,0,14,0,DENY
System Administrator,Product,Employee,Project Management System,1,1,1,0,1,0,0,60,0,ALLOW
Finance Analyst,HR,Contractor,Development Server,0,1,2,0,1,1,0,7,0,DENY
Contractor,Finance,Employee,GitHub Project Alpha,0,1,1,1,0,0,0,7,0,DENY
Software Developer,Finance,Employee,Development Server,0,1,2,0,0,0,0,90,0,DENY
Software Developer,Engineering,Employee,GitHub Project Alpha,1,1,1,0,1,0,0,180,1,ALLOW
HR Specialist,Finance,Intern,Finance System,1,1,3,0,1,0,1,180,1,REVIEW
DevOps Engineer,HR,Contractor,HR Database,1,1,3,0,0,1,0,7,0,REVIEW
QA Engineer,Finance,Contractor,Development Server,0,1,2,0,1,1,0,365,0,DENY
QA Engineer,IT,Contractor,HR Database,0,1,3,0,1,1,0,90,0,DENY
System Administrator,Product,Employee,Project Management System,1,1,1,1,1,0,0,30,0,ALLOW
HR Specialist,Product,Contractor,Development Server,0,1,2,0,1,1,0,30,0,DENY
DevOps Engineer,IT,Employee,Production Database,1,1,4,1,0,0,0,60,1,REVIEW
HR Specialist,HR,Intern,Development Server,0,1,2,1,1,0,1,30,0,DENY
Contractor,IT,Intern,Development Server,0,1,2,1,0,0,1,14,1,DENY
Contractor,Engineering,Contractor,Finance System,0,1,3,0,1,1,0,60,0,DENY
Product Manager,Engineering,Employee,Development Server,1,1,2,0,1,0,0,180,0,ALLOW
HR Specialist,Finance,Intern,HR Database,0,1,3,1,0,0,1,30,0,DENY
Finance Analyst,IT,Contractor,HR Database,0,1,3,1,1,1,0,7,1,DENY
System Administrator,Finance,Employee,Finance System,1,1,3,0,1,0,0,7,0,REVIEW
DevOps Engineer,Product,Employee,Admin Panel,0,0,4,0,1,0,0,365,1,DENY
Software Developer,Finance,Intern,Development Server,0,1,2,1,0,0,1,60,0,DENY
HR Specialist,Product,Intern,Finance System,0,1,3,1,1,0,1,14,1,DENY
DevOps Engineer,IT,Contractor,GitHub Project Alpha,0,1,1,1,0,1,0,90,0,DENY
System Administrator,HR,Employee,Project Management System,1,1,1,1,0,0,0,60,0,ALLOW
HR Specialist,Engineering,Intern,GitHub Project Alpha,1,1,1,0,0,0,1,60,0,REVIEW
HR Specialist,IT,Intern,Project Management System,1,1,1,1,0,0,1,90,0,REVIEW
System Administrator,Engineering,Employee,Production Database,1,1,4,0,1,0,0,7,0,REVIEW
Contractor,Engineering,Intern,Development Server,1,1,2,0,0,0,1,7,1,ALLOW
System Administrator,Finance,Employee,GitHub Project Alpha,0,1,1,1,1,0,0,7,0,DENY
Contractor,Product,Contractor,Project Management System,1,1,1,1,0,1,0,30,0,ALLOW
QA Engineer,Product,Intern,Finance System,0,1,3,1,1,0,1,180,0,DENY
HR Specialist,HR,Intern,Project Management System,1,1,1,1,1,0,1,60,0,ALLOW
Software Developer,HR,Employee,Development Server,0,1,2,1,0,0,0,180,1,DENY
QA Engineer,Product,Employee,HR Database,0,1,3,0,1,0,0,7,0,DENY
Contractor,Finance,Intern,Admin Panel,0,0,4,1,0,0,1,14,0,DENY
HR Specialist,IT,Intern,GitHub Project Alpha,0,1,1,1,0,0,1,180,0,DENY
HR Specialist,IT,Employee,GitHub Project Alpha,0,1,1,1,1,0,0,7,1,DENY
Product Manager,HR,Employee,GitHub Project Alpha,0,1,1,1,1,0,0,14,0,DENY
Software Developer,HR,Contractor,Production Database,0,0,4,0,1,1,0,30,0,DENY
Finance Analyst,IT,Employee,HR Database,0,1,3,1,1,0,0,365,0,DENY
Finance Analyst,IT,Employee,Admin Panel,1,0,4,1,1,0,0,7,0,DENY
HR Specialist,HR,Employee,GitHub Project Alpha,0,1,1,1,0,0,0,14,0,DENY
QA Engineer,Product,Employee,Development Server,0,1,2,0,1,0,0,14,1,DENY
Product Manager,IT,Contractor,Development Server,0,1,2,1,0,1,0,30,1,DENY
Finance Analyst,Engineering,Contractor,Development Server,1,1,2,0,0,1,0,90,0,REVIEW
HR Specialist,Product,Employee,Development Server,0,1,2,0,0,0,0,90,0,DENY
HR Specialist,IT,Intern,Admin Panel,1,0,4,1,0,0,1,14,0,DENY
Product Manager,Product,Intern,Finance System,0,1,3,1,1,0,1,14,0,DENY
QA Engineer,Finance,Intern,HR Database,0,1,3,1,1,0,1,90,1,DENY
Software Developer,Finance,Employee,Finance System,1,1,3,0,1,0,0,365,0,REVIEW
Finance Analyst,IT,Contractor,Admin Panel,1,0,4,1,0,1,0,90,1,DENY
Finance Analyst,Product,Contractor,GitHub Project Alpha,1,1,1,1,1,1,0,180,0,ALLOW
Finance Analyst,Finance,Contractor,Production Database,0,0,4,1,0,1,0,60,0,DENY
DevOps Engineer,Engineering,Employee,HR Database,0,1,3,1,1,0,0,365,0,DENY
System Administrator,Product,Intern,HR Database,0,1,3,0,1,0,1,60,0,DENY
QA Engineer,Product,Employee,Admin Panel,0,0,4,1,1,0,0,30,1,DENY
Contractor,Engineering,Employee,HR Database,0,1,3,1,1,0,0,7,0,DENY
Finance Analyst,HR,Contractor,Finance System,0,1,3,0,1,1,0,365,0,DENY
HR Specialist,Engineering,Intern,Production Database,1,0,4,0,0,0,1,180,0,DENY
Software Developer,HR,Contractor,Project Management System,1,1,1,1,0,1,0,7,0,ALLOW
Finance Analyst,HR,Contractor,Project Management System,1,1,1,0,1,1,0,30,0,ALLOW
Finance Analyst,Engineering,Intern,Admin Panel,0,0,4,1,1,0,1,180,0,DENY
Finance Analyst,Engineering,Intern,Finance System,0,1,3,1,0,0,1,90,1,DENY
Product Manager,Finance,Intern,Project Management System,1,1,1,0,1,0,1,14,0,ALLOW
Finance Analyst,Finance,Contractor,Admin Panel,0,0,4,1,1,1,0,7,0,DENY
Contractor,Product,Contractor,Project Management System,1,1,1,0,1,1,0,14,1,ALLOW
QA Engineer,HR,Contractor,Project Management System,1,1,1,1,1,1,0,60,0,ALLOW
System Administrator,HR,Employee,Production Database,0,1,4,1,0,0,0,30,0,DENY
Contractor,Finance,Intern,Admin Panel,0,0,4,0,0,0,1,90,0,DENY
System Administrator,HR,Employee,Admin Panel,0,1,4,0,0,0,0,365,0,DENY
QA Engineer,Finance,Intern,GitHub Project Alpha,0,1,1,1,1,0,1,14,1,DENY
Product Manager,Finance,Intern,Development Server,0,1,2,1,1,0,1,180,0,DENY
Software Developer,HR,Contractor,Finance System,0,1,3,0,1,1,0,7,0,DENY
Product Manager,HR,Contractor,Production Database,0,0,4,0,1,1,0,14,0,DENY
QA Engineer,Engineering,Contractor,Production Database,1,0,4,0,1,1,0,365,0,DENY
Product Manager,Product,Employee,GitHub Project Alpha,1,1,1,1,0,0,0,30,0,ALLOW
QA Engineer,HR,Contractor,Finance System,0,1,3,0,0,1,0,90,0,DENY
Finance Analyst,Product,Employee,Production Database,0,0,4,1,1,0,0,14,1,DENY
HR Specialist,Finance,Contractor,Finance System,1,1,3,1,1,1,0,365,0,ALLOW
System Administrator,IT,Contractor,HR Database,0,1,3,1,0,1,0,7,1,DENY
HR Specialist,Finance,Intern,Admin Panel,0,0,4,1,0,0,1,90,0,DENY
Software Developer,Finance,Employee,Development Server,0,1,2,1,1,0,0,365,0,DENY
System Administrator,HR,Intern,Production Database,0,1,4,0,1,0,1,30,1,DENY
Product Manager,IT,Contractor,Admin Panel,1,0,4,1,1,1,0,30,0,DENY
Contractor,Finance,Contractor,Development Server,0,1,2,0,0,1,0,90,1,DENY
Product Manager,HR,Contractor,HR Database,1,1,3,1,0,1,0,365,0,REVIEW
Finance Analyst,Finance,Contractor,GitHub Project Alpha,0,1,1,1,0,1,0,30,0,DENY
System Administrator,Engineering,Intern,Admin Panel,0,1,4,1,0,0,1,180,0,DENY
Software Developer,Engineering,Contractor,GitHub Project Alpha,1,1,1,1,1,1,0,14,0,ALLOW
DevOps Engineer,HR,Contractor,HR Database,1,1,3,0,0,1,0,14,0,REVIEW
Software Developer,Finance,Contractor,Production Database,0,0,4,0,0,1,0,30,0,DENY
System Administrator,Engineering,Employee,Admin Panel,0,1,4,1,1,0,0,180,1,DENY
HR Specialist,Finance,Employee,Finance System,1,1,3,0,1,0,0,30,0,REVIEW
Software Developer,HR,Contractor,Production Database,0,0,4,1,0,1,0,90,1,DENY
Software Developer,IT,Contractor,Development Server,0,1,2,1,1,1,0,60,1,DENY
System Administrator,HR,Employee,Project Management System,1,1,1,0,1,0,0,7,1,ALLOW
System Administrator,Finance,Employee,Project Management System,1,1,1,1,0,0,0,60,0,ALLOW
DevOps Engineer,Engineering,Employee,GitHub Project Alpha,1,1,1,0,1,0,0,365,0,ALLOW
QA Engineer,Finance,Employee,Finance System,1,1,3,1,0,0,0,180,0,REVIEW
Software Developer,Engineering,Intern,Development Server,1,1,2,0,1,0,1,365,1,ALLOW
HR Specialist,Product,Employee,Development Server,0,1,2,0,0,0,0,14,0,DENY
DevOps Engineer,HR,Intern,Project Management System,1,1,1,0,1,0,1,180,0,ALLOW
Finance Analyst,HR,Intern,Production Database,0,0,4,1,1,0,1,14,0,DENY
HR Specialist,Finance,Employee,Project Management System,1,1,1,1,1,0,0,7,0,ALLOW
DevOps Engineer,Product,Contractor,Project Management System,1,1,1,1,1,1,0,90,1,ALLOW
HR Specialist,Engineering,Contractor,Development Server,1,1,2,0,1,1,0,30,1,ALLOW
Software Developer,Engineering,Employee,HR Database,0,1,3,1,0,0,0,180,1,DENY
Product Manager,IT,Contractor,GitHub Project Alpha,0,1,1,1,1,1,0,90,0,DENY
Finance Analyst,Product,Employee,Finance System,0,1,3,1,0,0,0,180,0,DENY
DevOps Engineer,HR,Intern,Production Database,0,1,4,1,0,0,1,14,0,DENY
Software Developer,Product,Employee,Admin Panel,0,0,4,1,1,0,0,30,1,DENY
QA Engineer,Engineering,Contractor,Development Server,1,1,2,1,1,1,0,365,0,ALLOW
Software Developer,Product,Intern,Project Management System,1,1,1,1,0,0,1,365,0,REVIEW
Contractor,Finance,Intern,GitHub Project Alpha,0,1,1,0,0,0,1,14,1,DENY
System Administrator,Product,Contractor,Production Database,0,1,4,0,1,1,0,14,0,DENY
QA Engineer,Finance,Intern,Development Server,0,1,2,0,0,0,1,90,1,DENY
Contractor,Finance,Employee,Project Management System,1,1,1,0,1,0,0,30,0,ALLOW
Software Developer,Engineering,Employee,Production Database,1,0,4,0,1,0,0,7,1,DENY
Software Developer,Engineering,Employee,Production Database,1,0,4,0,0,0,0,30,1,DENY
DevOps Engineer,Product,Contractor,Project Management System,1,1,1,0,0,1,0,365,0,ALLOW
HR Specialist,HR,Employee,Development Server,0,1,2,1,1,0,0,30,0,DENY
DevOps Engineer,Engineering,Employee,Development Server,1,1,2,0,0,0,0,30,0,REVIEW
QA Engineer,HR,Intern,Finance System,0,1,3,0,0,0,1,60,1,DENY
Finance Analyst,Finance,Contractor,Admin Panel,0,0,4,1,1,1,0,365,0,DENY
QA Engineer,Product,Contractor,Project Management System,1,1,1,0,0,1,0,14,0,ALLOW
Contractor,Product,Employee,Development Server,0,1,2,0,0,0,0,7,0,DENY
HR Specialist,IT,Employee,Development Server,0,1,2,1,0,0,0,30,1,DENY
Product Manager,Product,Intern,Development Server,0,1,2,1,1,0,1,90,1,DENY
Product Manager,HR,Intern,HR Database,1,1,3,1,1,0,1,365,0,REVIEW
Contractor,Product,Contractor,Admin Panel,0,0,4,0,1,1,0,180,1,DENY
Software Developer,IT,Employee,Production Database,1,0,4,0,0,0,0,60,0,DENY
DevOps Engineer,Engineering,Contractor,GitHub Project Alpha,1,1,1,1,1,1,0,14,0,ALLOW
QA Engineer,IT,Employee,Admin Panel,1,0,4,1,0,0,0,90,0,DENY
DevOps Engineer,Engineering,Intern,Project Management System,1,1,1,1,1,0,1,90,1,ALLOW
Product Manager,Product,Contractor,Production Database,0,0,4,1,1,1,0,14,0,DENY
QA Engineer,Product,Intern,Admin Panel,0,0,4,0,0,0,1,14,0,DENY
HR Specialist,Engineering,Intern,Admin Panel,0,0,4,0,1,0,1,7,0,DENY
Contractor,HR,Employee,Finance System,0,1,3,0,1,0,0,180,0,DENY
System Administrator,Engineering,Contractor,Admin Panel,0,1,4,0,0,1,0,30,0,DENY
Contractor,Engineering,Contractor,Finance System,0,1,3,1,1,1,0,30,0,DENY
Contractor,IT,Intern,Production Database,1,0,4,1,0,0,1,14,0,DENY
HR Specialist,Engineering,Contractor,Admin Panel,0,0,4,1,0,1,0,60,0,DENY
Software Developer,IT,Contractor,Development Server,0,1,2,0,1,1,0,365,0,DENY
QA Engineer,HR,Contractor,Finance System,0,1,3,0,1,1,0,180,0,DENY
DevOps Engineer,Engineering,Intern,Finance System,0,1,3,1,0,0,1,365,0,DENY
DevOps Engineer,Engineering,Intern,Development Server,1,1,2,0,1,0,1,90,0,ALLOW
Software Developer,IT,Employee,Project Management System,1,1,1,1,1,0,0,180,0,ALLOW
System Administrator,Product,Employee,Finance System,0,1,3,0,1,0,0,90,0,DENY
Product Manager,Product,Intern,GitHub Project Alpha,1,1,1,0,1,0,1,90,1,ALLOW
DevOps Engineer,Product,Contractor,Development Server,0,1,2,0,0,1,0,60,0,DENY
QA Engineer,Product,Contractor,Development Server,0,1,2,0,1,1,0,365,0,DENY
DevOps Engineer,Engineering,Contractor,Admin Panel,0,0,4,0,1,1,0,7,1,DENY
System Administrator,HR,Intern,GitHub Project Alpha,0,1,1,1,0,0,1,60,0,DENY
Finance Analyst,Product,Contractor,GitHub Project Alpha,1,1,1,1,1,1,0,90,0,ALLOW
Finance Analyst,Product,Intern,Admin Panel,0,0,4,0,1,0,1,180,0,DENY
Software Developer,Finance,Intern,Development Server,0,1,2,0,1,0,1,14,0,DENY
Finance Analyst,HR,Contractor,HR Database,1,1,3,0,1,1,0,30,0,REVIEW
Finance Analyst,IT,Contractor,Development Server,0,1,2,0,0,1,0,180,0,DENY
Software Developer,Engineering,Contractor,Admin Panel,0,0,4,1,1,1,0,30,1,DENY
Product Manager,Finance,Contractor,Development Server,0,1,2,1,0,1,0,90,0,DENY
DevOps Engineer,IT,Employee,GitHub Project Alpha,0,1,1,0,1,0,0,90,0,DENY
Finance Analyst,Finance,Employee,Finance System,1,1,3,0,1,0,0,7,0,REVIEW
Contractor,IT,Intern,Development Server,0,1,2,1,0,0,1,90,0,DENY
Contractor,Product,Employee,Finance System,0,1,3,1,0,0,0,7,1,DENY
Contractor,Product,Employee,Development Server,0,1,2,0,1,0,0,90,1,DENY
DevOps Engineer,Engineering,Employee,Admin Panel,0,0,4,0,0,0,0,30,0,DENY
System Administrator,Finance,Intern,Admin Panel,0,1,4,0,1,0,1,60,1,DENY
DevOps Engineer,Product,Contractor,Production Database,0,1,4,0,0,1,0,14,0,DENY
HR Specialist,Finance,Intern,Project Management System,1,1,1,0,1,0,1,7,0,ALLOW
HR Specialist,IT,Employee,HR Database,0,1,3,0,0,0,0,60,0,DENY
Finance Analyst,Product,Contractor,Project Management System,1,1,1,0,1,1,0,180,0,ALLOW
Finance Analyst,Engineering,Intern,GitHub Project Alpha,1,1,1,1,0,0,1,7,0,REVIEW
HR Specialist,HR,Employee,Production Database,0,0,4,0,1,0,0,14,0,DENY
Product Manager,HR,Contractor,HR Database,1,1,3,0,0,1,0,90,0,REVIEW
Software Developer,Engineering,Employee,Finance System,0,1,3,1,1,0,0,14,0,DENY
DevOps Engineer,Product,Contractor,HR Database,0,1,3,0,0,1,0,180,0,DENY
Product Manager,HR,Intern,Admin Panel,0,0,4,0,1,0,1,180,0,DENY
DevOps Engineer,Finance,Employee,Project Management System,1,1,1,1,1,0,0,365,1,ALLOW
DevOps Engineer,Finance,Intern,HR Database,0,1,3,1,1,0,1,60,1,DENY
QA Engineer,IT,Contractor,Development Server,0,1,2,0,1,1,0,180,1,DENY
QA Engineer,Engineering,Contractor,Project Management System,1,1,1,0,1,1,0,180,1,ALLOW
QA Engineer,Engineering,Intern,HR Database,0,1,3,0,1,0,1,7,0,DENY
QA Engineer,Finance,Employee,Admin Panel,0,0,4,1,0,0,0,180,0,DENY
Product Manager,Product,Contractor,GitHub Project Alpha,1,1,1,0,0,1,0,365,0,ALLOW
System Administrator,Product,Intern,Project Management System,1,1,1,1,0,0,1,60,1,REVIEW
HR Specialist,Product,Employee,Project Management System,1,1,1,0,0,0,0,7,0,ALLOW
HR Specialist,Finance,Employee,HR Database,0,1,3,0,0,0,0,180,0,DENY
HR Specialist,Finance,Contractor,GitHub Project Alpha,0,1,1,1,0,1,0,30,0,DENY
Contractor,Engineering,Employee,Development Server,1,1,2,0,1,0,0,365,0,ALLOW
Product Manager,IT,Intern,Admin Panel,1,0,4,0,1,0,1,180,1,DENY
HR Specialist,IT,Employee,Finance System,0,1,3,1,0,0,0,365,0,DENY
Product Manager,Engineering,Intern,GitHub Project Alpha,1,1,1,1,0,0,1,14,1,REVIEW
Software Developer,HR,Intern,Project Management System,1,1,1,0,1,0,1,14,0,ALLOW
HR Specialist,Product,Intern,Admin Panel,0,0,4,1,1,0,1,7,0,DENY
HR Specialist,Finance,Contractor,Project Management System,1,1,1,0,1,1,0,90,0,ALLOW
Software Developer,Finance,Employee,Project Management System,1,1,1,0,1,0,0,14,0,ALLOW
System Administrator,HR,Employee,HR Database,1,1,3,1,1,0,0,365,0,ALLOW
Finance Analyst,IT,Contractor,Project Management System,1,1,1,0,1,1,0,365,0,ALLOW
DevOps Engineer,Engineering,Employee,Project Management System,1,1,1,0,0,0,0,365,0,ALLOW
System Administrator,Engineering,Employee,Project Management System,1,1,1,1,1,0,0,7,1,ALLOW
Software Developer,Finance,Employee,Production Database,0,0,4,1,1,0,0,180,0,DENY
QA Engineer,Engineering,Contractor,Finance System,0,1,3,1,1,1,0,7,0,DENY
Product Manager,Product,Employee,Production Database,0,0,4,0,0,0,0,180,0,DENY
Software Developer,Product,Intern,Project Management System,1,1,1,0,1,0,1,30,0,ALLOW
QA Engineer,IT,Employee,Development Server,0,1,2,1,1,0,0,180,0,DENY
Software Developer,Engineering,Employee,Finance System,0,1,3,0,1,0,0,60,1,DENY
HR Specialist,Product,Contractor,HR Database,0,1,3,0,0,1,0,180,0,DENY
System Administrator,HR,Intern,Project Management System,1,1,1,0,1,0,1,365,0,ALLOW
HR Specialist,IT,Employee,Production Database,1,0,4,0,0,0,0,14,0,DENY
Software Developer,HR,Contractor,GitHub Project Alpha,0,1,1,1,1,1,0,60,0,DENY
Product Manager,Product,Intern,Admin Panel,0,0,4,0,0,0,1,90,0,DENY
Software Developer,Engineering,Employee,Admin Panel,0,0,4,0,0,0,0,90,1,DENY
DevOps Engineer,Engineering,Intern,HR Database,0,1,3,0,0,0,1,90,0,DENY
Product Manager,IT,Contractor,HR Database,0,1,3,0,1,1,0,60,0,DENY
System Administrator,Finance,Employee,Development Server,0,1,2,0,1,0,0,7,0,DENY
Finance Analyst,IT,Contractor,Project Management System,1,1,1,0,0,1,0,180,1,ALLOW
Finance Analyst,Engineering,Employee,Admin Panel,0,0,4,1,1,0,0,90,0,DENY
Software Developer,Engineering,Intern,Production Database,1,0,4,1,1,0,1,14,0,DENY
Contractor,IT,Employee,Production Database,1,0,4,1,1,0,0,14,0,DENY
Software Developer,IT,Contractor,Production Database,1,0,4,1,1,1,0,365,0,DENY
QA Engineer,Finance,Contractor,HR Database,0,1,3,1,1,1,0,30,1,DENY
Software Developer,Product,Employee,Finance System,0,1,3,1,0,0,0,365,1,DENY
Finance Analyst,Product,Employee,Admin Panel,0,0,4,1,1,0,0,30,0,DENY
Product Manager,Engineering,Contractor,Admin Panel,0,0,4,1,1,1,0,7,1,DENY
DevOps Engineer,Finance,Contractor,Project Management System,1,1,1,0,1,1,0,60,1,ALLOW
Software Developer,Product,Employee,GitHub Project Alpha,1,1,1,0,0,0,0,60,0,ALLOW
Finance Analyst,Finance,Intern,Production Database,0,0,4,1,1,0,1,7,0,DENY
Software Developer,IT,Employee,Production Database,1,0,4,0,1,0,0,180,0,DENY
QA Engineer,Finance,Contractor,GitHub Project Alpha,0,1,1,1,0,1,0,365,0,DENY
QA Engineer,IT,Employee,Project Management System,1,1,1,0,1,0,0,90,0,ALLOW
Product Manager,Product,Employee,HR Database,0,1,3,0,1,0,0,365,1,DENY
QA Engineer,Engineering,Intern,HR Database,0,1,3,1,1,0,1,60,1,DENY
QA Engineer,Product,Employee,Admin Panel,0,0,4,0,0,0,0,7,0,DENY
Contractor,Engineering,Intern,Finance System,0,1,3,1,1,0,1,14,1,DENY
Finance Analyst,Engineering,Contractor,Development Server,1,1,2,1,1,1,0,7,0,ALLOW
Contractor,Engineering,Contractor,HR Database,0,1,3,1,1,1,0,180,0,DENY
Contractor,Finance,Employee,GitHub Project Alpha,0,1,1,1,0,0,0,30,0,DENY
DevOps Engineer,IT,Employee,Production Database,1,1,4,1,1,0,0,14,0,ALLOW
Product Manager,HR,Intern,Admin Panel,0,0,4,1,1,0,1,60,0,DENY
Contractor,IT,Employee,Admin Panel,1,0,4,0,0,0,0,30,0,DENY
System Administrator,Product,Contractor,Production Database,0,1,4,0,1,1,0,60,0,DENY
Product Manager,Engineering,Contractor,Project Management System,1,1,1,1,1,1,0,180,0,ALLOW
HR Specialist,Finance,Employee,Project Management System,1,1,1,1,1,0,0,60,1,ALLOW
QA Engineer,Product,Employee,GitHub Project Alpha,1,1,1,1,1,0,0,60,1,ALLOW
HR Specialist,Finance,Intern,Admin Panel,0,0,4,1,1,0,1,365,0,DENY
System Administrator,Finance,Employee,Admin Panel,0,1,4,0,1,0,0,30,0,DENY
HR Specialist,HR,Employee,Admin Panel,0,0,4,1,0,0,0,90,0,DENY
DevOps Engineer,Product,Employee,Finance System,0,1,3,0,1,0,0,60,0,DENY
System Administrator,IT,Intern,Development Server,0,1,2,0,1,0,1,14,0,DENY
Finance Analyst,Finance,Employee,Admin Panel,0,0,4,1,0,0,0,14,0,DENY
System Administrator,HR,Employee,Production Database,0,1,4,0,1,0,0,60,1,DENY
Finance Analyst,Product,Employee,Finance System,0,1,3,0,0,0,0,60,0,DENY
System Administrator,HR,Intern,Admin Panel,0,1,4,1,1,0,1,365,1,DENY
System Administrator,Engineering,Intern,Finance System,0,1,3,0,1,0,1,30,1,DENY
DevOps Engineer,IT,Intern,GitHub Project Alpha,0,1,1,1,0,0,1,180,0,DENY
Contractor,Finance,Intern,Project Management System,1,1,1,0,0,0,1,14,0,REVIEW
HR Specialist,HR,Employee,GitHub Project Alpha,0,1,1,1,1,0,0,180,1,DENY
HR Specialist,HR,Intern,Project Management System,1,1,1,0,1,0,1,365,1,ALLOW
Product Manager,HR,Intern,Production Database,0,0,4,0,0,0,1,180,1,DENY
Product Manager,IT,Employee,Admin Panel,1,0,4,0,1,0,0,90,0,DENY
Finance Analyst,HR,Contractor,Development Server,0,1,2,0,1,1,0,90,0,DENY
System Administrator,IT,Intern,Development Server,0,1,2,1,1,0,1,14,0,DENY
HR Specialist,IT,Contractor,Production Database,1,0,4,1,1,1,0,180,1,DENY
Finance Analyst,Finance,Contractor,Project Management System,1,1,1,1,0,1,0,14,0,ALLOW
System Administrator,Engineering,Contractor,HR Database,0,1,3,1,0,1,0,180,0,DENY
System Administrator,IT,Contractor,Admin Panel,1,1,4,0,0,1,0,365,1,REVIEW
DevOps Engineer,HR,Employee,Development Server,0,1,2,0,1,0,0,90,0,DENY
Product Manager,HR,Contractor,HR Database,1,1,3,0,1,1,0,7,0,REVIEW
HR Specialist,IT,Contractor,Production Database,1,0,4,0,0,1,0,60,0,DENY
DevOps Engineer,Engineering,Employee,Admin Panel,0,0,4,0,1,0,0,60,0,DENY
Finance Analyst,IT,Employee,Finance System,0,1,3,1,1,0,0,14,0,DENY
HR Specialist,Product,Intern,Finance System,0,1,3,0,0,0,1,30,0,DENY
Software Developer,Finance,Intern,GitHub Project Alpha,0,1,1,1,1,0,1,60,0,DENY
System Administrator,Finance,Contractor,Development Server,0,1,2,1,0,1,0,60,0,DENY
Product Manager,HR,Contractor,Finance System,0,1,3,0,0,1,0,14,1,DENY
Contractor,IT,Intern,Finance System,0,1,3,1,0,0,1,365,1,DENY
DevOps Engineer,HR,Intern,Production Database,0,1,4,0,0,0,1,60,0,DENY
DevOps Engineer,Finance,Employee,GitHub Project Alpha,0,1,1,1,0,0,0,14,0,DENY
System Administrator,Product,Employee,HR Database,0,1,3,1,1,0,0,90,0,DENY
Software Developer,IT,Employee,Production Database,1,0,4,1,0,0,0,14,0,DENY
Software Developer,Engineering,Contractor,Development Server,1,1,2,0,1,1,0,30,1,ALLOW
Finance Analyst,Finance,Employee,Project Management System,1,1,1,1,0,0,0,14,0,ALLOW
Finance Analyst,HR,Intern,HR Database,1,1,3,0,0,0,1,14,1,REVIEW
System Administrator,IT,Employee,GitHub Project Alpha,0,1,1,0,0,0,0,365,0,DENY
Product Manager,Finance,Employee,Production Database,0,0,4,0,0,0,0,14,0,DENY
DevOps Engineer,Engineering,Contractor,Development Server,1,1,2,0,1,1,0,7,0,ALLOW
QA Engineer,IT,Employee,Finance System,0,1,3,1,0,0,0,14,1,DENY
Contractor,Engineering,Intern,Production Database,1,0,4,1,1,0,1,60,1,DENY
QA Engineer,Finance,Contractor,Production Database,0,0,4,1,1,1,0,7,1,DENY
Contractor,Engineering,Employee,Development Server,1,1,2,0,0,0,0,365,0,REVIEW
System Administrator,Product,Employee,Production Database,0,1,4,0,1,0,0,90,0,DENY
System Administrator,IT,Employee,Production Database,1,1,4,0,0,0,0,30,0,REVIEW
System Administrator,Finance,Employee,HR Database,0,1,3,0,1,0,0,90,0,DENY
Contractor,HR,Intern,Production Database,0,0,4,1,0,0,1,90,0,DENY
QA Engineer,IT,Contractor,Admin Panel,1,0,4,0,1,1,0,90,1,DENY
System Administrator,Finance,Intern,Project Management System,1,1,1,0,0,0,1,30,0,REVIEW
HR Specialist,Product,Contractor,Production Database,0,0,4,0,1,1,0,90,1,DENY
Contractor,HR,Contractor,Admin Panel,0,0,4,0,1,1,0,30,1,DENY
QA Engineer,HR,Employee,GitHub Project Alpha,0,1,1,0,0,0,0,365,0,DENY
QA Engineer,Finance,Intern,Production Database,0,0,4,0,0,0,1,365,0,DENY
HR Specialist,Finance,Employee,Project Management System,1,1,1,1,1,0,0,90,0,ALLOW
Contractor,Finance,Employee,GitHub Project Alpha,0,1,1,1,0,0,0,14,0,DENY
QA Engineer,IT,Intern,Admin Panel,1,0,4,1,1,0,1,90,0,DENY
QA Engineer,Engineering,Contractor,GitHub Project Alpha,1,1,1,0,0,1,0,30,0,ALLOW
DevOps Engineer,HR,Intern,Finance System,0,1,3,0,0,0,1,14,0,DENY
HR Specialist,Engineering,Employee,GitHub Project Alpha,1,1,1,0,1,0,0,365,0,ALLOW
HR Specialist,IT,Employee,Admin Panel,1,0,4,0,1,0,0,180,0,DENY
QA Engineer,HR,Contractor,Production Database,0,0,4,1,1,1,0,7,1,DENY
Contractor,Finance,Intern,Development Server,0,1,2,1,0,0,1,365,1,DENY
Software Developer,Product,Intern,Finance System,0,1,3,1,1,0,1,60,0,DENY
QA Engineer,IT,Contractor,Admin Panel,1,0,4,0,1,1,0,14,0,DENY
DevOps Engineer,Product,Contractor,Development Server,0,1,2,1,0,1,0,30,1,DENY
QA Engineer,Product,Intern,Development Server,0,1,2,1,1,0,1,30,1,DENY
System Administrator,IT,Intern,Production Database,1,1,4,0,1,0,1,90,0,REVIEW
Finance Analyst,Product,Intern,HR Database,0,1,3,0,0,0,1,180,0,DENY
Contractor,Product,Contractor,GitHub Project Alpha,1,1,1,0,1,1,0,7,0,ALLOW
QA Engineer,IT,Employee,Finance System,0,1,3,0,1,0,0,365,1,DENY
HR Specialist,IT,Employee,Admin Panel,1,0,4,0,0,0,0,7,0,DENY
Contractor,Product,Employee,HR Database,0,1,3,0,1,0,0,30,0,DENY
Contractor,Product,Contractor,Finance System,0,1,3,1,1,1,0,14,0,DENY
QA Engineer,IT,Employee,HR Database,0,1,3,1,0,0,0,180,0,DENY
HR Specialist,Product,Employee,GitHub Project Alpha,1,1,1,1,1,0,0,30,1,ALLOW
Product Manager,HR,Employee,GitHub Project Alpha,0,1,1,1,1,0,0,7,1,DENY
Product Manager,Finance,Contractor,GitHub Project Alpha,0,1,1,1,0,1,0,180,0,DENY
Finance Analyst,Engineering,Employee,Development Server,1,1,2,1,1,0,0,30,0,ALLOW
QA Engineer,Engineering,Intern,Development Server,1,1,2,1,1,0,1,14,1,ALLOW
System Administrator,HR,Intern,Finance System,0,1,3,0,0,0,1,180,0,DENY
QA Engineer,IT,Contractor,Project Management System,1,1,1,0,1,1,0,7,0,ALLOW
Product Manager,IT,Intern,Production Database,1,0,4,0,0,0,1,90,0,DENY
Software Developer,Product,Intern,HR Database,0,1,3,0,1,0,1,60,0,DENY
System Administrator,Product,Contractor,GitHub Project Alpha,1,1,1,1,1,1,0,30,1,ALLOW
System Administrator,Engineering,Employee,Admin Panel,0,1,4,1,1,0,0,14,0,DENY
DevOps Engineer,Product,Contractor,Finance System,0,1,3,1,0,1,0,90,1,DENY
Finance Analyst,HR,Contractor,HR Database,1,1,3,0,0,1,0,7,0,REVIEW
Product Manager,Engineering,Contractor,HR Database,0,1,3,1,0,1,0,90,0,DENY
Software Developer,Product,Employee,Development Server,0,1,2,1,1,0,0,90,0,DENY
Contractor,Product,Contractor,Finance System,0,1,3,0,1,1,0,30,0,DENY
HR Specialist,HR,Contractor,Finance System,0,1,3,1,0,1,0,60,0,DENY
HR Specialist,Product,Intern,HR Database,0,1,3,0,1,0,1,365,0,DENY
DevOps Engineer,IT,Employee,Project Management System,1,1,1,1,1,0,0,180,0,ALLOW
Software Developer,Product,Contractor,Finance System,0,1,3,1,1,1,0,90,0,DENY
Contractor,IT,Contractor,Finance System,0,1,3,1,0,1,0,365,0,DENY
Contractor,HR,Employee,GitHub Project Alpha,0,1,1,0,0,0,0,30,0,DENY
Contractor,Finance,Employee,Development Server,0,1,2,0,0,0,0,365,0,DENY
Finance Analyst,IT,Intern,Finance System,0,1,3,1,1,0,1,365,0,DENY
DevOps Engineer,Engineering,Employee,GitHub Project Alpha,1,1,1,0,0,0,0,60,0,ALLOW
Contractor,Engineering,Intern,Development Server,1,1,2,1,1,0,1,60,0,ALLOW
QA Engineer,Product,Intern,Finance System,0,1,3,0,1,0,1,60,1,DENY
System Administrator,Finance,Employee,Admin Panel,0,1,4,0,0,0,0,60,0,DENY
DevOps Engineer,HR,Contractor,GitHub Project Alpha,0,1,1,1,1,1,0,180,0,DENY
Software Developer,Finance,Employee,Finance System,1,1,3,0,0,0,0,180,0,REVIEW
Contractor,Product,Contractor,Production Database,0,0,4,0,1,1,0,365,1,DENY
System Administrator,Finance,Intern,Production Database,0,1,4,1,1,0,1,30,0,DENY
Software Developer,HR,Intern,HR Database,1,1,3,1,0,0,1,365,0,REVIEW
Finance Analyst,Product,Intern,Project Management System,1,1,1,1,0,0,1,14,0,REVIEW
Contractor,Engineering,Intern,Admin Panel,0,0,4,1,0,0,1,14,1,DENY
Product Manager,Engineering,Contractor,Production Database,1,0,4,0,1,1,0,7,1,DENY
Contractor,HR,Employee,GitHub Project Alpha,0,1,1,0,1,0,0,7,0,DENY
System Administrator,Product,Contractor,Finance System,0,1,3,0,0,1,0,90,1,DENY
Software Developer,IT,Contractor,Project Management System,1,1,1,1,1,1,0,30,1,ALLOW
DevOps Engineer,Product,Employee,Production Database,0,1,4,1,1,0,0,90,0,DENY
HR Specialist,IT,Intern,HR Database,0,1,3,1,0,0,1,14,0,DENY
System Administrator,HR,Employee,GitHub Project Alpha,0,1,1,0,1,0,0,180,1,DENY
Product Manager,Engineering,Intern,Admin Panel,0,0,4,1,0,0,1,7,1,DENY
Software Developer,Finance,Employee,Admin Panel,0,0,4,1,1,0,0,60,1,DENY
Software Developer,Product,Intern,Admin Panel,0,0,4,1,0,0,1,180,0,DENY
Product Manager,HR,Contractor,HR Database,1,1,3,0,0,1,0,14,0,REVIEW
HR Specialist,Finance,Employee,Development Server,0,1,2,0,0,0,0,30,0,DENY
HR Specialist,IT,Intern,Project Management System,1,1,1,0,1,0,1,30,0,ALLOW
QA Engineer,Product,Intern,HR Database,0,1,3,0,0,0,1,60,0,DENY
Finance Analyst,Product,Intern,Production Database,0,0,4,0,0,0,1,90,0,DENY
HR Specialist,Engineering,Contractor,GitHub Project Alpha,1,1,1,1,0,1,0,14,0,ALLOW
System Administrator,Engineering,Contractor,GitHub Project Alpha,1,1,1,1,1,1,0,365,0,ALLOW
DevOps Engineer,IT,Intern,GitHub Project Alpha,0,1,1,1,1,0,1,180,0,DENY
Finance Analyst,HR,Contractor,Project Management System,1,1,1,0,0,1,0,30,0,ALLOW
Contractor,HR,Employee,Admin Panel,0,0,4,1,1,0,0,30,1,DENY
HR Specialist,Product,Contractor,HR Database,0,1,3,1,1,1,0,60,0,DENY
HR Specialist,Finance,Intern,Project Management System,1,1,1,0,1,0,1,60,0,ALLOW
DevOps Engineer,Product,Intern,GitHub Project Alpha,1,1,1,0,1,0,1,60,1,ALLOW
Finance Analyst,HR,Employee,Production Database,0,0,4,1,1,0,0,60,1,DENY
Product Manager,Finance,Employee,HR Database,0,1,3,0,0,0,0,14,0,DENY
System Administrator,IT,Employee,Admin Panel,1,1,4,1,1,0,0,365,1,ALLOW
Finance Analyst,Finance,Intern,GitHub Project Alpha,0,1,1,0,1,0,1,365,1,DENY
Finance Analyst,IT,Employee,Project Management System,1,1,1,0,1,0,0,90,0,ALLOW
Product Manager,Finance,Intern,GitHub Project Alpha,0,1,1,0,1,0,1,180,0,DENY
QA Engineer,Engineering,Employee,Finance System,0,1,3,1,0,0,0,365,0,DENY
System Administrator,Finance,Employee,Production Database,0,1,4,0,1,0,0,14,0,DENY
DevOps Engineer,Engineering,Contractor,Project Management System,1,1,1,1,0,1,0,30,0,ALLOW
System Administrator,Engineering,Contractor,GitHub Project Alpha,1,1,1,0,1,1,0,60,0,ALLOW
Contractor,Finance,Employee,Finance System,1,1,3,0,1,0,0,60,1,ALLOW
Software Developer,Product,Employee,GitHub Project Alpha,1,1,1,1,1,0,0,7,1,ALLOW
Contractor,Finance,Contractor,Project Management System,1,1,1,0,1,1,0,90,0,ALLOW
Software Developer,Product,Contractor,Production Database,0,0,4,1,0,1,0,30,1,DENY
Software Developer,Engineering,Contractor,GitHub Project Alpha,1,1,1,1,0,1,0,60,1,ALLOW
HR Specialist,Finance,Contractor,Development Server,0,1,2,0,1,1,0,14,0,DENY
Software Developer,Product,Employee,Finance System,0,1,3,1,1,0,0,60,0,DENY
Software Developer,HR,Contractor,Project Management System,1,1,1,0,0,1,0,60,0,ALLOW
DevOps Engineer,HR,Employee,Finance System,0,1,3,0,0,0,0,7,0,DENY
QA Engineer,Product,Contractor,Project Management System,1,1,1,1,1,1,0,180,0,ALLOW
Product Manager,Finance,Employee,Development Server,0,1,2,1,1,0,0,60,0,DENY
Product Manager,Engineering,Contractor,Development Server,1,1,2,1,0,1,0,365,1,ALLOW
Finance Analyst,Finance,Employee,Development Server,0,1,2,1,0,0,0,365,0,DENY
System Administrator,HR,Employee,Production Database,0,1,4,1,0,0,0,14,0,DENY
QA Engineer,Engineering,Intern,Project Management System,1,1,1,0,1,0,1,180,1,ALLOW
Contractor,HR,Contractor,Production Database,0,0,4,0,0,1,0,365,0,DENY
System Administrator,HR,Employee,GitHub Project Alpha,0,1,1,0,0,0,0,365,0,DENY
Contractor,Product,Contractor,Admin Panel,0,0,4,0,0,1,0,180,0,DENY
Finance Analyst,IT,Contractor,Admin Panel,1,0,4,1,0,1,0,60,0,DENY
Contractor,Engineering,Employee,Admin Panel,0,0,4,0,0,0,0,365,0,DENY
Finance Analyst,IT,Intern,Development Server,0,1,2,1,1,0,1,7,0,DENY
HR Specialist,Engineering,Intern,Admin Panel,0,0,4,0,1,0,1,90,0,DENY
Finance Analyst,Engineering,Intern,GitHub Project Alpha,1,1,1,1,1,0,1,90,1,ALLOW
Software Developer,Product,Contractor,Project Management System,1,1,1,0,0,1,0,180,1,ALLOW
HR Specialist,Finance,Contractor,Finance System,1,1,3,0,1,1,0,60,1,ALLOW
Contractor,HR,Employee,Finance System,0,1,3,1,1,0,0,60,0,DENY
System Administrator,IT,Contractor,Admin Panel,1,1,4,0,0,1,0,30,1,REVIEW
Contractor,Engineering,Intern,Admin Panel,0,0,4,1,0,0,1,365,1,DENY
Finance Analyst,Finance,Intern,Finance System,1,1,3,1,0,0,1,14,0,REVIEW
Software Developer,Product,Intern,Finance System,0,1,3,0,1,0,1,365,0,DENY
Software Developer,IT,Employee,Development Server,0,1,2,1,0,0,0,180,0,DENY
Product Manager,Product,Employee,HR Database,0,1,3,1,0,0,0,60,0,DENY
System Administrator,Engineering,Employee,Admin Panel,0,1,4,1,1,0,0,60,1,DENY
Contractor,IT,Intern,HR Database,0,1,3,1,1,0,1,14,1,DENY
System Administrator,Engineering,Contractor,Development Server,1,1,2,1,1,1,0,60,0,ALLOW
DevOps Engineer,HR,Employee,Admin Panel,0,0,4,1,0,0,0,14,0,DENY
Software Developer,IT,Contractor,Admin Panel,1,0,4,0,1,1,0,90,1,DENY
Finance Analyst,IT,Contractor,Project Management System,1,1,1,0,0,1,0,60,0,ALLOW
HR Specialist,Finance,Contractor,GitHub Project Alpha,0,1,1,1,0,1,0,365,0,DENY
Contractor,Engineering,Intern,Finance System,0,1,3,0,1,0,1,7,0,DENY
Contractor,IT,Employee,Production Database,1,0,4,1,0,0,0,30,0,DENY
DevOps Engineer,HR,Employee,HR Database,1,1,3,0,1,0,0,60,1,ALLOW
Finance Analyst,Engineering,Contractor,GitHub Project Alpha,1,1,1,0,0,1,0,180,0,ALLOW
System Administrator,HR,Contractor,Admin Panel,0,1,4,0,0,1,0,30,0,DENY
DevOps Engineer,Product,Intern,HR Database,0,1,3,1,1,0,1,14,1,DENY
Contractor,IT,Employee,HR Database,0,1,3,0,1,0,0,7,1,DENY
Product Manager,Finance,Contractor,Production Database,0,0,4,0,1,1,0,365,0,DENY
Product Manager,Product,Contractor,Finance System,0,1,3,0,0,1,0,180,0,DENY
System Administrator,HR,Intern,Admin Panel,0,1,4,1,1,0,1,60,0,DENY
Contractor,Engineering,Employee,Production Database,1,0,4,0,0,0,0,7,0,DENY
DevOps Engineer,Engineering,Intern,Production Database,1,1,4,0,1,0,1,60,0,REVIEW
System Administrator,IT,Contractor,Project Management System,1,1,1,1,1,1,0,14,1,ALLOW
DevOps Engineer,IT,Contractor,GitHub Project Alpha,0,1,1,1,1,1,0,7,0,DENY
System Administrator,IT,Employee,Finance System,0,1,3,0,1,0,0,7,1,DENY
System Administrator,Engineering,Contractor,Project Management System,1,1,1,0,1,1,0,14,0,ALLOW
Product Manager,IT,Contractor,HR Database,0,1,3,1,1,1,0,365,0,DENY
Finance Analyst,Finance,Employee,Project Management System,1,1,1,1,1,0,0,30,1,ALLOW
Product Manager,Product,Intern,Project Management System,1,1,1,1,0,0,1,90,0,REVIEW
Finance Analyst,Finance,Intern,HR Database,0,1,3,0,0,0,1,14,0,DENY
System Administrator,Engineering,Contractor,Admin Panel,0,1,4,0,1,1,0,90,0,DENY
System Administrator,Finance,Contractor,Admin Panel,0,1,4,0,0,1,0,60,1,DENY
Contractor,Engineering,Contractor,Project Management System,1,1,1,0,1,1,0,90,0,ALLOW
HR Specialist,Product,Contractor,Project Management System,1,1,1,0,0,1,0,90,1,ALLOW
System Administrator,Finance,Employee,Finance System,1,1,3,0,1,0,0,30,1,ALLOW
Software Developer,Engineering,Employee,Admin Panel,0,0,4,0,0,0,0,7,0,DENY
DevOps Engineer,Finance,Employee,GitHub Project Alpha,0,1,1,1,1,0,0,7,0,DENY
Finance Analyst,Product,Employee,GitHub Project Alpha,1,1,1,0,0,0,0,60,0,ALLOW
Finance Analyst,Finance,Employee,GitHub Project Alpha,0,1,1,0,1,0,0,7,1,DENY
DevOps Engineer,Finance,Intern,Production Database,0,1,4,0,1,0,1,90,0,DENY
DevOps Engineer,Engineering,Employee,Finance System,0,1,3,0,1,0,0,90,1,DENY
Finance Analyst,IT,Intern,Admin Panel,1,0,4,1,0,0,1,180,1,DENY
Contractor,Engineering,Contractor,Production Database,1,0,4,1,0,1,0,90,0,DENY
Contractor,Product,Employee,GitHub Project Alpha,1,1,1,1,0,0,0,7,0,ALLOW
System Administrator,Engineering,Intern,Production Database,1,1,4,0,1,0,1,30,0,REVIEW
Software Developer,Product,Contractor,Production Database,0,0,4,0,1,1,0,365,0,DENY
Finance Analyst,HR,Intern,HR Database,1,1,3,0,1,0,1,30,0,REVIEW
QA Engineer,Engineering,Employee,Finance System,0,1,3,0,0,0,0,365,0,DENY
Contractor,IT,Employee,Finance System,0,1,3,1,0,0,0,7,1,DENY
DevOps Engineer,Product,Employee,GitHub Project Alpha,1,1,1,0,1,0,0,7,0,ALLOW
Finance Analyst,Product,Intern,GitHub Project Alpha,1,1,1,1,1,0,1,90,1,ALLOW
System Administrator,Finance,Contractor,Admin Panel,0,1,4,0,0,1,0,180,1,DENY
System Administrator,Finance,Employee,HR Database,0,1,3,0,0,0,0,60,0,DENY
DevOps Engineer,Product,Contractor,HR Database,0,1,3,0,0,1,0,365,0,DENY
System Administrator,Finance,Intern,Admin Panel,0,1,4,1,0,0,1,90,0,DENY
Software Developer,HR,Intern,Finance System,0,1,3,0,1,0,1,365,1,DENY
HR Specialist,Product,Intern,Admin Panel,0,0,4,1,1,0,1,365,0,DENY
Software Developer,Product,Intern,Development Server,0,1,2,0,0,0,1,30,1,DENY
HR Specialist,HR,Contractor,Production Database,0,0,4,0,0,1,0,365,0,DENY
Product Manager,IT,Intern,Admin Panel,1,0,4,0,0,0,1,90,0,DENY
System Administrator,Finance,Employee,Admin Panel,0,1,4,0,1,0,0,30,1,DENY
QA Engineer,Engineering,Employee,Project Management System,1,1,1,0,0,0,0,365,0,ALLOW
Product Manager,Product,Contractor,Production Database,0,0,4,0,0,1,0,7,0,DENY
System Administrator,Finance,Contractor,Production Database,0,1,4,0,1,1,0,30,0,DENY
Software Developer,Product,Intern,Admin Panel,0,0,4,0,0,0,1,90,0,DENY
Finance Analyst,Finance,Employee,HR Database,0,1,3,1,1,0,0,30,0,DENY
Contractor,IT,Contractor,Production Database,1,0,4,1,0,1,0,30,0,DENY
Contractor,Finance,Intern,GitHub Project Alpha,0,1,1,0,1,0,1,14,1,DENY
Product Manager,IT,Intern,Admin Panel,1,0,4,1,0,0,1,7,0,DENY
Software Developer,Finance,Intern,Development Server,0,1,2,0,1,0,1,30,1,DENY
Finance Analyst,IT,Contractor,Finance System,0,1,3,0,1,1,0,14,0,DENY
Product Manager,Engineering,Intern,Production Database,1,0,4,1,0,0,1,365,1,DENY
Product Manager,Product,Contractor,Admin Panel,0,0,4,1,1,1,0,180,0,DENY
DevOps Engineer,Product,Intern,Finance System,0,1,3,0,1,0,1,14,0,DENY
Software Developer,Finance,Intern,Development Server,0,1,2,0,1,0,1,90,1,DENY
QA Engineer,IT,Employee,GitHub Project Alpha,0,1,1,1,1,0,0,90,0,DENY
QA Engineer,HR,Intern,Development Server,0,1,2,0,0,0,1,14,0,DENY
Contractor,Product,Employee,HR Database,0,1,3,1,1,0,0,365,1,DENY
System Administrator,Product,Employee,Admin Panel,0,1,4,0,0,0,0,7,0,DENY
Contractor,Product,Employee,Development Server,0,1,2,1,1,0,0,60,0,DENY
DevOps Engineer,IT,Intern,Project Management System,1,1,1,1,0,0,1,365,0,REVIEW
System Administrator,HR,Employee,Finance System,0,1,3,0,1,0,0,7,1,DENY
Product Manager,IT,Intern,Production Database,1,0,4,1,0,0,1,365,1,DENY
Software Developer,HR,Intern,Development Server,0,1,2,1,1,0,1,90,0,DENY
HR Specialist,Finance,Contractor,HR Database,0,1,3,1,1,1,0,60,1,DENY
Contractor,Product,Contractor,Development Server,0,1,2,0,0,1,0,30,0,DENY
DevOps Engineer,IT,Intern,Project Management System,1,1,1,0,0,0,1,14,0,REVIEW
QA Engineer,HR,Contractor,HR Database,1,1,3,0,0,1,0,7,1,ALLOW
System Administrator,Finance,Employee,HR Database,0,1,3,0,1,0,0,365,0,DENY
Software Developer,Engineering,Intern,GitHub Project Alpha,1,1,1,1,1,0,1,180,1,ALLOW
System Administrator,IT,Intern,Finance System,0,1,3,0,0,0,1,365,0,DENY
Contractor,Finance,Employee,Development Server,0,1,2,0,0,0,0,7,0,DENY
HR Specialist,Product,Intern,Admin Panel,0,0,4,0,0,0,1,60,1,DENY
Product Manager,IT,Employee,HR Database,0,1,3,0,1,0,0,7,1,DENY
HR Specialist,IT,Intern,Production Database,1,0,4,0,0,0,1,90,0,DENY
Software Developer,Finance,Contractor,Finance System,1,1,3,1,0,1,0,60,0,REVIEW
Product Manager,HR,Employee,Admin Panel,0,0,4,1,1,0,0,180,0,DENY
Product Manager,Product,Contractor,GitHub Project Alpha,1,1,1,1,1,1,0,365,0,ALLOW
Product Manager,IT,Intern,GitHub Project Alpha,0,1,1,1,1,0,1,14,0,DENY
Product Manager,HR,Employee,Admin Panel,0,0,4,1,1,0,0,14,0,DENY
Finance Analyst,Finance,Employee,Development Server,0,1,2,0,1,0,0,90,0,DENY
QA Engineer,HR,Intern,Admin Panel,0,0,4,0,1,0,1,7,0,DENY
Finance Analyst,Engineering,Intern,Finance System,0,1,3,1,1,0,1,30,1,DENY
System Administrator,Engineering,Employee,GitHub Project Alpha,1,1,1,0,1,0,0,7,0,ALLOW
Software Developer,Product,Intern,Development Server,0,1,2,1,1,0,1,90,0,DENY
System Administrator,Engineering,Contractor,HR Database,0,1,3,0,0,1,0,60,0,DENY
System Administrator,Finance,Employee,GitHub Project Alpha,0,1,1,1,1,0,0,60,0,DENY
HR Specialist,Engineering,Employee,Production Database,1,0,4,1,1,0,0,30,1,DENY
HR Specialist,Product,Employee,Project Management System,1,1,1,1,1,0,0,90,0,ALLOW
Software Developer,IT,Contractor,HR Database,0,1,3,1,1,1,0,7,0,DENY
Contractor,HR,Intern,Development Server,0,1,2,0,1,0,1,180,0,DENY
Finance Analyst,Engineering,Intern,Development Server,1,1,2,1,1,0,1,90,0,ALLOW
Contractor,HR,Contractor,HR Database,1,1,3,1,0,1,0,90,1,ALLOW
Finance Analyst,HR,Contractor,Finance System,0,1,3,0,1,1,0,180,0,DENY
Product Manager,IT,Contractor,Production Database,1,0,4,0,1,1,0,14,1,DENY
Software Developer,Finance,Intern,HR Database,0,1,3,1,0,0,1,14,1,DENY
DevOps Engineer,Product,Intern,Admin Panel,0,0,4,1,0,0,1,60,0,DENY
Software Developer,IT,Intern,Admin Panel,1,0,4,1,1,0,1,90,0,DENY
Finance Analyst,HR,Contractor,Production Database,0,0,4,0,1,1,0,90,1,DENY
System Administrator,IT,Employee,Production Database,1,1,4,0,0,0,0,7,1,REVIEW
Contractor,Product,Employee,GitHub Project Alpha,1,1,1,0,0,0,0,90,1,ALLOW
DevOps Engineer,Product,Intern,Finance System,0,1,3,1,0,0,1,90,1,DENY
Software Developer,Finance,Employee,Finance System,1,1,3,0,1,0,0,180,1,ALLOW
DevOps Engineer,IT,Contractor,Production Database,1,1,4,0,1,1,0,365,0,REVIEW
DevOps Engineer,Finance,Contractor,Development Server,0,1,2,1,1,1,0,90,1,DENY
Software Developer,HR,Employee,Project Management System,1,1,1,0,0,0,0,14,1,ALLOW
DevOps Engineer,Engineering,Contractor,Production Database,1,1,4,0,1,1,0,180,0,REVIEW
Finance Analyst,Engineering,Employee,GitHub Project Alpha,1,1,1,0,1,0,0,7,0,ALLOW
DevOps Engineer,HR,Employee,Production Database,0,1,4,1,1,0,0,180,0,DENY
Finance Analyst,Product,Employee,GitHub Project Alpha,1,1,1,1,1,0,0,30,1,ALLOW
HR Specialist,Product,Contractor,Admin Panel,0,0,4,1,1,1,0,14,0,DENY
HR Specialist,Finance,Intern,GitHub Project Alpha,0,1,1,0,0,0,1,14,0,DENY
Product Manager,Engineering,Contractor,HR Database,0,1,3,1,0,1,0,14,1,DENY
QA Engineer,Finance,Contractor,Development Server,0,1,2,0,0,1,0,14,0,DENY
Software Developer,Finance,Intern,Project Management System,1,1,1,0,0,0,1,30,0,REVIEW
System Administrator,IT,Employee,Admin Panel,1,1,4,1,1,0,0,60,0,ALLOW
System Administrator,HR,Intern,Development Server,0,1,2,1,1,0,1,60,0,DENY
QA Engineer,Finance,Employee,Project Management System,1,1,1,1,0,0,0,60,1,ALLOW
System Administrator,IT,Contractor,Project Management System,1,1,1,1,0,1,0,30,0,ALLOW
Contractor,Product,Contractor,Project Management System,1,1,1,1,0,1,0,7,0,ALLOW
QA Engineer,Product,Intern,Finance System,0,1,3,0,1,0,1,14,0,DENY
HR Specialist,HR,Employee,HR Database,1,1,3,0,0,0,0,7,1,ALLOW
Software Developer,IT,Contractor,HR Database,0,1,3,0,1,1,0,180,0,DENY
HR Specialist,IT,Employee,Production Database,1,0,4,1,1,0,0,7,1,DENY
HR Specialist,Engineering,Employee,Project Management System,1,1,1,0,0,0,0,30,1,ALLOW
Contractor,Product,Employee,HR Database,0,1,3,1,1,0,0,60,0,DENY
Contractor,Engineering,Intern,HR Database,0,1,3,1,0,0,1,365,1,DENY
DevOps Engineer,Engineering,Intern,HR Database,0,1,3,1,1,0,1,14,1,DENY
HR Specialist,IT,Employee,GitHub Project Alpha,0,1,1,1,0,0,0,365,1,DENY
Contractor,IT,Employee,GitHub Project Alpha,0,1,1,0,1,0,0,90,0,DENY
Software Developer,Engineering,Employee,HR Database,0,1,3,0,1,0,0,365,1,DENY
Product Manager,Engineering,Intern,Project Management System,1,1,1,1,1,0,1,60,1,ALLOW
Finance Analyst,HR,Contractor,Admin Panel,0,0,4,0,1,1,0,7,0,DENY
Product Manager,Engineering,Intern,Project Management System,1,1,1,1,1,0,1,60,0,ALLOW
QA Engineer,Engineering,Intern,Project Management System,1,1,1,1,0,0,1,90,1,REVIEW
HR Specialist,Product,Employee,Admin Panel,0,0,4,0,0,0,0,60,1,DENY
Contractor,IT,Intern,GitHub Project Alpha,0,1,1,1,0,0,1,30,0,DENY
Finance Analyst,HR,Intern,Admin Panel,0,0,4,0,1,0,1,60,0,DENY
Software Developer,HR,Employee,Development Server,0,1,2,1,0,0,0,7,1,DENY
HR Specialist,HR,Employee,Finance System,0,1,3,0,0,0,0,90,0,DENY
Contractor,IT,Contractor,Admin Panel,1,0,4,1,0,1,0,7,1,DENY
HR Specialist,Engineering,Intern,Production Database,1,0,4,0,0,0,1,30,1,DENY
System Administrator,IT,Employee,Finance System,0,1,3,0,0,0,0,90,0,DENY
HR Specialist,Product,Contractor,Production Database,0,0,4,1,1,1,0,14,1,DENY
HR Specialist,Product,Contractor,Finance System,0,1,3,1,1,1,0,60,0,DENY
System Administrator,Product,Intern,Production Database,0,1,4,0,0,0,1,14,1,DENY
Product Manager,Finance,Employee,Admin Panel,0,0,4,0,1,0,0,180,0,DENY
Software Developer,HR,Intern,Production Database,0,0,4,0,0,0,1,90,1,DENY
QA Engineer,HR,Employee,GitHub Project Alpha,0,1,1,0,0,0,0,14,0,DENY
QA Engineer,Engineering,Employee,HR Database,0,1,3,1,1,0,0,365,0,DENY
HR Specialist,IT,Contractor,Development Server,0,1,2,0,1,1,0,14,1,DENY
DevOps Engineer,Engineering,Contractor,HR Database,0,1,3,0,1,1,0,365,1,DENY
Contractor,Finance,Contractor,Admin Panel,0,0,4,0,0,1,0,7,1,DENY
Contractor,Product,Contractor,Admin Panel,0,0,4,1,0,1,0,30,1,DENY
Finance Analyst,Finance,Employee,Project Management System,1,1,1,1,0,0,0,365,0,ALLOW
HR Specialist,Engineering,Intern,Admin Panel,0,0,4,0,0,0,1,90,1,DENY
Software Developer,HR,Employee,HR Database,1,1,3,1,0,0,0,30,1,ALLOW
QA Engineer,Finance,Intern,HR Database,0,1,3,1,0,0,1,14,0,DENY
Software Developer,Engineering,Intern,Production Database,1,0,4,1,1,0,1,7,0,DENY
System Administrator,Engineering,Contractor,Production Database,1,1,4,1,1,1,0,180,1,ALLOW
System Administrator,Finance,Intern,Project Management System,1,1,1,0,0,0,1,60,0,REVIEW
Contractor,Finance,Intern,Finance System,1,1,3,1,0,0,1,90,0,REVIEW
Finance Analyst,Product,Contractor,GitHub Project Alpha,1,1,1,0,0,1,0,365,0,ALLOW
System Administrator,HR,Contractor,GitHub Project Alpha,0,1,1,1,0,1,0,60,0,DENY
Software Developer,Engineering,Contractor,Finance System,0,1,3,1,1,1,0,365,1,DENY
System Administrator,Finance,Employee,Finance System,1,1,3,0,1,0,0,365,0,REVIEW
Software Developer,Engineering,Contractor,HR Database,0,1,3,0,1,1,0,365,0,DENY
Software Developer,HR,Intern,Admin Panel,0,0,4,0,0,0,1,60,0,DENY
Software Developer,Engineering,Contractor,Project Management System,1,1,1,0,1,1,0,90,0,ALLOW
Finance Analyst,HR,Intern,Development Server,0,1,2,1,1,0,1,365,0,DENY
QA Engineer,Engineering,Intern,GitHub Project Alpha,1,1,1,1,0,0,1,14,1,REVIEW
Software Developer,IT,Intern,Admin Panel,1,0,4,0,1,0,1,7,1,DENY
System Administrator,Product,Intern,Finance System,0,1,3,0,0,0,1,7,1,DENY
System Administrator,Finance,Intern,Development Server,0,1,2,0,0,0,1,90,0,DENY
Software Developer,Product,Intern,GitHub Project Alpha,1,1,1,1,1,0,1,7,0,ALLOW
QA Engineer,HR,Employee,Development Server,0,1,2,0,0,0,0,180,1,DENY
Finance Analyst,Engineering,Contractor,Project Management System,1,1,1,1,0,1,0,180,0,ALLOW
Product Manager,Finance,Intern,Admin Panel,0,0,4,1,0,0,1,180,0,DENY
System Administrator,IT,Employee,Production Database,1,1,4,1,0,0,0,7,1,REVIEW
Finance Analyst,Finance,Employee,GitHub Project Alpha,0,1,1,0,1,0,0,30,0,DENY
QA Engineer,IT,Employee,Finance System,0,1,3,0,0,0,0,180,1,DENY
Contractor,IT,Intern,Admin Panel,1,0,4,0,1,0,1,60,0,DENY
Finance Analyst,HR,Contractor,Admin Panel,0,0,4,1,1,1,0,60,1,DENY
Contractor,Product,Intern,GitHub Project Alpha,1,1,1,1,1,0,1,90,1,ALLOW
QA Engineer,HR,Contractor,Production Database,0,0,4,0,0,1,0,60,0,DENY
System Administrator,Product,Contractor,Admin Panel,0,1,4,1,1,1,0,90,1,DENY
HR Specialist,Finance,Employee,Project Management System,1,1,1,1,1,0,0,60,0,ALLOW
Software Developer,HR,Contractor,HR Database,1,1,3,1,1,1,0,30,1,ALLOW
HR Specialist,Finance,Employee,HR Database,0,1,3,1,1,0,0,60,0,DENY
System Administrator,HR,Employee,Development Server,0,1,2,0,1,0,0,180,0,DENY
System Administrator,HR,Intern,Production Database,0,1,4,1,0,0,1,365,0,DENY
Finance Analyst,Engineering,Employee,Production Database,1,0,4,1,0,0,0,60,0,DENY
DevOps Engineer,Product,Contractor,Finance System,0,1,3,0,1,1,0,365,0,DENY
Finance Analyst,HR,Contractor,Project Management System,1,1,1,1,0,1,0,30,0,ALLOW
HR Specialist,IT,Intern,Production Database,1,0,4,1,1,0,1,60,0,DENY
System Administrator,Engineering,Employee,Finance System,0,1,3,0,0,0,0,60,1,DENY
Contractor,HR,Intern,Development Server,0,1,2,1,0,0,1,30,0,DENY
DevOps Engineer,HR,Contractor,Finance System,0,1,3,0,0,1,0,180,0,DENY
Product Manager,IT,Employee,Project Management System,1,1,1,0,1,0,0,7,1,ALLOW
System Administrator,Engineering,Contractor,HR Database,0,1,3,1,1,1,0,60,1,DENY
Contractor,Finance,Contractor,GitHub Project Alpha,0,1,1,1,1,1,0,180,0,DENY
QA Engineer,Product,Intern,Development Server,0,1,2,0,1,0,1,365,0,DENY
Product Manager,HR,Employee,GitHub Project Alpha,0,1,1,0,0,0,0,14,0,DENY
System Administrator,Product,Contractor,Admin Panel,0,1,4,1,0,1,0,180,0,DENY
Product Manager,HR,Contractor,Admin Panel,0,0,4,1,1,1,0,90,0,DENY
Software Developer,Finance,Contractor,GitHub Project Alpha,0,1,1,1,1,1,0,7,1,DENY
Contractor,HR,Intern,Finance System,0,1,3,0,1,0,1,14,1,DENY
Software Developer,Finance,Intern,Finance System,1,1,3,1,1,0,1,90,0,REVIEW
HR Specialist,Product,Contractor,HR Database,0,1,3,0,1,1,0,7,1,DENY
HR Specialist,Engineering,Intern,GitHub Project Alpha,1,1,1,0,1,0,1,30,1,ALLOW
Contractor,IT,Intern,Development Server,0,1,2,1,0,0,1,180,0,DENY
Software Developer,Engineering,Contractor,Development Server,1,1,2,0,1,1,0,60,0,ALLOW
Software Developer,IT,Contractor,Development Server,0,1,2,0,1,1,0,365,1,DENY
System Administrator,Finance,Employee,Finance System,1,1,3,0,0,0,0,365,1,ALLOW
QA Engineer,HR,Intern,Admin Panel,0,0,4,1,0,0,1,365,0,DENY
System Administrator,HR,Employee,GitHub Project Alpha,0,1,1,1,0,0,0,180,1,DENY
DevOps Engineer,Finance,Contractor,HR Database,0,1,3,1,1,1,0,90,1,DENY
System Administrator,Finance,Intern,Development Server,0,1,2,1,1,0,1,7,0,DENY
Contractor,Product,Employee,Production Database,0,0,4,0,1,0,0,180,0,DENY
System Administrator,Product,Employee,Project Management System,1,1,1,1,1,0,0,14,1,ALLOW
QA Engineer,HR,Intern,Development Server,0,1,2,0,1,0,1,7,0,DENY
QA Engineer,HR,Intern,GitHub Project Alpha,0,1,1,0,1,0,1,30,0,DENY
Product Manager,IT,Contractor,Admin Panel,1,0,4,1,1,1,0,180,0,DENY
Contractor,Finance,Intern,Finance System,1,1,3,1,1,0,1,14,0,REVIEW
System Administrator,Product,Contractor,HR Database,0,1,3,1,1,1,0,90,0,DENY
HR Specialist,Engineering,Employee,GitHub Project Alpha,1,1,1,0,0,0,0,90,1,ALLOW
Software Developer,HR,Employee,Production Database,0,0,4,1,0,0,0,14,0,DENY
Product Manager,HR,Intern,Development Server,0,1,2,0,0,0,1,90,0,DENY
Finance Analyst,IT,Intern,Development Server,0,1,2,1,1,0,1,180,0,DENY
Finance Analyst,Finance,Employee,Project Management System,1,1,1,0,1,0,0,7,1,ALLOW
System Administrator,HR,Intern,Production Database,0,1,4,1,1,0,1,60,0,DENY
Software Developer,Engineering,Intern,Production Database,1,0,4,0,1,0,1,180,1,DENY
Contractor,IT,Intern,Finance System,0,1,3,0,1,0,1,14,1,DENY
Finance Analyst,IT,Intern,Production Database,1,0,4,1,1,0,1,60,1,DENY
DevOps Engineer,IT,Employee,GitHub Project Alpha,0,1,1,1,1,0,0,365,1,DENY
System Administrator,IT,Contractor,Finance System,0,1,3,0,1,1,0,180,0,DENY
Finance Analyst,IT,Contractor,Production Database,1,0,4,0,1,1,0,30,0,DENY
Contractor,Finance,Intern,Project Management System,1,1,1,1,0,0,1,7,1,REVIEW
System Administrator,Finance,Intern,Admin Panel,0,1,4,0,1,0,1,14,1,DENY
Software Developer,Engineering,Employee,Development Server,1,1,2,1,0,0,0,180,1,ALLOW
System Administrator,Finance,Contractor,GitHub Project Alpha,0,1,1,0,0,1,0,90,0,DENY
Product Manager,Finance,Contractor,Production Database,0,0,4,1,0,1,0,60,0,DENY
Finance Analyst,IT,Employee,Project Management System,1,1,1,1,0,0,0,14,0,ALLOW
Software Developer,Engineering,Intern,Development Server,1,1,2,1,1,0,1,180,1,ALLOW
Contractor,HR,Contractor,Project Management System,1,1,1,1,0,1,0,30,1,ALLOW
Finance Analyst,Engineering,Employee,Production Database,1,0,4,0,1,0,0,180,1,DENY
HR Specialist,Engineering,Intern,Development Server,1,1,2,0,1,0,1,365,1,ALLOW
QA Engineer,Engineering,Intern,Admin Panel,0,0,4,0,0,0,1,7,0,DENY
System Administrator,Finance,Employee,Project Management System,1,1,1,0,1,0,0,90,1,ALLOW
HR Specialist,Product,Employee,HR Database,0,1,3,1,0,0,0,30,0,DENY
Finance Analyst,Product,Employee,GitHub Project Alpha,1,1,1,0,0,0,0,30,0,ALLOW
QA Engineer,HR,Contractor,HR Database,1,1,3,1,1,1,0,60,0,ALLOW
QA Engineer,Product,Employee,Admin Panel,0,0,4,0,1,0,0,7,0,DENY
DevOps Engineer,Product,Intern,Finance System,0,1,3,0,1,0,1,90,1,DENY
Contractor,IT,Intern,Project Management System,1,1,1,0,0,0,1,90,0,REVIEW
HR Specialist,Finance,Intern,Project Management System,1,1,1,0,0,0,1,365,0,REVIEW
Finance Analyst,IT,Contractor,Project Management System,1,1,1,0,1,1,0,60,1,ALLOW
HR Specialist,Engineering,Contractor,Project Management System,1,1,1,0,0,1,0,30,1,ALLOW
HR Specialist,IT,Employee,Finance System,0,1,3,0,0,0,0,60,0,DENY
HR Specialist,IT,Intern,Admin Panel,1,0,4,1,1,0,1,30,0,DENY
Finance Analyst,HR,Intern,Project Management System,1,1,1,1,0,0,1,14,1,REVIEW
HR Specialist,Finance,Contractor,Production Database,0,0,4,0,1,1,0,60,0,DENY
DevOps Engineer,IT,Employee,HR Database,0,1,3,1,1,0,0,60,0,DENY
DevOps Engineer,IT,Intern,Finance System,0,1,3,1,0,0,1,90,1,DENY
Contractor,Engineering,Contractor,Development Server,1,1,2,1,0,1,0,180,0,REVIEW
HR Specialist,HR,Intern,GitHub Project Alpha,0,1,1,0,1,0,1,90,0,DENY
QA Engineer,IT,Contractor,Development Server,0,1,2,1,1,1,0,180,1,DENY
System Administrator,Product,Employee,Admin Panel,0,1,4,0,0,0,0,180,0,DENY
Software Developer,Finance,Intern,Finance System,1,1,3,0,0,0,1,7,1,REVIEW
Software Developer,Engineering,Employee,Finance System,0,1,3,1,0,0,0,14,0,DENY
Software Developer,HR,Contractor,HR Database,1,1,3,1,1,1,0,60,0,ALLOW
HR Specialist,Product,Employee,Admin Panel,0,0,4,1,1,0,0,365,0,DENY
Finance Analyst,Engineering,Intern,Project Management System,1,1,1,0,0,0,1,365,0,REVIEW
QA Engineer,Engineering,Employee,Project Management System,1,1,1,0,0,0,0,60,1,ALLOW
Contractor,Product,Contractor,Development Server,0,1,2,0,1,1,0,180,0,DENY
QA Engineer,HR,Contractor,Project Management System,1,1,1,0,0,1,0,7,0,ALLOW
System Administrator,IT,Intern,Project Management System,1,1,1,1,0,0,1,7,0,REVIEW
HR Specialist,Product,Intern,Admin Panel,0,0,4,0,0,0,1,7,0,DENY
HR Specialist,Product,Intern,Development Server,0,1,2,0,1,0,1,7,0,DENY
System Administrator,Product,Contractor,GitHub Project Alpha,1,1,1,0,1,1,0,180,1,ALLOW
Product Manager,Finance,Employee,Production Database,0,0,4,1,1,0,0,365,0,DENY
Contractor,HR,Employee,Admin Panel,0,0,4,0,0,0,0,14,0,DENY
System Administrator,IT,Intern,Project Management System,1,1,1,0,1,0,1,7,1,ALLOW
Product Manager,IT,Employee,Production Database,1,0,4,1,1,0,0,14,0,DENY
System Administrator,HR,Employee,HR Database,1,1,3,1,1,0,0,180,0,ALLOW
Contractor,Engineering,Employee,Development Server,1,1,2,0,1,0,0,180,0,ALLOW
QA Engineer,Product,Contractor,Finance System,0,1,3,1,0,1,0,90,0,DENY
System Administrator,Finance,Intern,GitHub Project Alpha,0,1,1,1,0,0,1,14,0,DENY
System Administrator,Engineering,Contractor,Admin Panel,0,1,4,1,1,1,0,60,1,DENY
Software Developer,Product,Intern,Project Management System,1,1,1,1,1,0,1,30,0,ALLOW
Finance Analyst,HR,Intern,Development Server,0,1,2,0,0,0,1,30,0,DENY
System Administrator,Product,Employee,Admin Panel,0,1,4,1,0,0,0,60,0,DENY
Software Developer,IT,Intern,Project Management System,1,1,1,0,0,0,1,7,0,REVIEW
HR Specialist,HR,Employee,Development Server,0,1,2,0,0,0,0,30,0,DENY
DevOps Engineer,IT,Employee,Development Server,0,1,2,0,1,0,0,365,0,DENY
QA Engineer,HR,Contractor,Admin Panel,0,0,4,1,0,1,0,180,1,DENY
QA Engineer,IT,Contractor,HR Database,0,1,3,0,0,1,0,180,0,DENY
Software Developer,Finance,Contractor,GitHub Project Alpha,0,1,1,1,1,1,0,90,0,DENY
DevOps Engineer,Engineering,Contractor,Project Management System,1,1,1,1,1,1,0,14,0,ALLOW
HR Specialist,Engineering,Employee,Finance System,0,1,3,1,0,0,0,365,0,DENY
System Administrator,Engineering,Employee,Project Management System,1,1,1,0,0,0,0,365,0,ALLOW
System Administrator,Engineering,Contractor,GitHub Project Alpha,1,1,1,1,1,1,0,7,0,ALLOW
Software Developer,HR,Contractor,Admin Panel,0,0,4,1,0,1,0,30,1,DENY
System Administrator,IT,Contractor,Production Database,1,1,4,1,1,1,0,60,0,REVIEW
System Administrator,HR,Employee,Development Server,0,1,2,0,1,0,0,14,1,DENY
HR Specialist,Finance,Employee,HR Database,0,1,3,1,1,0,0,365,1,DENY
Software Developer,IT,Contractor,Project Management System,1,1,1,0,0,1,0,90,0,ALLOW
Product Manager,Engineering,Employee,GitHub Project Alpha,1,1,1,0,0,0,0,180,0,ALLOW
Contractor,Engineering,Intern,GitHub Project Alpha,1,1,1,0,1,0,1,180,0,ALLOW
Product Manager,Finance,Contractor,Production Database,0,0,4,1,1,1,0,180,1,DENY
DevOps Engineer,Product,Contractor,Development Server,0,1,2,1,1,1,0,60,0,DENY
QA Engineer,Finance,Contractor,Project Management System,1,1,1,0,0,1,0,90,0,ALLOW
HR Specialist,Engineering,Contractor,Finance System,0,1,3,0,0,1,0,90,0,DENY
Software Developer,Engineering,Intern,Production Database,1,0,4,1,1,0,1,7,1,DENY
Software Developer,HR,Employee,Project Management System,1,1,1,1,0,0,0,90,0,ALLOW
HR Specialist,Engineering,Contractor,Project Management System,1,1,1,1,1,1,0,90,0,ALLOW
Contractor,Product,Intern,Finance System,0,1,3,1,0,0,1,90,0,DENY
Finance Analyst,HR,Contractor,Project Management System,1,1,1,0,1,1,0,7,1,ALLOW
DevOps Engineer,Product,Intern,HR Database,0,1,3,1,0,0,1,180,0,DENY
System Administrator,Product,Intern,Finance System,0,1,3,1,1,0,1,14,0,DENY
Product Manager,Finance,Contractor,Development Server,0,1,2,1,0,1,0,60,1,DENY
HR Specialist,HR,Contractor,Finance System,0,1,3,1,1,1,0,7,0,DENY
Finance Analyst,HR,Employee,GitHub Project Alpha,0,1,1,1,0,0,0,180,1,DENY
Product Manager,Product,Contractor,Finance System,0,1,3,1,1,1,0,180,0,DENY
HR Specialist,IT,Employee,HR Database,0,1,3,1,1,0,0,7,0,DENY
Finance Analyst,Finance,Employee,HR Database,0,1,3,1,0,0,0,7,0,DENY
QA Engineer,Product,Employee,HR Database,0,1,3,0,0,0,0,60,1,DENY
Contractor,HR,Employee,GitHub Project Alpha,0,1,1,1,0,0,0,30,0,DENY
DevOps Engineer,Finance,Contractor,Admin Panel,0,0,4,0,1,1,0,30,0,DENY
QA Engineer,HR,Contractor,Development Server,0,1,2,0,0,1,0,7,0,DENY
Contractor,Engineering,Employee,HR Database,0,1,3,1,1,0,0,30,1,DENY
Software Developer,IT,Employee,Development Server,0,1,2,0,0,0,0,90,0,DENY
Finance Analyst,Finance,Employee,Finance System,1,1,3,1,1,0,0,365,0,ALLOW
HR Specialist,HR,Contractor,GitHub Project Alpha,0,1,1,0,0,1,0,60,0,DENY
Software Developer,Finance,Intern,Finance System,1,1,3,1,0,0,1,30,0,REVIEW
DevOps Engineer,IT,Contractor,Admin Panel,1,0,4,1,0,1,0,180,0,DENY
System Administrator,IT,Employee,HR Database,0,1,3,1,1,0,0,7,0,DENY
Contractor,IT,Contractor,Development Server,0,1,2,0,0,1,0,30,0,DENY
Product Manager,Engineering,Contractor,Production Database,1,0,4,1,1,1,0,7,1,DENY
DevOps Engineer,IT,Employee,Finance System,0,1,3,0,1,0,0,90,1,DENY
HR Specialist,HR,Intern,Development Server,0,1,2,0,0,0,1,14,0,DENY
Contractor,Product,Employee,GitHub Project Alpha,1,1,1,0,1,0,0,365,0,ALLOW
QA Engineer,HR,Employee,Production Database,0,0,4,1,1,0,0,365,0,DENY
Product Manager,Finance,Contractor,Project Management System,1,1,1,0,0,1,0,30,0,ALLOW
System Administrator,Product,Contractor,Admin Panel,0,1,4,1,1,1,0,90,0,DENY
Software Developer,Engineering,Contractor,Production Database,1,0,4,1,1,1,0,180,0,DENY
DevOps Engineer,Product,Contractor,GitHub Project Alpha,1,1,1,0,1,1,0,180,1,ALLOW
Software Developer,Engineering,Employee,Development Server,1,1,2,0,0,0,0,14,0,REVIEW
Contractor,IT,Employee,HR Database,0,1,3,0,1,0,0,90,0,DENY
DevOps Engineer,Finance,Intern,GitHub Project Alpha,0,1,1,0,1,0,1,30,0,DENY
Product Manager,Finance,Contractor,GitHub Project Alpha,0,1,1,0,0,1,0,30,0,DENY
QA Engineer,HR,Intern,Project Management System,1,1,1,0,0,0,1,365,0,REVIEW
Product Manager,Product,Employee,Finance System,0,1,3,0,1,0,0,30,1,DENY
System Administrator,Product,Intern,Finance System,0,1,3,0,1,0,1,60,0,DENY
Software Developer,HR,Intern,Finance System,0,1,3,1,0,0,1,180,0,DENY
System Administrator,Engineering,Intern,GitHub Project Alpha,1,1,1,0,0,0,1,180,0,REVIEW
Software Developer,HR,Employee,Project Management System,1,1,1,1,1,0,0,14,0,ALLOW
Finance Analyst,Engineering,Intern,Production Database,1,0,4,0,1,0,1,180,0,DENY
HR Specialist,Engineering,Employee,Production Database,1,0,4,1,0,0,0,180,0,DENY
Contractor,Engineering,Employee,Development Server,1,1,2,0,1,0,0,7,0,ALLOW
Finance Analyst,Finance,Intern,Production Database,0,0,4,0,0,0,1,365,0,DENY
HR Specialist,Product,Intern,Development Server,0,1,2,1,1,0,1,7,1,DENY
QA Engineer,Engineering,Employee,GitHub Project Alpha,1,1,1,1,0,0,0,90,1,ALLOW
Contractor,Product,Employee,HR Database,0,1,3,0,1,0,0,90,0,DENY
QA Engineer,Product,Intern,Production Database,0,0,4,0,0,0,1,7,0,DENY
Finance Analyst,HR,Intern,Development Server,0,1,2,0,1,0,1,90,0,DENY
Product Manager,Product,Employee,Admin Panel,0,0,4,1,1,0,0,30,1,DENY
Product Manager,Finance,Intern,GitHub Project Alpha,0,1,1,1,1,0,1,90,0,DENY
QA Engineer,HR,Contractor,Project Management System,1,1,1,0,1,1,0,180,0,ALLOW
QA Engineer,Engineering,Contractor,Admin Panel,0,0,4,1,1,1,0,180,0,DENY
HR Specialist,Product,Contractor,HR Database,0,1,3,0,0,1,0,365,0,DENY
QA Engineer,Engineering,Intern,Project Management System,1,1,1,1,0,0,1,365,1,REVIEW
DevOps Engineer,IT,Contractor,GitHub Project Alpha,0,1,1,1,0,1,0,7,0,DENY
Contractor,Product,Intern,GitHub Project Alpha,1,1,1,0,0,0,1,180,0,REVIEW
QA Engineer,HR,Contractor,Admin Panel,0,0,4,0,1,1,0,7,1,DENY
Software Developer,HR,Intern,Project Management System,1,1,1,0,0,0,1,180,0,REVIEW
QA Engineer,Finance,Employee,GitHub Project Alpha,0,1,1,0,0,0,0,365,0,DENY
Product Manager,Finance,Employee,Project Management System,1,1,1,1,1,0,0,7,0,ALLOW
Software Developer,Product,Intern,HR Database,0,1,3,0,1,0,1,90,0,DENY
Contractor,Product,Contractor,Development Server,0,1,2,0,0,1,0,14,1,DENY
Product Manager,Finance,Intern,Admin Panel,0,0,4,1,1,0,1,7,1,DENY
Product Manager,Product,Intern,Finance System,0,1,3,1,0,0,1,14,0,DENY
Product Manager,IT,Employee,GitHub Project Alpha,0,1,1,1,0,0,0,14,0,DENY
Finance Analyst,IT,Contractor,Development Server,0,1,2,0,0,1,0,90,0,DENY
DevOps Engineer,Finance,Contractor,Development Server,0,1,2,0,0,1,0,180,0,DENY
Contractor,Product,Intern,Production Database,0,0,4,1,0,0,1,60,0,DENY
Software Developer,Engineering,Employee,Project Management System,1,1,1,1,1,0,0,365,0,ALLOW
QA Engineer,Engineering,Contractor,Project Management System,1,1,1,0,1,1,0,60,0,ALLOW
QA Engineer,Product,Contractor,Admin Panel,0,0,4,1,0,1,0,90,0,DENY
Product Manager,HR,Employee,Development Server,0,1,2,1,1,0,0,90,0,DENY
QA Engineer,HR,Contractor,HR Database,1,1,3,1,0,1,0,60,1,ALLOW
QA Engineer,Engineering,Employee,Admin Panel,0,0,4,0,1,0,0,90,0,DENY
DevOps Engineer,Product,Contractor,Production Database,0,1,4,0,1,1,0,60,0,DENY
System Administrator,Engineering,Employee,Finance System,0,1,3,0,1,0,0,7,0,DENY
Product Manager,IT,Employee,Admin Panel,1,0,4,1,1,0,0,14,0,DENY
Software Developer,Product,Employee,Project Management System,1,1,1,1,1,0,0,14,0,ALLOW
DevOps Engineer,Finance,Contractor,Finance System,1,1,3,0,0,1,0,60,0,REVIEW
QA Engineer,Finance,Contractor,GitHub Project Alpha,0,1,1,0,0,1,0,7,0,DENY
System Administrator,Product,Contractor,Development Server,0,1,2,1,0,1,0,180,0,DENY
HR Specialist,Engineering,Intern,Project Management System,1,1,1,1,0,0,1,7,1,REVIEW
Finance Analyst,Product,Employee,Finance System,0,1,3,0,1,0,0,7,0,DENY
Product Manager,Product,Intern,Finance System,0,1,3,1,0,0,1,7,0,DENY
System Administrator,Product,Contractor,Development Server,0,1,2,1,0,1,0,30,0,DENY
DevOps Engineer,IT,Contractor,GitHub Project Alpha,0,1,1,1,0,1,0,30,0,DENY
Finance Analyst,HR,Contractor,Finance System,0,1,3,0,0,1,0,365,0,DENY
Contractor,HR,Intern,Admin Panel,0,0,4,0,1,0,1,14,0,DENY
System Administrator,IT,Employee,HR Database,0,1,3,0,0,0,0,60,0,DENY
QA Engineer,Engineering,Intern,GitHub Project Alpha,1,1,1,0,1,0,1,180,0,ALLOW
Finance Analyst,Product,Intern,Development Server,0,1,2,0,1,0,1,365,0,DENY
Contractor,IT,Intern,Project Management System,1,1,1,0,1,0,1,180,1,ALLOW
Software Developer,Product,Intern,Production Database,0,0,4,1,1,0,1,7,1,DENY
Product Manager,Engineering,Contractor,GitHub Project Alpha,1,1,1,0,1,1,0,30,0,ALLOW
Product Manager,HR,Employee,Finance System,0,1,3,0,0,0,0,365,0,DENY
System Administrator,Finance,Contractor,Project Management System,1,1,1,1,1,1,0,365,0,ALLOW
Finance Analyst,Engineering,Employee,Production Database,1,0,4,0,1,0,0,365,0,DENY
HR Specialist,IT,Employee,Project Management System,1,1,1,0,1,0,0,60,0,ALLOW
Product Manager,Engineering,Employee,GitHub Project Alpha,1,1,1,0,0,0,0,14,0,ALLOW
Product Manager,IT,Contractor,Development Server,0,1,2,0,0,1,0,180,1,DENY
Software Developer,Finance,Employee,GitHub Project Alpha,0,1,1,0,0,0,0,90,1,DENY
QA Engineer,Product,Intern,Production Database,0,0,4,1,1,0,1,60,0,DENY
Software Developer,IT,Employee,GitHub Project Alpha,0,1,1,0,1,0,0,7,0,DENY
System Administrator,HR,Employee,Project Management System,1,1,1,1,1,0,0,365,0,ALLOW
System Administrator,Product,Contractor,Project Management System,1,1,1,1,0,1,0,180,1,ALLOW
Software Developer,HR,Contractor,Production Database,0,0,4,1,1,1,0,365,1,DENY
QA Engineer,Engineering,Employee,Production Database,1,0,4,1,1,0,0,365,0,DENY
System Administrator,Finance,Contractor,GitHub Project Alpha,0,1,1,1,1,1,0,30,0,DENY
HR Specialist,Engineering,Intern,Project Management System,1,1,1,0,0,0,1,365,0,REVIEW
Software Developer,HR,Employee,Development Server,0,1,2,0,0,0,0,180,1,DENY
System Administrator,IT,Intern,Admin Panel,1,1,4,1,1,0,1,60,1,ALLOW
Product Manager,IT,Intern,Development Server,0,1,2,0,0,0,1,180,1,DENY
DevOps Engineer,Engineering,Contractor,Finance System,0,1,3,1,0,1,0,365,1,DENY
Software Developer,IT,Contractor,Development Server,0,1,2,1,1,1,0,365,0,DENY
HR Specialist,IT,Contractor,Production Database,1,0,4,0,0,1,0,7,0,DENY
QA Engineer,Product,Employee,HR Database,0,1,3,1,1,0,0,14,0,DENY
DevOps Engineer,Finance,Contractor,HR Database,0,1,3,1,0,1,0,14,0,DENY
Software Developer,HR,Contractor,Development Server,0,1,2,1,0,1,0,365,1,DENY
HR Specialist,HR,Contractor,Finance System,0,1,3,0,1,1,0,60,0,DENY
HR Specialist,Finance,Contractor,Admin Panel,0,0,4,0,0,1,0,30,0,DENY
Product Manager,IT,Contractor,Project Management System,1,1,1,1,0,1,0,90,0,ALLOW
QA Engineer,Product,Employee,Finance System,0,1,3,1,0,0,0,14,1,DENY
Product Manager,Engineering,Contractor,Finance System,0,1,3,0,1,1,0,60,1,DENY
Product Manager,IT,Intern,Finance System,0,1,3,0,1,0,1,14,0,DENY
Software Developer,Finance,Employee,Development Server,0,1,2,0,0,0,0,60,0,DENY
Product Manager,Engineering,Intern,Development Server,1,1,2,0,1,0,1,60,0,ALLOW
HR Specialist,Finance,Contractor,Admin Panel,0,0,4,0,0,1,0,60,0,DENY
Software Developer,Product,Intern,Finance System,0,1,3,1,0,0,1,180,0,DENY
Product Manager,HR,Employee,GitHub Project Alpha,0,1,1,0,1,0,0,7,1,DENY
System Administrator,Product,Employee,Development Server,0,1,2,1,1,0,0,365,0,DENY
Software Developer,Engineering,Employee,Development Server,1,1,2,1,1,0,0,365,1,ALLOW
Finance Analyst,HR,Contractor,Finance System,0,1,3,0,1,1,0,30,0,DENY
HR Specialist,HR,Intern,Development Server,0,1,2,0,0,0,1,7,0,DENY
Finance Analyst,HR,Contractor,Finance System,0,1,3,0,0,1,0,60,0,DENY
QA Engineer,Product,Intern,Development Server,0,1,2,1,0,0,1,365,1,DENY
QA Engineer,HR,Employee,Finance System,0,1,3,1,1,0,0,365,0,DENY
QA Engineer,IT,Employee,Development Server,0,1,2,0,0,0,0,14,0,DENY
Finance Analyst,Finance,Employee,Production Database,0,0,4,0,0,0,0,7,0,DENY
Contractor,IT,Intern,Admin Panel,1,0,4,0,0,0,1,7,0,DENY
HR Specialist,HR,Intern,Admin Panel,0,0,4,1,0,0,1,90,0,DENY
Product Manager,Engineering,Employee,Project Management System,1,1,1,1,0,0,0,60,0,ALLOW
QA Engineer,Finance,Employee,Finance System,1,1,3,0,0,0,0,60,0,REVIEW
DevOps Engineer,Finance,Intern,Development Server,0,1,2,0,0,0,1,7,1,DENY
DevOps Engineer,IT,Employee,Production Database,1,1,4,0,0,0,0,7,1,REVIEW
Contractor,Product,Contractor,Production Database,0,0,4,1,1,1,0,30,0,DENY
QA Engineer,Engineering,Intern,Admin Panel,0,0,4,1,1,0,1,365,0,DENY
Contractor,Finance,Contractor,Admin Panel,0,0,4,0,1,1,0,60,1,DENY
Contractor,Engineering,Contractor,Development Server,1,1,2,1,1,1,0,7,0,ALLOW
Finance Analyst,Engineering,Contractor,Project Management System,1,1,1,1,1,1,0,7,1,ALLOW
Software Developer,HR,Contractor,Admin Panel,0,0,4,0,1,1,0,7,1,DENY
DevOps Engineer,Finance,Intern,Development Server,0,1,2,1,1,0,1,14,1,DENY
Software Developer,Engineering,Intern,Development Server,1,1,2,0,1,0,1,14,0,ALLOW
Software Developer,Engineering,Contractor,Admin Panel,0,0,4,0,1,1,0,14,1,DENY
DevOps Engineer,HR,Intern,Finance System,0,1,3,1,1,0,1,14,0,DENY
Product Manager,IT,Contractor,Production Database,1,0,4,1,1,1,0,365,0,DENY
Software Developer,IT,Contractor,HR Database,0,1,3,1,1,1,0,180,0,DENY
Software Developer,HR,Employee,HR Database,1,1,3,0,0,0,0,30,0,REVIEW
Product Manager,Engineering,Employee,HR Database,0,1,3,1,1,0,0,14,0,DENY
Finance Analyst,IT,Contractor,Admin Panel,1,0,4,0,1,1,0,7,1,DENY
DevOps Engineer,IT,Intern,Admin Panel,1,0,4,0,1,0,1,90,0,DENY
Software Developer,IT,Intern,Admin Panel,1,0,4,0,1,0,1,30,0,DENY
DevOps Engineer,IT,Employee,HR Database,0,1,3,1,1,0,0,180,0,DENY
HR Specialist,IT,Intern,Admin Panel,1,0,4,1,0,0,1,365,0,DENY
DevOps Engineer,Product,Employee,HR Database,0,1,3,1,0,0,0,365,0,DENY
HR Specialist,Product,Contractor,Development Server,0,1,2,1,0,1,0,30,1,DENY
Product Manager,IT,Employee,HR Database,0,1,3,0,0,0,0,90,0,DENY
Contractor,HR,Employee,Project Management System,1,1,1,0,0,0,0,14,0,ALLOW
HR Specialist,Engineering,Contractor,Admin Panel,0,0,4,0,1,1,0,180,1,DENY
DevOps Engineer,Engineering,Contractor,HR Database,0,1,3,0,0,1,0,30,0,DENY
Product Manager,Engineering,Intern,HR Database,0,1,3,0,1,0,1,7,0,DENY
Product Manager,HR,Intern,Admin Panel,0,0,4,1,1,0,1,180,0,DENY
Contractor,HR,Contractor,Project Management System,1,1,1,1,0,1,0,180,0,ALLOW
Finance Analyst,Finance,Contractor,Development Server,0,1,2,0,1,1,0,30,1,DENY
Finance Analyst,Engineering,Employee,Finance System,0,1,3,1,0,0,0,14,1,DENY
QA Engineer,Finance,Intern,GitHub Project Alpha,0,1,1,0,1,0,1,14,1,DENY
Product Manager,Product,Intern,Finance System,0,1,3,1,0,0,1,30,0,DENY
QA Engineer,Engineering,Employee,Development Server,1,1,2,1,1,0,0,14,1,ALLOW
Contractor,Product,Employee,Admin Panel,0,0,4,0,1,0,0,30,0,DENY
Product Manager,HR,Contractor,Finance System,0,1,3,0,0,1,0,60,0,DENY
QA Engineer,Product,Employee,Finance System,0,1,3,1,0,0,0,180,0,DENY
Software Developer,HR,Employee,Production Database,0,0,4,1,1,0,0,180,0,DENY
Software Developer,HR,Intern,HR Database,1,1,3,0,1,0,1,180,1,REVIEW
Software Developer,HR,Employee,Production Database,0,0,4,0,0,0,0,7,0,DENY
HR Specialist,Product,Contractor,Production Database,0,0,4,0,0,1,0,7,0,DENY
HR Specialist,IT,Intern,Development Server,0,1,2,0,1,0,1,60,0,DENY
Contractor,IT,Intern,Project Management System,1,1,1,1,1,0,1,90,1,ALLOW
HR Specialist,HR,Employee,Admin Panel,0,0,4,0,1,0,0,180,0,DENY
System Administrator,Finance,Contractor,Admin Panel,0,1,4,0,0,1,0,30,0,DENY
Product Manager,Finance,Employee,GitHub Project Alpha,0,1,1,1,1,0,0,14,0,DENY
Software Developer,HR,Intern,HR Database,1,1,3,1,1,0,1,30,0,REVIEW
DevOps Engineer,Engineering,Employee,Project Management System,1,1,1,0,1,0,0,30,0,ALLOW
Product Manager,IT,Intern,Finance System,0,1,3,0,1,0,1,90,1,DENY
Finance Analyst,Finance,Contractor,Finance System,1,1,3,1,1,1,0,180,0,ALLOW
Software Developer,Finance,Contractor,Production Database,0,0,4,0,1,1,0,90,0,DENY
Software Developer,Engineering,Employee,Admin Panel,0,0,4,1,1,0,0,60,0,DENY
Contractor,Engineering,Contractor,Production Database,1,0,4,1,1,1,0,60,0,DENY
Finance Analyst,IT,Employee,HR Database,0,1,3,1,1,0,0,14,1,DENY
Product Manager,Product,Intern,HR Database,0,1,3,0,1,0,1,7,0,DENY
QA Engineer,Product,Employee,Development Server,0,1,2,0,1,0,0,60,0,DENY
Finance Analyst,Product,Intern,Development Server,0,1,2,1,0,0,1,180,0,DENY
HR Specialist,Product,Intern,HR Database,0,1,3,1,0,0,1,180,0,DENY
System Administrator,IT,Intern,GitHub Project Alpha,0,1,1,0,0,0,1,365,0,DENY
Product Manager,Product,Intern,Finance System,0,1,3,0,1,0,1,60,1,DENY
QA Engineer,Finance,Intern,HR Database,0,1,3,0,0,0,1,365,0,DENY
HR Specialist,HR,Intern,Development Server,0,1,2,1,1,0,1,90,1,DENY
Product Manager,IT,Contractor,Development Server,0,1,2,1,1,1,0,365,0,DENY
HR Specialist,Product,Contractor,Project Management System,1,1,1,1,1,1,0,365,0,ALLOW
HR Specialist,IT,Contractor,Production Database,1,0,4,1,1,1,0,7,1,DENY
QA Engineer,Product,Employee,HR Database,0,1,3,0,0,0,0,365,1,DENY
DevOps Engineer,IT,Employee,GitHub Project Alpha,0,1,1,0,0,0,0,90,0,DENY
Contractor,HR,Intern,Finance System,0,1,3,0,1,0,1,90,0,DENY
Software Developer,Finance,Contractor,Admin Panel,0,0,4,1,1,1,0,90,0,DENY
Finance Analyst,IT,Contractor,Admin Panel,1,0,4,0,0,1,0,180,0,DENY
Product Manager,HR,Employee,GitHub Project Alpha,0,1,1,1,0,0,0,7,0,DENY
QA Engineer,Engineering,Intern,GitHub Project Alpha,1,1,1,0,0,0,1,90,0,REVIEW
Software Developer,Engineering,Intern,Production Database,1,0,4,0,1,0,1,7,0,DENY
Product Manager,HR,Employee,Project Management System,1,1,1,0,1,0,0,14,0,ALLOW
QA Engineer,Engineering,Contractor,Production Database,1,0,4,1,1,1,0,60,0,DENY
HR Specialist,IT,Contractor,Finance System,0,1,3,1,0,1,0,180,0,DENY
Contractor,Product,Employee,Production Database,0,0,4,0,0,0,0,7,1,DENY
Contractor,HR,Contractor,GitHub Project Alpha,0,1,1,1,1,1,0,7,1,DENY
Software Developer,IT,Intern,Production Database,1,0,4,0,1,0,1,30,0,DENY
Product Manager,Engineering,Contractor,Admin Panel,0,0,4,1,1,1,0,365,1,DENY
Finance Analyst,HR,Intern,Project Management System,1,1,1,0,0,0,1,30,1,REVIEW
Contractor,IT,Contractor,Production Database,1,0,4,0,1,1,0,180,1,DENY
Software Developer,Engineering,Intern,Admin Panel,0,0,4,1,0,0,1,60,0,DENY
DevOps Engineer,Engineering,Intern,Development Server,1,1,2,1,0,0,1,180,0,REVIEW
System Administrator,IT,Intern,Admin Panel,1,1,4,0,0,0,1,60,0,REVIEW
Software Developer,HR,Intern,Production Database,0,0,4,1,1,0,1,180,0,DENY
DevOps Engineer,Product,Employee,GitHub Project Alpha,1,1,1,0,1,0,0,60,0,ALLOW
Contractor,IT,Contractor,Finance System,0,1,3,0,1,1,0,365,1,DENY
DevOps Engineer,IT,Contractor,Project Management System,1,1,1,0,0,1,0,90,0,ALLOW
Finance Analyst,Engineering,Employee,Production Database,1,0,4,0,1,0,0,30,1,DENY
Software Developer,IT,Intern,Finance System,0,1,3,1,0,0,1,90,0,DENY
Finance Analyst,Finance,Intern,Admin Panel,0,0,4,1,1,0,1,7,0,DENY
System Administrator,Product,Intern,GitHub Project Alpha,1,1,1,0,1,0,1,14,0,ALLOW
QA Engineer,Product,Intern,Production Database,0,0,4,1,1,0,1,7,0,DENY
Finance Analyst,HR,Contractor,Project Management System,1,1,1,0,1,1,0,14,0,ALLOW
QA Engineer,IT,Employee,Production Database,1,0,4,0,1,0,0,365,1,DENY
Product Manager,IT,Intern,Production Database,1,0,4,1,1,0,1,14,0,DENY
HR Specialist,Engineering,Contractor,GitHub Project Alpha,1,1,1,1,0,1,0,90,1,ALLOW
DevOps Engineer,Product,Intern,Finance System,0,1,3,1,0,0,1,365,0,DENY
Product Manager,HR,Intern,Project Management System,1,1,1,0,1,0,1,7,1,ALLOW
Contractor,HR,Employee,Development Server,0,1,2,1,1,0,0,7,0,DENY
Finance Analyst,Product,Contractor,HR Database,0,1,3,1,1,1,0,60,1,DENY
Software Developer,Finance,Contractor,Admin Panel,0,0,4,0,1,1,0,365,0,DENY
QA Engineer,Engineering,Employee,Finance System,0,1,3,1,1,0,0,60,0,DENY
Finance Analyst,Engineering,Employee,GitHub Project Alpha,1,1,1,1,1,0,0,60,0,ALLOW
Software Developer,IT,Intern,Development Server,0,1,2,1,0,0,1,30,0,DENY
System Administrator,IT,Contractor,Development Server,0,1,2,1,1,1,0,90,0,DENY
Product Manager,Engineering,Intern,Production Database,1,0,4,0,0,0,1,7,0,DENY
Finance Analyst,Finance,Employee,GitHub Project Alpha,0,1,1,0,0,0,0,365,0,DENY
HR Specialist,Product,Employee,GitHub Project Alpha,1,1,1,0,1,0,0,60,0,ALLOW
Product Manager,Engineering,Intern,Production Database,1,0,4,1,1,0,1,180,0,DENY
Software Developer,Engineering,Intern,Development Server,1,1,2,1,0,0,1,14,0,REVIEW
Software Developer,HR,Employee,GitHub Project Alpha,0,1,1,0,0,0,0,30,0,DENY
QA Engineer,Engineering,Contractor,Project Management System,1,1,1,1,1,1,0,180,1,ALLOW
QA Engineer,Engineering,Contractor,Development Server,1,1,2,0,0,1,0,14,0,REVIEW
QA Engineer,HR,Intern,Finance System,0,1,3,0,1,0,1,60,0,DENY
Finance Analyst,Finance,Contractor,Admin Panel,0,0,4,0,0,1,0,365,0,DENY
Product Manager,Product,Employee,GitHub Project Alpha,1,1,1,1,0,0,0,90,0,ALLOW
QA Engineer,IT,Employee,Production Database,1,0,4,1,0,0,0,90,0,DENY
QA Engineer,IT,Contractor,GitHub Project Alpha,0,1,1,0,1,1,0,180,1,DENY
HR Specialist,HR,Intern,HR Database,1,1,3,0,0,0,1,30,0,REVIEW
DevOps Engineer,HR,Contractor,Admin Panel,0,0,4,1,1,1,0,14,1,DENY
DevOps Engineer,Engineering,Intern,Project Management System,1,1,1,1,0,0,1,365,0,REVIEW
Product Manager,HR,Employee,Finance System,0,1,3,0,0,0,0,30,0,DENY
Contractor,Finance,Employee,GitHub Project Alpha,0,1,1,0,0,0,0,60,0,DENY
DevOps Engineer,Finance,Contractor,Admin Panel,0,0,4,0,0,1,0,365,0,DENY
Contractor,IT,Contractor,Project Management System,1,1,1,1,1,1,0,365,0,ALLOW
Finance Analyst,Finance,Intern,Admin Panel,0,0,4,0,1,0,1,14,1,DENY
System Administrator,HR,Employee,Development Server,0,1,2,1,1,0,0,365,1,DENY
Finance Analyst,IT,Employee,HR Database,0,1,3,0,0,0,0,180,0,DENY
System Administrator,Finance,Contractor,Production Database,0,1,4,0,0,1,0,30,0,DENY
HR Specialist,HR,Employee,Development Server,0,1,2,1,1,0,0,60,1,DENY
Software Developer,Finance,Intern,GitHub Project Alpha,0,1,1,0,1,0,1,90,0,DENY
Contractor,HR,Contractor,Project Management System,1,1,1,1,1,1,0,365,0,ALLOW
Software Developer,IT,Intern,Project Management System,1,1,1,1,0,0,1,30,0,REVIEW
System Administrator,Product,Contractor,Development Server,0,1,2,0,1,1,0,180,1,DENY
Product Manager,Engineering,Employee,Production Database,1,0,4,1,0,0,0,60,1,DENY
System Administrator,HR,Contractor,Finance System,0,1,3,0,1,1,0,180,0,DENY
Contractor,Finance,Contractor,Production Database,0,0,4,0,0,1,0,90,0,DENY
Finance Analyst,Finance,Intern,Finance System,1,1,3,0,0,0,1,60,0,REVIEW
Contractor,Product,Employee,Development Server,0,1,2,0,0,0,0,90,0,DENY
HR Specialist,IT,Intern,Development Server,0,1,2,0,0,0,1,30,0,DENY
Software Developer,Engineering,Employee,Finance System,0,1,3,0,1,0,0,60,0,DENY
DevOps Engineer,IT,Employee,Development Server,0,1,2,1,1,0,0,365,0,DENY
Software Developer,Finance,Employee,Finance System,1,1,3,1,0,0,0,30,0,REVIEW
Product Manager,Finance,Intern,HR Database,0,1,3,0,0,0,1,90,0,DENY
Contractor,Product,Intern,Production Database,0,0,4,0,0,0,1,30,0,DENY
Product Manager,HR,Intern,Production Database,0,0,4,1,0,0,1,7,0,DENY
Contractor,Finance,Intern,Development Server,0,1,2,0,1,0,1,365,0,DENY
QA Engineer,Product,Employee,Production Database,0,0,4,0,0,0,0,14,1,DENY
QA Engineer,Product,Intern,Production Database,0,0,4,1,1,0,1,180,0,DENY
DevOps Engineer,IT,Employee,Admin Panel,1,0,4,0,1,0,0,30,1,DENY
DevOps Engineer,Product,Intern,Development Server,0,1,2,1,0,0,1,7,0,DENY
Contractor,IT,Intern,Admin Panel,1,0,4,0,1,0,1,30,0,DENY
HR Specialist,Product,Employee,Finance System,0,1,3,1,0,0,0,180,0,DENY
Finance Analyst,Engineering,Contractor,GitHub Project Alpha,1,1,1,1,0,1,0,14,0,ALLOW
DevOps Engineer,Engineering,Intern,GitHub Project Alpha,1,1,1,1,0,0,1,7,0,REVIEW
Contractor,Engineering,Intern,Finance System,0,1,3,0,0,0,1,7,0,DENY
Software Developer,Product,Employee,Project Management System,1,1,1,0,0,0,0,60,0,ALLOW
System Administrator,Finance,Intern,Development Server,0,1,2,0,1,0,1,7,0,DENY
HR Specialist,Engineering,Employee,GitHub Project Alpha,1,1,1,1,1,0,0,7,0,ALLOW
QA Engineer,IT,Employee,Development Server,0,1,2,1,1,0,0,7,0,DENY
Product Manager,Finance,Contractor,Development Server,0,1,2,1,1,1,0,365,0,DENY
System Administrator,Finance,Contractor,Finance System,1,1,3,0,1,1,0,60,1,ALLOW
Software Developer,Finance,Contractor,GitHub Project Alpha,0,1,1,0,0,1,0,180,0,DENY
Software Developer,Finance,Contractor,GitHub Project Alpha,0,1,1,0,0,1,0,30,0,DENY
DevOps Engineer,Engineering,Contractor,GitHub Project Alpha,1,1,1,0,0,1,0,180,0,ALLOW
Finance Analyst,Finance,Intern,HR Database,0,1,3,0,1,0,1,90,1,DENY
System Administrator,HR,Intern,Admin Panel,0,1,4,1,1,0,1,30,1,DENY
DevOps Engineer,Finance,Contractor,Finance System,1,1,3,1,1,1,0,365,0,ALLOW
Contractor,Engineering,Contractor,GitHub Project Alpha,1,1,1,1,0,1,0,14,0,ALLOW
System Administrator,HR,Employee,HR Database,1,1,3,0,0,0,0,365,0,REVIEW
Software Developer,Engineering,Intern,Finance System,0,1,3,1,1,0,1,30,0,DENY
Product Manager,Finance,Employee,GitHub Project Alpha,0,1,1,0,1,0,0,30,1,DENY
QA Engineer,HR,Contractor,GitHub Project Alpha,0,1,1,1,0,1,0,30,0,DENY
QA Engineer,Product,Intern,GitHub Project Alpha,1,1,1,0,1,0,1,90,0,ALLOW
Product Manager,Finance,Contractor,Development Server,0,1,2,0,1,1,0,30,0,DENY
Finance Analyst,Product,Intern,Finance System,0,1,3,0,0,0,1,180,0,DENY
QA Engineer,HR,Employee,HR Database,1,1,3,0,0,0,0,14,0,REVIEW
Finance Analyst,Engineering,Contractor,Finance System,0,1,3,0,0,1,0,14,0,DENY
System Administrator,Finance,Employee,Admin Panel,0,1,4,1,1,0,0,14,1,DENY
Contractor,IT,Employee,Admin Panel,1,0,4,0,1,0,0,7,1,DENY
QA Engineer,Engineering,Employee,Project Management System,1,1,1,1,0,0,0,365,0,ALLOW
System Administrator,Finance,Contractor,Admin Panel,0,1,4,1,0,1,0,7,0,DENY
Finance Analyst,Finance,Employee,Development Server,0,1,2,0,0,0,0,7,1,DENY
HR Specialist,Finance,Contractor,Finance System,1,1,3,1,1,1,0,60,1,ALLOW
Contractor,HR,Intern,GitHub Project Alpha,0,1,1,0,0,0,1,14,0,DENY
HR Specialist,HR,Intern,Production Database,0,0,4,1,0,0,1,180,0,DENY
Software Developer,Engineering,Contractor,Project Management System,1,1,1,0,1,1,0,14,0,ALLOW
DevOps Engineer,Product,Intern,Finance System,0,1,3,0,1,0,1,90,0,DENY
System Administrator,Engineering,Employee,HR Database,0,1,3,0,1,0,0,365,1,DENY
Software Developer,Finance,Employee,HR Database,0,1,3,1,0,0,0,365,0,DENY
HR Specialist,HR,Intern,Project Management System,1,1,1,1,1,0,1,365,0,ALLOW
Product Manager,HR,Employee,HR Database,1,1,3,0,1,0,0,30,0,REVIEW
System Administrator,Product,Employee,Development Server,0,1,2,1,1,0,0,30,1,DENY
DevOps Engineer,Product,Employee,Development Server,0,1,2,0,1,0,0,365,1,DENY
QA Engineer,Engineering,Intern,Finance System,0,1,3,1,0,0,1,7,0,DENY
Finance Analyst,Engineering,Employee,Admin Panel,0,0,4,0,0,0,0,365,0,DENY
Contractor,Engineering,Intern,HR Database,0,1,3,1,1,0,1,60,0,DENY
QA Engineer,Finance,Employee,Project Management System,1,1,1,1,1,0,0,90,0,ALLOW
Finance Analyst,Engineering,Employee,Development Server,1,1,2,0,1,0,0,30,0,ALLOW
HR Specialist,IT,Employee,Production Database,1,0,4,1,1,0,0,14,0,DENY
Finance Analyst,Product,Intern,Production Database,0,0,4,1,0,0,1,60,0,DENY
HR Specialist,IT,Employee,Development Server,0,1,2,0,1,0,0,90,0,DENY
Product Manager,Product,Contractor,HR Database,0,1,3,0,0,1,0,7,1,DENY
HR Specialist,HR,Contractor,Admin Panel,0,0,4,1,1,1,0,90,1,DENY
DevOps Engineer,Finance,Intern,GitHub Project Alpha,0,1,1,0,0,0,1,365,0,DENY
Finance Analyst,Product,Contractor,GitHub Project Alpha,1,1,1,0,0,1,0,14,0,ALLOW
System Administrator,HR,Employee,Development Server,0,1,2,1,1,0,0,90,1,DENY
Finance Analyst,HR,Contractor,Project Management System,1,1,1,1,0,1,0,90,1,ALLOW
Product Manager,IT,Employee,Finance System,0,1,3,0,1,0,0,7,1,DENY
System Administrator,Product,Employee,Finance System,0,1,3,1,0,0,0,60,1,DENY
Contractor,IT,Intern,GitHub Project Alpha,0,1,1,0,1,0,1,180,1,DENY
QA Engineer,Product,Contractor,Development Server,0,1,2,0,1,1,0,14,0,DENY
Contractor,Finance,Contractor,HR Database,0,1,3,1,0,1,0,365,0,DENY
HR Specialist,Product,Employee,Admin Panel,0,0,4,1,0,0,0,7,1,DENY
System Administrator,Finance,Contractor,Development Server,0,1,2,0,1,1,0,365,0,DENY
HR Specialist,Engineering,Contractor,Admin Panel,0,0,4,1,1,1,0,60,0,DENY
Finance Analyst,IT,Intern,Production Database,1,0,4,0,1,0,1,180,0,DENY
Product Manager,HR,Contractor,Production Database,0,0,4,1,0,1,0,180,1,DENY
DevOps Engineer,Product,Contractor,Development Server,0,1,2,0,1,1,0,180,1,DENY
Product Manager,Finance,Employee,HR Database,0,1,3,0,0,0,0,365,0,DENY
Product Manager,IT,Contractor,Development Server,0,1,2,0,1,1,0,14,0,DENY
Finance Analyst,Product,Employee,HR Database,0,1,3,0,0,0,0,180,0,DENY
Product Manager,Finance,Contractor,Admin Panel,0,0,4,0,0,1,0,7,0,DENY
QA Engineer,Product,Employee,Production Database,0,0,4,1,1,0,0,365,0,DENY
Product Manager,Product,Contractor,GitHub Project Alpha,1,1,1,0,1,1,0,7,0,ALLOW
Product Manager,Engineering,Employee,HR Database,0,1,3,0,1,0,0,90,0,DENY
DevOps Engineer,HR,Intern,HR Database,1,1,3,0,0,0,1,7,0,REVIEW
DevOps Engineer,IT,Employee,HR Database,0,1,3,1,1,0,0,30,0,DENY
Software Developer,Engineering,Contractor,Admin Panel,0,0,4,1,0,1,0,60,1,DENY
QA Engineer,Engineering,Intern,HR Database,0,1,3,0,1,0,1,90,0,DENY
Software Developer,Engineering,Intern,Admin Panel,0,0,4,1,0,0,1,7,0,DENY
Finance Analyst,Engineering,Intern,Project Management System,1,1,1,0,1,0,1,90,0,ALLOW
Contractor,Product,Intern,Admin Panel,0,0,4,1,0,0,1,60,1,DENY
Finance Analyst,IT,Intern,GitHub Project Alpha,0,1,1,0,0,0,1,7,0,DENY
HR Specialist,IT,Contractor,Admin Panel,1,0,4,1,1,1,0,30,0,DENY
Product Manager,IT,Contractor,Project Management System,1,1,1,1,1,1,0,7,1,ALLOW
Software Developer,Finance,Contractor,Project Management System,1,1,1,1,0,1,0,90,0,ALLOW
Contractor,IT,Contractor,Project Management System,1,1,1,0,1,1,0,180,0,ALLOW
Contractor,HR,Contractor,HR Database,1,1,3,0,1,1,0,90,0,REVIEW
DevOps Engineer,Finance,Intern,Finance System,1,1,3,1,0,0,1,30,0,REVIEW
DevOps Engineer,IT,Employee,Project Management System,1,1,1,1,0,0,0,365,1,ALLOW
Finance Analyst,HR,Employee,GitHub Project Alpha,0,1,1,1,0,0,0,30,0,DENY
Product Manager,IT,Contractor,Admin Panel,1,0,4,1,0,1,0,60,0,DENY
Finance Analyst,Product,Contractor,Finance System,0,1,3,1,1,1,0,14,0,DENY
QA Engineer,HR,Contractor,Project Management System,1,1,1,1,0,1,0,180,0,ALLOW
DevOps Engineer,Finance,Intern,Finance System,1,1,3,1,1,0,1,30,0,REVIEW
Contractor,Finance,Employee,HR Database,0,1,3,0,0,0,0,14,0,DENY
QA Engineer,HR,Intern,Production Database,0,0,4,1,0,0,1,90,0,DENY
System Administrator,Product,Employee,HR Database,0,1,3,1,0,0,0,7,0,DENY
HR Specialist,HR,Contractor,Admin Panel,0,0,4,1,0,1,0,30,0,DENY
HR Specialist,Engineering,Contractor,Admin Panel,0,0,4,0,1,1,0,90,0,DENY
QA Engineer,Engineering,Intern,Development Server,1,1,2,0,1,0,1,180,0,ALLOW
QA Engineer,HR,Employee,GitHub Project Alpha,0,1,1,1,1,0,0,30,0,DENY
QA Engineer,Engineering,Employee,Project Management System,1,1,1,1,1,0,0,7,0,ALLOW
Finance Analyst,Finance,Contractor,Production Database,0,0,4,0,0,1,0,180,1,DENY
QA Engineer,Engineering,Intern,Production Database,1,0,4,0,0,0,1,7,0,DENY
Contractor,HR,Intern,Production Database,0,0,4,1,1,0,1,14,1,DENY
DevOps Engineer,IT,Employee,HR Database,0,1,3,0,0,0,0,60,0,DENY
Software Developer,IT,Employee,Development Server,0,1,2,1,0,0,0,90,0,DENY
Finance Analyst,Product,Contractor,Production Database,0,0,4,1,0,1,0,60,1,DENY
HR Specialist,Engineering,Employee,Finance System,0,1,3,0,1,0,0,14,0,DENY
DevOps Engineer,Engineering,Employee,Admin Panel,0,0,4,0,1,0,0,90,0,DENY
Software Developer,Product,Contractor,Finance System,0,1,3,0,1,1,0,180,0,DENY
Software Developer,Product,Intern,Development Server,0,1,2,1,0,0,1,180,0,DENY
Contractor,Finance,Contractor,Admin Panel,0,0,4,1,0,1,0,90,1,DENY
Finance Analyst,HR,Intern,Admin Panel,0,0,4,1,0,0,1,60,1,DENY
HR Specialist,IT,Contractor,Finance System,0,1,3,0,0,1,0,30,0,DENY
System Administrator,HR,Intern,Production Database,0,1,4,0,0,0,1,30,1,DENY
System Administrator,Finance,Contractor,Finance System,1,1,3,0,1,1,0,7,0,REVIEW
Product Manager,Engineering,Intern,GitHub Project Alpha,1,1,1,0,0,0,1,90,1,REVIEW
Product Manager,Product,Contractor,Development Server,0,1,2,1,1,1,0,180,0,DENY
Product Manager,Product,Employee,Project Management System,1,1,1,1,0,0,0,60,1,ALLOW
Software Developer,Product,Intern,Production Database,0,0,4,1,1,0,1,60,0,DENY
HR Specialist,HR,Contractor,HR Database,1,1,3,1,1,1,0,60,1,ALLOW
Product Manager,HR,Employee,GitHub Project Alpha,0,1,1,0,1,0,0,90,0,DENY
Product Manager,Finance,Contractor,GitHub Project Alpha,0,1,1,0,0,1,0,365,0,DENY
Finance Analyst,IT,Contractor,Finance System,0,1,3,0,1,1,0,14,1,DENY
Product Manager,HR,Intern,Admin Panel,0,0,4,0,1,0,1,90,1,DENY
Finance Analyst,Finance,Intern,HR Database,0,1,3,1,0,0,1,60,0,DENY
Product Manager,Engineering,Intern,Finance System,0,1,3,1,0,0,1,365,0,DENY
Finance Analyst,Engineering,Intern,Finance System,0,1,3,1,1,0,1,60,0,DENY
Software Developer,IT,Intern,HR Database,0,1,3,0,0,0,1,365,0,DENY
Software Developer,Engineering,Employee,Finance System,0,1,3,0,0,0,0,7,0,DENY
Contractor,Finance,Contractor,Development Server,0,1,2,0,1,1,0,60,1,DENY
DevOps Engineer,HR,Employee,Admin Panel,0,0,4,0,0,0,0,365,1,DENY
DevOps Engineer,HR,Employee,HR Database,1,1,3,1,1,0,0,365,1,ALLOW
QA Engineer,Engineering,Employee,Development Server,1,1,2,1,1,0,0,7,0,ALLOW
Product Manager,HR,Intern,GitHub Project Alpha,0,1,1,0,1,0,1,365,0,DENY
HR Specialist,Finance,Intern,Development Server,0,1,2,0,0,0,1,60,1,DENY
QA Engineer,IT,Employee,HR Database,0,1,3,0,1,0,0,30,0,DENY
Software Developer,Product,Intern,Production Database,0,0,4,1,1,0,1,30,0,DENY
DevOps Engineer,Engineering,Intern,Production Database,1,1,4,0,1,0,1,90,1,REVIEW
DevOps Engineer,Engineering,Intern,Admin Panel,0,0,4,0,1,0,1,7,0,DENY
System Administrator,Finance,Intern,Production Database,0,1,4,1,0,0,1,90,0,DENY
DevOps Engineer,Product,Contractor,GitHub Project Alpha,1,1,1,0,1,1,0,7,0,ALLOW
Contractor,HR,Employee,Finance System,0,1,3,1,0,0,0,90,0,DENY
Finance Analyst,Finance,Contractor,Admin Panel,0,0,4,0,0,1,0,14,0,DENY
QA Engineer,HR,Intern,Finance System,0,1,3,1,1,0,1,14,0,DENY
DevOps Engineer,IT,Contractor,Production Database,1,1,4,0,1,1,0,180,0,REVIEW
Finance Analyst,Finance,Intern,GitHub Project Alpha,0,1,1,0,0,0,1,30,1,DENY
QA Engineer,Finance,Employee,Project Management System,1,1,1,1,1,0,0,7,0,ALLOW
Product Manager,Product,Intern,Development Server,0,1,2,0,0,0,1,180,0,DENY
System Administrator,Finance,Intern,GitHub Project Alpha,0,1,1,0,1,0,1,180,1,DENY
QA Engineer,Finance,Employee,Development Server,0,1,2,0,1,0,0,60,1,DENY
HR Specialist,HR,Intern,Admin Panel,0,0,4,1,0,0,1,30,0,DENY
DevOps Engineer,Finance,Employee,GitHub Project Alpha,0,1,1,1,1,0,0,7,1,DENY
Finance Analyst,Finance,Contractor,Admin Panel,0,0,4,1,0,1,0,7,0,DENY
Product Manager,Engineering,Intern,HR Database,0,1,3,0,1,0,1,180,1,DENY
Software Developer,Product,Contractor,GitHub Project Alpha,1,1,1,0,0,1,0,180,0,ALLOW
QA Engineer,Engineering,Contractor,Development Server,1,1,2,0,1,1,0,180,1,ALLOW
HR Specialist,IT,Contractor,Production Database,1,0,4,1,0,1,0,60,1,DENY
System Administrator,Engineering,Employee,Finance System,0,1,3,1,0,0,0,7,0,DENY
Finance Analyst,Product,Employee,Admin Panel,0,0,4,0,1,0,0,365,0,DENY
QA Engineer,Product,Employee,Finance System,0,1,3,0,0,0,0,365,0,DENY
Product Manager,Finance,Contractor,Production Database,0,0,4,0,0,1,0,30,1,DENY
HR Specialist,Finance,Contractor,Admin Panel,0,0,4,1,0,1,0,365,0,DENY
Contractor,Product,Contractor,Development Server,0,1,2,1,1,1,0,7,0,DENY
HR Specialist,IT,Contractor,GitHub Project Alpha,0,1,1,1,0,1,0,90,0,DENY
DevOps Engineer,Product,Employee,Finance System,0,1,3,1,0,0,0,180,1,DENY
Contractor,Engineering,Contractor,Finance System,0,1,3,0,1,1,0,365,1,DENY
QA Engineer,IT,Employee,Admin Panel,1,0,4,0,1,0,0,7,0,DENY
HR Specialist,Finance,Contractor,Production Database,0,0,4,1,1,1,0,365,1,DENY
Software Developer,Finance,Employee,GitHub Project Alpha,0,1,1,0,1,0,0,60,1,DENY
Contractor,Product,Intern,HR Database,0,1,3,0,1,0,1,14,0,DENY
QA Engineer,IT,Contractor,Admin Panel,1,0,4,1,0,1,0,14,1,DENY
HR Specialist,IT,Intern,Production Database,1,0,4,0,0,0,1,60,0,DENY
Product Manager,Finance,Employee,GitHub Project Alpha,0,1,1,1,1,0,0,365,1,DENY
DevOps Engineer,Finance,Employee,HR Database,0,1,3,1,0,0,0,90,1,DENY
QA Engineer,HR,Contractor,HR Database,1,1,3,1,1,1,0,14,0,ALLOW
Software Developer,Product,Employee,Development Server,0,1,2,1,0,0,0,90,1,DENY
Product Manager,HR,Intern,GitHub Project Alpha,0,1,1,1,1,0,1,365,0,DENY
Contractor,Product,Intern,Production Database,0,0,4,1,0,0,1,180,0,DENY
System Administrator,IT,Intern,Development Server,0,1,2,1,1,0,1,30,0,DENY
Contractor,Engineering,Contractor,GitHub Project Alpha,1,1,1,0,0,1,0,30,0,ALLOW
QA Engineer,Engineering,Employee,HR Database,0,1,3,1,1,0,0,14,0,DENY
Product Manager,HR,Contractor,GitHub Project Alpha,0,1,1,0,1,1,0,30,0,DENY
Contractor,Engineering,Intern,GitHub Project Alpha,1,1,1,1,1,0,1,7,1,ALLOW
Finance Analyst,Engineering,Intern,Development Server,1,1,2,1,0,0,1,60,0,REVIEW
Finance Analyst,Finance,Contractor,GitHub Project Alpha,0,1,1,0,0,1,0,14,0,DENY
DevOps Engineer,IT,Employee,Development Server,0,1,2,0,1,0,0,180,0,DENY
Product Manager,Engineering,Intern,Finance System,0,1,3,0,1,0,1,60,1,DENY
Finance Analyst,Product,Intern,Finance System,0,1,3,1,0,0,1,365,0,DENY
Software Developer,Product,Intern,GitHub Project Alpha,1,1,1,1,0,0,1,180,0,REVIEW
System Administrator,Finance,Employee,Development Server,0,1,2,1,1,0,0,7,0,DENY
DevOps Engineer,Finance,Contractor,HR Database,0,1,3,0,0,1,0,180,0,DENY
Contractor,Engineering,Employee,Admin Panel,0,0,4,0,0,0,0,7,0,DENY
System Administrator,IT,Intern,Admin Panel,1,1,4,1,0,0,1,180,0,REVIEW
Contractor,HR,Intern,Development Server,0,1,2,1,0,0,1,14,0,DENY
Product Manager,Engineering,Employee,GitHub Project Alpha,1,1,1,0,0,0,0,90,1,ALLOW
QA Engineer,IT,Contractor,GitHub Project Alpha,0,1,1,1,1,1,0,365,0,DENY
Software Developer,IT,Contractor,GitHub Project Alpha,0,1,1,1,1,1,0,30,1,DENY
DevOps Engineer,HR,Contractor,Development Server,0,1,2,1,0,1,0,7,0,DENY
System Administrator,Product,Intern,Project Management System,1,1,1,0,0,0,1,7,1,REVIEW
HR Specialist,IT,Contractor,Production Database,1,0,4,1,0,1,0,60,0,DENY
Software Developer,HR,Employee,Admin Panel,0,0,4,0,1,0,0,180,0,DENY
Product Manager,HR,Contractor,Finance System,0,1,3,0,0,1,0,365,0,DENY
System Administrator,IT,Employee,GitHub Project Alpha,0,1,1,1,1,0,0,90,0,DENY
Product Manager,Engineering,Employee,Project Management System,1,1,1,1,0,0,0,180,0,ALLOW
Contractor,HR,Intern,Development Server,0,1,2,1,1,0,1,30,0,DENY
Contractor,Engineering,Intern,Production Database,1,0,4,0,1,0,1,90,0,DENY
Contractor,Engineering,Employee,Project Management System,1,1,1,1,1,0,0,365,1,ALLOW
QA Engineer,Engineering,Contractor,Project Management System,1,1,1,1,1,1,0,7,0,ALLOW
HR Specialist,Product,Contractor,Admin Panel,0,0,4,0,1,1,0,180,0,DENY
System Administrator,Engineering,Intern,Finance System,0,1,3,0,1,0,1,14,0,DENY
System Administrator,Engineering,Intern,GitHub Project Alpha,1,1,1,0,0,0,1,7,0,REVIEW
DevOps Engineer,IT,Employee,Development Server,0,1,2,1,1,0,0,365,1,DENY
DevOps Engineer,IT,Intern,HR Database,0,1,3,1,1,0,1,90,1,DENY
QA Engineer,Engineering,Contractor,Finance System,0,1,3,1,1,1,0,180,0,DENY
Contractor,Product,Contractor,Finance System,0,1,3,0,1,1,0,14,1,DENY
HR Specialist,Finance,Contractor,Development Server,0,1,2,1,1,1,0,60,0,DENY
System Administrator,Product,Employee,GitHub Project Alpha,1,1,1,1,1,0,0,180,0,ALLOW
System Administrator,HR,Contractor,Finance System,0,1,3,1,1,1,0,60,0,DENY
System Administrator,HR,Intern,Development Server,0,1,2,0,1,0,1,7,1,DENY
Software Developer,HR,Contractor,GitHub Project Alpha,0,1,1,0,1,1,0,60,0,DENY
Software Developer,Product,Contractor,Admin Panel,0,0,4,0,0,1,0,14,0,DENY
Finance Analyst,Engineering,Intern,Finance System,0,1,3,1,0,0,1,365,0,DENY
System Administrator,Product,Intern,HR Database,0,1,3,0,0,0,1,60,0,DENY
Finance Analyst,IT,Contractor,Admin Panel,1,0,4,0,0,1,0,365,0,DENY
QA Engineer,HR,Contractor,Development Server,0,1,2,1,0,1,0,365,0,DENY
Product Manager,HR,Intern,HR Database,1,1,3,0,1,0,1,180,0,REVIEW
Contractor,Finance,Employee,Project Management System,1,1,1,0,0,0,0,7,0,ALLOW
System Administrator,Finance,Intern,Production Database,0,1,4,0,1,0,1,30,0,DENY
System Administrator,Finance,Employee,Production Database,0,1,4,1,0,0,0,90,0,DENY
Contractor,Engineering,Contractor,Finance System,0,1,3,0,1,1,0,90,0,DENY
Contractor,Finance,Intern,Production Database,0,0,4,0,1,0,1,90,0,DENY
Product Manager,Product,Contractor,GitHub Project Alpha,1,1,1,1,0,1,0,60,0,ALLOW
Product Manager,Product,Employee,Project Management System,1,1,1,0,1,0,0,90,1,ALLOW
Product Manager,HR,Employee,Production Database,0,0,4,0,0,0,0,90,0,DENY
System Administrator,Product,Intern,Development Server,0,1,2,0,1,0,1,30,1,DENY
QA Engineer,Product,Employee,Development Server,0,1,2,0,0,0,0,30,0,DENY
Contractor,Product,Employee,Project Management System,1,1,1,0,0,0,0,30,0,ALLOW
Product Manager,Product,Intern,HR Database,0,1,3,0,0,0,1,7,1,DENY
QA Engineer,Product,Intern,Project Management System,1,1,1,1,0,0,1,180,0,REVIEW
Product Manager,Engineering,Contractor,Project Management System,1,1,1,1,1,1,0,365,1,ALLOW
QA Engineer,Finance,Contractor,Production Database,0,0,4,0,0,1,0,7,1,DENY
HR Specialist,IT,Intern,HR Database,0,1,3,1,1,0,1,180,1,DENY
System Administrator,IT,Employee,Production Database,1,1,4,0,0,0,0,30,1,REVIEW
HR Specialist,IT,Intern,HR Database,0,1,3,0,0,0,1,90,0,DENY
Product Manager,HR,Contractor,Production Database,0,0,4,0,1,1,0,365,0,DENY
System Administrator,HR,Contractor,Finance System,0,1,3,1,1,1,0,180,1,DENY
QA Engineer,HR,Employee,Finance System,0,1,3,1,1,0,0,90,0,DENY
Software Developer,Product,Intern,Project Management System,1,1,1,0,1,0,1,180,0,ALLOW
DevOps Engineer,IT,Employee,Admin Panel,1,0,4,1,1,0,0,90,0,DENY
Software Developer,Engineering,Intern,Production Database,1,0,4,1,0,0,1,60,1,DENY
System Administrator,Finance,Intern,GitHub Project Alpha,0,1,1,0,0,0,1,30,0,DENY
HR Specialist,Product,Intern,Development Server,0,1,2,1,0,0,1,90,1,DENY
Product Manager,HR,Intern,Admin Panel,0,0,4,0,0,0,1,7,0,DENY
System Administrator,IT,Employee,HR Database,0,1,3,0,1,0,0,14,0,DENY
QA Engineer,Engineering,Employee,GitHub Project Alpha,1,1,1,1,1,0,0,90,0,ALLOW
Finance Analyst,HR,Intern,Project Management System,1,1,1,0,1,0,1,90,0,ALLOW
DevOps Engineer,Engineering,Intern,Production Database,1,1,4,1,1,0,1,90,0,REVIEW
System Administrator,IT,Contractor,HR Database,0,1,3,1,0,1,0,180,1,DENY
Software Developer,HR,Employee,Development Server,0,1,2,1,1,0,0,90,0,DENY
Software Developer,Engineering,Intern,Project Management System,1,1,1,0,0,0,1,7,1,REVIEW
HR Specialist,Engineering,Employee,HR Database,0,1,3,0,0,0,0,180,1,DENY
Contractor,HR,Contractor,GitHub Project Alpha,0,1,1,1,1,1,0,60,1,DENY
DevOps Engineer,IT,Employee,Project Management System,1,1,1,1,1,0,0,60,1,ALLOW
QA Engineer,Finance,Employee,HR Database,0,1,3,0,1,0,0,90,1,DENY
HR Specialist,Product,Employee,Project Management System,1,1,1,1,1,0,0,30,0,ALLOW
Finance Analyst,HR,Contractor,Development Server,0,1,2,1,1,1,0,7,1,DENY
DevOps Engineer,HR,Employee,Admin Panel,0,0,4,1,1,0,0,60,1,DENY
System Administrator,Engineering,Contractor,HR Database,0,1,3,1,1,1,0,90,0,DENY
HR Specialist,Engineering,Intern,Admin Panel,0,0,4,1,1,0,1,30,1,DENY
Software Developer,Finance,Contractor,GitHub Project Alpha,0,1,1,0,0,1,0,14,0,DENY
Software Developer,Engineering,Contractor,Project Management System,1,1,1,1,1,1,0,30,1,ALLOW
Software Developer,HR,Contractor,Finance System,0,1,3,1,1,1,0,60,0,DENY
Software Developer,Finance,Employee,Development Server,0,1,2,1,1,0,0,180,0,DENY
Software Developer,Product,Employee,HR Database,0,1,3,0,0,0,0,365,0,DENY
DevOps Engineer,IT,Contractor,Project Management System,1,1,1,1,1,1,0,14,0,ALLOW
HR Specialist,Finance,Intern,HR Database,0,1,3,1,0,0,1,180,0,DENY
HR Specialist,IT,Intern,Admin Panel,1,0,4,1,1,0,1,180,0,DENY
DevOps Engineer,Finance,Contractor,GitHub Project Alpha,0,1,1,1,0,1,0,180,0,DENY
QA Engineer,Engineering,Intern,Development Server,1,1,2,0,1,0,1,60,0,ALLOW
Contractor,IT,Contractor,Finance System,0,1,3,1,1,1,0,180,1,DENY
QA Engineer,IT,Intern,Development Server,0,1,2,0,0,0,1,30,0,DENY
System Administrator,IT,Intern,Development Server,0,1,2,1,0,0,1,90,0,DENY
Finance Analyst,HR,Contractor,HR Database,1,1,3,1,0,1,0,60,1,ALLOW
Contractor,Engineering,Employee,Production Database,1,0,4,1,1,0,0,365,0,DENY
DevOps Engineer,IT,Employee,Development Server,0,1,2,1,1,0,0,60,1,DENY
Finance Analyst,Product,Employee,Finance System,0,1,3,1,0,0,0,7,1,DENY
Software Developer,IT,Contractor,Development Server,0,1,2,0,0,1,0,90,0,DENY
Finance Analyst,Product,Intern,Project Management System,1,1,1,0,0,0,1,7,0,REVIEW
QA Engineer,IT,Contractor,Production Database,1,0,4,0,0,1,0,14,0,DENY
QA Engineer,IT,Intern,Project Management System,1,1,1,0,0,0,1,30,0,REVIEW
Finance Analyst,Finance,Contractor,HR Database,0,1,3,1,1,1,0,180,1,DENY
Contractor,IT,Intern,Finance System,0,1,3,1,0,0,1,14,1,DENY
Finance Analyst,Engineering,Employee,Project Management System,1,1,1,0,1,0,0,60,1,ALLOW
DevOps Engineer,Finance,Intern,Admin Panel,0,0,4,0,1,0,1,14,1,DENY
System Administrator,Finance,Employee,Project Management System,1,1,1,1,1,0,0,365,0,ALLOW
Contractor,Finance,Intern,Development Server,0,1,2,1,1,0,1,180,1,DENY
Product Manager,HR,Employee,Production Database,0,0,4,1,1,0,0,365,0,DENY
QA Engineer,IT,Contractor,HR Database,0,1,3,1,0,1,0,30,1,DENY
QA Engineer,Product,Contractor,Project Management System,1,1,1,1,0,1,0,90,0,ALLOW
QA Engineer,IT,Intern,HR Database,0,1,3,1,1,0,1,14,1,DENY
HR Specialist,HR,Employee,Production Database,0,0,4,1,0,0,0,180,1,DENY
Software Developer,Engineering,Contractor,Finance System,0,1,3,1,1,1,0,60,0,DENY
Finance Analyst,Engineering,Employee,Admin Panel,0,0,4,1,1,0,0,90,1,DENY
Product Manager,IT,Intern,Development Server,0,1,2,1,1,0,1,180,1,DENY
DevOps Engineer,Engineering,Contractor,Finance System,0,1,3,1,0,1,0,180,1,DENY
DevOps Engineer,Product,Contractor,Finance System,0,1,3,0,1,1,0,7,1,DENY
Finance Analyst,Finance,Contractor,HR Database,0,1,3,1,0,1,0,14,0,DENY
System Administrator,Finance,Contractor,Production Database,0,1,4,1,0,1,0,30,1,DENY
Product Manager,Finance,Intern,Admin Panel,0,0,4,1,1,0,1,180,0,DENY
Product Manager,Engineering,Intern,Admin Panel,0,0,4,1,1,0,1,30,0,DENY
Finance Analyst,HR,Contractor,HR Database,1,1,3,1,0,1,0,7,0,REVIEW
HR Specialist,Product,Employee,Admin Panel,0,0,4,0,1,0,0,180,0,DENY
Finance Analyst,IT,Contractor,Finance System,0,1,3,1,0,1,0,14,0,DENY
Product Manager,IT,Contractor,Admin Panel,1,0,4,1,1,1,0,60,0,DENY
Product Manager,IT,Employee,Finance System,0,1,3,1,1,0,0,7,1,DENY
DevOps Engineer,Product,Intern,Project Management System,1,1,1,0,0,0,1,365,0,REVIEW
Product Manager,HR,Intern,Finance System,0,1,3,0,1,0,1,365,1,DENY
DevOps Engineer,HR,Employee,Finance System,0,1,3,0,0,0,0,180,0,DENY
Software Developer,Finance,Contractor,Development Server,0,1,2,0,0,1,0,14,0,DENY
DevOps Engineer,Product,Intern,Admin Panel,0,0,4,0,1,0,1,60,0,DENY
DevOps Engineer,Engineering,Contractor,Production Database,1,1,4,1,0,1,0,30,0,REVIEW
Product Manager,HR,Intern,GitHub Project Alpha,0,1,1,0,0,0,1,180,0,DENY
QA Engineer,IT,Intern,GitHub Project Alpha,0,1,1,0,1,0,1,180,0,DENY
Software Developer,Finance,Intern,Finance System,1,1,3,0,1,0,1,14,1,REVIEW
Finance Analyst,Finance,Contractor,GitHub Project Alpha,0,1,1,1,0,1,0,180,0,DENY
Product Manager,HR,Intern,Admin Panel,0,0,4,0,0,0,1,14,0,DENY
QA Engineer,Product,Intern,Project Management System,1,1,1,1,1,0,1,60,0,ALLOW
Software Developer,HR,Intern,Finance System,0,1,3,0,1,0,1,14,1,DENY
Product Manager,IT,Contractor,Finance System,0,1,3,0,1,1,0,365,1,DENY
QA Engineer,IT,Employee,Development Server,0,1,2,0,1,0,0,7,0,DENY
System Administrator,Finance,Contractor,GitHub Project Alpha,0,1,1,1,1,1,0,30,1,DENY
Finance Analyst,Finance,Intern,Production Database,0,0,4,1,1,0,1,7,1,DENY
HR Specialist,Product,Contractor,GitHub Project Alpha,1,1,1,0,0,1,0,180,1,ALLOW
Software Developer,Engineering,Employee,Development Server,1,1,2,1,0,0,0,14,0,REVIEW
HR Specialist,Product,Employee,Finance System,0,1,3,1,1,0,0,7,0,DENY
HR Specialist,HR,Intern,Project Management System,1,1,1,0,1,0,1,180,1,ALLOW
DevOps Engineer,Finance,Employee,Finance System,1,1,3,1,0,0,0,180,0,REVIEW
Product Manager,IT,Employee,GitHub Project Alpha,0,1,1,1,0,0,0,30,0,DENY
HR Specialist,IT,Employee,HR Database,0,1,3,1,0,0,0,7,0,DENY
Product Manager,HR,Intern,Finance System,0,1,3,1,1,0,1,365,0,DENY
DevOps Engineer,Product,Intern,GitHub Project Alpha,1,1,1,0,1,0,1,14,1,ALLOW
System Administrator,Finance,Contractor,HR Database,0,1,3,0,1,1,0,60,0,DENY
Finance Analyst,IT,Contractor,Admin Panel,1,0,4,0,1,1,0,180,1,DENY
QA Engineer,Engineering,Intern,Project Management System,1,1,1,1,0,0,1,90,0,REVIEW
Software Developer,Finance,Contractor,Finance System,1,1,3,0,1,1,0,180,0,REVIEW
Contractor,Product,Contractor,Admin Panel,0,0,4,1,1,1,0,180,0,DENY
Contractor,Product,Employee,Development Server,0,1,2,0,1,0,0,30,0,DENY
Contractor,IT,Employee,Production Database,1,0,4,1,1,0,0,30,0,DENY
Contractor,Engineering,Contractor,Development Server,1,1,2,1,0,1,0,60,0,REVIEW
Finance Analyst,HR,Contractor,GitHub Project Alpha,0,1,1,0,0,1,0,180,0,DENY
DevOps Engineer,Engineering,Intern,Production Database,1,1,4,0,0,0,1,180,1,REVIEW
Finance Analyst,IT,Intern,Project Management System,1,1,1,1,1,0,1,30,0,ALLOW
Finance Analyst,Engineering,Intern,HR Database,0,1,3,1,0,0,1,14,0,DENY
System Administrator,IT,Contractor,HR Database,0,1,3,0,0,1,0,90,0,DENY
Software Developer,HR,Contractor,Project Management System,1,1,1,1,0,1,0,30,1,ALLOW
HR Specialist,Finance,Employee,HR Database,0,1,3,1,0,0,0,30,0,DENY
DevOps Engineer,Finance,Intern,Production Database,0,1,4,1,0,0,1,60,1,DENY
Software Developer,HR,Contractor,Project Management System,1,1,1,1,1,1,0,60,1,ALLOW
Finance Analyst,HR,Employee,Production Database,0,0,4,1,1,0,0,7,0,DENY
Software Developer,HR,Employee,HR Database,1,1,3,0,1,0,0,180,0,REVIEW
Software Developer,Product,Employee,Finance System,0,1,3,0,0,0,0,30,0,DENY
DevOps Engineer,IT,Employee,Finance System,0,1,3,1,0,0,0,7,0,DENY
Contractor,Finance,Contractor,Development Server,0,1,2,1,0,1,0,60,1,DENY
QA Engineer,Finance,Employee,Project Management System,1,1,1,0,1,0,0,30,1,ALLOW
Product Manager,Finance,Contractor,GitHub Project Alpha,0,1,1,0,0,1,0,14,1,DENY
QA Engineer,HR,Employee,HR Database,1,1,3,0,0,0,0,30,0,REVIEW
HR Specialist,IT,Employee,Admin Panel,1,0,4,0,0,0,0,60,1,DENY
System Administrator,Engineering,Contractor,Admin Panel,0,1,4,0,0,1,0,90,0,DENY
HR Specialist,HR,Intern,Production Database,0,0,4,1,0,0,1,14,1,DENY
System Administrator,Product,Employee,HR Database,0,1,3,1,0,0,0,14,0,DENY
Contractor,IT,Employee,Finance System,0,1,3,1,1,0,0,90,1,DENY
Finance Analyst,Engineering,Employee,Production Database,1,0,4,1,1,0,0,90,0,DENY
Product Manager,Product,Intern,HR Database,0,1,3,1,1,0,1,180,1,DENY
DevOps Engineer,Engineering,Employee,Project Management System,1,1,1,0,1,0,0,14,1,ALLOW
QA Engineer,HR,Employee,Production Database,0,0,4,1,1,0,0,180,1,DENY
Software Developer,Engineering,Contractor,GitHub Project Alpha,1,1,1,1,0,1,0,30,0,ALLOW
Software Developer,Finance,Employee,Finance System,1,1,3,1,0,0,0,14,1,ALLOW
Contractor,Finance,Contractor,Development Server,0,1,2,0,0,1,0,180,0,DENY
DevOps Engineer,Product,Employee,Finance System,0,1,3,1,0,0,0,365,0,DENY
DevOps Engineer,Engineering,Intern,GitHub Project Alpha,1,1,1,0,1,0,1,14,0,ALLOW
Product Manager,Engineering,Employee,Project Management System,1,1,1,1,0,0,0,14,0,ALLOW
Contractor,Product,Employee,Project Management System,1,1,1,1,1,0,0,180,0,ALLOW
DevOps Engineer,HR,Contractor,Development Server,0,1,2,0,0,1,0,14,1,DENY
Product Manager,Finance,Intern,Admin Panel,0,0,4,0,1,0,1,60,0,DENY
System Administrator,Finance,Intern,HR Database,0,1,3,1,1,0,1,14,0,DENY
Finance Analyst,Finance,Employee,Admin Panel,0,0,4,1,0,0,0,90,0,DENY
DevOps Engineer,Engineering,Intern,Development Server,1,1,2,0,0,0,1,7,0,REVIEW
System Administrator,Engineering,Employee,HR Database,0,1,3,1,1,0,0,30,0,DENY
DevOps Engineer,Engineering,Intern,Development Server,1,1,2,0,0,0,1,30,1,ALLOW
Product Manager,Finance,Employee,Production Database,0,0,4,1,1,0,0,90,0,DENY
HR Specialist,Finance,Employee,Project Management System,1,1,1,0,1,0,0,365,0,ALLOW
System Administrator,Finance,Contractor,Finance System,1,1,3,0,0,1,0,365,1,ALLOW
Software Developer,Finance,Intern,Admin Panel,0,0,4,1,1,0,1,14,1,DENY
DevOps Engineer,Engineering,Contractor,HR Database,0,1,3,1,1,1,0,90,0,DENY
Product Manager,HR,Employee,Development Server,0,1,2,1,1,0,0,7,0,DENY
Contractor,Finance,Contractor,GitHub Project Alpha,0,1,1,1,1,1,0,60,0,DENY
HR Specialist,HR,Contractor,GitHub Project Alpha,0,1,1,1,1,1,0,180,0,DENY
Finance Analyst,IT,Contractor,Production Database,1,0,4,0,0,1,0,365,1,DENY
Contractor,Finance,Employee,Production Database,0,0,4,0,1,0,0,90,0,DENY
Finance Analyst,Product,Contractor,Development Server,0,1,2,1,0,1,0,180,1,DENY
QA Engineer,Engineering,Employee,HR Database,0,1,3,0,0,0,0,90,1,DENY
Finance Analyst,Product,Employee,HR Database,0,1,3,0,1,0,0,180,1,DENY
Finance Analyst,Engineering,Employee,Development Server,1,1,2,1,0,0,0,30,0,REVIEW
HR Specialist,Product,Intern,HR Database,0,1,3,1,1,0,1,365,0,DENY
DevOps Engineer,HR,Contractor,HR Database,1,1,3,0,1,1,0,14,0,REVIEW
System Administrator,Finance,Contractor,Finance System,1,1,3,1,0,1,0,14,1,ALLOW
System Administrator,IT,Intern,Project Management System,1,1,1,1,0,0,1,60,0,REVIEW
Finance Analyst,Engineering,Contractor,Project Management System,1,1,1,0,1,1,0,7,0,ALLOW
System Administrator,Finance,Contractor,HR Database,0,1,3,1,1,1,0,14,0,DENY
QA Engineer,Finance,Employee,Project Management System,1,1,1,1,0,0,0,14,0,ALLOW
Finance Analyst,Product,Intern,GitHub Project Alpha,1,1,1,0,0,0,1,90,0,REVIEW
Software Developer,IT,Contractor,HR Database,0,1,3,1,0,1,0,30,1,DENY
Software Developer,IT,Contractor,GitHub Project Alpha,0,1,1,0,1,1,0,14,1,DENY
Product Manager,Finance,Intern,Project Management System,1,1,1,0,0,0,1,7,0,REVIEW
Finance Analyst,Engineering,Intern,Admin Panel,0,0,4,0,1,0,1,180,0,DENY
QA Engineer,Product,Intern,Admin Panel,0,0,4,0,1,0,1,180,0,DENY
DevOps Engineer,Finance,Intern,Finance System,1,1,3,1,1,0,1,7,0,REVIEW
DevOps Engineer,Finance,Contractor,Project Management System,1,1,1,0,1,1,0,365,0,ALLOW
DevOps Engineer,Engineering,Employee,Production Database,1,1,4,0,0,0,0,365,0,REVIEW
Product Manager,Product,Intern,Project Management System,1,1,1,1,0,0,1,60,1,REVIEW
Product Manager,Engineering,Intern,GitHub Project Alpha,1,1,1,0,1,0,1,365,0,ALLOW
Product Manager,Finance,Employee,HR Database,0,1,3,1,0,0,0,365,1,DENY
System Administrator,IT,Employee,Finance System,0,1,3,1,1,0,0,180,0,DENY
Product Manager,Engineering,Intern,Admin Panel,0,0,4,1,1,0,1,60,0,DENY
Product Manager,Finance,Contractor,Finance System,1,1,3,0,1,1,0,180,0,REVIEW
Finance Analyst,HR,Contractor,Project Management System,1,1,1,1,0,1,0,90,0,ALLOW
Finance Analyst,HR,Intern,Project Management System,1,1,1,1,1,0,1,7,0,ALLOW
QA Engineer,HR,Contractor,Development Server,0,1,2,0,0,1,0,90,0,DENY
System Administrator,Finance,Contractor,Project Management System,1,1,1,1,0,1,0,7,1,ALLOW
Software Developer,Product,Contractor,HR Database,0,1,3,1,0,1,0,30,1,DENY
HR Specialist,Finance,Intern,GitHub Project Alpha,0,1,1,1,1,0,1,365,0,DENY
Contractor,IT,Employee,Project Management System,1,1,1,1,1,0,0,365,0,ALLOW
Contractor,IT,Employee,Production Database,1,0,4,1,1,0,0,14,1,DENY
Contractor,IT,Employee,Production Database,1,0,4,0,0,0,0,60,1,DENY
DevOps Engineer,Product,Intern,Production Database,0,1,4,0,1,0,1,7,1,DENY
DevOps Engineer,HR,Employee,HR Database,1,1,3,1,0,0,0,60,0,REVIEW
HR Specialist,Finance,Contractor,Finance System,1,1,3,0,0,1,0,60,1,ALLOW
DevOps Engineer,Product,Intern,Admin Panel,0,0,4,1,1,0,1,60,0,DENY
Product Manager,HR,Contractor,Finance System,0,1,3,1,1,1,0,365,0,DENY
QA Engineer,IT,Employee,Project Management System,1,1,1,0,0,0,0,60,1,ALLOW
QA Engineer,HR,Contractor,Development Server,0,1,2,0,0,1,0,30,0,DENY
System Administrator,HR,Intern,Development Server,0,1,2,0,0,0,1,90,1,DENY
DevOps Engineer,Product,Employee,Finance System,0,1,3,0,0,0,0,180,0,DENY
Software Developer,IT,Intern,HR Database,0,1,3,1,0,0,1,90,1,DENY
QA Engineer,IT,Contractor,Finance System,0,1,3,0,1,1,0,7,0,DENY
Contractor,Engineering,Intern,Project Management System,1,1,1,0,0,0,1,90,1,REVIEW
DevOps Engineer,IT,Intern,HR Database,0,1,3,1,0,0,1,90,0,DENY
Contractor,HR,Intern,Production Database,0,0,4,0,0,0,1,14,1,DENY
HR Specialist,Finance,Contractor,Production Database,0,0,4,1,1,1,0,30,0,DENY
Product Manager,IT,Contractor,Project Management System,1,1,1,0,1,1,0,30,0,ALLOW
QA Engineer,IT,Contractor,Development Server,0,1,2,1,0,1,0,180,0,DENY
Contractor,Product,Contractor,Admin Panel,0,0,4,1,1,1,0,180,1,DENY
Contractor,IT,Intern,Finance System,0,1,3,0,1,0,1,60,0,DENY
Product Manager,Finance,Employee,Production Database,0,0,4,1,1,0,0,180,0,DENY
HR Specialist,IT,Contractor,Finance System,0,1,3,0,0,1,0,60,1,DENY
DevOps Engineer,Finance,Contractor,HR Database,0,1,3,1,0,1,0,60,0,DENY
Finance Analyst,Product,Intern,Project Management System,1,1,1,1,0,0,1,14,1,REVIEW
Product Manager,Engineering,Intern,Admin Panel,0,0,4,0,1,0,1,30,0,DENY
HR Specialist,Finance,Employee,Admin Panel,0,0,4,1,1,0,0,90,0,DENY
System Administrator,HR,Employee,Finance System,0,1,3,1,0,0,0,60,0,DENY
Contractor,Engineering,Employee,HR Database,0,1,3,1,0,0,0,180,1,DENY
HR Specialist,Product,Intern,Finance System,0,1,3,0,1,0,1,180,0,DENY
QA Engineer,Finance,Contractor,Project Management System,1,1,1,1,0,1,0,14,0,ALLOW
Software Developer,Engineering,Intern,Production Database,1,0,4,1,0,0,1,14,0,DENY
HR Specialist,HR,Contractor,Development Server,0,1,2,1,0,1,0,14,0,DENY
Finance Analyst,Engineering,Intern,Project Management System,1,1,1,0,0,0,1,180,1,REVIEW
Product Manager,Finance,Intern,Development Server,0,1,2,0,1,0,1,30,0,DENY
DevOps Engineer,IT,Intern,Development Server,0,1,2,1,0,0,1,90,0,DENY
Contractor,Engineering,Contractor,Project Management System,1,1,1,0,1,1,0,365,0,ALLOW
DevOps Engineer,IT,Contractor,Development Server,0,1,2,1,0,1,0,90,0,DENY
System Administrator,IT,Employee,Project Management System,1,1,1,0,1,0,0,14,1,ALLOW
QA Engineer,Product,Intern,Project Management System,1,1,1,0,0,0,1,365,1,REVIEW
System Administrator,HR,Employee,Admin Panel,0,1,4,1,1,0,0,365,1,DENY
Contractor,HR,Intern,Development Server,0,1,2,0,0,0,1,180,0,DENY
System Administrator,Product,Employee,GitHub Project Alpha,1,1,1,1,0,0,0,7,0,ALLOW
Contractor,HR,Employee,Project Management System,1,1,1,1,0,0,0,30,1,ALLOW
Finance Analyst,Product,Intern,Production Database,0,0,4,0,1,0,1,30,0,DENY
Software Developer,Product,Intern,Admin Panel,0,0,4,1,0,0,1,60,1,DENY
DevOps Engineer,HR,Intern,Project Management System,1,1,1,0,0,0,1,90,0,REVIEW
Finance Analyst,Engineering,Intern,Production Database,1,0,4,1,1,0,1,90,0,DENY
HR Specialist,Engineering,Employee,Admin Panel,0,0,4,0,1,0,0,14,1,DENY
Contractor,Engineering,Intern,Production Database,1,0,4,0,1,0,1,7,0,DENY
DevOps Engineer,IT,Contractor,Admin Panel,1,0,4,1,0,1,0,90,0,DENY
HR Specialist,IT,Contractor,Production Database,1,0,4,0,0,1,0,180,0,DENY
Product Manager,Finance,Employee,Finance System,1,1,3,1,0,0,0,14,0,REVIEW
Contractor,Product,Intern,Finance System,0,1,3,1,0,0,1,180,0,DENY
Contractor,Product,Contractor,Production Database,0,0,4,1,0,1,0,30,1,DENY
Contractor,HR,Intern,Admin Panel,0,0,4,1,1,0,1,7,1,DENY
HR Specialist,HR,Employee,Admin Panel,0,0,4,0,1,0,0,90,0,DENY
Finance Analyst,Engineering,Contractor,Development Server,1,1,2,1,1,1,0,180,0,ALLOW
Software Developer,Engineering,Contractor,Development Server,1,1,2,0,1,1,0,365,1,ALLOW
DevOps Engineer,IT,Contractor,HR Database,0,1,3,1,0,1,0,60,1,DENY
Finance Analyst,Finance,Contractor,Development Server,0,1,2,1,1,1,0,7,1,DENY
System Administrator,IT,Intern,Finance System,0,1,3,0,1,0,1,180,0,DENY
DevOps Engineer,HR,Employee,Production Database,0,1,4,0,1,0,0,30,1,DENY
Contractor,Product,Employee,GitHub Project Alpha,1,1,1,1,1,0,0,14,1,ALLOW
System Administrator,Finance,Employee,Project Management System,1,1,1,0,1,0,0,7,0,ALLOW
DevOps Engineer,Product,Employee,HR Database,0,1,3,1,0,0,0,90,1,DENY
Finance Analyst,Finance,Intern,Finance System,1,1,3,0,1,0,1,30,0,REVIEW
Software Developer,Finance,Intern,Project Management System,1,1,1,0,1,0,1,7,0,ALLOW
HR Specialist,IT,Intern,Finance System,0,1,3,1,1,0,1,7,0,DENY
Software Developer,Product,Intern,Finance System,0,1,3,0,1,0,1,7,1,DENY
QA Engineer,Product,Contractor,GitHub Project Alpha,1,1,1,1,1,1,0,30,0,ALLOW
Contractor,HR,Contractor,GitHub Project Alpha,0,1,1,0,1,1,0,30,0,DENY
Product Manager,HR,Intern,Admin Panel,0,0,4,1,1,0,1,365,0,DENY
HR Specialist,HR,Contractor,Project Management System,1,1,1,0,1,1,0,365,0,ALLOW
QA Engineer,HR,Employee,GitHub Project Alpha,0,1,1,0,1,0,0,90,1,DENY
Product Manager,Product,Contractor,Development Server,0,1,2,1,1,1,0,14,0,DENY
System Administrator,Product,Intern,Development Server,0,1,2,1,0,0,1,14,0,DENY
Finance Analyst,Engineering,Contractor,GitHub Project Alpha,1,1,1,1,0,1,0,7,1,ALLOW
HR Specialist,Finance,Contractor,Project Management System,1,1,1,1,1,1,0,90,0,ALLOW
HR Specialist,Engineering,Intern,Admin Panel,0,0,4,1,0,0,1,90,0,DENY
Product Manager,Finance,Intern,HR Database,0,1,3,0,1,0,1,180,0,DENY
Finance Analyst,IT,Intern,Admin Panel,1,0,4,1,1,0,1,60,0,DENY
Software Developer,Engineering,Intern,Finance System,0,1,3,0,1,0,1,365,1,DENY
QA Engineer,IT,Contractor,Development Server,0,1,2,0,0,1,0,365,0,DENY
Contractor,Engineering,Intern,Development Server,1,1,2,1,1,0,1,180,0,ALLOW
System Administrator,IT,Intern,Production Database,1,1,4,1,1,0,1,60,0,REVIEW
QA Engineer,Finance,Intern,Admin Panel,0,0,4,1,0,0,1,30,0,DENY
System Administrator,IT,Contractor,GitHub Project Alpha,0,1,1,1,0,1,0,14,0,DENY
QA Engineer,IT,Intern,Admin Panel,1,0,4,1,0,0,1,7,0,DENY
HR Specialist,Engineering,Employee,GitHub Project Alpha,1,1,1,1,1,0,0,60,0,ALLOW
Software Developer,HR,Employee,Production Database,0,0,4,0,1,0,0,180,0,DENY
Finance Analyst,IT,Contractor,Finance System,0,1,3,1,0,1,0,90,0,DENY
DevOps Engineer,Engineering,Contractor,Finance System,0,1,3,1,1,1,0,7,1,DENY
System Administrator,Engineering,Intern,Production Database,1,1,4,1,1,0,1,180,1,ALLOW
Product Manager,Engineering,Contractor,GitHub Project Alpha,1,1,1,0,1,1,0,7,0,ALLOW
Software Developer,IT,Employee,Development Server,0,1,2,0,0,0,0,30,0,DENY
System Administrator,Product,Employee,Development Server,0,1,2,1,0,0,0,60,0,DENY
HR Specialist,Engineering,Intern,Development Server,1,1,2,1,0,0,1,60,1,ALLOW
Software Developer,Engineering,Contractor,Finance System,0,1,3,1,0,1,0,365,1,DENY
HR Specialist,Product,Employee,Project Management System,1,1,1,1,0,0,0,14,0,ALLOW
DevOps Engineer,IT,Intern,GitHub Project Alpha,0,1,1,1,0,0,1,7,0,DENY
Software Developer,Product,Intern,Admin Panel,0,0,4,0,1,0,1,365,0,DENY
HR Specialist,Product,Contractor,Admin Panel,0,0,4,1,0,1,0,7,0,DENY
System Administrator,IT,Employee,Project Management System,1,1,1,0,1,0,0,90,0,ALLOW
Finance Analyst,Product,Contractor,Production Database,0,0,4,0,1,1,0,365,0,DENY
QA Engineer,Engineering,Intern,Finance System,0,1,3,0,0,0,1,14,0,DENY
DevOps Engineer,Product,Employee,Production Database,0,1,4,0,1,0,0,60,0,DENY
System Administrator,Product,Intern,Admin Panel,0,1,4,0,0,0,1,180,1,DENY
QA Engineer,Engineering,Contractor,Development Server,1,1,2,0,1,1,0,7,1,ALLOW
QA Engineer,Finance,Employee,GitHub Project Alpha,0,1,1,1,1,0,0,30,0,DENY
Finance Analyst,Finance,Contractor,HR Database,0,1,3,0,0,1,0,30,0,DENY
QA Engineer,IT,Intern,Production Database,1,0,4,1,0,0,1,14,0,DENY
HR Specialist,Engineering,Employee,Admin Panel,0,0,4,0,0,0,0,14,0,DENY
Contractor,IT,Intern,Admin Panel,1,0,4,1,0,0,1,7,0,DENY
Contractor,Product,Intern,Production Database,0,0,4,0,1,0,1,14,0,DENY
Finance Analyst,Product,Employee,Finance System,0,1,3,0,1,0,0,14,0,DENY
Contractor,Product,Contractor,Finance System,0,1,3,1,1,1,0,90,1,DENY
DevOps Engineer,Engineering,Employee,Production Database,1,1,4,1,1,0,0,14,0,ALLOW
HR Specialist,IT,Employee,Admin Panel,1,0,4,0,1,0,0,90,0,DENY
QA Engineer,Engineering,Intern,GitHub Project Alpha,1,1,1,1,0,0,1,14,0,REVIEW
Product Manager,Product,Intern,Project Management System,1,1,1,0,0,0,1,14,0,REVIEW
Contractor,Engineering,Contractor,Development Server,1,1,2,0,0,1,0,30,0,REVIEW
Software Developer,Product,Contractor,Development Server,0,1,2,0,1,1,0,14,1,DENY
QA Engineer,Engineering,Intern,GitHub Project Alpha,1,1,1,0,1,0,1,365,1,ALLOW
Finance Analyst,Engineering,Intern,Project Management System,1,1,1,1,0,0,1,90,1,REVIEW
System Administrator,Finance,Employee,Production Database,0,1,4,1,1,0,0,60,1,DENY
Contractor,HR,Employee,HR Database,1,1,3,0,1,0,0,365,1,ALLOW
System Administrator,Product,Employee,Development Server,0,1,2,0,1,0,0,90,0,DENY
QA Engineer,Finance,Employee,Finance System,1,1,3,0,1,0,0,60,1,ALLOW
Contractor,Finance,Intern,Project Management System,1,1,1,1,1,0,1,90,0,ALLOW
Product Manager,Finance,Intern,Project Management System,1,1,1,0,1,0,1,365,0,ALLOW
Finance Analyst,Finance,Contractor,GitHub Project Alpha,0,1,1,1,1,1,0,180,0,DENY
System Administrator,IT,Employee,GitHub Project Alpha,0,1,1,0,0,0,0,60,1,DENY
Finance Analyst,Engineering,Employee,Production Database,1,0,4,1,1,0,0,90,1,DENY
Finance Analyst,Product,Employee,Production Database,0,0,4,0,0,0,0,14,1,DENY
Product Manager,Product,Employee,Production Database,0,0,4,1,1,0,0,180,0,DENY
HR Specialist,Engineering,Contractor,Development Server,1,1,2,1,1,1,0,60,0,ALLOW
HR Specialist,Finance,Intern,HR Database,0,1,3,1,0,0,1,90,0,DENY
System Administrator,Finance,Employee,Finance System,1,1,3,0,1,0,0,30,0,REVIEW
HR Specialist,Engineering,Employee,GitHub Project Alpha,1,1,1,0,0,0,0,7,0,ALLOW
Finance Analyst,Product,Contractor,HR Database,0,1,3,0,1,1,0,30,0,DENY
DevOps Engineer,Product,Employee,Finance System,0,1,3,0,0,0,0,365,0,DENY
Product Manager,HR,Contractor,GitHub Project Alpha,0,1,1,1,0,1,0,60,1,DENY
Finance Analyst,Product,Contractor,Project Management System,1,1,1,0,0,1,0,90,0,ALLOW
Contractor,Engineering,Employee,HR Database,0,1,3,0,1,0,0,30,0,DENY
Finance Analyst,Product,Employee,GitHub Project Alpha,1,1,1,1,0,0,0,14,0,ALLOW
Contractor,Finance,Contractor,GitHub Project Alpha,0,1,1,0,1,1,0,365,0,DENY
Finance Analyst,IT,Contractor,GitHub Project Alpha,0,1,1,0,0,1,0,7,0,DENY
Contractor,Engineering,Employee,Finance System,0,1,3,0,1,0,0,30,0,DENY
Software Developer,HR,Employee,HR Database,1,1,3,1,0,0,0,14,0,REVIEW
Finance Analyst,Engineering,Intern,Development Server,1,1,2,0,1,0,1,60,1,ALLOW
QA Engineer,Product,Intern,GitHub Project Alpha,1,1,1,1,1,0,1,7,0,ALLOW
QA Engineer,Product,Contractor,Admin Panel,0,0,4,1,1,1,0,90,0,DENY
HR Specialist,Finance,Intern,GitHub Project Alpha,0,1,1,1,1,0,1,30,1,DENY
HR Specialist,IT,Contractor,HR Database,0,1,3,0,1,1,0,60,0,DENY
DevOps Engineer,Engineering,Contractor,Development Server,1,1,2,1,0,1,0,14,1,ALLOW
DevOps Engineer,HR,Intern,Project Management System,1,1,1,0,1,0,1,180,1,ALLOW
HR Specialist,Product,Contractor,HR Database,0,1,3,1,0,1,0,180,0,DENY
HR Specialist,HR,Contractor,Production Database,0,0,4,0,1,1,0,7,0,DENY
Contractor,HR,Intern,Production Database,0,0,4,1,0,0,1,365,0,DENY
Contractor,HR,Employee,Admin Panel,0,0,4,0,0,0,0,60,0,DENY
Contractor,IT,Intern,Development Server,0,1,2,1,0,0,1,30,0,DENY
Software Developer,Engineering,Contractor,HR Database,0,1,3,0,0,1,0,30,1,DENY
DevOps Engineer,Engineering,Intern,GitHub Project Alpha,1,1,1,0,1,0,1,365,0,ALLOW
Software Developer,Engineering,Contractor,Project Management System,1,1,1,0,0,1,0,60,0,ALLOW
QA Engineer,IT,Contractor,Finance System,0,1,3,0,0,1,0,7,0,DENY
System Administrator,Product,Intern,Finance System,0,1,3,1,0,0,1,90,1,DENY
HR Specialist,Engineering,Contractor,HR Database,0,1,3,1,0,1,0,180,1,DENY
DevOps Engineer,IT,Contractor,Development Server,0,1,2,0,0,1,0,7,0,DENY
Product Manager,HR,Contractor,Project Management System,1,1,1,0,0,1,0,365,1,ALLOW
Contractor,IT,Intern,GitHub Project Alpha,0,1,1,0,1,0,1,365,0,DENY
QA Engineer,Product,Employee,Development Server,0,1,2,0,0,0,0,7,0,DENY
DevOps Engineer,Finance,Intern,HR Database,0,1,3,1,1,0,1,365,0,DENY
Contractor,IT,Contractor,Development Server,0,1,2,1,1,1,0,180,0,DENY
DevOps Engineer,Product,Intern,GitHub Project Alpha,1,1,1,1,0,0,1,30,0,REVIEW
Finance Analyst,Finance,Employee,Project Management System,1,1,1,1,1,0,0,90,0,ALLOW
System Administrator,HR,Employee,Development Server,0,1,2,0,0,0,0,14,0,DENY
Software Developer,Product,Intern,Finance System,0,1,3,0,0,0,1,7,0,DENY
Finance Analyst,IT,Employee,GitHub Project Alpha,0,1,1,0,1,0,0,60,1,DENY
Product Manager,HR,Intern,Production Database,0,0,4,0,1,0,1,90,1,DENY
QA Engineer,Finance,Contractor,HR Database,0,1,3,0,1,1,0,365,0,DENY
Finance Analyst,IT,Employee,Development Server,0,1,2,1,1,0,0,60,0,DENY
System Administrator,Product,Intern,Finance System,0,1,3,0,1,0,1,30,1,DENY
DevOps Engineer,Finance,Employee,Production Database,0,1,4,0,1,0,0,7,1,DENY
HR Specialist,Finance,Intern,Project Management System,1,1,1,0,1,0,1,180,0,ALLOW
Software Developer,IT,Contractor,Admin Panel,1,0,4,1,0,1,0,14,1,DENY
DevOps Engineer,Engineering,Employee,Finance System,0,1,3,1,1,0,0,90,0,DENY
Software Developer,HR,Contractor,HR Database,1,1,3,0,1,1,0,60,0,REVIEW
Product Manager,Engineering,Contractor,Production Database,1,0,4,0,0,1,0,60,0,DENY
System Administrator,Finance,Intern,Development Server,0,1,2,1,0,0,1,180,1,DENY
QA Engineer,Engineering,Contractor,HR Database,0,1,3,1,1,1,0,14,0,DENY
Contractor,IT,Contractor,Admin Panel,1,0,4,0,1,1,0,30,0,DENY
HR Specialist,IT,Contractor,Development Server,0,1,2,0,1,1,0,7,0,DENY
QA Engineer,Engineering,Contractor,GitHub Project Alpha,1,1,1,1,1,1,0,7,0,ALLOW
Contractor,Engineering,Intern,GitHub Project Alpha,1,1,1,0,0,0,1,60,0,REVIEW
Software Developer,Product,Contractor,Development Server,0,1,2,0,1,1,0,14,0,DENY
Finance Analyst,IT,Contractor,Production Database,1,0,4,0,0,1,0,90,0,DENY
Contractor,Engineering,Intern,Development Server,1,1,2,1,0,0,1,60,0,REVIEW
QA Engineer,Engineering,Employee,Production Database,1,0,4,1,1,0,0,90,0,DENY
QA Engineer,Product,Intern,Finance System,0,1,3,0,1,0,1,365,0,DENY
Finance Analyst,IT,Contractor,Finance System,0,1,3,1,0,1,0,14,1,DENY
Finance Analyst,Finance,Employee,Project Management System,1,1,1,0,0,0,0,60,0,ALLOW
Finance Analyst,Finance,Intern,Admin Panel,0,0,4,1,0,0,1,7,0,DENY
Contractor,Product,Contractor,Project Management System,1,1,1,0,1,1,0,14,0,ALLOW
Software Developer,Finance,Employee,Project Management System,1,1,1,1,0,0,0,60,0,ALLOW
Product Manager,IT,Intern,HR Database,0,1,3,1,1,0,1,30,0,DENY
Product Manager,IT,Intern,Production Database,1,0,4,0,1,0,1,14,0,DENY
QA Engineer,Engineering,Employee,Development Server,1,1,2,1,0,0,0,180,0,REVIEW
Contractor,HR,Intern,Admin Panel,0,0,4,0,1,0,1,180,0,DENY
Finance Analyst,Product,Employee,Finance System,0,1,3,1,1,0,0,14,0,DENY
Finance Analyst,Finance,Intern,Production Database,0,0,4,0,0,0,1,180,0,DENY
Software Developer,Product,Employee,Development Server,0,1,2,0,0,0,0,180,0,DENY
Software Developer,IT,Employee,GitHub Project Alpha,0,1,1,1,0,0,0,60,0,DENY
DevOps Engineer,HR,Intern,Finance System,0,1,3,0,0,0,1,365,1,DENY
Software Developer,HR,Intern,Finance System,0,1,3,1,1,0,1,30,1,DENY
Software Developer,Product,Intern,Production Database,0,0,4,0,1,0,1,7,1,DENY
DevOps Engineer,HR,Intern,Development Server,0,1,2,0,1,0,1,14,1,DENY
HR Specialist,IT,Intern,Development Server,0,1,2,1,0,0,1,365,0,DENY
Contractor,IT,Contractor,GitHub Project Alpha,0,1,1,0,0,1,0,14,0,DENY
DevOps Engineer,IT,Employee,Development Server,0,1,2,0,1,0,0,30,0,DENY
HR Specialist,HR,Intern,Development Server,0,1,2,0,1,0,1,60,0,DENY
System Administrator,IT,Employee,Finance System,0,1,3,0,0,0,0,7,1,DENY
QA Engineer,HR,Contractor,Admin Panel,0,0,4,0,0,1,0,365,0,DENY
HR Specialist,HR,Employee,Production Database,0,0,4,0,1,0,0,90,1,DENY
Contractor,HR,Intern,Project Management System,1,1,1,1,1,0,1,7,0,ALLOW
Finance Analyst,Finance,Contractor,HR Database,0,1,3,1,0,1,0,180,1,DENY
System Administrator,IT,Employee,Production Database,1,1,4,1,0,0,0,90,1,REVIEW
Product Manager,Finance,Contractor,HR Database,0,1,3,0,0,1,0,365,1,DENY
QA Engineer,Product,Employee,GitHub Project Alpha,1,1,1,0,1,0,0,30,0,ALLOW
Software Developer,Finance,Employee,Admin Panel,0,0,4,0,1,0,0,30,0,DENY
Product Manager,IT,Intern,GitHub Project Alpha,0,1,1,0,0,0,1,365,0,DENY
Product Manager,HR,Intern,Admin Panel,0,0,4,1,0,0,1,14,0,DENY
Software Developer,Product,Intern,Project Management System,1,1,1,1,1,0,1,365,0,ALLOW
Product Manager,IT,Contractor,Finance System,0,1,3,1,0,1,0,365,0,DENY
Contractor,Product,Employee,GitHub Project Alpha,1,1,1,0,0,0,0,90,0,ALLOW
HR Specialist,Product,Contractor,Production Database,0,0,4,1,0,1,0,90,0,DENY
Software Developer,Finance,Intern,Development Server,0,1,2,0,1,0,1,365,0,DENY
DevOps Engineer,IT,Intern,Development Server,0,1,2,0,1,0,1,90,1,DENY
Finance Analyst,Product,Employee,Admin Panel,0,0,4,1,0,0,0,14,0,DENY
QA Engineer,IT,Employee,Admin Panel,1,0,4,0,0,0,0,7,0,DENY
Contractor,HR,Contractor,GitHub Project Alpha,0,1,1,1,1,1,0,60,0,DENY
Software Developer,Product,Intern,Development Server,0,1,2,1,1,0,1,14,0,DENY
QA Engineer,Engineering,Employee,HR Database,0,1,3,1,0,0,0,60,0,DENY
Product Manager,Finance,Intern,Production Database,0,0,4,1,1,0,1,365,0,DENY
DevOps Engineer,Product,Contractor,Admin Panel,0,0,4,0,0,1,0,60,0,DENY
QA Engineer,IT,Intern,Development Server,0,1,2,0,0,0,1,90,0,DENY
DevOps Engineer,IT,Intern,Finance System,0,1,3,1,1,0,1,90,0,DENY
Product Manager,Finance,Employee,HR Database,0,1,3,0,1,0,0,90,0,DENY
System Administrator,Engineering,Intern,Finance System,0,1,3,1,1,0,1,180,0,DENY
QA Engineer,Product,Intern,Finance System,0,1,3,1,1,0,1,90,0,DENY
Finance Analyst,Product,Intern,Development Server,0,1,2,0,0,0,1,180,0,DENY
Software Developer,Finance,Contractor,Development Server,0,1,2,0,0,1,0,365,1,DENY
HR Specialist,Finance,Intern,Finance System,1,1,3,0,0,0,1,180,0,REVIEW
Software Developer,Product,Employee,Production Database,0,0,4,0,1,0,0,365,0,DENY
Contractor,HR,Intern,Admin Panel,0,0,4,1,1,0,1,365,0,DENY
HR Specialist,Finance,Intern,HR Database,0,1,3,1,1,0,1,180,1,DENY
Contractor,Finance,Intern,GitHub Project Alpha,0,1,1,0,1,0,1,180,0,DENY
QA Engineer,Finance,Intern,Development Server,0,1,2,0,1,0,1,90,1,DENY
HR Specialist,HR,Intern,HR Database,1,1,3,0,0,0,1,180,0,REVIEW
QA Engineer,IT,Employee,GitHub Project Alpha,0,1,1,1,0,0,0,180,0,DENY
Contractor,IT,Contractor,Admin Panel,1,0,4,1,0,1,0,180,0,DENY
HR Specialist,Product,Contractor,Development Server,0,1,2,1,1,1,0,60,1,DENY
QA Engineer,HR,Contractor,Production Database,0,0,4,1,1,1,0,180,0,DENY
Software Developer,Product,Contractor,HR Database,0,1,3,0,0,1,0,90,1,DENY
Software Developer,IT,Intern,Admin Panel,1,0,4,0,1,0,1,60,0,DENY
Software Developer,IT,Contractor,Project Management System,1,1,1,0,1,1,0,14,0,ALLOW
Product Manager,HR,Intern,HR Database,1,1,3,0,1,0,1,14,0,REVIEW
Contractor,Product,Employee,Finance System,0,1,3,1,1,0,0,365,1,DENY
DevOps Engineer,HR,Contractor,Admin Panel,0,0,4,1,0,1,0,30,0,DENY
DevOps Engineer,Finance,Employee,Admin Panel,0,0,4,0,1,0,0,14,0,DENY
Contractor,Product,Contractor,Finance System,0,1,3,0,0,1,0,365,0,DENY
Product Manager,HR,Employee,HR Database,1,1,3,0,1,0,0,14,0,REVIEW
DevOps Engineer,HR,Contractor,HR Database,1,1,3,1,0,1,0,180,0,REVIEW
HR Specialist,Finance,Intern,Admin Panel,0,0,4,1,1,0,1,60,0,DENY
Finance Analyst,Product,Contractor,Project Management System,1,1,1,1,0,1,0,30,0,ALLOW
Product Manager,IT,Contractor,Admin Panel,1,0,4,0,0,1,0,14,1,DENY
System Administrator,Engineering,Employee,Finance System,0,1,3,1,1,0,0,14,0,DENY
DevOps Engineer,Engineering,Employee,HR Database,0,1,3,1,1,0,0,30,0,DENY
DevOps Engineer,HR,Employee,Development Server,0,1,2,0,0,0,0,14,0,DENY
Product Manager,IT,Contractor,Admin Panel,1,0,4,0,0,1,0,30,0,DENY
QA Engineer,HR,Intern,HR Database,1,1,3,1,0,0,1,30,1,REVIEW
System Administrator,Product,Employee,Admin Panel,0,1,4,0,1,0,0,180,0,DENY
Product Manager,HR,Intern,Finance System,0,1,3,0,1,0,1,14,0,DENY
System Administrator,Product,Intern,Production Database,0,1,4,0,0,0,1,90,1,DENY
HR Specialist,IT,Contractor,Project Management System,1,1,1,0,1,1,0,14,0,ALLOW
QA Engineer,Finance,Employee,GitHub Project Alpha,0,1,1,1,0,0,0,7,1,DENY
Software Developer,Engineering,Intern,Finance System,0,1,3,0,1,0,1,30,1,DENY
Finance Analyst,IT,Contractor,Production Database,1,0,4,1,1,1,0,90,0,DENY
QA Engineer,HR,Intern,Admin Panel,0,0,4,1,1,0,1,14,1,DENY
DevOps Engineer,Finance,Contractor,GitHub Project Alpha,0,1,1,1,1,1,0,7,0,DENY
QA Engineer,Engineering,Employee,Production Database,1,0,4,0,1,0,0,180,0,DENY
DevOps Engineer,Product,Intern,Admin Panel,0,0,4,0,1,0,1,30,0,DENY
HR Specialist,Finance,Employee,Production Database,0,0,4,0,1,0,0,180,0,DENY
DevOps Engineer,Engineering,Employee,Development Server,1,1,2,1,1,0,0,90,0,ALLOW
Finance Analyst,HR,Contractor,Development Server,0,1,2,0,1,1,0,7,1,DENY
DevOps Engineer,Engineering,Employee,Production Database,1,1,4,1,0,0,0,14,0,REVIEW
Contractor,Product,Intern,Project Management System,1,1,1,1,1,0,1,7,0,ALLOW
Product Manager,HR,Intern,Development Server,0,1,2,1,0,0,1,90,0,DENY
Product Manager,IT,Intern,Finance System,0,1,3,0,1,0,1,90,0,DENY
System Administrator,IT,Intern,Finance System,0,1,3,1,0,0,1,365,0,DENY
QA Engineer,IT,Intern,Finance System,0,1,3,0,0,0,1,365,0,DENY
Finance Analyst,Engineering,Contractor,Finance System,0,1,3,0,1,1,0,7,0,DENY
Finance Analyst,HR,Intern,Admin Panel,0,0,4,1,0,0,1,365,0,DENY
Contractor,Finance,Intern,HR Database,0,1,3,1,1,0,1,90,1,DENY
Contractor,Engineering,Employee,GitHub Project Alpha,1,1,1,0,0,0,0,60,0,ALLOW
Software Developer,Engineering,Contractor,Admin Panel,0,0,4,0,0,1,0,365,1,DENY
Product Manager,HR,Contractor,Project Management System,1,1,1,0,0,1,0,90,0,ALLOW
QA Engineer,IT,Intern,Project Management System,1,1,1,0,0,0,1,7,0,REVIEW
DevOps Engineer,Engineering,Employee,HR Database,0,1,3,1,0,0,0,14,1,DENY
DevOps Engineer,Engineering,Employee,HR Database,0,1,3,0,1,0,0,14,0,DENY
Software Developer,HR,Intern,GitHub Project Alpha,0,1,1,1,1,0,1,365,0,DENY
Software Developer,HR,Intern,GitHub Project Alpha,0,1,1,1,1,0,1,180,1,DENY
Contractor,IT,Intern,Finance System,0,1,3,0,0,0,1,90,0,DENY
DevOps Engineer,Finance,Employee,Production Database,0,1,4,0,0,0,0,60,1,DENY
DevOps Engineer,Engineering,Employee,Finance System,0,1,3,1,1,0,0,60,0,DENY
HR Specialist,IT,Intern,Development Server,0,1,2,1,0,0,1,14,0,DENY
System Administrator,HR,Intern,Project Management System,1,1,1,1,1,0,1,14,0,ALLOW
Finance Analyst,Finance,Employee,Development Server,0,1,2,1,0,0,0,14,0,DENY
System Administrator,Product,Intern,GitHub Project Alpha,1,1,1,1,0,0,1,7,1,REVIEW
HR Specialist,Finance,Employee,GitHub Project Alpha,0,1,1,0,1,0,0,180,0,DENY
HR Specialist,Finance,Employee,GitHub Project Alpha,0,1,1,1,1,0,0,14,0,DENY
Finance Analyst,Engineering,Intern,Admin Panel,0,0,4,0,0,0,1,365,0,DENY
QA Engineer,Product,Contractor,Admin Panel,0,0,4,0,0,1,0,90,1,DENY
Contractor,Product,Intern,HR Database,0,1,3,1,1,0,1,14,1,DENY
Product Manager,HR,Contractor,HR Database,1,1,3,1,0,1,0,14,1,ALLOW
Software Developer,Product,Employee,HR Database,0,1,3,0,0,0,0,180,0,DENY
Finance Analyst,HR,Intern,Admin Panel,0,0,4,0,0,0,1,180,1,DENY
Product Manager,Engineering,Employee,Finance System,0,1,3,1,1,0,0,7,0,DENY
System Administrator,Engineering,Intern,Finance System,0,1,3,1,0,0,1,60,0,DENY
HR Specialist,IT,Intern,Production Database,1,0,4,1,1,0,1,30,0,DENY
HR Specialist,Engineering,Intern,HR Database,0,1,3,1,0,0,1,14,1,DENY
Product Manager,Finance,Contractor,Project Management System,1,1,1,0,1,1,0,7,0,ALLOW
Product Manager,IT,Employee,Production Database,1,0,4,0,0,0,0,90,0,DENY
Contractor,HR,Employee,Finance System,0,1,3,0,0,0,0,365,0,DENY
Finance Analyst,Engineering,Intern,Admin Panel,0,0,4,1,1,0,1,90,1,DENY
Software Developer,Engineering,Employee,Production Database,1,0,4,0,1,0,0,30,0,DENY
Product Manager,Finance,Contractor,HR Database,0,1,3,1,1,1,0,60,1,DENY
Contractor,IT,Intern,Project Management System,1,1,1,0,1,0,1,14,0,ALLOW
Finance Analyst,Engineering,Employee,Production Database,1,0,4,1,1,0,0,60,0,DENY
QA Engineer,Engineering,Employee,HR Database,0,1,3,0,0,0,0,7,0,DENY
DevOps Engineer,Product,Contractor,Finance System,0,1,3,0,0,1,0,14,0,DENY
Contractor,Finance,Contractor,Development Server,0,1,2,1,1,1,0,90,0,DENY
Product Manager,Engineering,Contractor,Admin Panel,0,0,4,1,1,1,0,180,0,DENY
Software Developer,Finance,Employee,HR Database,0,1,3,1,1,0,0,14,1,DENY
DevOps Engineer,HR,Contractor,Finance System,0,1,3,1,1,1,0,90,0,DENY
Product Manager,HR,Contractor,Project Management System,1,1,1,1,1,1,0,365,0,ALLOW
DevOps Engineer,Product,Intern,Admin Panel,0,0,4,1,1,0,1,90,0,DENY
HR Specialist,HR,Intern,Production Database,0,0,4,0,0,0,1,180,0,DENY
Product Manager,Product,Intern,Finance System,0,1,3,1,1,0,1,14,1,DENY
Finance Analyst,Engineering,Contractor,GitHub Project Alpha,1,1,1,1,1,1,0,90,0,ALLOW
DevOps Engineer,Finance,Employee,Project Management System,1,1,1,0,1,0,0,30,0,ALLOW
Contractor,HR,Intern,Production Database,0,0,4,0,0,0,1,180,1,DENY
Software Developer,Finance,Employee,Admin Panel,0,0,4,1,0,0,0,365,1,DENY
QA Engineer,Engineering,Contractor,HR Database,0,1,3,0,1,1,0,180,0,DENY
Software Developer,Finance,Employee,GitHub Project Alpha,0,1,1,1,1,0,0,180,0,DENY
DevOps Engineer,HR,Contractor,Production Database,0,1,4,0,0,1,0,30,0,DENY
HR Specialist,IT,Intern,Production Database,1,0,4,0,0,0,1,180,1,DENY
DevOps Engineer,Finance,Employee,Production Database,0,1,4,0,0,0,0,90,1,DENY
Finance Analyst,Finance,Employee,Admin Panel,0,0,4,0,0,0,0,365,0,DENY
QA Engineer,Finance,Employee,Development Server,0,1,2,0,1,0,0,60,0,DENY
QA Engineer,IT,Employee,Admin Panel,1,0,4,0,0,0,0,90,0,DENY
DevOps Engineer,Product,Contractor,Production Database,0,1,4,0,1,1,0,7,1,DENY
DevOps Engineer,Product,Intern,GitHub Project Alpha,1,1,1,1,0,0,1,365,0,REVIEW
QA Engineer,HR,Employee,HR Database,1,1,3,0,1,0,0,180,0,REVIEW
Product Manager,Engineering,Contractor,Production Database,1,0,4,0,1,1,0,365,1,DENY
QA Engineer,Engineering,Contractor,Admin Panel,0,0,4,0,1,1,0,30,1,DENY
Finance Analyst,Product,Employee,Production Database,0,0,4,1,0,0,0,60,0,DENY
HR Specialist,HR,Employee,HR Database,1,1,3,0,1,0,0,60,0,REVIEW
Software Developer,IT,Intern,Project Management System,1,1,1,0,1,0,1,60,1,ALLOW
QA Engineer,Engineering,Contractor,Development Server,1,1,2,1,0,1,0,90,0,REVIEW
Product Manager,IT,Contractor,Development Server,0,1,2,0,0,1,0,14,0,DENY
HR Specialist,Product,Intern,GitHub Project Alpha,1,1,1,1,1,0,1,14,0,ALLOW
Product Manager,Finance,Intern,GitHub Project Alpha,0,1,1,0,1,0,1,60,1,DENY
Product Manager,Product,Contractor,Admin Panel,0,0,4,0,0,1,0,180,0,DENY
System Administrator,IT,Employee,Project Management System,1,1,1,0,0,0,0,365,0,ALLOW
Product Manager,HR,Contractor,Admin Panel,0,0,4,1,1,1,0,30,0,DENY
Software Developer,HR,Contractor,Project Management System,1,1,1,1,1,1,0,90,1,ALLOW
Finance Analyst,Finance,Intern,Project Management System,1,1,1,1,1,0,1,30,1,ALLOW
Contractor,Finance,Contractor,Project Management System,1,1,1,1,0,1,0,90,0,ALLOW
HR Specialist,Finance,Contractor,Admin Panel,0,0,4,0,0,1,0,90,0,DENY
System Administrator,HR,Contractor,Development Server,0,1,2,1,1,1,0,365,0,DENY
Contractor,Finance,Intern,GitHub Project Alpha,0,1,1,0,1,0,1,14,0,DENY
QA Engineer,Engineering,Employee,Development Server,1,1,2,0,0,0,0,365,0,REVIEW
HR Specialist,Product,Employee,Production Database,0,0,4,1,1,0,0,365,1,DENY
DevOps Engineer,HR,Intern,Production Database,0,1,4,0,0,0,1,180,0,DENY
Software Developer,IT,Intern,Project Management System,1,1,1,1,1,0,1,90,0,ALLOW
HR Specialist,Finance,Contractor,HR Database,0,1,3,1,0,1,0,30,1,DENY
Product Manager,Finance,Employee,HR Database,0,1,3,0,0,0,0,30,1,DENY
Finance Analyst,Engineering,Intern,Development Server,1,1,2,1,0,0,1,7,0,REVIEW
Software Developer,HR,Intern,Admin Panel,0,0,4,1,0,0,1,365,0,DENY
Software Developer,Engineering,Contractor,HR Database,0,1,3,1,1,1,0,60,0,DENY
Finance Analyst,IT,Intern,Finance System,0,1,3,0,0,0,1,30,0,DENY
Contractor,IT,Employee,Production Database,1,0,4,0,1,0,0,7,0,DENY
QA Engineer,IT,Contractor,Production Database,1,0,4,0,0,1,0,7,0,DENY
System Administrator,HR,Employee,Finance System,0,1,3,1,0,0,0,60,1,DENY
DevOps Engineer,Finance,Employee,Development Server,0,1,2,0,1,0,0,180,0,DENY
DevOps Engineer,IT,Employee,Finance System,0,1,3,1,0,0,0,180,0,DENY
System Administrator,Finance,Employee,Finance System,1,1,3,0,0,0,0,60,0,REVIEW
DevOps Engineer,IT,Intern,HR Database,0,1,3,1,1,0,1,30,1,DENY
QA Engineer,Finance,Employee,Admin Panel,0,0,4,0,0,0,0,14,0,DENY
Contractor,Product,Employee,Project Management System,1,1,1,0,1,0,0,7,1,ALLOW
System Administrator,IT,Employee,Project Management System,1,1,1,1,0,0,0,180,1,ALLOW
Product Manager,Finance,Intern,Admin Panel,0,0,4,0,1,0,1,14,0,DENY
HR Specialist,HR,Contractor,Project Management System,1,1,1,0,1,1,0,60,0,ALLOW
Software Developer,Engineering,Intern,Project Management System,1,1,1,0,1,0,1,180,1,ALLOW
QA Engineer,Finance,Employee,Project Management System,1,1,1,0,0,0,0,90,0,ALLOW
Contractor,Product,Intern,HR Database,0,1,3,0,1,0,1,60,0,DENY
Software Developer,IT,Contractor,Project Management System,1,1,1,0,1,1,0,365,0,ALLOW
QA Engineer,Product,Employee,Admin Panel,0,0,4,1,1,0,0,365,0,DENY
Product Manager,IT,Contractor,Production Database,1,0,4,0,1,1,0,14,0,DENY
QA Engineer,Finance,Intern,GitHub Project Alpha,0,1,1,1,1,0,1,90,0,DENY
DevOps Engineer,Finance,Contractor,Development Server,0,1,2,1,1,1,0,30,0,DENY
QA Engineer,Product,Intern,GitHub Project Alpha,1,1,1,0,1,0,1,180,0,ALLOW
HR Specialist,Product,Intern,Finance System,0,1,3,1,0,0,1,180,0,DENY
Software Developer,IT,Intern,HR Database,0,1,3,0,1,0,1,180,0,DENY
Finance Analyst,Engineering,Intern,GitHub Project Alpha,1,1,1,0,0,0,1,14,0,REVIEW
QA Engineer,IT,Intern,Finance System,0,1,3,1,1,0,1,60,0,DENY
QA Engineer,Finance,Contractor,Finance System,1,1,3,0,1,1,0,30,0,REVIEW
Contractor,IT,Intern,Development Server,0,1,2,0,1,0,1,365,0,DENY
QA Engineer,Product,Employee,HR Database,0,1,3,0,1,0,0,90,1,DENY
Software Developer,Finance,Contractor,Development Server,0,1,2,0,1,1,0,14,0,DENY
Finance Analyst,HR,Employee,HR Database,1,1,3,0,1,0,0,30,0,REVIEW
HR Specialist,Product,Employee,Development Server,0,1,2,1,0,0,0,180,0,DENY
Software Developer,HR,Intern,HR Database,1,1,3,1,0,0,1,180,0,REVIEW
Product Manager,Product,Contractor,Admin Panel,0,0,4,1,0,1,0,90,0,DENY
DevOps Engineer,Engineering,Intern,Project Management System,1,1,1,1,1,0,1,7,0,ALLOW
System Administrator,HR,Intern,Production Database,0,1,4,1,0,0,1,30,0,DENY
System Administrator,Product,Employee,HR Database,0,1,3,0,0,0,0,90,0,DENY
System Administrator,IT,Contractor,Production Database,1,1,4,0,1,1,0,7,0,REVIEW
System Administrator,IT,Intern,HR Database,0,1,3,0,0,0,1,90,0,DENY
Contractor,Product,Intern,Project Management System,1,1,1,0,0,0,1,90,0,REVIEW
QA Engineer,Finance,Employee,GitHub Project Alpha,0,1,1,0,1,0,0,14,1,DENY
Finance Analyst,Finance,Intern,Project Management System,1,1,1,0,1,0,1,90,1,ALLOW
QA Engineer,Engineering,Intern,Development Server,1,1,2,0,0,0,1,180,0,REVIEW
Finance Analyst,IT,Employee,Admin Panel,1,0,4,0,0,0,0,90,0,DENY
QA Engineer,Finance,Contractor,GitHub Project Alpha,0,1,1,1,1,1,0,14,1,DENY
System Administrator,IT,Contractor,Production Database,1,1,4,0,0,1,0,365,0,REVIEW
Contractor,Finance,Intern,Project Management System,1,1,1,0,0,0,1,7,1,REVIEW
Software Developer,IT,Employee,Project Management System,1,1,1,0,0,0,0,365,0,ALLOW
Finance Analyst,Product,Employee,Admin Panel,0,0,4,0,1,0,0,180,1,DENY
Product Manager,Product,Employee,Production Database,0,0,4,0,1,0,0,7,1,DENY
Product Manager,Product,Contractor,HR Database,0,1,3,0,0,1,0,60,0,DENY
QA Engineer,Product,Intern,HR Database,0,1,3,0,0,0,1,180,0,DENY
HR Specialist,Product,Contractor,HR Database,0,1,3,0,0,1,0,30,0,DENY
QA Engineer,Finance,Intern,Production Database,0,0,4,0,1,0,1,60,0,DENY
Finance Analyst,Product,Employee,GitHub Project Alpha,1,1,1,1,0,0,0,90,0,ALLOW
System Administrator,IT,Intern,Admin Panel,1,1,4,1,0,0,1,7,1,REVIEW
System Administrator,HR,Contractor,Admin Panel,0,1,4,1,0,1,0,14,0,DENY
Contractor,IT,Contractor,Development Server,0,1,2,0,1,1,0,180,1,DENY
QA Engineer,IT,Contractor,Production Database,1,0,4,1,1,1,0,30,0,DENY
QA Engineer,Product,Employee,Project Management System,1,1,1,1,1,0,0,180,1,ALLOW
System Administrator,HR,Contractor,Project Management System,1,1,1,1,1,1,0,14,0,ALLOW
QA Engineer,Engineering,Intern,Production Database,1,0,4,0,1,0,1,30,0,DENY
Software Developer,HR,Contractor,Finance System,0,1,3,0,1,1,0,30,0,DENY
DevOps Engineer,HR,Employee,Admin Panel,0,0,4,1,0,0,0,30,0,DENY
Product Manager,Engineering,Intern,Admin Panel,0,0,4,1,0,0,1,365,1,DENY
Contractor,Product,Contractor,HR Database,0,1,3,1,1,1,0,60,0,DENY
Finance Analyst,Engineering,Contractor,GitHub Project Alpha,1,1,1,0,0,1,0,14,0,ALLOW
System Administrator,Product,Contractor,GitHub Project Alpha,1,1,1,1,1,1,0,30,0,ALLOW
DevOps Engineer,Product,Employee,Project Management System,1,1,1,1,0,0,0,180,0,ALLOW
Contractor,Product,Contractor,Admin Panel,0,0,4,0,0,1,0,365,0,DENY
QA Engineer,IT,Contractor,HR Database,0,1,3,0,1,1,0,60,1,DENY
Product Manager,HR,Intern,Development Server,0,1,2,1,1,0,1,180,0,DENY
QA Engineer,HR,Contractor,Development Server,0,1,2,1,1,1,0,180,1,DENY
HR Specialist,HR,Contractor,HR Database,1,1,3,0,1,1,0,30,0,REVIEW
QA Engineer,IT,Contractor,Production Database,1,0,4,0,0,1,0,60,1,DENY
DevOps Engineer,HR,Employee,GitHub Project Alpha,0,1,1,1,1,0,0,365,0,DENY
QA Engineer,Product,Intern,Development Server,0,1,2,0,1,0,1,7,0,DENY
Contractor,Engineering,Contractor,Project Management System,1,1,1,1,1,1,0,14,0,ALLOW
System Administrator,Product,Contractor,Production Database,0,1,4,0,1,1,0,60,1,DENY
Software Developer,Finance,Employee,Development Server,0,1,2,1,1,0,0,7,1,DENY
System Administrator,HR,Intern,Finance System,0,1,3,1,0,0,1,365,1,DENY
System Administrator,Product,Employee,Production Database,0,1,4,0,0,0,0,60,0,DENY
QA Engineer,Product,Employee,Finance System,0,1,3,1,1,0,0,365,1,DENY
HR Specialist,Finance,Intern,HR Database,0,1,3,0,0,0,1,180,0,DENY
Product Manager,HR,Contractor,Production Database,0,0,4,0,1,1,0,180,0,DENY
DevOps Engineer,IT,Employee,Development Server,0,1,2,0,1,0,0,7,0,DENY
Contractor,HR,Employee,Finance System,0,1,3,1,1,0,0,90,1,DENY
QA Engineer,IT,Intern,Production Database,1,0,4,0,1,0,1,365,0,DENY
Finance Analyst,IT,Contractor,HR Database,0,1,3,0,1,1,0,180,0,DENY
Contractor,IT,Intern,GitHub Project Alpha,0,1,1,0,0,0,1,30,0,DENY
HR Specialist,Engineering,Employee,Development Server,1,1,2,1,1,0,0,365,0,ALLOW
Product Manager,Finance,Intern,Production Database,0,0,4,0,1,0,1,60,0,DENY
Product Manager,HR,Intern,Production Database,0,0,4,0,1,0,1,180,0,DENY
Software Developer,Finance,Contractor,Production Database,0,0,4,0,0,1,0,90,1,DENY
Product Manager,HR,Contractor,GitHub Project Alpha,0,1,1,1,0,1,0,90,0,DENY
Finance Analyst,Engineering,Contractor,Finance System,0,1,3,0,1,1,0,365,0,DENY
Software Developer,IT,Intern,Finance System,0,1,3,1,1,0,1,365,0,DENY
Product Manager,IT,Employee,Production Database,1,0,4,0,1,0,0,180,1,DENY
DevOps Engineer,Finance,Employee,GitHub Project Alpha,0,1,1,0,0,0,0,7,1,DENY
Finance Analyst,Engineering,Contractor,GitHub Project Alpha,1,1,1,0,1,1,0,30,0,ALLOW
Software Developer,HR,Intern,Admin Panel,0,0,4,0,0,0,1,365,0,DENY
System Administrator,HR,Contractor,Development Server,0,1,2,0,1,1,0,60,0,DENY
Product Manager,Finance,Contractor,Development Server,0,1,2,0,0,1,0,180,0,DENY
QA Engineer,Finance,Employee,Finance System,1,1,3,1,1,0,0,60,1,ALLOW
DevOps Engineer,IT,Intern,Finance System,0,1,3,1,0,0,1,30,0,DENY
Contractor,Product,Employee,Admin Panel,0,0,4,0,0,0,0,90,1,DENY
DevOps Engineer,HR,Employee,Production Database,0,1,4,1,1,0,0,7,0,DENY
Contractor,HR,Employee,Finance System,0,1,3,1,1,0,0,30,0,DENY
Software Developer,IT,Employee,Admin Panel,1,0,4,1,1,0,0,90,1,DENY
Product Manager,IT,Contractor,HR Database,0,1,3,0,1,1,0,14,1,DENY
Finance Analyst,Engineering,Contractor,Admin Panel,0,0,4,0,1,1,0,60,0,DENY
HR Specialist,Finance,Intern,Project Management System,1,1,1,0,1,0,1,30,0,ALLOW
Finance Analyst,HR,Intern,Production Database,0,0,4,0,1,0,1,365,0,DENY
QA Engineer,Engineering,Intern,Development Server,1,1,2,1,1,0,1,60,0,ALLOW
Software Developer,Finance,Contractor,GitHub Project Alpha,0,1,1,0,0,1,0,60,1,DENY
HR Specialist,Product,Employee,Development Server,0,1,2,1,1,0,0,7,1,DENY
HR Specialist,Product,Intern,Project Management System,1,1,1,1,1,0,1,90,0,ALLOW
Software Developer,Engineering,Contractor,Admin Panel,0,0,4,1,0,1,0,30,0,DENY
Product Manager,IT,Contractor,HR Database,0,1,3,0,0,1,0,30,0,DENY
HR Specialist,IT,Contractor,HR Database,0,1,3,0,0,1,0,90,1,DENY
Contractor,HR,Employee,Admin Panel,0,0,4,1,1,0,0,14,0,DENY
Finance Analyst,Finance,Contractor,Finance System,1,1,3,0,1,1,0,30,0,REVIEW
Contractor,Finance,Contractor,Development Server,0,1,2,0,0,1,0,365,0,DENY
DevOps Engineer,IT,Intern,Development Server,0,1,2,1,0,0,1,180,0,DENY
Product Manager,Engineering,Intern,Production Database,1,0,4,0,1,0,1,365,0,DENY
System Administrator,IT,Contractor,Production Database,1,1,4,0,0,1,0,365,1,REVIEW
System Administrator,Product,Contractor,Finance System,0,1,3,1,0,1,0,60,0,DENY
Finance Analyst,Product,Intern,GitHub Project Alpha,1,1,1,1,0,0,1,180,1,REVIEW
Contractor,HR,Contractor,Admin Panel,0,0,4,0,0,1,0,90,1,DENY
Finance Analyst,Product,Intern,Project Management System,1,1,1,0,1,0,1,60,0,ALLOW
Contractor,Product,Employee,GitHub Project Alpha,1,1,1,1,1,0,0,30,0,ALLOW
HR Specialist,Product,Employee,GitHub Project Alpha,1,1,1,1,1,0,0,90,0,ALLOW
Product Manager,HR,Employee,HR Database,1,1,3,1,1,0,0,14,0,ALLOW
Finance Analyst,HR,Employee,GitHub Project Alpha,0,1,1,1,1,0,0,60,0,DENY
Product Manager,HR,Intern,Admin Panel,0,0,4,0,0,0,1,7,1,DENY
QA Engineer,Finance,Intern,Development Server,0,1,2,1,0,0,1,365,0,DENY
Product Manager,Product,Employee,Admin Panel,0,0,4,1,1,0,0,60,0,DENY
Software Developer,Product,Employee,Project Management System,1,1,1,0,0,0,0,365,0,ALLOW
Contractor,Finance,Contractor,Development Server,0,1,2,0,1,1,0,7,0,DENY
QA Engineer,Engineering,Employee,Development Server,1,1,2,1,0,0,0,365,0,REVIEW
DevOps Engineer,Finance,Intern,Finance System,1,1,3,0,0,0,1,14,0,REVIEW
Product Manager,Finance,Employee,Development Server,0,1,2,1,0,0,0,90,0,DENY
System Administrator,Finance,Employee,Project Management System,1,1,1,1,0,0,0,90,0,ALLOW
Contractor,HR,Contractor,Admin Panel,0,0,4,0,1,1,0,14,1,DENY
Contractor,HR,Intern,GitHub Project Alpha,0,1,1,1,1,0,1,365,1,DENY
DevOps Engineer,HR,Employee,Project Management System,1,1,1,1,1,0,0,7,0,ALLOW
Finance Analyst,Engineering,Employee,Project Management System,1,1,1,1,0,0,0,60,0,ALLOW
Finance Analyst,Product,Employee,Admin Panel,0,0,4,1,0,0,0,60,0,DENY
Software Developer,HR,Intern,Project Management System,1,1,1,1,0,0,1,7,0,REVIEW
DevOps Engineer,Finance,Intern,HR Database,0,1,3,0,0,0,1,7,1,DENY
HR Specialist,Finance,Contractor,GitHub Project Alpha,0,1,1,0,0,1,0,30,1,DENY
System Administrator,Product,Employee,Project Management System,1,1,1,0,1,0,0,180,0,ALLOW
DevOps Engineer,HR,Employee,Production Database,0,1,4,0,0,0,0,180,0,DENY
Software Developer,Product,Intern,Finance System,0,1,3,0,0,0,1,180,0,DENY
Finance Analyst,IT,Employee,HR Database,0,1,3,0,1,0,0,90,0,DENY
System Administrator,HR,Contractor,Project Management System,1,1,1,1,1,1,0,365,1,ALLOW
Product Manager,IT,Intern,Production Database,1,0,4,1,0,0,1,90,0,DENY
Contractor,Engineering,Intern,Development Server,1,1,2,1,0,0,1,365,1,ALLOW
HR Specialist,Product,Employee,Project Management System,1,1,1,0,0,0,0,7,1,ALLOW
Contractor,Product,Contractor,Project Management System,1,1,1,0,1,1,0,30,0,ALLOW
Finance Analyst,Engineering,Contractor,HR Database,0,1,3,1,1,1,0,180,1,DENY
Contractor,Finance,Contractor,Admin Panel,0,0,4,1,0,1,0,365,0,DENY
Software Developer,Finance,Contractor,GitHub Project Alpha,0,1,1,1,0,1,0,30,0,DENY
Contractor,IT,Employee,Project Management System,1,1,1,1,1,0,0,7,1,ALLOW
QA Engineer,HR,Intern,Project Management System,1,1,1,1,1,0,1,14,0,ALLOW
DevOps Engineer,HR,Intern,Finance System,0,1,3,1,1,0,1,14,1,DENY
HR Specialist,Product,Employee,Development Server,0,1,2,0,1,0,0,14,0,DENY
Software Developer,Engineering,Employee,Production Database,1,0,4,1,1,0,0,60,0,DENY
Finance Analyst,Product,Intern,Finance System,0,1,3,0,1,0,1,60,1,DENY
Software Developer,IT,Employee,Development Server,0,1,2,0,1,0,0,7,0,DENY
Software Developer,Finance,Contractor,Production Database,0,0,4,1,1,1,0,14,0,DENY
Product Manager,Engineering,Intern,Production Database,1,0,4,0,0,0,1,90,0,DENY
DevOps Engineer,Product,Employee,Production Database,0,1,4,1,1,0,0,180,0,DENY
HR Specialist,Engineering,Intern,Admin Panel,0,0,4,1,1,0,1,180,0,DENY
System Administrator,IT,Employee,GitHub Project Alpha,0,1,1,1,1,0,0,7,0,DENY
Software Developer,Product,Intern,Finance System,0,1,3,1,0,0,1,60,0,DENY
System Administrator,Finance,Employee,Admin Panel,0,1,4,1,0,0,0,30,0,DENY
HR Specialist,HR,Contractor,HR Database,1,1,3,1,1,1,0,14,1,ALLOW
Product Manager,IT,Employee,GitHub Project Alpha,0,1,1,1,1,0,0,7,0,DENY
Contractor,Finance,Contractor,Finance System,1,1,3,1,1,1,0,30,1,ALLOW
QA Engineer,HR,Contractor,HR Database,1,1,3,1,1,1,0,7,1,ALLOW
QA Engineer,HR,Intern,GitHub Project Alpha,0,1,1,1,0,0,1,30,0,DENY
Software Developer,Finance,Intern,Project Management System,1,1,1,0,1,0,1,60,0,ALLOW
Product Manager,Product,Intern,Finance System,0,1,3,1,0,0,1,90,0,DENY
Software Developer,HR,Intern,Finance System,0,1,3,0,0,0,1,30,1,DENY
Product Manager,IT,Contractor,Finance System,0,1,3,0,1,1,0,180,0,DENY
Finance Analyst,Finance,Employee,Development Server,0,1,2,1,0,0,0,180,0,DENY
System Administrator,Engineering,Employee,HR Database,0,1,3,1,1,0,0,90,0,DENY
Contractor,Engineering,Contractor,Admin Panel,0,0,4,1,0,1,0,365,1,DENY
DevOps Engineer,IT,Contractor,HR Database,0,1,3,1,1,1,0,7,0,DENY
QA Engineer,Engineering,Contractor,Development Server,1,1,2,0,1,1,0,180,0,ALLOW
Finance Analyst,Product,Employee,HR Database,0,1,3,1,1,0,0,365,0,DENY
DevOps Engineer,IT,Intern,Project Management System,1,1,1,1,1,0,1,365,1,ALLOW
Product Manager,Finance,Employee,Production Database,0,0,4,0,0,0,0,365,0,DENY
HR Specialist,IT,Employee,Admin Panel,1,0,4,0,0,0,0,30,0,DENY
Software Developer,Engineering,Contractor,Development Server,1,1,2,0,0,1,0,7,0,REVIEW
DevOps Engineer,Finance,Intern,Production Database,0,1,4,0,1,0,1,7,0,DENY
QA Engineer,Engineering,Employee,GitHub Project Alpha,1,1,1,1,1,0,0,30,0,ALLOW
HR Specialist,IT,Employee,Development Server,0,1,2,1,0,0,0,7,0,DENY
System Administrator,Product,Contractor,GitHub Project Alpha,1,1,1,1,0,1,0,60,0,ALLOW
HR Specialist,Engineering,Contractor,HR Database,0,1,3,1,0,1,0,30,0,DENY
QA Engineer,Finance,Employee,Development Server,0,1,2,0,1,0,0,365,0,DENY
Finance Analyst,Finance,Intern,GitHub Project Alpha,0,1,1,0,1,0,1,14,1,DENY
QA Engineer,Engineering,Intern,Production Database,1,0,4,0,1,0,1,90,0,DENY
Software Developer,HR,Employee,GitHub Project Alpha,0,1,1,0,0,0,0,90,1,DENY
System Administrator,Engineering,Employee,Production Database,1,1,4,1,0,0,0,365,0,REVIEW
Finance Analyst,Product,Contractor,Admin Panel,0,0,4,0,0,1,0,14,0,DENY
DevOps Engineer,Finance,Employee,Development Server,0,1,2,1,0,0,0,7,0,DENY
System Administrator,Engineering,Employee,Production Database,1,1,4,0,0,0,0,30,0,REVIEW
Contractor,IT,Employee,GitHub Project Alpha,0,1,1,0,0,0,0,30,0,DENY
DevOps Engineer,IT,Employee,Development Server,0,1,2,1,1,0,0,90,0,DENY
Contractor,IT,Employee,Finance System,0,1,3,0,0,0,0,7,0,DENY
Software Developer,IT,Employee,Finance System,0,1,3,1,1,0,0,30,0,DENY
Software Developer,IT,Contractor,Admin Panel,1,0,4,0,1,1,0,60,0,DENY
Finance Analyst,IT,Intern,Project Management System,1,1,1,0,1,0,1,365,0,ALLOW
DevOps Engineer,IT,Intern,GitHub Project Alpha,0,1,1,0,0,0,1,60,1,DENY
QA Engineer,Engineering,Employee,GitHub Project Alpha,1,1,1,0,1,0,0,7,0,ALLOW
HR Specialist,Finance,Employee,GitHub Project Alpha,0,1,1,0,1,0,0,7,1,DENY
Contractor,IT,Employee,GitHub Project Alpha,0,1,1,1,0,0,0,60,0,DENY
System Administrator,HR,Employee,HR Database,1,1,3,0,1,0,0,180,1,ALLOW
QA Engineer,Finance,Contractor,Development Server,0,1,2,0,0,1,0,30,0,DENY
Software Developer,HR,Contractor,Production Database,0,0,4,0,1,1,0,60,0,DENY
System Administrator,Engineering,Intern,GitHub Project Alpha,1,1,1,0,0,0,1,14,0,REVIEW
QA Engineer,IT,Contractor,GitHub Project Alpha,0,1,1,0,1,1,0,30,0,DENY
System Administrator,IT,Intern,Finance System,0,1,3,1,0,0,1,180,1,DENY
Finance Analyst,Engineering,Contractor,Project Management System,1,1,1,0,1,1,0,30,0,ALLOW
System Administrator,Finance,Intern,Finance System,1,1,3,1,0,0,1,60,0,REVIEW
Software Developer,Product,Intern,GitHub Project Alpha,1,1,1,0,0,0,1,14,1,REVIEW
Software Developer,Engineering,Intern,Project Management System,1,1,1,1,0,0,1,365,0,REVIEW
System Administrator,Product,Contractor,Production Database,0,1,4,1,1,1,0,30,0,DENY
Product Manager,Engineering,Contractor,Finance System,0,1,3,0,1,1,0,30,0,DENY
System Administrator,Product,Contractor,Admin Panel,0,1,4,1,0,1,0,90,0,DENY
DevOps Engineer,Product,Contractor,Admin Panel,0,0,4,1,0,1,0,90,0,DENY
Finance Analyst,Product,Contractor,Production Database,0,0,4,1,1,1,0,30,1,DENY
Software Developer,Product,Contractor,Project Management System,1,1,1,0,0,1,0,60,0,ALLOW
Contractor,Engineering,Contractor,Finance System,0,1,3,1,0,1,0,30,0,DENY
Contractor,IT,Contractor,Project Management System,1,1,1,1,0,1,0,30,0,ALLOW
Software Developer,Finance,Intern,GitHub Project Alpha,0,1,1,1,1,0,1,14,0,DENY
DevOps Engineer,Engineering,Employee,Project Management System,1,1,1,1,1,0,0,14,1,ALLOW
Finance Analyst,Engineering,Intern,Production Database,1,0,4,0,1,0,1,365,1,DENY
Contractor,Finance,Intern,Production Database,0,0,4,0,1,0,1,7,0,DENY
HR Specialist,IT,Intern,Production Database,1,0,4,1,1,0,1,14,0,DENY
System Administrator,Engineering,Employee,Development Server,1,1,2,1,0,0,0,90,1,ALLOW
QA Engineer,Finance,Contractor,Development Server,0,1,2,0,0,1,0,90,0,DENY
HR Specialist,Finance,Employee,Finance System,1,1,3,0,1,0,0,90,0,REVIEW
DevOps Engineer,IT,Employee,Admin Panel,1,0,4,1,1,0,0,60,0,DENY
Finance Analyst,Engineering,Contractor,Admin Panel,0,0,4,0,1,1,0,180,0,DENY
Software Developer,IT,Contractor,Production Database,1,0,4,0,1,1,0,60,0,DENY
Finance Analyst,Product,Employee,Production Database,0,0,4,0,1,0,0,180,1,DENY
System Administrator,Finance,Intern,GitHub Project Alpha,0,1,1,1,0,0,1,60,0,DENY
HR Specialist,Product,Contractor,Admin Panel,0,0,4,0,1,1,0,7,1,DENY
DevOps Engineer,Finance,Contractor,Project Management System,1,1,1,0,1,1,0,30,1,ALLOW
Contractor,Finance,Employee,Project Management System,1,1,1,0,0,0,0,90,1,ALLOW
Software Developer,HR,Employee,HR Database,1,1,3,1,1,0,0,7,1,ALLOW
Contractor,Product,Contractor,Admin Panel,0,0,4,0,0,1,0,60,0,DENY
HR Specialist,IT,Employee,GitHub Project Alpha,0,1,1,0,0,0,0,180,0,DENY
Product Manager,Finance,Intern,Production Database,0,0,4,0,0,0,1,365,1,DENY
Software Developer,Product,Contractor,HR Database,0,1,3,0,0,1,0,365,0,DENY
Product Manager,IT,Intern,Admin Panel,1,0,4,0,1,0,1,7,0,DENY
DevOps Engineer,Engineering,Employee,Finance System,0,1,3,0,0,0,0,180,0,DENY
Product Manager,Engineering,Employee,Admin Panel,0,0,4,0,1,0,0,30,1,DENY
DevOps Engineer,HR,Intern,Admin Panel,0,0,4,0,1,0,1,365,1,DENY
QA Engineer,Product,Contractor,Admin Panel,0,0,4,0,1,1,0,14,0,DENY
Software Developer,Engineering,Intern,GitHub Project Alpha,1,1,1,0,1,0,1,7,0,ALLOW
HR Specialist,IT,Intern,Production Database,1,0,4,0,1,0,1,7,0,DENY
System Administrator,Engineering,Intern,GitHub Project Alpha,1,1,1,1,0,0,1,30,0,REVIEW
HR Specialist,Engineering,Contractor,Project Management System,1,1,1,1,0,1,0,180,1,ALLOW
DevOps Engineer,Product,Intern,Admin Panel,0,0,4,0,0,0,1,180,0,DENY
Finance Analyst,HR,Contractor,GitHub Project Alpha,0,1,1,1,0,1,0,90,0,DENY
Product Manager,Engineering,Contractor,Project Management System,1,1,1,1,0,1,0,180,1,ALLOW
Finance Analyst,HR,Contractor,GitHub Project Alpha,0,1,1,0,1,1,0,180,0,DENY
Contractor,Finance,Employee,Finance System,1,1,3,0,0,0,0,180,0,REVIEW
Finance Analyst,Engineering,Employee,GitHub Project Alpha,1,1,1,1,1,0,0,365,1,ALLOW
System Administrator,HR,Contractor,Project Management System,1,1,1,0,1,1,0,30,1,ALLOW
Software Developer,Finance,Contractor,Production Database,0,0,4,0,0,1,0,7,0,DENY
System Administrator,IT,Intern,Production Database,1,1,4,1,0,0,1,90,1,REVIEW
System Administrator,IT,Contractor,Production Database,1,1,4,1,1,1,0,7,0,REVIEW
System Administrator,IT,Employee,Finance System,0,1,3,0,0,0,0,7,0,DENY
Finance Analyst,Engineering,Intern,Development Server,1,1,2,1,1,0,1,365,0,ALLOW
Product Manager,Engineering,Contractor,GitHub Project Alpha,1,1,1,1,1,1,0,14,0,ALLOW
Product Manager,Product,Employee,Project Management System,1,1,1,0,0,0,0,7,0,ALLOW
Product Manager,HR,Contractor,Admin Panel,0,0,4,1,0,1,0,14,0,DENY
Contractor,Engineering,Intern,Finance System,0,1,3,0,1,0,1,30,0,DENY
Product Manager,IT,Intern,HR Database,0,1,3,0,1,0,1,60,0,DENY
System Administrator,Product,Contractor,Production Database,0,1,4,0,0,1,0,14,0,DENY
DevOps Engineer,HR,Intern,Development Server,0,1,2,1,0,0,1,180,0,DENY
HR Specialist,Engineering,Employee,HR Database,0,1,3,1,1,0,0,14,0,DENY
Product Manager,Product,Contractor,Development Server,0,1,2,1,0,1,0,14,0,DENY
Software Developer,HR,Intern,Production Database,0,0,4,1,1,0,1,14,0,DENY
System Administrator,IT,Contractor,GitHub Project Alpha,0,1,1,0,1,1,0,180,0,DENY
System Administrator,Product,Contractor,Production Database,0,1,4,0,0,1,0,365,0,DENY
HR Specialist,HR,Intern,Production Database,0,0,4,1,1,0,1,14,0,DENY
System Administrator,HR,Intern,Development Server,0,1,2,1,1,0,1,30,1,DENY
System Administrator,Product,Intern,Admin Panel,0,1,4,1,0,0,1,60,1,DENY
Product Manager,Product,Contractor,Admin Panel,0,0,4,1,0,1,0,365,0,DENY
Contractor,Engineering,Contractor,Project Management System,1,1,1,1,0,1,0,90,1,ALLOW
Contractor,Finance,Intern,Admin Panel,0,0,4,0,0,0,1,30,1,DENY
DevOps Engineer,HR,Employee,GitHub Project Alpha,0,1,1,1,1,0,0,7,0,DENY
DevOps Engineer,IT,Contractor,Project Management System,1,1,1,0,1,1,0,180,0,ALLOW
Product Manager,HR,Contractor,Admin Panel,0,0,4,0,1,1,0,90,0,DENY
System Administrator,Finance,Intern,GitHub Project Alpha,0,1,1,1,0,0,1,7,1,DENY
DevOps Engineer,Product,Contractor,Finance System,0,1,3,0,1,1,0,180,0,DENY
System Administrator,HR,Intern,Development Server,0,1,2,0,1,0,1,14,0,DENY
DevOps Engineer,Engineering,Contractor,HR Database,0,1,3,1,1,1,0,30,0,DENY
Finance Analyst,Product,Contractor,HR Database,0,1,3,1,1,1,0,365,0,DENY
Finance Analyst,Finance,Contractor,Finance System,1,1,3,0,1,1,0,90,1,ALLOW
Contractor,Finance,Contractor,HR Database,0,1,3,0,0,1,0,30,0,DENY
Product Manager,IT,Employee,GitHub Project Alpha,0,1,1,0,0,0,0,180,0,DENY
QA Engineer,Finance,Employee,GitHub Project Alpha,0,1,1,1,1,0,0,180,0,DENY
QA Engineer,IT,Intern,Development Server,0,1,2,0,0,0,1,14,0,DENY
Software Developer,IT,Employee,Admin Panel,1,0,4,1,1,0,0,365,0,DENY
Contractor,HR,Employee,Finance System,0,1,3,0,0,0,0,7,0,DENY
Software Developer,Product,Intern,GitHub Project Alpha,1,1,1,1,0,0,1,90,0,REVIEW
QA Engineer,HR,Intern,GitHub Project Alpha,0,1,1,0,1,0,1,180,1,DENY
Contractor,Engineering,Contractor,Production Database,1,0,4,1,1,1,0,30,0,DENY
HR Specialist,Finance,Contractor,Development Server,0,1,2,0,0,1,0,180,0,DENY
DevOps Engineer,Finance,Contractor,HR Database,0,1,3,1,1,1,0,14,0,DENY
HR Specialist,HR,Employee,Project Management System,1,1,1,0,1,0,0,60,1,ALLOW
DevOps Engineer,Finance,Employee,Admin Panel,0,0,4,0,1,0,0,365,1,DENY
Software Developer,Engineering,Contractor,Production Database,1,0,4,1,1,1,0,90,0,DENY
Product Manager,Finance,Intern,GitHub Project Alpha,0,1,1,1,1,0,1,60,1,DENY
QA Engineer,HR,Employee,Project Management System,1,1,1,0,1,0,0,60,0,ALLOW
Software Developer,Product,Contractor,Finance System,0,1,3,0,1,1,0,14,0,DENY
DevOps Engineer,Engineering,Employee,Development Server,1,1,2,0,0,0,0,365,0,REVIEW
QA Engineer,HR,Intern,HR Database,1,1,3,0,1,0,1,90,0,REVIEW
Contractor,Product,Intern,Development Server,0,1,2,0,0,0,1,60,0,DENY
HR Specialist,IT,Employee,HR Database,0,1,3,0,1,0,0,14,1,DENY
DevOps Engineer,IT,Intern,Finance System,0,1,3,0,1,0,1,14,0,DENY
Contractor,HR,Employee,GitHub Project Alpha,0,1,1,0,0,0,0,365,1,DENY
DevOps Engineer,Engineering,Employee,HR Database,0,1,3,1,0,0,0,180,0,DENY
HR Specialist,Product,Employee,HR Database,0,1,3,1,0,0,0,60,1,DENY
System Administrator,Product,Contractor,Finance System,0,1,3,1,0,1,0,180,0,DENY
DevOps Engineer,Product,Contractor,GitHub Project Alpha,1,1,1,0,0,1,0,60,1,ALLOW
Contractor,HR,Employee,HR Database,1,1,3,1,0,0,0,90,0,REVIEW
Software Developer,Engineering,Contractor,HR Database,0,1,3,0,1,1,0,180,0,DENY
Software Developer,Engineering,Contractor,Finance System,0,1,3,0,0,1,0,90,0,DENY
HR Specialist,Engineering,Employee,Production Database,1,0,4,0,1,0,0,14,1,DENY
DevOps Engineer,HR,Employee,HR Database,1,1,3,0,1,0,0,14,0,REVIEW
Finance Analyst,IT,Contractor,Finance System,0,1,3,1,0,1,0,365,0,DENY
Software Developer,HR,Intern,Finance System,0,1,3,0,1,0,1,30,0,DENY
QA Engineer,HR,Contractor,Production Database,0,0,4,0,0,1,0,90,1,DENY
Product Manager,IT,Contractor,Development Server,0,1,2,0,0,1,0,180,0,DENY
Finance Analyst,IT,Intern,Finance System,0,1,3,0,1,0,1,60,0,DENY
HR Specialist,Engineering,Intern,Production Database,1,0,4,0,1,0,1,60,0,DENY
QA Engineer,HR,Employee,Finance System,0,1,3,1,0,0,0,14,0,DENY
Software Developer,Engineering,Employee,Project Management System,1,1,1,0,1,0,0,180,0,ALLOW
QA Engineer,IT,Intern,Development Server,0,1,2,0,0,0,1,7,1,DENY
DevOps Engineer,Product,Contractor,Finance System,0,1,3,1,0,1,0,365,1,DENY
Product Manager,HR,Contractor,Development Server,0,1,2,1,1,1,0,30,0,DENY
Contractor,Finance,Contractor,Admin Panel,0,0,4,0,0,1,0,60,0,DENY
System Administrator,IT,Contractor,Admin Panel,1,1,4,0,1,1,0,30,0,REVIEW
System Administrator,Product,Intern,Project Management System,1,1,1,1,1,0,1,30,0,ALLOW
System Administrator,IT,Contractor,Admin Panel,1,1,4,0,0,1,0,180,1,REVIEW
Software Developer,HR,Intern,Development Server,0,1,2,1,1,0,1,60,1,DENY
DevOps Engineer,IT,Intern,Finance System,0,1,3,0,0,0,1,14,1,DENY
HR Specialist,Finance,Intern,Admin Panel,0,0,4,0,1,0,1,14,1,DENY
Software Developer,Product,Employee,Development Server,0,1,2,1,0,0,0,180,0,DENY
Software Developer,IT,Intern,Development Server,0,1,2,0,1,0,1,180,1,DENY
Contractor,Product,Contractor,Admin Panel,0,0,4,0,0,1,0,30,0,DENY
Software Developer,Finance,Intern,Finance System,1,1,3,0,1,0,1,14,0,REVIEW
HR Specialist,HR,Contractor,GitHub Project Alpha,0,1,1,0,0,1,0,14,0,DENY
Product Manager,IT,Contractor,GitHub Project Alpha,0,1,1,1,0,1,0,90,0,DENY
QA Engineer,IT,Intern,Production Database,1,0,4,1,1,0,1,60,0,DENY
Product Manager,HR,Employee,Production Database,0,0,4,0,1,0,0,365,1,DENY
DevOps Engineer,Engineering,Employee,Finance System,0,1,3,0,0,0,0,7,0,DENY
Contractor,IT,Intern,GitHub Project Alpha,0,1,1,1,1,0,1,14,0,DENY
QA Engineer,HR,Contractor,Finance System,0,1,3,1,1,1,0,30,0,DENY
QA Engineer,HR,Contractor,GitHub Project Alpha,0,1,1,1,1,1,0,60,0,DENY
HR Specialist,HR,Contractor,Production Database,0,0,4,0,1,1,0,14,0,DENY
Contractor,Engineering,Intern,Project Management System,1,1,1,1,0,0,1,90,0,REVIEW
DevOps Engineer,IT,Intern,Admin Panel,1,0,4,1,0,0,1,14,1,DENY
Finance Analyst,Engineering,Employee,Development Server,1,1,2,1,1,0,0,90,1,ALLOW
HR Specialist,HR,Employee,Project Management System,1,1,1,0,1,0,0,90,0,ALLOW
DevOps Engineer,Finance,Contractor,Production Database,0,1,4,0,1,1,0,30,0,DENY
Contractor,HR,Intern,Development Server,0,1,2,0,0,0,1,30,0,DENY
System Administrator,Finance,Intern,Admin Panel,0,1,4,0,0,0,1,60,1,DENY
HR Specialist,Product,Intern,GitHub Project Alpha,1,1,1,1,0,0,1,30,0,REVIEW
QA Engineer,Engineering,Contractor,HR Database,0,1,3,0,1,1,0,30,1,DENY
Product Manager,Product,Employee,HR Database,0,1,3,1,0,0,0,365,0,DENY
DevOps Engineer,Finance,Contractor,HR Database,0,1,3,0,0,1,0,30,1,DENY
HR Specialist,Engineering,Employee,Admin Panel,0,0,4,1,1,0,0,365,0,DENY
Product Manager,HR,Intern,HR Database,1,1,3,0,1,0,1,90,0,REVIEW
DevOps Engineer,Product,Employee,Project Management System,1,1,1,0,0,0,0,90,0,ALLOW
Contractor,Engineering,Contractor,GitHub Project Alpha,1,1,1,1,1,1,0,180,0,ALLOW
Product Manager,Finance,Employee,Finance System,1,1,3,1,1,0,0,365,1,ALLOW
DevOps Engineer,HR,Employee,Development Server,0,1,2,1,1,0,0,90,0,DENY
DevOps Engineer,IT,Intern,Production Database,1,1,4,1,1,0,1,180,0,REVIEW
System Administrator,Engineering,Contractor,Finance System,0,1,3,0,0,1,0,30,1,DENY
HR Specialist,HR,Employee,Project Management System,1,1,1,1,1,0,0,90,1,ALLOW
Product Manager,HR,Employee,GitHub Project Alpha,0,1,1,1,1,0,0,30,0,DENY
QA Engineer,Product,Intern,HR Database,0,1,3,1,0,0,1,60,0,DENY
QA Engineer,Finance,Employee,Production Database,0,0,4,1,0,0,0,30,1,DENY
DevOps Engineer,HR,Intern,Finance System,0,1,3,1,1,0,1,90,0,DENY
Product Manager,Product,Employee,Project Management System,1,1,1,1,1,0,0,180,0,ALLOW
System Administrator,IT,Employee,Development Server,0,1,2,0,0,0,0,90,1,DENY
Product Manager,Finance,Contractor,Project Management System,1,1,1,0,1,1,0,30,1,ALLOW
System Administrator,Finance,Intern,HR Database,0,1,3,0,0,0,1,60,0,DENY
QA Engineer,IT,Intern,Finance System,0,1,3,1,0,0,1,7,0,DENY
Contractor,Product,Intern,Development Server,0,1,2,0,1,0,1,14,0,DENY
Product Manager,Engineering,Intern,Production Database,1,0,4,0,1,0,1,365,1,DENY
Finance Analyst,Finance,Contractor,GitHub Project Alpha,0,1,1,1,1,1,0,60,0,DENY
Software Developer,Product,Intern,Project Management System,1,1,1,0,0,0,1,365,0,REVIEW
HR Specialist,Product,Contractor,HR Database,0,1,3,1,1,1,0,30,0,DENY
Product Manager,HR,Contractor,HR Database,1,1,3,1,1,1,0,14,1,ALLOW
HR Specialist,Product,Intern,HR Database,0,1,3,0,0,0,1,90,0,DENY
DevOps Engineer,HR,Employee,Development Server,0,1,2,1,1,0,0,7,1,DENY
DevOps Engineer,Engineering,Intern,Production Database,1,1,4,0,1,0,1,180,0,REVIEW
Software Developer,Product,Intern,HR Database,0,1,3,1,1,0,1,7,0,DENY
Software Developer,Engineering,Employee,Production Database,1,0,4,1,1,0,0,90,0,DENY
Software Developer,IT,Contractor,Project Management System,1,1,1,1,1,1,0,30,0,ALLOW
Finance Analyst,Product,Employee,HR Database,0,1,3,0,0,0,0,30,1,DENY
QA Engineer,Product,Contractor,Admin Panel,0,0,4,0,1,1,0,30,0,DENY
Finance Analyst,Finance,Intern,Project Management System,1,1,1,1,0,0,1,365,0,REVIEW
System Administrator,IT,Contractor,HR Database,0,1,3,0,0,1,0,30,0,DENY
QA Engineer,Finance,Intern,Development Server,0,1,2,0,0,0,1,60,0,DENY
HR Specialist,IT,Intern,Development Server,0,1,2,0,1,0,1,30,0,DENY
DevOps Engineer,HR,Employee,Admin Panel,0,0,4,1,1,0,0,365,0,DENY
Product Manager,Product,Employee,GitHub Project Alpha,1,1,1,1,1,0,0,14,1,ALLOW
Finance Analyst,Engineering,Contractor,Finance System,0,1,3,0,0,1,0,30,0,DENY
Software Developer,Engineering,Contractor,GitHub Project Alpha,1,1,1,1,1,1,0,180,0,ALLOW
Product Manager,Finance,Contractor,Admin Panel,0,0,4,0,1,1,0,14,1,DENY
QA Engineer,Finance,Contractor,Project Management System,1,1,1,0,1,1,0,14,0,ALLOW
DevOps Engineer,Finance,Contractor,GitHub Project Alpha,0,1,1,1,0,1,0,7,1,DENY
Finance Analyst,HR,Employee,Finance System,0,1,3,0,1,0,0,90,0,DENY
Contractor,HR,Contractor,HR Database,1,1,3,1,0,1,0,180,1,ALLOW
Finance Analyst,Engineering,Intern,Admin Panel,0,0,4,0,1,0,1,7,0,DENY
Software Developer,Finance,Intern,GitHub Project Alpha,0,1,1,0,0,0,1,60,0,DENY
DevOps Engineer,IT,Employee,Finance System,0,1,3,0,1,0,0,7,0,DENY
Finance Analyst,IT,Intern,Development Server,0,1,2,1,1,0,1,60,0,DENY
Product Manager,Engineering,Intern,Development Server,1,1,2,0,0,0,1,60,0,REVIEW
Software Developer,HR,Contractor,Admin Panel,0,0,4,0,1,1,0,90,1,DENY
Product Manager,Finance,Intern,Admin Panel,0,0,4,1,0,0,1,30,0,DENY
Software Developer,HR,Employee,Admin Panel,0,0,4,0,1,0,0,365,0,DENY
Product Manager,Product,Contractor,HR Database,0,1,3,0,1,1,0,365,1,DENY
Software Developer,HR,Contractor,GitHub Project Alpha,0,1,1,0,1,1,0,7,0,DENY
DevOps Engineer,IT,Contractor,Development Server,0,1,2,0,0,1,0,90,1,DENY
Product Manager,Engineering,Contractor,Finance System,0,1,3,1,1,1,0,60,1,DENY
DevOps Engineer,Engineering,Contractor,Project Management System,1,1,1,0,0,1,0,90,1,ALLOW
QA Engineer,Engineering,Employee,Project Management System,1,1,1,1,1,0,0,30,1,ALLOW
System Administrator,IT,Intern,Development Server,0,1,2,0,0,0,1,30,0,DENY
Product Manager,Product,Employee,Admin Panel,0,0,4,1,0,0,0,180,0,DENY
QA Engineer,Finance,Contractor,Admin Panel,0,0,4,0,0,1,0,180,1,DENY
System Administrator,Engineering,Intern,GitHub Project Alpha,1,1,1,0,0,0,1,60,1,REVIEW
Software Developer,Finance,Employee,Admin Panel,0,0,4,1,0,0,0,7,1,DENY
Contractor,Finance,Intern,Finance System,1,1,3,0,1,0,1,14,0,REVIEW
Finance Analyst,HR,Employee,Finance System,0,1,3,0,0,0,0,365,0,DENY
DevOps Engineer,Engineering,Employee,Admin Panel,0,0,4,1,0,0,0,90,1,DENY
System Administrator,Finance,Employee,GitHub Project Alpha,0,1,1,1,0,0,0,60,1,DENY
Product Manager,HR,Employee,Admin Panel,0,0,4,1,1,0,0,30,1,DENY
Product Manager,Finance,Employee,Admin Panel,0,0,4,0,1,0,0,7,0,DENY
Finance Analyst,HR,Contractor,Finance System,0,1,3,1,0,1,0,60,1,DENY
Product Manager,IT,Contractor,Production Database,1,0,4,0,0,1,0,180,0,DENY
System Administrator,Engineering,Intern,Admin Panel,0,1,4,1,0,0,1,7,0,DENY
Product Manager,Product,Contractor,HR Database,0,1,3,1,1,1,0,7,0,DENY
System Administrator,IT,Employee,Development Server,0,1,2,1,0,0,0,30,1,DENY
HR Specialist,Engineering,Employee,Production Database,1,0,4,0,1,0,0,365,0,DENY
DevOps Engineer,IT,Intern,Project Management System,1,1,1,1,1,0,1,30,0,ALLOW
Product Manager,Product,Intern,HR Database,0,1,3,1,1,0,1,30,1,DENY
Finance Analyst,Engineering,Contractor,Finance System,0,1,3,1,0,1,0,365,0,DENY
QA Engineer,Product,Intern,Finance System,0,1,3,0,1,0,1,180,0,DENY
DevOps Engineer,Product,Intern,Production Database,0,1,4,0,0,0,1,365,1,DENY
DevOps Engineer,IT,Contractor,HR Database,0,1,3,1,1,1,0,180,1,DENY
DevOps Engineer,Product,Intern,Production Database,0,1,4,0,0,0,1,7,0,DENY
Contractor,Finance,Contractor,Production Database,0,0,4,0,1,1,0,30,0,DENY
QA Engineer,HR,Employee,Production Database,0,0,4,0,0,0,0,60,1,DENY
HR Specialist,HR,Intern,Development Server,0,1,2,0,0,0,1,60,0,DENY
DevOps Engineer,Finance,Employee,Project Management System,1,1,1,0,0,0,0,90,0,ALLOW
Finance Analyst,IT,Contractor,Production Database,1,0,4,0,0,1,0,7,0,DENY
HR Specialist,IT,Employee,Production Database,1,0,4,1,0,0,0,60,0,DENY
Software Developer,Engineering,Employee,Production Database,1,0,4,1,0,0,0,60,1,DENY
Contractor,Finance,Employee,Development Server,0,1,2,0,1,0,0,180,0,DENY
HR Specialist,Finance,Contractor,Project Management System,1,1,1,0,0,1,0,365,0,ALLOW
Contractor,IT,Intern,GitHub Project Alpha,0,1,1,0,1,0,1,90,0,DENY
HR Specialist,Product,Employee,Development Server,0,1,2,0,1,0,0,365,0,DENY
Finance Analyst,Finance,Intern,Finance System,1,1,3,1,1,0,1,7,0,REVIEW
QA Engineer,Engineering,Contractor,Finance System,0,1,3,0,1,1,0,14,0,DENY
System Administrator,Finance,Intern,Production Database,0,1,4,0,1,0,1,60,0,DENY
System Administrator,HR,Employee,Finance System,0,1,3,0,1,0,0,60,0,DENY
Finance Analyst,Engineering,Contractor,HR Database,0,1,3,0,0,1,0,365,0,DENY
System Administrator,Product,Intern,Finance System,0,1,3,1,1,0,1,7,0,DENY
DevOps Engineer,Product,Contractor,HR Database,0,1,3,1,1,1,0,60,0,DENY
QA Engineer,Finance,Intern,Development Server,0,1,2,0,0,0,1,90,0,DENY
Product Manager,Engineering,Intern,Development Server,1,1,2,1,0,0,1,14,0,REVIEW
System Administrator,HR,Contractor,Finance System,0,1,3,0,1,1,0,30,0,DENY
HR Specialist,Engineering,Intern,HR Database,0,1,3,0,1,0,1,90,0,DENY
DevOps Engineer,Finance,Contractor,Development Server,0,1,2,1,0,1,0,60,0,DENY
Contractor,IT,Contractor,Development Server,0,1,2,1,1,1,0,7,1,DENY
Product Manager,IT,Employee,GitHub Project Alpha,0,1,1,0,1,0,0,180,0,DENY
Finance Analyst,Product,Employee,Admin Panel,0,0,4,0,0,0,0,14,0,DENY
QA Engineer,IT,Employee,Admin Panel,1,0,4,1,1,0,0,14,1,DENY
Product Manager,IT,Employee,HR Database,0,1,3,1,1,0,0,14,1,DENY
QA Engineer,IT,Contractor,Finance System,0,1,3,0,0,1,0,365,0,DENY
Contractor,Finance,Employee,Admin Panel,0,0,4,1,1,0,0,30,1,DENY
QA Engineer,HR,Employee,Admin Panel,0,0,4,0,0,0,0,60,0,DENY
System Administrator,Product,Employee,GitHub Project Alpha,1,1,1,1,1,0,0,365,1,ALLOW
Contractor,IT,Intern,Development Server,0,1,2,0,1,0,1,180,0,DENY
System Administrator,IT,Intern,Development Server,0,1,2,0,0,0,1,30,1,DENY
Contractor,Finance,Employee,Development Server,0,1,2,0,1,0,0,90,0,DENY
HR Specialist,Engineering,Employee,Development Server,1,1,2,1,1,0,0,90,0,ALLOW
Software Developer,Engineering,Employee,Project Management System,1,1,1,0,0,0,0,30,0,ALLOW
DevOps Engineer,Finance,Intern,HR Database,0,1,3,0,1,0,1,30,0,DENY
QA Engineer,HR,Contractor,Development Server,0,1,2,0,1,1,0,14,0,DENY
QA Engineer,IT,Contractor,Production Database,1,0,4,1,0,1,0,90,0,DENY
QA Engineer,IT,Contractor,Project Management System,1,1,1,0,0,1,0,60,0,ALLOW
Finance Analyst,Finance,Intern,Finance System,1,1,3,0,1,0,1,180,0,REVIEW
Product Manager,Product,Intern,HR Database,0,1,3,1,1,0,1,14,0,DENY
QA Engineer,IT,Contractor,Development Server,0,1,2,1,1,1,0,365,1,DENY
Contractor,Engineering,Contractor,HR Database,0,1,3,1,0,1,0,14,1,DENY
QA Engineer,Engineering,Contractor,Project Management System,1,1,1,0,1,1,0,180,0,ALLOW
Software Developer,IT,Intern,GitHub Project Alpha,0,1,1,0,0,0,1,365,0,DENY
Finance Analyst,IT,Employee,Finance System,0,1,3,0,0,0,0,30,1,DENY
Contractor,IT,Employee,Development Server,0,1,2,0,1,0,0,14,0,DENY
QA Engineer,Finance,Intern,Admin Panel,0,0,4,1,1,0,1,30,1,DENY
Finance Analyst,Engineering,Contractor,Project Management System,1,1,1,0,0,1,0,90,1,ALLOW
HR Specialist,Finance,Employee,Admin Panel,0,0,4,0,1,0,0,14,0,DENY
HR Specialist,HR,Employee,HR Database,1,1,3,0,1,0,0,90,1,ALLOW
QA Engineer,Finance,Employee,Project Management System,1,1,1,1,1,0,0,180,0,ALLOW
Product Manager,Finance,Contractor,Development Server,0,1,2,1,0,1,0,60,0,DENY
QA Engineer,IT,Contractor,Development Server,0,1,2,1,1,1,0,60,0,DENY
Contractor,HR,Intern,Finance System,0,1,3,1,1,0,1,30,0,DENY
DevOps Engineer,IT,Employee,Project Management System,1,1,1,1,0,0,0,14,0,ALLOW
DevOps Engineer,IT,Contractor,Admin Panel,1,0,4,0,1,1,0,30,0,DENY
Software Developer,HR,Employee,Finance System,0,1,3,1,1,0,0,30,0,DENY
Finance Analyst,Engineering,Employee,Production Database,1,0,4,1,1,0,0,14,1,DENY
System Administrator,Product,Employee,Production Database,0,1,4,0,1,0,0,7,0,DENY
Finance Analyst,Engineering,Employee,HR Database,0,1,3,1,1,0,0,14,1,DENY
Product Manager,Engineering,Employee,GitHub Project Alpha,1,1,1,1,1,0,0,180,1,ALLOW
HR Specialist,Product,Intern,GitHub Project Alpha,1,1,1,1,1,0,1,90,0,ALLOW
Contractor,Product,Intern,Development Server,0,1,2,0,0,0,1,90,0,DENY
System Administrator,IT,Contractor,HR Database,0,1,3,0,1,1,0,30,1,DENY
Contractor,Product,Intern,Admin Panel,0,0,4,1,0,0,1,365,0,DENY
Software Developer,Product,Employee,HR Database,0,1,3,0,1,0,0,60,0,DENY
DevOps Engineer,Product,Employee,Production Database,0,1,4,1,1,0,0,30,0,DENY
Finance Analyst,Finance,Employee,GitHub Project Alpha,0,1,1,1,0,0,0,7,0,DENY
HR Specialist,HR,Contractor,Finance System,0,1,3,0,0,1,0,60,1,DENY
DevOps Engineer,Product,Employee,Project Management System,1,1,1,0,1,0,0,30,0,ALLOW
System Administrator,Product,Contractor,GitHub Project Alpha,1,1,1,0,1,1,0,365,0,ALLOW
HR Specialist,HR,Contractor,Production Database,0,0,4,0,0,1,0,30,0,DENY
Software Developer,Finance,Intern,Production Database,0,0,4,0,1,0,1,7,0,DENY
Finance Analyst,Finance,Contractor,Project Management System,1,1,1,0,0,1,0,60,1,ALLOW
QA Engineer,Engineering,Contractor,HR Database,0,1,3,1,1,1,0,14,1,DENY
Contractor,HR,Employee,Development Server,0,1,2,0,1,0,0,14,0,DENY
Finance Analyst,IT,Employee,Finance System,0,1,3,0,0,0,0,14,1,DENY
QA Engineer,IT,Intern,Development Server,0,1,2,0,0,0,1,365,1,DENY
System Administrator,Finance,Intern,HR Database,0,1,3,1,1,0,1,30,0,DENY
DevOps Engineer,Product,Intern,Project Management System,1,1,1,1,0,0,1,14,0,REVIEW
Finance Analyst,Product,Intern,Admin Panel,0,0,4,0,1,0,1,90,0,DENY
HR Specialist,Engineering,Intern,HR Database,0,1,3,0,1,0,1,30,1,DENY
Finance Analyst,Finance,Intern,HR Database,0,1,3,1,1,0,1,60,0,DENY
Software Developer,Finance,Intern,Admin Panel,0,0,4,0,1,0,1,90,0,DENY
QA Engineer,Engineering,Intern,HR Database,0,1,3,0,1,0,1,14,0,DENY
HR Specialist,Engineering,Contractor,Finance System,0,1,3,1,1,1,0,365,1,DENY
Product Manager,HR,Contractor,GitHub Project Alpha,0,1,1,1,0,1,0,30,0,DENY
DevOps Engineer,Finance,Contractor,Admin Panel,0,0,4,1,1,1,0,60,0,DENY
Contractor,Engineering,Intern,GitHub Project Alpha,1,1,1,0,0,0,1,14,1,REVIEW
Finance Analyst,Finance,Contractor,Development Server,0,1,2,0,1,1,0,365,0,DENY
Product Manager,HR,Employee,Project Management System,1,1,1,0,1,0,0,7,0,ALLOW
System Administrator,IT,Contractor,Project Management System,1,1,1,1,1,1,0,90,0,ALLOW
HR Specialist,HR,Intern,Admin Panel,0,0,4,1,1,0,1,7,0,DENY
Finance Analyst,Engineering,Employee,Production Database,1,0,4,1,1,0,0,14,0,DENY
Finance Analyst,Finance,Intern,Development Server,0,1,2,1,1,0,1,365,0,DENY
System Administrator,Finance,Intern,Development Server,0,1,2,1,0,0,1,7,0,DENY
DevOps Engineer,Finance,Intern,Admin Panel,0,0,4,1,1,0,1,90,0,DENY
HR Specialist,Finance,Employee,Production Database,0,0,4,1,0,0,0,7,0,DENY
DevOps Engineer,IT,Employee,GitHub Project Alpha,0,1,1,0,1,0,0,180,0,DENY
Finance Analyst,IT,Employee,HR Database,0,1,3,0,1,0,0,7,0,DENY
Finance Analyst,Finance,Intern,GitHub Project Alpha,0,1,1,0,0,0,1,14,0,DENY
Software Developer,Finance,Employee,Production Database,0,0,4,1,1,0,0,30,0,DENY
Finance Analyst,Engineering,Intern,Admin Panel,0,0,4,1,0,0,1,30,1,DENY
Contractor,Product,Intern,Admin Panel,0,0,4,0,1,0,1,365,1,DENY
HR Specialist,Product,Employee,Finance System,0,1,3,1,0,0,0,14,0,DENY
Contractor,Finance,Employee,Development Server,0,1,2,0,0,0,0,14,1,DENY
DevOps Engineer,HR,Intern,Project Management System,1,1,1,1,1,0,1,60,1,ALLOW
Product Manager,Product,Employee,Development Server,0,1,2,1,0,0,0,14,0,DENY
QA Engineer,IT,Employee,Development Server,0,1,2,1,0,0,0,7,0,DENY
Product Manager,Product,Intern,GitHub Project Alpha,1,1,1,0,1,0,1,14,1,ALLOW
System Administrator,IT,Intern,HR Database,0,1,3,0,1,0,1,7,0,DENY
System Administrator,Product,Contractor,Development Server,0,1,2,0,1,1,0,14,0,DENY
Contractor,HR,Contractor,Finance System,0,1,3,1,1,1,0,365,0,DENY
Finance Analyst,IT,Intern,GitHub Project Alpha,0,1,1,1,0,0,1,7,0,DENY
System Administrator,HR,Contractor,GitHub Project Alpha,0,1,1,0,1,1,0,180,0,DENY
Product Manager,IT,Contractor,Admin Panel,1,0,4,0,0,1,0,60,1,DENY
HR Specialist,HR,Contractor,HR Database,1,1,3,0,1,1,0,7,1,ALLOW
Product Manager,Finance,Intern,GitHub Project Alpha,0,1,1,1,0,0,1,14,0,DENY
QA Engineer,Finance,Contractor,HR Database,0,1,3,1,0,1,0,7,1,DENY
QA Engineer,Engineering,Employee,Admin Panel,0,0,4,1,0,0,0,180,0,DENY
System Administrator,IT,Intern,Finance System,0,1,3,0,1,0,1,7,0,DENY
Software Developer,Product,Employee,HR Database,0,1,3,1,1,0,0,30,0,DENY
HR Specialist,HR,Intern,Production Database,0,0,4,1,1,0,1,60,0,DENY
Contractor,Product,Contractor,Project Management System,1,1,1,0,1,1,0,90,0,ALLOW
Product Manager,HR,Employee,Production Database,0,0,4,0,1,0,0,365,0,DENY
Contractor,Engineering,Contractor,GitHub Project Alpha,1,1,1,1,1,1,0,7,1,ALLOW
Product Manager,Engineering,Employee,Production Database,1,0,4,0,0,0,0,60,0,DENY
Contractor,Finance,Intern,Production Database,0,0,4,0,1,0,1,60,0,DENY
Finance Analyst,IT,Employee,Finance System,0,1,3,1,0,0,0,180,0,DENY
Software Developer,Engineering,Employee,Finance System,0,1,3,1,0,0,0,180,0,DENY
DevOps Engineer,Product,Contractor,Development Server,0,1,2,0,1,1,0,60,0,DENY
QA Engineer,Finance,Intern,GitHub Project Alpha,0,1,1,1,1,0,1,180,0,DENY
QA Engineer,HR,Intern,Finance System,0,1,3,1,0,0,1,60,0,DENY
HR Specialist,Engineering,Employee,Admin Panel,0,0,4,1,1,0,0,90,0,DENY
System Administrator,IT,Employee,Production Database,1,1,4,0,0,0,0,14,0,REVIEW
Finance Analyst,IT,Intern,Project Management System,1,1,1,1,1,0,1,60,0,ALLOW
Product Manager,Product,Intern,Development Server,0,1,2,1,1,0,1,30,0,DENY
System Administrator,Engineering,Intern,Production Database,1,1,4,1,1,0,1,180,0,REVIEW
Software Developer,IT,Intern,Project Management System,1,1,1,1,1,0,1,365,1,ALLOW
Contractor,Engineering,Intern,Admin Panel,0,0,4,0,1,0,1,14,0,DENY
QA Engineer,Finance,Contractor,Finance System,1,1,3,0,0,1,0,90,0,REVIEW
Contractor,IT,Intern,Development Server,0,1,2,0,1,0,1,30,0,DENY
Product Manager,Engineering,Employee,Project Management System,1,1,1,0,1,0,0,180,0,ALLOW
QA Engineer,IT,Employee,Development Server,0,1,2,0,0,0,0,7,0,DENY
HR Specialist,Product,Intern,Production Database,0,0,4,0,0,0,1,7,0,DENY
DevOps Engineer,Finance,Contractor,Finance System,1,1,3,1,1,1,0,7,1,ALLOW
QA Engineer,Finance,Employee,Development Server,0,1,2,0,1,0,0,14,0,DENY
QA Engineer,Finance,Employee,Development Server,0,1,2,0,0,0,0,30,1,DENY
Software Developer,Finance,Contractor,GitHub Project Alpha,0,1,1,0,0,1,0,7,0,DENY
System Administrator,HR,Contractor,Production Database,0,1,4,0,1,1,0,90,0,DENY
Software Developer,Finance,Intern,Finance System,1,1,3,0,1,0,1,30,0,REVIEW
QA Engineer,HR,Contractor,HR Database,1,1,3,1,0,1,0,30,0,REVIEW
Finance Analyst,HR,Intern,Development Server,0,1,2,0,1,0,1,30,0,DENY
System Administrator,Finance,Intern,Admin Panel,0,1,4,1,1,0,1,180,0,DENY
Finance Analyst,IT,Intern,HR Database,0,1,3,0,0,0,1,30,0,DENY
System Administrator,Finance,Intern,Admin Panel,0,1,4,1,1,0,1,30,0,DENY
DevOps Engineer,IT,Employee,Project Management System,1,1,1,0,0,0,0,180,0,ALLOW
Finance Analyst,Finance,Contractor,Production Database,0,0,4,0,1,1,0,365,0,DENY
System Administrator,Engineering,Contractor,Finance System,0,1,3,1,0,1,0,7,0,DENY
DevOps Engineer,IT,Employee,Development Server,0,1,2,0,0,0,0,90,1,DENY
Software Developer,HR,Employee,Project Management System,1,1,1,1,0,0,0,14,1,ALLOW
Finance Analyst,Finance,Employee,Admin Panel,0,0,4,1,0,0,0,7,0,DENY
QA Engineer,Engineering,Intern,Project Management System,1,1,1,0,1,0,1,60,0,ALLOW
Contractor,Product,Intern,Admin Panel,0,0,4,1,1,0,1,365,1,DENY
Finance Analyst,Engineering,Contractor,GitHub Project Alpha,1,1,1,1,1,1,0,180,1,ALLOW
QA Engineer,IT,Contractor,GitHub Project Alpha,0,1,1,1,0,1,0,14,0,DENY
Product Manager,HR,Employee,Admin Panel,0,0,4,0,0,0,0,60,0,DENY
HR Specialist,Engineering,Contractor,Production Database,1,0,4,0,1,1,0,7,0,DENY
QA Engineer,IT,Employee,Development Server,0,1,2,0,1,0,0,180,0,DENY
Finance Analyst,HR,Contractor,GitHub Project Alpha,0,1,1,1,0,1,0,180,0,DENY
Software Developer,HR,Contractor,GitHub Project Alpha,0,1,1,1,1,1,0,14,0,DENY
HR Specialist,Finance,Employee,HR Database,0,1,3,0,1,0,0,60,0,DENY
HR Specialist,IT,Intern,Finance System,0,1,3,1,1,0,1,14,0,DENY
QA Engineer,Engineering,Employee,Development Server,1,1,2,1,1,0,0,30,0,ALLOW
HR Specialist,IT,Contractor,Development Server,0,1,2,0,1,1,0,60,0,DENY
System Administrator,HR,Contractor,GitHub Project Alpha,0,1,1,0,1,1,0,60,0,DENY
Finance Analyst,Engineering,Intern,HR Database,0,1,3,1,1,0,1,180,0,DENY
Product Manager,Product,Employee,Finance System,0,1,3,1,1,0,0,180,1,DENY
QA Engineer,HR,Intern,Production Database,0,0,4,1,0,0,1,90,1,DENY
Software Developer,HR,Intern,GitHub Project Alpha,0,1,1,1,1,0,1,7,0,DENY
Software Developer,Engineering,Contractor,Finance System,0,1,3,0,0,1,0,365,0,DENY
System Administrator,Engineering,Employee,Production Database,1,1,4,1,1,0,0,14,0,ALLOW
QA Engineer,HR,Employee,Admin Panel,0,0,4,0,1,0,0,90,0,DENY
Contractor,Product,Contractor,HR Database,0,1,3,0,1,1,0,365,1,DENY
Product Manager,HR,Intern,GitHub Project Alpha,0,1,1,1,0,0,1,365,1,DENY
System Administrator,IT,Employee,Production Database,1,1,4,1,1,0,0,180,1,ALLOW
DevOps Engineer,IT,Intern,HR Database,0,1,3,1,1,0,1,30,0,DENY
Finance Analyst,IT,Contractor,Development Server,0,1,2,0,0,1,0,14,0,DENY
HR Specialist,Finance,Intern,Project Management System,1,1,1,1,0,0,1,30,1,REVIEW
Product Manager,Product,Employee,GitHub Project Alpha,1,1,1,0,0,0,0,180,0,ALLOW
DevOps Engineer,Finance,Employee,GitHub Project Alpha,0,1,1,0,1,0,0,90,0,DENY
QA Engineer,Engineering,Employee,Admin Panel,0,0,4,0,0,0,0,7,1,DENY
System Administrator,Engineering,Employee,Production Database,1,1,4,0,1,0,0,90,0,REVIEW
Product Manager,IT,Intern,HR Database,0,1,3,0,1,0,1,7,0,DENY
System Administrator,Engineering,Intern,Admin Panel,0,1,4,1,1,0,1,180,0,DENY
Product Manager,IT,Contractor,Project Management System,1,1,1,1,0,1,0,7,1,ALLOW
Software Developer,IT,Intern,Project Management System,1,1,1,1,0,0,1,365,0,REVIEW
HR Specialist,Product,Employee,Finance System,0,1,3,1,0,0,0,60,0,DENY
HR Specialist,HR,Intern,Development Server,0,1,2,1,0,0,1,7,0,DENY
Software Developer,HR,Intern,HR Database,1,1,3,0,0,0,1,14,1,REVIEW
System Administrator,Engineering,Employee,Development Server,1,1,2,0,1,0,0,14,1,ALLOW
Contractor,IT,Contractor,Production Database,1,0,4,1,0,1,0,14,0,DENY
Software Developer,IT,Employee,HR Database,0,1,3,1,1,0,0,30,0,DENY
System Administrator,IT,Contractor,Production Database,1,1,4,0,0,1,0,30,0,REVIEW
DevOps Engineer,IT,Contractor,Development Server,0,1,2,0,1,1,0,7,0,DENY
DevOps Engineer,Finance,Contractor,Project Management System,1,1,1,1,1,1,0,7,0,ALLOW
Contractor,IT,Contractor,Development Server,0,1,2,0,0,1,0,365,1,DENY
Contractor,HR,Intern,Admin Panel,0,0,4,0,1,0,1,60,0,DENY
Finance Analyst,Product,Intern,Project Management System,1,1,1,0,0,0,1,60,0,REVIEW
Software Developer,IT,Contractor,Production Database,1,0,4,1,1,1,0,180,0,DENY
QA Engineer,Engineering,Contractor,Admin Panel,0,0,4,1,0,1,0,180,1,DENY
Product Manager,Engineering,Employee,Development Server,1,1,2,0,0,0,0,30,1,ALLOW
Product Manager,IT,Contractor,Project Management System,1,1,1,0,0,1,0,30,1,ALLOW
HR Specialist,IT,Intern,HR Database,0,1,3,0,1,0,1,14,0,DENY
Finance Analyst,Finance,Contractor,Admin Panel,0,0,4,0,0,1,0,90,0,DENY
DevOps Engineer,Product,Contractor,Production Database,0,1,4,0,1,1,0,90,1,DENY
Finance Analyst,Finance,Contractor,Finance System,1,1,3,0,0,1,0,365,0,REVIEW
Contractor,Engineering,Employee,Production Database,1,0,4,1,1,0,0,60,0,DENY
Finance Analyst,IT,Intern,Project Management System,1,1,1,1,1,0,1,180,0,ALLOW
HR Specialist,HR,Contractor,Admin Panel,0,0,4,1,1,1,0,365,0,DENY
DevOps Engineer,IT,Employee,HR Database,0,1,3,1,0,0,0,365,1,DENY
Finance Analyst,Finance,Intern,GitHub Project Alpha,0,1,1,0,1,0,1,30,0,DENY
HR Specialist,IT,Contractor,Finance System,0,1,3,1,0,1,0,14,0,DENY
QA Engineer,HR,Contractor,Finance System,0,1,3,1,1,1,0,60,1,DENY
Contractor,Product,Contractor,HR Database,0,1,3,1,0,1,0,14,0,DENY
Contractor,Finance,Contractor,Admin Panel,0,0,4,0,1,1,0,365,0,DENY
DevOps Engineer,IT,Contractor,GitHub Project Alpha,0,1,1,1,0,1,0,14,0,DENY
System Administrator,Engineering,Contractor,Admin Panel,0,1,4,0,1,1,0,14,0,DENY
Software Developer,Engineering,Intern,Project Management System,1,1,1,1,1,0,1,180,1,ALLOW
QA Engineer,Product,Contractor,HR Database,0,1,3,0,0,1,0,365,0,DENY
DevOps Engineer,IT,Intern,Production Database,1,1,4,0,0,0,1,90,1,REVIEW
Contractor,IT,Intern,Development Server,0,1,2,0,0,0,1,30,0,DENY
QA Engineer,IT,Contractor,Production Database,1,0,4,0,0,1,0,30,0,DENY
DevOps Engineer,IT,Employee,Development Server,0,1,2,1,0,0,0,365,1,DENY
Finance Analyst,Product,Contractor,Finance System,0,1,3,1,1,1,0,90,1,DENY
HR Specialist,IT,Contractor,HR Database,0,1,3,1,1,1,0,7,1,DENY
QA Engineer,Finance,Employee,GitHub Project Alpha,0,1,1,1,1,0,0,14,0,DENY
DevOps Engineer,HR,Contractor,GitHub Project Alpha,0,1,1,1,1,1,0,7,0,DENY
Product Manager,HR,Contractor,Development Server,0,1,2,0,0,1,0,90,0,DENY
Finance Analyst,HR,Employee,Production Database,0,0,4,1,1,0,0,365,1,DENY
Contractor,Product,Employee,GitHub Project Alpha,1,1,1,0,0,0,0,7,0,ALLOW
System Administrator,HR,Contractor,Admin Panel,0,1,4,0,0,1,0,365,1,DENY
DevOps Engineer,HR,Employee,Finance System,0,1,3,0,1,0,0,60,0,DENY
DevOps Engineer,HR,Intern,Admin Panel,0,0,4,1,0,0,1,30,0,DENY
Contractor,IT,Contractor,Finance System,0,1,3,0,1,1,0,7,0,DENY
System Administrator,Finance,Contractor,Admin Panel,0,1,4,1,1,1,0,7,1,DENY
QA Engineer,Engineering,Employee,GitHub Project Alpha,1,1,1,1,1,0,0,90,1,ALLOW
Finance Analyst,HR,Intern,Development Server,0,1,2,0,0,0,1,7,0,DENY
DevOps Engineer,Product,Contractor,Finance System,0,1,3,0,1,1,0,14,1,DENY
Software Developer,Finance,Contractor,HR Database,0,1,3,0,0,1,0,90,0,DENY
Finance Analyst,Finance,Employee,Finance System,1,1,3,1,0,0,0,7,1,ALLOW
Software Developer,IT,Employee,Development Server,0,1,2,0,1,0,0,90,0,DENY
Product Manager,IT,Intern,Finance System,0,1,3,0,0,0,1,90,0,DENY
HR Specialist,HR,Contractor,Development Server,0,1,2,1,0,1,0,180,1,DENY
Finance Analyst,Finance,Intern,Production Database,0,0,4,1,1,0,1,30,1,DENY
HR Specialist,Product,Contractor,Finance System,0,1,3,1,1,1,0,14,0,DENY
HR Specialist,HR,Contractor,GitHub Project Alpha,0,1,1,1,1,1,0,7,0,DENY
Product Manager,Engineering,Employee,Production Database,1,0,4,0,1,0,0,180,1,DENY
DevOps Engineer,Product,Contractor,Development Server,0,1,2,0,1,1,0,90,0,DENY
System Administrator,Finance,Contractor,Project Management System,1,1,1,1,0,1,0,90,0,ALLOW
QA Engineer,Finance,Employee,Development Server,0,1,2,1,1,0,0,7,0,DENY
Product Manager,Product,Intern,HR Database,0,1,3,1,1,0,1,90,1,DENY
Software Developer,Engineering,Employee,HR Database,0,1,3,1,1,0,0,14,0,DENY
DevOps Engineer,Engineering,Employee,Production Database,1,1,4,1,1,0,0,14,1,ALLOW
HR Specialist,Product,Contractor,HR Database,0,1,3,1,0,1,0,180,1,DENY
System Administrator,Finance,Employee,Production Database,0,1,4,1,1,0,0,180,0,DENY
System Administrator,HR,Employee,Production Database,0,1,4,0,1,0,0,14,0,DENY
Software Developer,Finance,Intern,HR Database,0,1,3,1,1,0,1,90,1,DENY
Finance Analyst,Engineering,Contractor,Production Database,1,0,4,0,0,1,0,7,0,DENY
Software Developer,HR,Intern,Project Management System,1,1,1,0,1,0,1,7,0,ALLOW
System Administrator,Product,Employee,HR Database,0,1,3,1,0,0,0,90,1,DENY
System Administrator,IT,Intern,Admin Panel,1,1,4,0,0,0,1,14,0,REVIEW
Product Manager,Product,Contractor,Production Database,0,0,4,1,1,1,0,90,0,DENY
Finance Analyst,Product,Contractor,Finance System,0,1,3,1,1,1,0,365,0,DENY
QA Engineer,Engineering,Intern,Project Management System,1,1,1,0,0,0,1,30,1,REVIEW
System Administrator,Finance,Contractor,Finance System,1,1,3,1,0,1,0,14,0,REVIEW
QA Engineer,Finance,Intern,Production Database,0,0,4,0,1,0,1,90,0,DENY
Contractor,Product,Intern,Development Server,0,1,2,1,1,0,1,90,0,DENY
Contractor,Engineering,Contractor,HR Database,0,1,3,0,1,1,0,90,1,DENY
DevOps Engineer,IT,Contractor,Production Database,1,1,4,0,0,1,0,14,0,REVIEW
HR Specialist,Engineering,Employee,Production Database,1,0,4,0,1,0,0,60,1,DENY
Software Developer,Finance,Contractor,HR Database,0,1,3,1,0,1,0,30,0,DENY
Software Developer,Finance,Intern,Development Server,0,1,2,1,0,0,1,14,1,DENY
Contractor,IT,Intern,Admin Panel,1,0,4,0,0,0,1,60,0,DENY
System Administrator,IT,Intern,GitHub Project Alpha,0,1,1,0,1,0,1,90,1,DENY
QA Engineer,Product,Contractor,GitHub Project Alpha,1,1,1,0,0,1,0,30,0,ALLOW
DevOps Engineer,Product,Employee,HR Database,0,1,3,0,1,0,0,30,0,DENY
Finance Analyst,Finance,Employee,Development Server,0,1,2,0,0,0,0,365,0,DENY
HR Specialist,Product,Employee,HR Database,0,1,3,0,1,0,0,30,1,DENY
System Administrator,Engineering,Intern,Development Server,1,1,2,1,1,0,1,365,0,ALLOW
QA Engineer,Engineering,Employee,Admin Panel,0,0,4,0,1,0,0,7,0,DENY
Finance Analyst,IT,Contractor,Finance System,0,1,3,0,1,1,0,30,1,DENY
Software Developer,IT,Intern,Finance System,0,1,3,0,0,0,1,7,0,DENY
Product Manager,Product,Contractor,HR Database,0,1,3,0,0,1,0,14,1,DENY
QA Engineer,Engineering,Contractor,Development Server,1,1,2,0,0,1,0,60,0,REVIEW
DevOps Engineer,IT,Contractor,Admin Panel,1,0,4,0,0,1,0,60,1,DENY
Contractor,Product,Employee,HR Database,0,1,3,0,1,0,0,180,0,DENY
Contractor,HR,Intern,Finance System,0,1,3,0,1,0,1,14,0,DENY
HR Specialist,IT,Employee,Finance System,0,1,3,1,1,0,0,7,0,DENY
HR Specialist,IT,Contractor,Project Management System,1,1,1,1,1,1,0,90,1,ALLOW
Product Manager,HR,Contractor,Admin Panel,0,0,4,0,1,1,0,14,0,DENY
Contractor,Engineering,Intern,GitHub Project Alpha,1,1,1,1,1,0,1,7,0,ALLOW
HR Specialist,Finance,Intern,Project Management System,1,1,1,0,1,0,1,90,0,ALLOW
Finance Analyst,Engineering,Intern,Project Management System,1,1,1,1,1,0,1,14,0,ALLOW
Product Manager,Finance,Intern,GitHub Project Alpha,0,1,1,1,0,0,1,30,0,DENY
System Administrator,Finance,Intern,HR Database,0,1,3,0,1,0,1,30,1,DENY
QA Engineer,IT,Employee,Development Server,0,1,2,0,0,0,0,180,1,DENY
System Administrator,HR,Employee,GitHub Project Alpha,0,1,1,1,1,0,0,30,0,DENY
Product Manager,Finance,Contractor,Finance System,1,1,3,0,0,1,0,365,0,REVIEW
Software Developer,Product,Intern,Development Server,0,1,2,1,1,0,1,7,1,DENY
QA Engineer,IT,Employee,Project Management System,1,1,1,1,1,0,0,30,0,ALLOW
HR Specialist,Engineering,Contractor,Finance System,0,1,3,0,1,1,0,30,1,DENY
Finance Analyst,IT,Employee,Production Database,1,0,4,1,1,0,0,14,0,DENY
QA Engineer,Product,Employee,Development Server,0,1,2,1,1,0,0,365,0,DENY
HR Specialist,Product,Intern,HR Database,0,1,3,0,0,0,1,30,0,DENY
Software Developer,IT,Intern,Project Management System,1,1,1,0,1,0,1,365,0,ALLOW
QA Engineer,IT,Contractor,GitHub Project Alpha,0,1,1,1,1,1,0,90,0,DENY
HR Specialist,HR,Intern,Finance System,0,1,3,0,0,0,1,14,1,DENY
Product Manager,HR,Employee,Project Management System,1,1,1,0,1,0,0,180,0,ALLOW
Software Developer,Finance,Contractor,Production Database,0,0,4,0,1,1,0,7,0,DENY
System Administrator,Engineering,Intern,Admin Panel,0,1,4,0,1,0,1,14,0,DENY
Contractor,HR,Contractor,Admin Panel,0,0,4,1,1,1,0,180,0,DENY
Finance Analyst,Engineering,Employee,Project Management System,1,1,1,1,1,0,0,365,0,ALLOW
QA Engineer,HR,Contractor,HR Database,1,1,3,0,1,1,0,60,0,REVIEW
Contractor,Product,Intern,Production Database,0,0,4,0,0,0,1,365,0,DENY
QA Engineer,Finance,Contractor,GitHub Project Alpha,0,1,1,0,1,1,0,7,1,DENY
HR Specialist,Product,Employee,Finance System,0,1,3,1,1,0,0,14,0,DENY
Product Manager,Finance,Employee,HR Database,0,1,3,1,1,0,0,90,1,DENY
HR Specialist,IT,Intern,HR Database,0,1,3,0,1,0,1,180,0,DENY
HR Specialist,Engineering,Contractor,Finance System,0,1,3,1,0,1,0,60,0,DENY
HR Specialist,Engineering,Contractor,Project Management System,1,1,1,0,0,1,0,365,0,ALLOW
Software Developer,IT,Employee,HR Database,0,1,3,1,0,0,0,180,1,DENY
QA Engineer,Engineering,Employee,GitHub Project Alpha,1,1,1,0,1,0,0,30,0,ALLOW
QA Engineer,IT,Contractor,Project Management System,1,1,1,1,0,1,0,180,0,ALLOW
DevOps Engineer,IT,Intern,HR Database,0,1,3,1,1,0,1,180,1,DENY
QA Engineer,Finance,Employee,Production Database,0,0,4,0,0,0,0,30,0,DENY
Software Developer,HR,Contractor,HR Database,1,1,3,1,0,1,0,7,1,ALLOW
Contractor,Engineering,Intern,Project Management System,1,1,1,0,0,0,1,7,0,REVIEW
Software Developer,Finance,Intern,Admin Panel,0,0,4,0,1,0,1,90,1,DENY
Finance Analyst,HR,Employee,HR Database,1,1,3,0,0,0,0,30,0,REVIEW
Software Developer,IT,Contractor,Admin Panel,1,0,4,1,0,1,0,90,1,DENY
Product Manager,HR,Employee,Project Management System,1,1,1,1,1,0,0,365,0,ALLOW
QA Engineer,IT,Contractor,Finance System,0,1,3,0,0,1,0,30,1,DENY
Finance Analyst,Engineering,Employee,Production Database,1,0,4,0,1,0,0,7,0,DENY
HR Specialist,Finance,Contractor,Production Database,0,0,4,1,0,1,0,60,1,DENY
Product Manager,Finance,Contractor,Development Server,0,1,2,0,1,1,0,60,0,DENY
Finance Analyst,Product,Employee,Project Management System,1,1,1,0,0,0,0,14,0,ALLOW
Software Developer,Finance,Employee,Finance System,1,1,3,1,0,0,0,180,1,ALLOW
HR Specialist,HR,Employee,Finance System,0,1,3,1,0,0,0,60,1,DENY
Software Developer,Finance,Intern,Finance System,1,1,3,1,1,0,1,180,0,REVIEW
Contractor,Engineering,Contractor,Admin Panel,0,0,4,1,0,1,0,7,0,DENY
Contractor,IT,Employee,Project Management System,1,1,1,0,0,0,0,14,0,ALLOW
DevOps Engineer,HR,Contractor,HR Database,1,1,3,0,0,1,0,30,1,ALLOW
System Administrator,Product,Contractor,Development Server,0,1,2,1,1,1,0,30,0,DENY
Finance Analyst,Engineering,Intern,Project Management System,1,1,1,0,0,0,1,180,0,REVIEW
System Administrator,Engineering,Contractor,Development Server,1,1,2,1,0,1,0,90,0,REVIEW
HR Specialist,HR,Contractor,Production Database,0,0,4,0,1,1,0,60,0,DENY
QA Engineer,Engineering,Employee,Development Server,1,1,2,1,1,0,0,90,0,ALLOW
HR Specialist,Finance,Contractor,HR Database,0,1,3,1,1,1,0,365,0,DENY
Contractor,IT,Contractor,Production Database,1,0,4,1,1,1,0,30,0,DENY
Contractor,HR,Employee,GitHub Project Alpha,0,1,1,1,1,0,0,14,1,DENY
DevOps Engineer,HR,Contractor,Admin Panel,0,0,4,0,1,1,0,30,1,DENY
DevOps Engineer,Finance,Intern,Admin Panel,0,0,4,0,0,0,1,30,1,DENY
Software Developer,HR,Contractor,Development Server,0,1,2,0,1,1,0,30,0,DENY
HR Specialist,Product,Employee,HR Database,0,1,3,1,0,0,0,14,1,DENY
QA Engineer,HR,Employee,Production Database,0,0,4,0,1,0,0,90,0,DENY
Finance Analyst,Product,Employee,Production Database,0,0,4,0,0,0,0,7,0,DENY
Software Developer,Finance,Employee,Production Database,0,0,4,0,0,0,0,90,0,DENY
QA Engineer,Finance,Intern,Admin Panel,0,0,4,1,1,0,1,180,0,DENY
Software Developer,Product,Intern,Finance System,0,1,3,0,1,0,1,180,0,DENY
Finance Analyst,Finance,Employee,Admin Panel,0,0,4,1,1,0,0,180,0,DENY
DevOps Engineer,Product,Contractor,Production Database,0,1,4,0,0,1,0,365,1,DENY
Product Manager,HR,Employee,Development Server,0,1,2,1,1,0,0,365,0,DENY
Software Developer,Product,Employee,Project Management System,1,1,1,0,0,0,0,14,1,ALLOW
HR Specialist,HR,Employee,Development Server,0,1,2,0,1,0,0,90,1,DENY
HR Specialist,Product,Intern,Finance System,0,1,3,1,0,0,1,14,0,DENY
Contractor,Product,Intern,Finance System,0,1,3,0,1,0,1,7,0,DENY
QA Engineer,Product,Intern,Project Management System,1,1,1,1,1,0,1,365,0,ALLOW
Finance Analyst,Product,Contractor,Production Database,0,0,4,1,0,1,0,90,0,DENY
Software Developer,Finance,Contractor,Development Server,0,1,2,0,1,1,0,90,0,DENY
Software Developer,HR,Contractor,Finance System,0,1,3,1,1,1,0,180,0,DENY
Product Manager,IT,Employee,Project Management System,1,1,1,1,1,0,0,90,0,ALLOW
Product Manager,Product,Employee,Development Server,0,1,2,0,1,0,0,365,0,DENY
Finance Analyst,IT,Intern,HR Database,0,1,3,1,0,0,1,60,0,DENY
Product Manager,Product,Intern,Development Server,0,1,2,1,0,0,1,30,1,DENY
System Administrator,Product,Contractor,Finance System,0,1,3,0,0,1,0,14,0,DENY
Product Manager,IT,Employee,Production Database,1,0,4,0,0,0,0,365,0,DENY
Contractor,Product,Employee,Development Server,0,1,2,0,1,0,0,180,0,DENY
Finance Analyst,Product,Employee,Admin Panel,0,0,4,1,1,0,0,60,0,DENY
Contractor,Engineering,Employee,Development Server,1,1,2,0,1,0,0,60,0,ALLOW
Product Manager,Product,Contractor,Development Server,0,1,2,0,0,1,0,14,1,DENY
Software Developer,Product,Intern,HR Database,0,1,3,0,1,0,1,180,0,DENY
Contractor,Product,Intern,Project Management System,1,1,1,1,1,0,1,365,0,ALLOW
Software Developer,IT,Intern,HR Database,0,1,3,0,1,0,1,7,0,DENY
Software Developer,Product,Employee,Production Database,0,0,4,1,0,0,0,14,0,DENY
Contractor,HR,Contractor,HR Database,1,1,3,0,0,1,0,30,0,REVIEW
HR Specialist,IT,Intern,Admin Panel,1,0,4,1,0,0,1,30,0,DENY
DevOps Engineer,Engineering,Employee,Development Server,1,1,2,1,1,0,0,180,0,ALLOW
Finance Analyst,Product,Employee,Project Management System,1,1,1,0,1,0,0,60,0,ALLOW
Finance Analyst,Product,Intern,Finance System,0,1,3,0,1,0,1,90,0,DENY
HR Specialist,Engineering,Intern,HR Database,0,1,3,0,1,0,1,180,1,DENY
Product Manager,Engineering,Intern,Development Server,1,1,2,1,1,0,1,14,0,ALLOW
Contractor,HR,Employee,Development Server,0,1,2,0,0,0,0,30,0,DENY
Software Developer,Engineering,Contractor,Finance System,0,1,3,1,1,1,0,90,0,DENY
Finance Analyst,IT,Contractor,Project Management System,1,1,1,0,0,1,0,365,0,ALLOW
HR Specialist,Finance,Employee,Finance System,1,1,3,1,1,0,0,60,1,ALLOW
Software Developer,Engineering,Intern,Admin Panel,0,0,4,1,1,0,1,30,0,DENY
System Administrator,Engineering,Employee,Admin Panel,0,1,4,0,0,0,0,60,1,DENY
HR Specialist,Product,Contractor,Finance System,0,1,3,1,1,1,0,7,1,DENY
Contractor,Engineering,Contractor,Production Database,1,0,4,1,1,1,0,7,1,DENY
Finance Analyst,Engineering,Intern,Finance System,0,1,3,1,1,0,1,30,0,DENY
Product Manager,Finance,Intern,HR Database,0,1,3,1,1,0,1,180,0,DENY
DevOps Engineer,IT,Intern,Development Server,0,1,2,1,0,0,1,60,0,DENY
DevOps Engineer,Engineering,Employee,Development Server,1,1,2,1,1,0,0,14,1,ALLOW
Software Developer,Engineering,Employee,Production Database,1,0,4,1,0,0,0,90,0,DENY
System Administrator,Engineering,Contractor,Development Server,1,1,2,0,1,1,0,180,1,ALLOW
System Administrator,IT,Intern,GitHub Project Alpha,0,1,1,1,0,0,1,7,0,DENY
Software Developer,HR,Intern,HR Database,1,1,3,0,1,0,1,60,1,REVIEW
DevOps Engineer,HR,Contractor,Production Database,0,1,4,1,0,1,0,14,1,DENY
Finance Analyst,Engineering,Employee,Finance System,0,1,3,1,1,0,0,90,0,DENY
QA Engineer,Engineering,Intern,Finance System,0,1,3,0,1,0,1,180,1,DENY
Finance Analyst,Product,Employee,Production Database,0,0,4,0,1,0,0,60,0,DENY
System Administrator,Engineering,Intern,GitHub Project Alpha,1,1,1,0,0,0,1,365,0,REVIEW
HR Specialist,Engineering,Contractor,Project Management System,1,1,1,1,1,1,0,30,1,ALLOW
Contractor,IT,Employee,HR Database,0,1,3,0,1,0,0,365,0,DENY
HR Specialist,Product,Contractor,Project Management System,1,1,1,0,0,1,0,14,0,ALLOW
Product Manager,Product,Contractor,Finance System,0,1,3,0,0,1,0,60,1,DENY
HR Specialist,HR,Intern,Project Management System,1,1,1,0,0,0,1,180,0,REVIEW
Contractor,Finance,Contractor,Admin Panel,0,0,4,1,1,1,0,30,0,DENY
Product Manager,IT,Employee,GitHub Project Alpha,0,1,1,1,1,0,0,30,0,DENY
QA Engineer,HR,Employee,Admin Panel,0,0,4,0,1,0,0,7,0,DENY
System Administrator,Finance,Intern,Finance System,1,1,3,0,1,0,1,7,0,REVIEW
QA Engineer,Engineering,Intern,Finance System,0,1,3,1,0,0,1,30,0,DENY
DevOps Engineer,Finance,Contractor,Project Management System,1,1,1,1,1,1,0,30,1,ALLOW
System Administrator,Finance,Contractor,HR Database,0,1,3,1,1,1,0,30,0,DENY
HR Specialist,IT,Employee,Finance System,0,1,3,0,0,0,0,30,1,DENY
Product Manager,Finance,Employee,HR Database,0,1,3,1,1,0,0,30,0,DENY
Software Developer,HR,Intern,HR Database,1,1,3,0,1,0,1,365,1,REVIEW
HR Specialist,Finance,Employee,HR Database,0,1,3,1,0,0,0,7,0,DENY
Software Developer,IT,Contractor,Admin Panel,1,0,4,1,0,1,0,365,0,DENY
Finance Analyst,Finance,Employee,Admin Panel,0,0,4,1,0,0,0,60,0,DENY
Contractor,Finance,Employee,Project Management System,1,1,1,0,0,0,0,90,0,ALLOW
QA Engineer,IT,Employee,Finance System,0,1,3,1,1,0,0,14,0,DENY
Contractor,Finance,Intern,Development Server,0,1,2,1,0,0,1,180,0,DENY
System Administrator,Finance,Employee,Development Server,0,1,2,0,0,0,0,90,0,DENY
System Administrator,IT,Employee,Admin Panel,1,1,4,0,1,0,0,365,0,REVIEW
Product Manager,IT,Intern,GitHub Project Alpha,0,1,1,1,0,0,1,180,1,DENY
Finance Analyst,Engineering,Intern,Project Management System,1,1,1,1,0,0,1,90,0,REVIEW
Product Manager,HR,Contractor,Development Server,0,1,2,1,0,1,0,90,1,DENY
HR Specialist,HR,Employee,Development Server,0,1,2,0,0,0,0,7,0,DENY
System Administrator,Engineering,Contractor,Finance System,0,1,3,1,0,1,0,60,0,DENY
QA Engineer,IT,Contractor,Development Server,0,1,2,0,0,1,0,7,0,DENY
DevOps Engineer,IT,Employee,HR Database,0,1,3,1,1,0,0,365,1,DENY
QA Engineer,Engineering,Employee,Finance System,0,1,3,0,0,0,0,90,0,DENY
QA Engineer,Finance,Intern,HR Database,0,1,3,1,1,0,1,365,0,DENY
HR Specialist,HR,Employee,Project Management System,1,1,1,0,1,0,0,180,1,ALLOW
Software Developer,HR,Contractor,Finance System,0,1,3,0,1,1,0,365,1,DENY
Product Manager,IT,Contractor,Development Server,0,1,2,0,0,1,0,60,0,DENY
System Administrator,Engineering,Contractor,Admin Panel,0,1,4,1,1,1,0,14,1,DENY
Finance Analyst,HR,Contractor,Production Database,0,0,4,0,1,1,0,365,1,DENY
DevOps Engineer,HR,Employee,Finance System,0,1,3,1,0,0,0,30,0,DENY
Finance Analyst,Engineering,Intern,GitHub Project Alpha,1,1,1,0,0,0,1,90,0,REVIEW
Software Developer,Product,Employee,Development Server,0,1,2,1,0,0,0,60,1,DENY
HR Specialist,Finance,Employee,GitHub Project Alpha,0,1,1,1,1,0,0,180,1,DENY
QA Engineer,Engineering,Contractor,Development Server,1,1,2,0,1,1,0,14,0,ALLOW
Finance Analyst,Product,Employee,Development Server,0,1,2,0,0,0,0,60,0,DENY
Software Developer,Engineering,Employee,Project Management System,1,1,1,0,1,0,0,30,0,ALLOW
Finance Analyst,HR,Intern,Project Management System,1,1,1,0,0,0,1,7,0,REVIEW
Software Developer,Finance,Contractor,Finance System,1,1,3,1,1,1,0,60,1,ALLOW
Finance Analyst,Engineering,Intern,HR Database,0,1,3,0,0,0,1,180,0,DENY
Contractor,Engineering,Intern,Project Management System,1,1,1,0,1,0,1,90,1,ALLOW
DevOps Engineer,Finance,Contractor,GitHub Project Alpha,0,1,1,0,1,1,0,90,0,DENY
HR Specialist,Engineering,Contractor,GitHub Project Alpha,1,1,1,1,1,1,0,30,1,ALLOW
Finance Analyst,Product,Employee,GitHub Project Alpha,1,1,1,0,1,0,0,14,1,ALLOW
System Administrator,Finance,Contractor,Production Database,0,1,4,1,0,1,0,180,1,DENY
Product Manager,HR,Intern,Admin Panel,0,0,4,0,0,0,1,30,1,DENY
Product Manager,IT,Employee,Finance System,0,1,3,1,0,0,0,60,1,DENY
Contractor,Engineering,Intern,Finance System,0,1,3,0,1,0,1,60,0,DENY
Product Manager,Product,Contractor,Production Database,0,0,4,1,0,1,0,180,0,DENY
Product Manager,Finance,Intern,Production Database,0,0,4,0,1,0,1,7,0,DENY
Product Manager,Engineering,Contractor,HR Database,0,1,3,0,1,1,0,90,1,DENY
DevOps Engineer,HR,Intern,Production Database,0,1,4,0,1,0,1,14,0,DENY
Contractor,HR,Contractor,Production Database,0,0,4,1,1,1,0,180,1,DENY
QA Engineer,IT,Employee,GitHub Project Alpha,0,1,1,0,0,0,0,365,1,DENY
System Administrator,IT,Intern,Development Server,0,1,2,1,1,0,1,365,1,DENY
Software Developer,IT,Employee,Finance System,0,1,3,0,0,0,0,14,0,DENY
System Administrator,IT,Employee,Project Management System,1,1,1,0,1,0,0,180,0,ALLOW
Software Developer,Finance,Contractor,Finance System,1,1,3,1,0,1,0,30,1,ALLOW
DevOps Engineer,Finance,Contractor,Project Management System,1,1,1,1,0,1,0,60,0,ALLOW
Product Manager,Finance,Contractor,Finance System,1,1,3,0,1,1,0,30,0,REVIEW
HR Specialist,Finance,Intern,GitHub Project Alpha,0,1,1,0,1,0,1,90,0,DENY
HR Specialist,IT,Employee,Project Management System,1,1,1,1,1,0,0,14,1,ALLOW
Product Manager,HR,Employee,Admin Panel,0,0,4,1,1,0,0,60,1,DENY
System Administrator,Finance,Contractor,HR Database,0,1,3,1,1,1,0,90,1,DENY
Contractor,Product,Contractor,Development Server,0,1,2,1,0,1,0,365,0,DENY
QA Engineer,Engineering,Contractor,Project Management System,1,1,1,1,1,1,0,14,1,ALLOW
DevOps Engineer,IT,Contractor,Admin Panel,1,0,4,1,0,1,0,180,1,DENY
Product Manager,IT,Intern,Admin Panel,1,0,4,0,1,0,1,90,0,DENY
System Administrator,IT,Employee,Production Database,1,1,4,0,1,0,0,365,0,REVIEW
HR Specialist,HR,Employee,Development Server,0,1,2,1,0,0,0,30,0,DENY
Finance Analyst,HR,Contractor,Project Management System,1,1,1,1,1,1,0,60,0,ALLOW
HR Specialist,HR,Employee,Admin Panel,0,0,4,0,1,0,0,60,0,DENY
DevOps Engineer,Finance,Intern,GitHub Project Alpha,0,1,1,0,0,0,1,14,1,DENY
Software Developer,Engineering,Intern,Project Management System,1,1,1,0,1,0,1,365,0,ALLOW
HR Specialist,HR,Employee,Admin Panel,0,0,4,1,0,0,0,30,1,DENY
System Administrator,IT,Contractor,Project Management System,1,1,1,1,0,1,0,365,0,ALLOW
DevOps Engineer,Engineering,Contractor,HR Database,0,1,3,1,0,1,0,14,1,DENY
Contractor,Finance,Intern,Development Server,0,1,2,1,0,0,1,90,0,DENY
Product Manager,Finance,Contractor,Production Database,0,0,4,1,1,1,0,14,0,DENY
Finance Analyst,Finance,Intern,Admin Panel,0,0,4,1,0,0,1,365,0,DENY
Software Developer,HR,Employee,Project Management System,1,1,1,1,0,0,0,60,0,ALLOW
Product Manager,HR,Employee,HR Database,1,1,3,1,1,0,0,30,0,ALLOW
HR Specialist,Product,Employee,Production Database,0,0,4,0,1,0,0,14,0,DENY
Product Manager,IT,Contractor,Finance System,0,1,3,0,1,1,0,90,1,DENY
HR Specialist,Product,Employee,Finance System,0,1,3,0,0,0,0,60,1,DENY
DevOps Engineer,Engineering,Employee,GitHub Project Alpha,1,1,1,0,0,0,0,60,1,ALLOW
Product Manager,Engineering,Employee,Production Database,1,0,4,1,0,0,0,60,0,DENY
Contractor,HR,Contractor,HR Database,1,1,3,0,0,1,0,7,0,REVIEW
Software Developer,Product,Contractor,Project Management System,1,1,1,1,0,1,0,180,1,ALLOW
DevOps Engineer,Finance,Intern,Finance System,1,1,3,1,1,0,1,60,0,REVIEW
Product Manager,HR,Intern,Production Database,0,0,4,1,0,0,1,30,0,DENY
Product Manager,Engineering,Employee,HR Database,0,1,3,1,1,0,0,90,0,DENY
Software Developer,IT,Contractor,Admin Panel,1,0,4,1,0,1,0,7,0,DENY
HR Specialist,Engineering,Employee,Development Server,1,1,2,1,0,0,0,14,1,ALLOW
Product Manager,Product,Intern,Project Management System,1,1,1,1,0,0,1,365,0,REVIEW
Product Manager,Product,Intern,Production Database,0,0,4,0,0,0,1,7,0,DENY
Product Manager,Product,Contractor,Project Management System,1,1,1,1,1,1,0,30,1,ALLOW
QA Engineer,Product,Employee,GitHub Project Alpha,1,1,1,1,1,0,0,14,0,ALLOW
DevOps Engineer,Product,Contractor,GitHub Project Alpha,1,1,1,1,0,1,0,14,0,ALLOW
HR Specialist,Finance,Intern,Admin Panel,0,0,4,0,1,0,1,180,0,DENY
DevOps Engineer,HR,Employee,Finance System,0,1,3,1,1,0,0,7,1,DENY
QA Engineer,Engineering,Intern,Admin Panel,0,0,4,1,0,0,1,365,1,DENY
DevOps Engineer,HR,Employee,HR Database,1,1,3,0,0,0,0,60,1,ALLOW
Contractor,Product,Intern,GitHub Project Alpha,1,1,1,0,1,0,1,365,1,ALLOW
Finance Analyst,HR,Contractor,Admin Panel,0,0,4,1,1,1,0,14,0,DENY
HR Specialist,Product,Contractor,Development Server,0,1,2,1,1,1,0,30,0,DENY
QA Engineer,Engineering,Contractor,GitHub Project Alpha,1,1,1,1,1,1,0,180,0,ALLOW
System Administrator,IT,Employee,GitHub Project Alpha,0,1,1,0,0,0,0,180,1,DENY
Product Manager,Engineering,Contractor,HR Database,0,1,3,0,0,1,0,14,0,DENY
Finance Analyst,HR,Employee,Admin Panel,0,0,4,0,0,0,0,180,0,DENY
System Administrator,IT,Intern,Development Server,0,1,2,1,1,0,1,7,1,DENY
Product Manager,IT,Employee,GitHub Project Alpha,0,1,1,0,1,0,0,14,1,DENY
DevOps Engineer,Finance,Intern,HR Database,0,1,3,1,0,0,1,90,1,DENY
QA Engineer,Engineering,Employee,Admin Panel,0,0,4,1,0,0,0,7,0,DENY
Product Manager,HR,Contractor,GitHub Project Alpha,0,1,1,0,1,1,0,365,1,DENY
DevOps Engineer,Engineering,Contractor,GitHub Project Alpha,1,1,1,1,1,1,0,90,0,ALLOW
QA Engineer,IT,Contractor,HR Database,0,1,3,0,0,1,0,365,0,DENY
DevOps Engineer,IT,Employee,HR Database,0,1,3,0,0,0,0,180,0,DENY
Contractor,IT,Intern,GitHub Project Alpha,0,1,1,1,1,0,1,90,0,DENY
DevOps Engineer,IT,Employee,HR Database,0,1,3,1,1,0,0,7,1,DENY
Product Manager,HR,Intern,Development Server,0,1,2,0,0,0,1,60,0,DENY
DevOps Engineer,Engineering,Intern,Project Management System,1,1,1,1,1,0,1,30,1,ALLOW
Product Manager,Engineering,Intern,HR Database,0,1,3,0,1,0,1,180,0,DENY
QA Engineer,Engineering,Employee,Production Database,1,0,4,1,1,0,0,180,0,DENY
Finance Analyst,IT,Intern,Production Database,1,0,4,1,1,0,1,30,1,DENY
Contractor,Finance,Employee,HR Database,0,1,3,1,0,0,0,60,0,DENY
QA Engineer,Engineering,Employee,GitHub Project Alpha,1,1,1,0,0,0,0,60,0,ALLOW
DevOps Engineer,Product,Intern,Finance System,0,1,3,0,0,0,1,180,0,DENY
HR Specialist,HR,Employee,GitHub Project Alpha,0,1,1,0,1,0,0,30,1,DENY
Finance Analyst,HR,Contractor,Development Server,0,1,2,1,0,1,0,365,1,DENY
Software Developer,HR,Intern,Finance System,0,1,3,0,1,0,1,7,0,DENY
QA Engineer,HR,Contractor,GitHub Project Alpha,0,1,1,1,1,1,0,14,1,DENY
Contractor,IT,Intern,Production Database,1,0,4,1,0,0,1,60,0,DENY
Finance Analyst,IT,Intern,Finance System,0,1,3,0,0,0,1,365,0,DENY
QA Engineer,Finance,Employee,Production Database,0,0,4,1,1,0,0,90,0,DENY
QA Engineer,HR,Intern,Development Server,0,1,2,1,0,0,1,7,1,DENY
HR Specialist,IT,Contractor,Finance System,0,1,3,0,0,1,0,14,1,DENY
System Administrator,Product,Intern,Production Database,0,1,4,0,0,0,1,180,0,DENY
Finance Analyst,Finance,Intern,HR Database,0,1,3,1,0,0,1,90,0,DENY
QA Engineer,Finance,Contractor,Project Management System,1,1,1,0,0,1,0,180,1,ALLOW
System Administrator,HR,Contractor,Development Server,0,1,2,1,0,1,0,60,0,DENY
Software Developer,Finance,Intern,GitHub Project Alpha,0,1,1,1,0,0,1,60,1,DENY
Finance Analyst,Finance,Contractor,HR Database,0,1,3,0,0,1,0,14,1,DENY
HR Specialist,IT,Intern,Finance System,0,1,3,0,1,0,1,60,0,DENY
Product Manager,Engineering,Contractor,Project Management System,1,1,1,0,1,1,0,14,1,ALLOW
HR Specialist,HR,Employee,Admin Panel,0,0,4,0,0,0,0,30,1,DENY
System Administrator,Finance,Intern,HR Database,0,1,3,1,1,0,1,60,1,DENY
HR Specialist,Product,Contractor,Project Management System,1,1,1,1,1,1,0,180,0,ALLOW
System Administrator,Product,Intern,Finance System,0,1,3,1,0,0,1,365,1,DENY
Software Developer,Engineering,Employee,Admin Panel,0,0,4,1,0,0,0,7,1,DENY
Software Developer,Finance,Employee,Project Management System,1,1,1,1,0,0,0,90,0,ALLOW
HR Specialist,Product,Intern,Development Server,0,1,2,0,0,0,1,180,1,DENY
Contractor,HR,Employee,Project Management System,1,1,1,1,1,0,0,180,0,ALLOW
Contractor,Product,Intern,GitHub Project Alpha,1,1,1,1,0,0,1,60,0,REVIEW
System Administrator,Product,Contractor,GitHub Project Alpha,1,1,1,1,1,1,0,180,0,ALLOW
HR Specialist,HR,Employee,Project Management System,1,1,1,1,1,0,0,7,1,ALLOW
System Administrator,HR,Employee,HR Database,1,1,3,0,0,0,0,14,1,ALLOW
System Administrator,HR,Intern,HR Database,1,1,3,0,0,0,1,180,1,REVIEW
DevOps Engineer,Product,Contractor,GitHub Project Alpha,1,1,1,1,0,1,0,365,1,ALLOW
DevOps Engineer,Product,Employee,HR Database,0,1,3,1,0,0,0,14,1,DENY
Product Manager,Product,Employee,Production Database,0,0,4,1,0,0,0,90,1,DENY
Finance Analyst,Product,Intern,Finance System,0,1,3,0,0,0,1,14,0,DENY
QA Engineer,HR,Intern,Project Management System,1,1,1,0,1,0,1,365,1,ALLOW
Contractor,Finance,Employee,Production Database,0,0,4,1,1,0,0,14,1,DENY
Finance Analyst,Product,Intern,GitHub Project Alpha,1,1,1,1,0,0,1,60,0,REVIEW
HR Specialist,IT,Employee,Finance System,0,1,3,0,1,0,0,365,0,DENY
Product Manager,HR,Intern,Finance System,0,1,3,0,0,0,1,14,0,DENY
Finance Analyst,Engineering,Employee,Admin Panel,0,0,4,0,1,0,0,180,1,DENY
DevOps Engineer,HR,Contractor,Project Management System,1,1,1,0,1,1,0,14,0,ALLOW
DevOps Engineer,HR,Contractor,Finance System,0,1,3,0,1,1,0,7,0,DENY
HR Specialist,IT,Intern,Project Management System,1,1,1,1,0,0,1,30,1,REVIEW
DevOps Engineer,Finance,Intern,Development Server,0,1,2,0,0,0,1,60,1,DENY
Finance Analyst,IT,Employee,Finance System,0,1,3,0,1,0,0,365,0,DENY
Contractor,HR,Employee,Development Server,0,1,2,1,1,0,0,60,0,DENY
HR Specialist,IT,Intern,GitHub Project Alpha,0,1,1,1,1,0,1,30,0,DENY
HR Specialist,IT,Contractor,Development Server,0,1,2,0,1,1,0,30,1,DENY
Product Manager,Finance,Contractor,Finance System,1,1,3,1,0,1,0,90,0,REVIEW
System Administrator,Product,Intern,Finance System,0,1,3,0,0,0,1,90,1,DENY
Software Developer,Finance,Intern,Finance System,1,1,3,1,0,0,1,90,1,REVIEW
Product Manager,HR,Contractor,Project Management System,1,1,1,1,0,1,0,365,0,ALLOW
HR Specialist,Product,Intern,GitHub Project Alpha,1,1,1,0,0,0,1,365,1,REVIEW
DevOps Engineer,Finance,Employee,HR Database,0,1,3,1,1,0,0,14,0,DENY
Contractor,Engineering,Intern,Development Server,1,1,2,0,1,0,1,90,0,ALLOW
HR Specialist,IT,Contractor,GitHub Project Alpha,0,1,1,1,1,1,0,365,1,DENY
Software Developer,Engineering,Intern,Admin Panel,0,0,4,0,1,0,1,30,0,DENY
DevOps Engineer,HR,Contractor,Development Server,0,1,2,0,0,1,0,90,0,DENY
System Administrator,Engineering,Intern,HR Database,0,1,3,0,1,0,1,7,0,DENY
Contractor,HR,Employee,HR Database,1,1,3,1,1,0,0,90,1,ALLOW
DevOps Engineer,Finance,Employee,Project Management System,1,1,1,1,0,0,0,60,0,ALLOW
DevOps Engineer,IT,Employee,HR Database,0,1,3,1,1,0,0,365,0,DENY
DevOps Engineer,Engineering,Employee,Finance System,0,1,3,0,1,0,0,60,0,DENY
QA Engineer,Product,Employee,Production Database,0,0,4,0,1,0,0,60,1,DENY
QA Engineer,IT,Contractor,Production Database,1,0,4,1,0,1,0,365,1,DENY
Contractor,HR,Employee,Project Management System,1,1,1,0,1,0,0,180,1,ALLOW
Contractor,IT,Intern,Production Database,1,0,4,1,1,0,1,180,1,DENY
Product Manager,Finance,Intern,Development Server,0,1,2,1,0,0,1,14,0,DENY
Product Manager,Product,Intern,GitHub Project Alpha,1,1,1,1,1,0,1,180,0,ALLOW
Contractor,Finance,Intern,Development Server,0,1,2,1,0,0,1,90,1,DENY
HR Specialist,IT,Employee,GitHub Project Alpha,0,1,1,1,1,0,0,30,0,DENY
DevOps Engineer,Product,Contractor,Admin Panel,0,0,4,1,1,1,0,180,0,DENY
Finance Analyst,Product,Employee,Development Server,0,1,2,0,0,0,0,90,1,DENY
DevOps Engineer,IT,Employee,Project Management System,1,1,1,1,1,0,0,30,1,ALLOW
Software Developer,HR,Intern,Development Server,0,1,2,1,1,0,1,7,1,DENY
Finance Analyst,Finance,Intern,Project Management System,1,1,1,1,0,0,1,180,0,REVIEW
Finance Analyst,Engineering,Intern,HR Database,0,1,3,0,1,0,1,60,1,DENY
Contractor,HR,Contractor,Production Database,0,0,4,1,0,1,0,90,0,DENY
HR Specialist,Finance,Employee,Admin Panel,0,0,4,0,1,0,0,60,1,DENY
DevOps Engineer,Finance,Intern,HR Database,0,1,3,0,1,0,1,14,0,DENY
System Administrator,Product,Employee,Production Database,0,1,4,0,0,0,0,180,0,DENY
QA Engineer,Finance,Contractor,GitHub Project Alpha,0,1,1,1,0,1,0,14,0,DENY
HR Specialist,Product,Contractor,Production Database,0,0,4,1,1,1,0,60,0,DENY
Contractor,Finance,Intern,Project Management System,1,1,1,1,0,0,1,14,0,REVIEW
Product Manager,IT,Intern,Development Server,0,1,2,0,0,0,1,7,0,DENY
Product Manager,Engineering,Intern,Finance System,0,1,3,1,1,0,1,30,0,DENY
System Administrator,Product,Contractor,HR Database,0,1,3,1,0,1,0,14,0,DENY
System Administrator,IT,Contractor,HR Database,0,1,3,1,1,1,0,90,0,DENY
Software Developer,Finance,Intern,Project Management System,1,1,1,1,1,0,1,365,0,ALLOW
Product Manager,HR,Contractor,Project Management System,1,1,1,0,1,1,0,60,0,ALLOW
System Administrator,HR,Employee,Development Server,0,1,2,0,1,0,0,30,0,DENY
HR Specialist,IT,Intern,Admin Panel,1,0,4,1,1,0,1,365,0,DENY
Contractor,Product,Intern,GitHub Project Alpha,1,1,1,1,0,0,1,14,1,REVIEW
HR Specialist,Product,Employee,HR Database,0,1,3,1,1,0,0,14,1,DENY
DevOps Engineer,HR,Contractor,Development Server,0,1,2,0,0,1,0,30,0,DENY
Software Developer,Product,Intern,HR Database,0,1,3,1,1,0,1,14,0,DENY
DevOps Engineer,Finance,Employee,Production Database,0,1,4,1,1,0,0,60,0,DENY
Contractor,IT,Contractor,Project Management System,1,1,1,0,1,1,0,365,0,ALLOW
System Administrator,Product,Intern,HR Database,0,1,3,1,1,0,1,90,0,DENY
DevOps Engineer,IT,Intern,Development Server,0,1,2,0,1,0,1,14,0,DENY
Finance Analyst,HR,Employee,Finance System,0,1,3,0,0,0,0,14,0,DENY
HR Specialist,HR,Intern,Finance System,0,1,3,1,0,0,1,30,1,DENY
DevOps Engineer,Product,Intern,HR Database,0,1,3,0,1,0,1,90,0,DENY
HR Specialist,Finance,Intern,Production Database,0,0,4,1,1,0,1,7,0,DENY
Contractor,HR,Employee,Project Management System,1,1,1,1,1,0,0,90,0,ALLOW
Finance Analyst,HR,Contractor,Project Management System,1,1,1,1,0,1,0,180,0,ALLOW
Finance Analyst,HR,Employee,Admin Panel,0,0,4,0,0,0,0,180,1,DENY
DevOps Engineer,Product,Intern,Admin Panel,0,0,4,0,1,0,1,90,1,DENY
System Administrator,Finance,Employee,Finance System,1,1,3,1,0,0,0,7,0,REVIEW
DevOps Engineer,Product,Intern,GitHub Project Alpha,1,1,1,0,0,0,1,7,0,REVIEW
DevOps Engineer,Finance,Employee,Project Management System,1,1,1,0,1,0,0,365,0,ALLOW
Software Developer,HR,Contractor,Admin Panel,0,0,4,1,1,1,0,90,0,DENY
Product Manager,Product,Employee,Project Management System,1,1,1,1,0,0,0,180,0,ALLOW
HR Specialist,Engineering,Intern,Finance System,0,1,3,0,0,0,1,365,0,DENY
DevOps Engineer,Product,Intern,Development Server,0,1,2,0,1,0,1,60,0,DENY
Software Developer,Product,Contractor,Finance System,0,1,3,1,1,1,0,365,0,DENY
System Administrator,IT,Employee,Production Database,1,1,4,0,0,0,0,60,0,REVIEW
DevOps Engineer,HR,Contractor,Finance System,0,1,3,1,1,1,0,7,1,DENY
Software Developer,HR,Intern,Finance System,0,1,3,0,1,0,1,60,1,DENY
Software Developer,IT,Employee,Development Server,0,1,2,0,1,0,0,14,1,DENY
DevOps Engineer,Finance,Intern,Finance System,1,1,3,0,1,0,1,90,1,REVIEW
Finance Analyst,Engineering,Intern,HR Database,0,1,3,1,1,0,1,14,0,DENY
Finance Analyst,IT,Employee,GitHub Project Alpha,0,1,1,1,1,0,0,30,1,DENY
HR Specialist,Product,Intern,GitHub Project Alpha,1,1,1,0,1,0,1,365,0,ALLOW
System Administrator,IT,Employee,Development Server,0,1,2,0,0,0,0,30,0,DENY
Finance Analyst,IT,Contractor,HR Database,0,1,3,0,0,1,0,7,0,DENY
HR Specialist,IT,Intern,GitHub Project Alpha,0,1,1,0,1,0,1,14,0,DENY
QA Engineer,Engineering,Contractor,Admin Panel,0,0,4,1,1,1,0,7,0,DENY
Software Developer,Engineering,Employee,Admin Panel,0,0,4,0,0,0,0,60,0,DENY
Finance Analyst,Finance,Contractor,Development Server,0,1,2,1,0,1,0,14,0,DENY
Software Developer,Finance,Employee,Finance System,1,1,3,1,1,0,0,7,0,ALLOW
Product Manager,Engineering,Intern,Finance System,0,1,3,1,1,0,1,365,0,DENY
System Administrator,Engineering,Intern,Production Database,1,1,4,0,0,0,1,90,0,REVIEW
System Administrator,Finance,Employee,Finance System,1,1,3,1,1,0,0,14,0,ALLOW
System Administrator,Finance,Intern,Development Server,0,1,2,1,1,0,1,90,0,DENY
HR Specialist,Product,Employee,Development Server,0,1,2,1,0,0,0,90,0,DENY
Software Developer,HR,Contractor,GitHub Project Alpha,0,1,1,0,0,1,0,7,1,DENY
QA Engineer,Product,Intern,Development Server,0,1,2,1,0,0,1,180,0,DENY
System Administrator,Engineering,Contractor,GitHub Project Alpha,1,1,1,0,0,1,0,180,0,ALLOW
System Administrator,Finance,Employee,Development Server,0,1,2,0,1,0,0,60,0,DENY
Product Manager,HR,Intern,Project Management System,1,1,1,0,0,0,1,365,0,REVIEW
Software Developer,Finance,Contractor,GitHub Project Alpha,0,1,1,0,0,1,0,14,1,DENY
DevOps Engineer,IT,Intern,Development Server,0,1,2,0,0,0,1,30,0,DENY
Product Manager,Engineering,Contractor,Project Management System,1,1,1,1,1,1,0,30,1,ALLOW
HR Specialist,Finance,Contractor,Admin Panel,0,0,4,1,1,1,0,365,0,DENY
DevOps Engineer,HR,Intern,Development Server,0,1,2,1,1,0,1,180,0,DENY
DevOps Engineer,HR,Employee,GitHub Project Alpha,0,1,1,0,0,0,0,30,0,DENY
QA Engineer,Engineering,Intern,Admin Panel,0,0,4,1,0,0,1,7,0,DENY
Finance Analyst,Product,Contractor,Development Server,0,1,2,0,0,1,0,60,0,DENY
Software Developer,Finance,Employee,Admin Panel,0,0,4,1,1,0,0,14,0,DENY
System Administrator,Engineering,Contractor,Project Management System,1,1,1,0,1,1,0,90,1,ALLOW
Product Manager,Finance,Contractor,Production Database,0,0,4,0,0,1,0,30,0,DENY
Software Developer,HR,Contractor,Development Server,0,1,2,1,0,1,0,60,1,DENY
Finance Analyst,IT,Intern,Admin Panel,1,0,4,0,1,0,1,365,0,DENY
QA Engineer,Product,Employee,Admin Panel,0,0,4,0,1,0,0,30,0,DENY
Contractor,Engineering,Employee,Development Server,1,1,2,0,1,0,0,30,1,ALLOW
HR Specialist,Finance,Contractor,Development Server,0,1,2,0,1,1,0,180,0,DENY
Software Developer,HR,Employee,GitHub Project Alpha,0,1,1,0,0,0,0,90,0,DENY
Finance Analyst,Product,Employee,Project Management System,1,1,1,1,1,0,0,60,0,ALLOW
QA Engineer,IT,Employee,Finance System,0,1,3,1,1,0,0,60,0,DENY
HR Specialist,IT,Contractor,Finance System,0,1,3,1,1,1,0,180,0,DENY
Contractor,Finance,Employee,Admin Panel,0,0,4,1,0,0,0,90,0,DENY
QA Engineer,Engineering,Intern,HR Database,0,1,3,1,0,0,1,7,0,DENY
Finance Analyst,Finance,Intern,Production Database,0,0,4,0,1,0,1,90,1,DENY
HR Specialist,Finance,Intern,Production Database,0,0,4,1,0,0,1,90,0,DENY
Finance Analyst,Engineering,Intern,Development Server,1,1,2,0,0,0,1,60,0,REVIEW
DevOps Engineer,IT,Contractor,Project Management System,1,1,1,0,1,1,0,60,1,ALLOW
DevOps Engineer,Finance,Employee,Production Database,0,1,4,0,1,0,0,365,0,DENY
Software Developer,HR,Employee,Production Database,0,0,4,1,1,0,0,90,0,DENY
Contractor,HR,Contractor,Production Database,0,0,4,1,0,1,0,30,0,DENY
QA Engineer,Engineering,Contractor,HR Database,0,1,3,0,0,1,0,180,0,DENY
HR Specialist,Finance,Contractor,GitHub Project Alpha,0,1,1,0,1,1,0,365,0,DENY
QA Engineer,Product,Intern,Admin Panel,0,0,4,0,0,0,1,365,0,DENY
Software Developer,IT,Contractor,Development Server,0,1,2,1,1,1,0,14,0,DENY
QA Engineer,Finance,Employee,Admin Panel,0,0,4,1,0,0,0,90,0,DENY
Product Manager,Product,Contractor,Development Server,0,1,2,0,0,1,0,365,1,DENY
Finance Analyst,Product,Intern,GitHub Project Alpha,1,1,1,0,1,0,1,14,0,ALLOW
QA Engineer,Finance,Intern,Finance System,1,1,3,1,1,0,1,30,0,REVIEW
QA Engineer,Product,Contractor,Finance System,0,1,3,0,0,1,0,14,0,DENY
Product Manager,IT,Contractor,Finance System,0,1,3,0,1,1,0,30,1,DENY
DevOps Engineer,Engineering,Contractor,Production Database,1,1,4,0,0,1,0,365,0,REVIEW
Product Manager,HR,Employee,GitHub Project Alpha,0,1,1,0,1,0,0,30,1,DENY
HR Specialist,HR,Intern,HR Database,1,1,3,0,1,0,1,60,1,REVIEW
HR Specialist,Product,Contractor,Admin Panel,0,0,4,1,1,1,0,90,0,DENY
HR Specialist,Engineering,Intern,Admin Panel,0,0,4,1,1,0,1,30,0,DENY
Software Developer,Product,Contractor,Production Database,0,0,4,0,1,1,0,90,1,DENY
Software Developer,Engineering,Intern,HR Database,0,1,3,1,0,0,1,180,0,DENY
QA Engineer,IT,Intern,Production Database,1,0,4,0,1,0,1,30,0,DENY
DevOps Engineer,Finance,Intern,Production Database,0,1,4,1,1,0,1,90,1,DENY
Software Developer,HR,Contractor,HR Database,1,1,3,0,0,1,0,180,0,REVIEW
DevOps Engineer,IT,Intern,HR Database,0,1,3,0,0,0,1,14,0,DENY
Software Developer,Engineering,Intern,Finance System,0,1,3,0,1,0,1,90,0,DENY
Product Manager,Engineering,Contractor,Finance System,0,1,3,0,1,1,0,365,1,DENY
DevOps Engineer,Product,Contractor,Admin Panel,0,0,4,0,0,1,0,90,0,DENY
DevOps Engineer,Engineering,Intern,Admin Panel,0,0,4,0,0,0,1,7,0,DENY
System Administrator,Finance,Contractor,Project Management System,1,1,1,0,0,1,0,30,0,ALLOW
Finance Analyst,Finance,Contractor,Finance System,1,1,3,1,1,1,0,180,1,ALLOW
QA Engineer,Finance,Intern,Development Server,0,1,2,1,0,0,1,14,0,DENY
System Administrator,HR,Employee,Finance System,0,1,3,0,0,0,0,14,1,DENY
System Administrator,Product,Intern,HR Database,0,1,3,1,1,0,1,7,0,DENY
HR Specialist,HR,Employee,GitHub Project Alpha,0,1,1,0,0,0,0,365,0,DENY
HR Specialist,Engineering,Employee,GitHub Project Alpha,1,1,1,1,1,0,0,180,0,ALLOW
System Administrator,HR,Intern,Finance System,0,1,3,1,1,0,1,365,0,DENY
Finance Analyst,Finance,Contractor,Admin Panel,0,0,4,0,1,1,0,30,1,DENY
System Administrator,IT,Intern,Finance System,0,1,3,0,0,0,1,14,0,DENY
Software Developer,HR,Contractor,HR Database,1,1,3,0,1,1,0,90,1,ALLOW
QA Engineer,Finance,Intern,Finance System,1,1,3,1,1,0,1,180,1,REVIEW
System Administrator,Finance,Intern,GitHub Project Alpha,0,1,1,0,1,0,1,60,1,DENY
DevOps Engineer,HR,Intern,Admin Panel,0,0,4,0,1,0,1,14,1,DENY
Software Developer,Finance,Contractor,Project Management System,1,1,1,0,0,1,0,30,0,ALLOW
Software Developer,Engineering,Employee,Admin Panel,0,0,4,1,0,0,0,30,0,DENY
QA Engineer,HR,Intern,GitHub Project Alpha,0,1,1,0,1,0,1,60,0,DENY
System Administrator,Product,Contractor,Development Server,0,1,2,1,0,1,0,14,0,DENY
Contractor,HR,Contractor,HR Database,1,1,3,0,1,1,0,14,0,REVIEW
System Administrator,Product,Intern,Development Server,0,1,2,1,1,0,1,365,1,DENY
QA Engineer,Product,Contractor,Finance System,0,1,3,1,0,1,0,60,0,DENY
System Administrator,HR,Contractor,HR Database,1,1,3,1,0,1,0,7,0,REVIEW
Contractor,IT,Employee,GitHub Project Alpha,0,1,1,0,0,0,0,60,1,DENY
System Administrator,Engineering,Contractor,Production Database,1,1,4,0,1,1,0,90,1,REVIEW
Product Manager,Engineering,Contractor,GitHub Project Alpha,1,1,1,1,0,1,0,365,1,ALLOW
Contractor,Product,Intern,Finance System,0,1,3,1,1,0,1,90,0,DENY
Finance Analyst,IT,Intern,HR Database,0,1,3,0,1,0,1,7,0,DENY
DevOps Engineer,Finance,Intern,HR Database,0,1,3,1,0,0,1,60,0,DENY
DevOps Engineer,Finance,Contractor,HR Database,0,1,3,0,1,1,0,30,1,DENY
Finance Analyst,Engineering,Contractor,Project Management System,1,1,1,1,1,1,0,60,0,ALLOW
QA Engineer,HR,Contractor,Finance System,0,1,3,0,1,1,0,7,1,DENY
HR Specialist,Finance,Employee,Finance System,1,1,3,0,0,0,0,30,1,ALLOW
Software Developer,Engineering,Employee,Production Database,1,0,4,1,1,0,0,180,0,DENY
Software Developer,Engineering,Employee,Production Database,1,0,4,0,0,0,0,180,0,DENY
DevOps Engineer,Engineering,Intern,Finance System,0,1,3,0,0,0,1,7,1,DENY
HR Specialist,Engineering,Contractor,Project Management System,1,1,1,0,1,1,0,30,1,ALLOW
HR Specialist,HR,Contractor,Project Management System,1,1,1,0,1,1,0,180,0,ALLOW
QA Engineer,Finance,Contractor,GitHub Project Alpha,0,1,1,0,1,1,0,90,0,DENY
HR Specialist,IT,Contractor,Finance System,0,1,3,0,1,1,0,60,1,DENY
Contractor,Product,Contractor,GitHub Project Alpha,1,1,1,1,0,1,0,60,0,ALLOW
Product Manager,Finance,Employee,Project Management System,1,1,1,0,1,0,0,14,0,ALLOW
QA Engineer,HR,Employee,Development Server,0,1,2,1,0,0,0,90,0,DENY
Software Developer,Finance,Intern,Admin Panel,0,0,4,1,1,0,1,60,1,DENY
Contractor,HR,Employee,Admin Panel,0,0,4,1,0,0,0,365,0,DENY
Software Developer,IT,Contractor,GitHub Project Alpha,0,1,1,1,0,1,0,365,1,DENY
Contractor,IT,Intern,Production Database,1,0,4,0,1,0,1,90,0,DENY
System Administrator,HR,Employee,Finance System,0,1,3,0,1,0,0,90,0,DENY
Finance Analyst,Product,Employee,Development Server,0,1,2,1,0,0,0,90,0,DENY
Finance Analyst,Engineering,Contractor,Production Database,1,0,4,0,1,1,0,7,0,DENY
Software Developer,Product,Intern,Development Server,0,1,2,0,0,0,1,180,0,DENY
Contractor,Product,Intern,Finance System,0,1,3,0,0,0,1,7,1,DENY
Finance Analyst,HR,Intern,GitHub Project Alpha,0,1,1,0,0,0,1,14,1,DENY
Contractor,HR,Intern,HR Database,1,1,3,0,0,0,1,30,1,REVIEW
Finance Analyst,HR,Employee,Development Server,0,1,2,0,0,0,0,180,1,DENY
Finance Analyst,Engineering,Employee,Admin Panel,0,0,4,1,0,0,0,7,1,DENY
System Administrator,Product,Employee,Development Server,0,1,2,1,1,0,0,7,0,DENY
HR Specialist,Finance,Contractor,Admin Panel,0,0,4,1,1,1,0,7,0,DENY
System Administrator,IT,Intern,GitHub Project Alpha,0,1,1,1,0,0,1,365,0,DENY
Contractor,IT,Employee,Finance System,0,1,3,0,0,0,0,60,0,DENY
Product Manager,Product,Intern,Finance System,0,1,3,1,0,0,1,90,1,DENY
Software Developer,IT,Employee,Admin Panel,1,0,4,1,0,0,0,60,0,DENY
DevOps Engineer,Product,Intern,Production Database,0,1,4,1,1,0,1,30,0,DENY
Contractor,Product,Intern,Production Database,0,0,4,0,1,0,1,30,0,DENY
Product Manager,Finance,Contractor,HR Database,0,1,3,1,1,1,0,365,0,DENY
Product Manager,Product,Contractor,Finance System,0,1,3,1,1,1,0,365,0,DENY
DevOps Engineer,Engineering,Intern,Development Server,1,1,2,1,0,0,1,90,1,ALLOW
Contractor,Product,Contractor,Finance System,0,1,3,1,0,1,0,14,0,DENY
Contractor,Finance,Employee,Project Management System,1,1,1,0,0,0,0,180,1,ALLOW
Finance Analyst,Finance,Employee,Development Server,0,1,2,1,0,0,0,365,1,DENY
Finance Analyst,Product,Intern,HR Database,0,1,3,0,0,0,1,7,0,DENY
HR Specialist,IT,Employee,GitHub Project Alpha,0,1,1,1,0,0,0,180,1,DENY
Software Developer,HR,Contractor,GitHub Project Alpha,0,1,1,1,1,1,0,180,0,DENY
Product Manager,Engineering,Employee,Admin Panel,0,0,4,0,0,0,0,60,0,DENY
Product Manager,IT,Contractor,Finance System,0,1,3,1,0,1,0,7,1,DENY
Product Manager,Engineering,Contractor,Development Server,1,1,2,1,0,1,0,7,0,REVIEW
DevOps Engineer,Engineering,Employee,Admin Panel,0,0,4,1,0,0,0,14,0,DENY
DevOps Engineer,Product,Employee,Finance System,0,1,3,1,1,0,0,60,0,DENY
HR Specialist,IT,Intern,Admin Panel,1,0,4,0,1,0,1,60,0,DENY
QA Engineer,Engineering,Employee,Production Database,1,0,4,0,0,0,0,7,0,DENY
Product Manager,IT,Intern,HR Database,0,1,3,1,1,0,1,365,0,DENY
DevOps Engineer,Product,Intern,Admin Panel,0,0,4,1,0,0,1,7,1,DENY
Product Manager,HR,Employee,Admin Panel,0,0,4,0,1,0,0,7,0,DENY
System Administrator,Product,Intern,Production Database,0,1,4,0,1,0,1,14,0,DENY
Contractor,IT,Intern,GitHub Project Alpha,0,1,1,1,1,0,1,7,0,DENY
Contractor,Product,Contractor,Project Management System,1,1,1,1,0,1,0,180,0,ALLOW
DevOps Engineer,HR,Employee,GitHub Project Alpha,0,1,1,1,1,0,0,90,0,DENY
Finance Analyst,Finance,Intern,GitHub Project Alpha,0,1,1,1,0,0,1,30,0,DENY
System Administrator,Product,Employee,Project Management System,1,1,1,0,1,0,0,30,1,ALLOW
Software Developer,IT,Employee,Project Management System,1,1,1,1,0,0,0,7,0,ALLOW
DevOps Engineer,Engineering,Contractor,Development Server,1,1,2,0,0,1,0,60,0,REVIEW
Product Manager,Product,Employee,GitHub Project Alpha,1,1,1,0,1,0,0,30,0,ALLOW
Product Manager,Engineering,Contractor,HR Database,0,1,3,1,0,1,0,60,1,DENY
Contractor,Engineering,Employee,Project Management System,1,1,1,1,1,0,0,180,0,ALLOW
Product Manager,Engineering,Contractor,Project Management System,1,1,1,0,1,1,0,60,0,ALLOW
System Administrator,Engineering,Intern,Admin Panel,0,1,4,1,1,0,1,365,1,DENY
DevOps Engineer,Finance,Intern,Admin Panel,0,0,4,1,1,0,1,365,1,DENY
QA Engineer,Product,Intern,HR Database,0,1,3,1,0,0,1,365,0,DENY
DevOps Engineer,Engineering,Intern,Admin Panel,0,0,4,0,0,0,1,60,0,DENY
Finance Analyst,Finance,Contractor,Development Server,0,1,2,0,0,1,0,180,0,DENY
DevOps Engineer,Engineering,Employee,Project Management System,1,1,1,0,0,0,0,30,0,ALLOW
HR Specialist,IT,Contractor,Production Database,1,0,4,0,1,1,0,180,0,DENY
HR Specialist,Product,Contractor,Admin Panel,0,0,4,1,0,1,0,14,0,DENY
DevOps Engineer,Product,Contractor,Admin Panel,0,0,4,1,1,1,0,30,1,DENY
DevOps Engineer,Product,Employee,Finance System,0,1,3,0,0,0,0,14,0,DENY
Product Manager,Engineering,Intern,Production Database,1,0,4,1,0,0,1,180,1,DENY
HR Specialist,Product,Intern,GitHub Project Alpha,1,1,1,1,1,0,1,7,0,ALLOW
System Administrator,Finance,Contractor,Production Database,0,1,4,0,1,1,0,7,1,DENY
DevOps Engineer,HR,Intern,GitHub Project Alpha,0,1,1,1,0,0,1,365,1,DENY
Contractor,Finance,Contractor,Project Management System,1,1,1,0,1,1,0,30,0,ALLOW
Contractor,Finance,Intern,Finance System,1,1,3,0,1,0,1,30,0,REVIEW
Finance Analyst,IT,Contractor,GitHub Project Alpha,0,1,1,0,1,1,0,14,0,DENY
Software Developer,Engineering,Contractor,Project Management System,1,1,1,1,0,1,0,90,1,ALLOW
System Administrator,Finance,Intern,Development Server,0,1,2,1,1,0,1,365,0,DENY
Product Manager,Engineering,Employee,Finance System,0,1,3,1,1,0,0,30,1,DENY
DevOps Engineer,Product,Contractor,HR Database,0,1,3,1,0,1,0,60,0,DENY
DevOps Engineer,HR,Intern,HR Database,1,1,3,0,1,0,1,14,0,REVIEW
Contractor,HR,Intern,GitHub Project Alpha,0,1,1,1,0,0,1,60,0,DENY
HR Specialist,Engineering,Intern,Finance System,0,1,3,0,0,0,1,7,0,DENY
Contractor,Engineering,Contractor,Admin Panel,0,0,4,0,0,1,0,7,0,DENY
Product Manager,IT,Intern,GitHub Project Alpha,0,1,1,0,1,0,1,90,0,DENY
HR Specialist,Finance,Contractor,Admin Panel,0,0,4,0,0,1,0,7,0,DENY
Contractor,Finance,Employee,GitHub Project Alpha,0,1,1,1,1,0,0,7,0,DENY
QA Engineer,IT,Intern,HR Database,0,1,3,0,1,0,1,90,0,DENY
Product Manager,Finance,Contractor,HR Database,0,1,3,0,1,1,0,365,0,DENY
Contractor,HR,Employee,Admin Panel,0,0,4,0,0,0,0,7,0,DENY
Contractor,Finance,Employee,Project Management System,1,1,1,1,0,0,0,30,0,ALLOW
Product Manager,Engineering,Intern,Admin Panel,0,0,4,1,1,0,1,180,0,DENY
Finance Analyst,IT,Intern,GitHub Project Alpha,0,1,1,0,1,0,1,180,0,DENY
Product Manager,HR,Intern,Finance System,0,1,3,1,1,0,1,30,0,DENY
Product Manager,Finance,Intern,Finance System,1,1,3,1,0,0,1,7,0,REVIEW
Finance Analyst,Engineering,Contractor,Admin Panel,0,0,4,0,0,1,0,7,0,DENY
System Administrator,IT,Contractor,GitHub Project Alpha,0,1,1,0,1,1,0,365,1,DENY
DevOps Engineer,Product,Employee,HR Database,0,1,3,1,1,0,0,7,0,DENY
Product Manager,Engineering,Intern,Production Database,1,0,4,0,0,0,1,365,0,DENY
System Administrator,Product,Intern,Development Server,0,1,2,0,1,0,1,30,0,DENY
Software Developer,HR,Employee,Development Server,0,1,2,1,1,0,0,60,1,DENY
System Administrator,IT,Employee,Admin Panel,1,1,4,0,0,0,0,365,0,REVIEW
QA Engineer,HR,Contractor,HR Database,1,1,3,1,0,1,0,90,0,REVIEW
Software Developer,Finance,Employee,Admin Panel,0,0,4,1,1,0,0,7,0,DENY
Product Manager,Product,Contractor,Production Database,0,0,4,0,1,1,0,30,0,DENY
QA Engineer,Product,Intern,HR Database,0,1,3,0,1,0,1,30,1,DENY
QA Engineer,Finance,Employee,Finance System,1,1,3,1,1,0,0,60,0,ALLOW
Product Manager,HR,Employee,Project Management System,1,1,1,1,1,0,0,90,0,ALLOW
Software Developer,Engineering,Employee,GitHub Project Alpha,1,1,1,0,0,0,0,90,1,ALLOW
HR Specialist,Finance,Intern,Production Database,0,0,4,0,1,0,1,365,0,DENY
HR Specialist,Product,Intern,GitHub Project Alpha,1,1,1,0,1,0,1,180,1,ALLOW
DevOps Engineer,IT,Employee,HR Database,0,1,3,1,1,0,0,180,1,DENY
QA Engineer,HR,Employee,GitHub Project Alpha,0,1,1,0,0,0,0,90,0,DENY
Product Manager,HR,Employee,Production Database,0,0,4,1,0,0,0,7,0,DENY
QA Engineer,HR,Contractor,Admin Panel,0,0,4,0,1,1,0,365,0,DENY
QA Engineer,Engineering,Contractor,Project Management System,1,1,1,0,1,1,0,14,0,ALLOW
Software Developer,Product,Employee,Production Database,0,0,4,1,1,0,0,14,0,DENY
HR Specialist,IT,Contractor,HR Database,0,1,3,0,1,1,0,180,0,DENY
Product Manager,IT,Contractor,Finance System,0,1,3,0,1,1,0,30,0,DENY
Finance Analyst,IT,Intern,Production Database,1,0,4,1,0,0,1,90,0,DENY
Finance Analyst,Product,Employee,Production Database,0,0,4,0,0,0,0,30,0,DENY
HR Specialist,Engineering,Intern,Finance System,0,1,3,0,1,0,1,90,1,DENY
Product Manager,Engineering,Employee,HR Database,0,1,3,0,1,0,0,60,0,DENY
QA Engineer,Engineering,Contractor,Production Database,1,0,4,0,0,1,0,30,0,DENY
System Administrator,Product,Employee,GitHub Project Alpha,1,1,1,1,1,0,0,365,0,ALLOW
System Administrator,Product,Contractor,Development Server,0,1,2,1,1,1,0,14,0,DENY
System Administrator,HR,Intern,GitHub Project Alpha,0,1,1,0,1,0,1,30,0,DENY
QA Engineer,IT,Contractor,HR Database,0,1,3,0,1,1,0,14,0,DENY
HR Specialist,IT,Contractor,Project Management System,1,1,1,0,0,1,0,7,0,ALLOW
Contractor,Engineering,Employee,HR Database,0,1,3,0,1,0,0,180,0,DENY
HR Specialist,IT,Employee,Development Server,0,1,2,0,1,0,0,365,0,DENY
System Administrator,Product,Intern,Project Management System,1,1,1,1,1,0,1,365,0,ALLOW
Software Developer,HR,Contractor,Production Database,0,0,4,0,1,1,0,14,0,DENY
Finance Analyst,Product,Intern,Production Database,0,0,4,1,0,0,1,60,1,DENY
DevOps Engineer,HR,Employee,HR Database,1,1,3,0,1,0,0,90,0,REVIEW
Contractor,Product,Intern,Admin Panel,0,0,4,0,1,0,1,7,0,DENY
Software Developer,Engineering,Contractor,HR Database,0,1,3,1,0,1,0,365,0,DENY
Software Developer,Product,Employee,Development Server,0,1,2,0,1,0,0,14,0,DENY
HR Specialist,HR,Contractor,GitHub Project Alpha,0,1,1,0,0,1,0,30,0,DENY
System Administrator,Engineering,Employee,Project Management System,1,1,1,0,1,0,0,60,1,ALLOW
Software Developer,IT,Employee,GitHub Project Alpha,0,1,1,1,0,0,0,365,0,DENY
Contractor,IT,Intern,Project Management System,1,1,1,1,1,0,1,60,0,ALLOW
DevOps Engineer,Product,Intern,GitHub Project Alpha,1,1,1,0,1,0,1,365,0,ALLOW
Finance Analyst,Product,Employee,Development Server,0,1,2,1,0,0,0,60,0,DENY
Product Manager,Engineering,Intern,Finance System,0,1,3,0,1,0,1,365,0,DENY
Contractor,IT,Employee,Project Management System,1,1,1,1,1,0,0,180,1,ALLOW
HR Specialist,Engineering,Employee,HR Database,0,1,3,0,1,0,0,180,1,DENY
System Administrator,Engineering,Intern,Production Database,1,1,4,0,0,0,1,7,1,REVIEW
DevOps Engineer,Product,Intern,Admin Panel,0,0,4,0,0,0,1,60,0,DENY
Contractor,IT,Intern,GitHub Project Alpha,0,1,1,1,0,0,1,90,0,DENY
Contractor,Engineering,Employee,Project Management System,1,1,1,0,0,0,0,14,1,ALLOW
DevOps Engineer,IT,Employee,HR Database,0,1,3,0,1,0,0,30,1,DENY
HR Specialist,IT,Contractor,GitHub Project Alpha,0,1,1,1,0,1,0,365,0,DENY
QA Engineer,Finance,Employee,HR Database,0,1,3,1,1,0,0,7,0,DENY
Software Developer,Product,Intern,Development Server,0,1,2,0,1,0,1,180,1,DENY
System Administrator,Finance,Employee,HR Database,0,1,3,1,0,0,0,180,0,DENY
HR Specialist,HR,Employee,Admin Panel,0,0,4,0,1,0,0,7,0,DENY
Contractor,Product,Employee,Admin Panel,0,0,4,0,1,0,0,90,1,DENY
Finance Analyst,Product,Intern,Project Management System,1,1,1,1,1,0,1,7,0,ALLOW
HR Specialist,HR,Employee,GitHub Project Alpha,0,1,1,1,1,0,0,90,0,DENY
Contractor,Product,Intern,Finance System,0,1,3,1,1,0,1,7,0,DENY
DevOps Engineer,Finance,Contractor,GitHub Project Alpha,0,1,1,1,0,1,0,90,0,DENY
QA Engineer,HR,Intern,HR Database,1,1,3,1,0,0,1,7,0,REVIEW
Product Manager,Product,Employee,HR Database,0,1,3,0,0,0,0,365,0,DENY
Software Developer,HR,Employee,Finance System,0,1,3,0,1,0,0,180,0,DENY
Software Developer,IT,Intern,Finance System,0,1,3,1,0,0,1,365,1,DENY
DevOps Engineer,IT,Employee,HR Database,0,1,3,1,1,0,0,30,1,DENY
Product Manager,Product,Intern,HR Database,0,1,3,0,1,0,1,60,1,DENY
System Administrator,HR,Contractor,GitHub Project Alpha,0,1,1,0,0,1,0,7,0,DENY
Product Manager,Finance,Intern,Admin Panel,0,0,4,0,1,0,1,365,0,DENY
Contractor,Engineering,Intern,Development Server,1,1,2,0,0,0,1,14,1,ALLOW
Finance Analyst,Engineering,Employee,Project Management System,1,1,1,1,1,0,0,14,0,ALLOW
QA Engineer,Engineering,Intern,Production Database,1,0,4,1,1,0,1,365,0,DENY
Software Developer,Finance,Employee,GitHub Project Alpha,0,1,1,1,1,0,0,90,0,DENY
QA Engineer,IT,Employee,Production Database,1,0,4,1,0,0,0,365,0,DENY
DevOps Engineer,Engineering,Contractor,Project Management System,1,1,1,1,1,1,0,90,0,ALLOW
DevOps Engineer,Engineering,Contractor,Admin Panel,0,0,4,1,1,1,0,60,1,DENY
Finance Analyst,HR,Contractor,Finance System,0,1,3,1,0,1,0,60,0,DENY
Software Developer,Finance,Employee,Project Management System,1,1,1,0,1,0,0,90,1,ALLOW
Product Manager,Engineering,Employee,Development Server,1,1,2,0,1,0,0,365,0,ALLOW
System Administrator,Finance,Contractor,Finance System,1,1,3,0,1,1,0,30,0,REVIEW
System Administrator,IT,Intern,Project Management System,1,1,1,0,0,0,1,60,0,REVIEW
Software Developer,IT,Contractor,Admin Panel,1,0,4,0,0,1,0,14,1,DENY
HR Specialist,HR,Employee,Project Management System,1,1,1,0,0,0,0,30,0,ALLOW
Contractor,IT,Contractor,GitHub Project Alpha,0,1,1,1,1,1,0,7,0,DENY
Product Manager,IT,Intern,HR Database,0,1,3,1,0,0,1,180,0,DENY
Product Manager,IT,Intern,Development Server,0,1,2,1,0,0,1,365,0,DENY
Finance Analyst,IT,Intern,Admin Panel,1,0,4,0,0,0,1,7,1,DENY
HR Specialist,Finance,Contractor,HR Database,0,1,3,1,1,1,0,30,1,DENY
DevOps Engineer,HR,Contractor,Finance System,0,1,3,0,0,1,0,60,1,DENY
Finance Analyst,Engineering,Contractor,GitHub Project Alpha,1,1,1,0,0,1,0,30,1,ALLOW
HR Specialist,Product,Contractor,Development Server,0,1,2,1,0,1,0,90,0,DENY
Software Developer,Product,Contractor,HR Database,0,1,3,0,1,1,0,30,1,DENY
System Administrator,HR,Employee,HR Database,1,1,3,1,0,0,0,365,1,ALLOW
HR Specialist,Engineering,Intern,Admin Panel,0,0,4,0,0,0,1,90,0,DENY
DevOps Engineer,IT,Employee,Production Database,1,1,4,1,1,0,0,180,0,ALLOW
Product Manager,Product,Contractor,Development Server,0,1,2,0,0,1,0,180,0,DENY
Contractor,Product,Employee,GitHub Project Alpha,1,1,1,1,0,0,0,30,1,ALLOW
Software Developer,Product,Intern,Development Server,0,1,2,0,1,0,1,60,1,DENY
Contractor,IT,Contractor,Project Management System,1,1,1,0,0,1,0,14,1,ALLOW
Contractor,IT,Employee,HR Database,0,1,3,1,0,0,0,30,0,DENY
QA Engineer,IT,Contractor,Admin Panel,1,0,4,1,1,1,0,60,0,DENY
Product Manager,Finance,Intern,Development Server,0,1,2,0,0,0,1,30,0,DENY
System Administrator,Product,Contractor,Project Management System,1,1,1,0,1,1,0,7,0,ALLOW
System Administrator,HR,Intern,Production Database,0,1,4,1,1,0,1,7,0,DENY
Contractor,Finance,Contractor,Development Server,0,1,2,0,1,1,0,90,1,DENY
Contractor,Engineering,Contractor,HR Database,0,1,3,0,0,1,0,90,0,DENY
System Administrator,Engineering,Intern,HR Database,0,1,3,0,1,0,1,30,0,DENY
Contractor,HR,Contractor,Production Database,0,0,4,0,0,1,0,30,1,DENY
HR Specialist,Finance,Contractor,Admin Panel,0,0,4,1,1,1,0,30,0,DENY
Product Manager,Engineering,Employee,GitHub Project Alpha,1,1,1,0,1,0,0,30,1,ALLOW
HR Specialist,Product,Contractor,HR Database,0,1,3,0,1,1,0,14,1,DENY
Finance Analyst,HR,Intern,HR Database,1,1,3,0,0,0,1,90,1,REVIEW
QA Engineer,Finance,Intern,Admin Panel,0,0,4,0,1,0,1,60,0,DENY
Finance Analyst,IT,Contractor,Development Server,0,1,2,0,1,1,0,90,0,DENY
DevOps Engineer,HR,Contractor,Finance System,0,1,3,1,1,1,0,365,0,DENY
QA Engineer,Engineering,Contractor,Admin Panel,0,0,4,1,0,1,0,365,0,DENY
DevOps Engineer,Engineering,Contractor,Admin Panel,0,0,4,1,0,1,0,7,0,DENY
Finance Analyst,HR,Intern,Finance System,0,1,3,1,0,0,1,180,0,DENY
QA Engineer,Finance,Intern,Finance System,1,1,3,0,1,0,1,60,0,REVIEW
Software Developer,Finance,Contractor,Project Management System,1,1,1,0,1,1,0,90,1,ALLOW
Product Manager,Product,Employee,Finance System,0,1,3,1,1,0,0,14,0,DENY
System Administrator,HR,Intern,Production Database,0,1,4,0,0,0,1,180,0,DENY
Finance Analyst,HR,Employee,Project Management System,1,1,1,1,0,0,0,60,0,ALLOW
Software Developer,HR,Contractor,Development Server,0,1,2,1,1,1,0,30,0,DENY
DevOps Engineer,HR,Contractor,Production Database,0,1,4,0,1,1,0,7,0,DENY
Product Manager,Engineering,Employee,GitHub Project Alpha,1,1,1,1,1,0,0,180,0,ALLOW
HR Specialist,HR,Employee,Admin Panel,0,0,4,0,1,0,0,365,0,DENY
HR Specialist,Finance,Intern,Project Management System,1,1,1,1,1,0,1,14,0,ALLOW
Software Developer,IT,Contractor,GitHub Project Alpha,0,1,1,1,1,1,0,14,0,DENY
Finance Analyst,Product,Intern,Development Server,0,1,2,0,0,0,1,30,1,DENY
QA Engineer,Finance,Intern,Development Server,0,1,2,0,0,0,1,7,0,DENY
System Administrator,Product,Contractor,Finance System,0,1,3,0,0,1,0,60,0,DENY
DevOps Engineer,IT,Contractor,Finance System,0,1,3,0,0,1,0,30,0,DENY
Finance Analyst,IT,Contractor,Admin Panel,1,0,4,0,1,1,0,30,0,DENY
DevOps Engineer,Engineering,Employee,HR Database,0,1,3,0,0,0,0,7,1,DENY
Finance Analyst,IT,Employee,Production Database,1,0,4,1,0,0,0,14,0,DENY
DevOps Engineer,Engineering,Employee,Development Server,1,1,2,1,1,0,0,30,0,ALLOW
Finance Analyst,Finance,Intern,Finance System,1,1,3,1,1,0,1,14,1,REVIEW
QA Engineer,Finance,Contractor,Project Management System,1,1,1,1,1,1,0,90,1,ALLOW
System Administrator,IT,Employee,Admin Panel,1,1,4,1,1,0,0,14,0,ALLOW
Contractor,HR,Employee,Admin Panel,0,0,4,1,1,0,0,14,1,DENY
Product Manager,Product,Contractor,HR Database,0,1,3,1,1,1,0,90,0,DENY
Software Developer,Finance,Employee,HR Database,0,1,3,1,1,0,0,180,0,DENY
System Administrator,Product,Contractor,Admin Panel,0,1,4,0,1,1,0,90,0,DENY
Software Developer,Product,Employee,Finance System,0,1,3,0,0,0,0,180,1,DENY
QA Engineer,HR,Employee,Project Management System,1,1,1,0,1,0,0,14,0,ALLOW
Finance Analyst,HR,Employee,Finance System,0,1,3,0,1,0,0,90,1,DENY
Product Manager,Engineering,Contractor,Admin Panel,0,0,4,1,1,1,0,90,0,DENY
Product Manager,Engineering,Employee,Project Management System,1,1,1,1,1,0,0,180,0,ALLOW
Product Manager,Finance,Contractor,Finance System,1,1,3,0,0,1,0,60,0,REVIEW
Finance Analyst,Engineering,Employee,Development Server,1,1,2,0,1,0,0,365,0,ALLOW
Finance Analyst,HR,Contractor,HR Database,1,1,3,1,0,1,0,365,0,REVIEW
Software Developer,Product,Employee,Development Server,0,1,2,1,1,0,0,60,1,DENY
Contractor,Product,Employee,Admin Panel,0,0,4,0,0,0,0,180,1,DENY
Finance Analyst,Product,Employee,GitHub Project Alpha,1,1,1,0,0,0,0,180,0,ALLOW
Contractor,Finance,Contractor,Finance System,1,1,3,0,1,1,0,60,0,REVIEW
Contractor,Product,Employee,GitHub Project Alpha,1,1,1,1,0,0,0,60,0,ALLOW
QA Engineer,Engineering,Contractor,Project Management System,1,1,1,1,1,1,0,90,1,ALLOW
Finance Analyst,Product,Contractor,Project Management System,1,1,1,1,1,1,0,180,0,ALLOW
Product Manager,IT,Employee,Project Management System,1,1,1,1,1,0,0,60,0,ALLOW
QA Engineer,Finance,Contractor,Finance System,1,1,3,0,0,1,0,180,1,ALLOW
System Administrator,Product,Intern,Development Server,0,1,2,0,1,0,1,365,0,DENY
DevOps Engineer,Finance,Intern,Development Server,0,1,2,0,0,0,1,90,1,DENY
System Administrator,HR,Employee,Development Server,0,1,2,1,1,0,0,14,0,DENY
DevOps Engineer,IT,Contractor,Project Management System,1,1,1,0,0,1,0,7,0,ALLOW
System Administrator,Finance,Employee,Development Server,0,1,2,0,1,0,0,7,1,DENY
System Administrator,IT,Employee,GitHub Project Alpha,0,1,1,1,1,0,0,180,0,DENY
Contractor,Finance,Contractor,Admin Panel,0,0,4,0,0,1,0,30,0,DENY
Contractor,Finance,Employee,Project Management System,1,1,1,0,1,0,0,180,0,ALLOW
DevOps Engineer,Finance,Employee,Admin Panel,0,0,4,0,0,0,0,60,1,DENY
Finance Analyst,IT,Intern,GitHub Project Alpha,0,1,1,1,1,0,1,7,0,DENY
System Administrator,IT,Employee,GitHub Project Alpha,0,1,1,0,0,0,0,90,1,DENY
System Administrator,HR,Employee,Development Server,0,1,2,0,1,0,0,7,0,DENY
System Administrator,Finance,Intern,Admin Panel,0,1,4,1,0,0,1,60,1,DENY
QA Engineer,IT,Contractor,HR Database,0,1,3,1,0,1,0,14,1,DENY
DevOps Engineer,IT,Contractor,Admin Panel,1,0,4,1,0,1,0,30,1,DENY
Finance Analyst,Finance,Employee,Admin Panel,0,0,4,0,0,0,0,180,0,DENY
Finance Analyst,HR,Employee,Development Server,0,1,2,0,1,0,0,90,0,DENY
DevOps Engineer,HR,Contractor,Project Management System,1,1,1,0,1,1,0,180,0,ALLOW
System Administrator,Product,Intern,Development Server,0,1,2,0,0,0,1,365,1,DENY
Finance Analyst,HR,Intern,Production Database,0,0,4,0,1,0,1,30,1,DENY
Software Developer,HR,Intern,GitHub Project Alpha,0,1,1,1,0,0,1,30,0,DENY
Finance Analyst,Finance,Employee,Production Database,0,0,4,1,1,0,0,30,1,DENY
HR Specialist,Engineering,Employee,Admin Panel,0,0,4,1,1,0,0,7,1,DENY
Contractor,Finance,Employee,HR Database,0,1,3,0,1,0,0,30,1,DENY
Product Manager,IT,Contractor,Admin Panel,1,0,4,0,1,1,0,180,1,DENY
DevOps Engineer,Finance,Employee,Project Management System,1,1,1,0,1,0,0,7,0,ALLOW
System Administrator,Finance,Intern,GitHub Project Alpha,0,1,1,0,1,0,1,365,0,DENY
System Administrator,Engineering,Contractor,Production Database,1,1,4,1,0,1,0,14,0,REVIEW
Contractor,Finance,Contractor,GitHub Project Alpha,0,1,1,0,0,1,0,7,1,DENY
Contractor,Engineering,Contractor,Finance System,0,1,3,0,0,1,0,60,0,DENY
Finance Analyst,Product,Intern,Finance System,0,1,3,0,0,0,1,90,0,DENY
QA Engineer,HR,Employee,Finance System,0,1,3,0,1,0,0,60,0,DENY
HR Specialist,Engineering,Contractor,GitHub Project Alpha,1,1,1,0,0,1,0,180,0,ALLOW
QA Engineer,Product,Employee,Project Management System,1,1,1,1,1,0,0,60,0,ALLOW
HR Specialist,IT,Intern,Development Server,0,1,2,1,0,0,1,14,1,DENY
Finance Analyst,HR,Employee,HR Database,1,1,3,0,1,0,0,7,0,REVIEW
Contractor,Product,Contractor,GitHub Project Alpha,1,1,1,1,1,1,0,180,0,ALLOW
DevOps Engineer,Finance,Contractor,GitHub Project Alpha,0,1,1,1,1,1,0,14,0,DENY
Contractor,IT,Employee,Admin Panel,1,0,4,1,0,0,0,180,1,DENY
Software Developer,Product,Intern,HR Database,0,1,3,1,0,0,1,30,0,DENY
DevOps Engineer,HR,Contractor,Production Database,0,1,4,1,1,1,0,180,0,DENY
Contractor,Engineering,Intern,Project Management System,1,1,1,0,1,0,1,180,1,ALLOW
DevOps Engineer,Product,Employee,GitHub Project Alpha,1,1,1,1,0,0,0,60,0,ALLOW
Software Developer,HR,Contractor,Project Management System,1,1,1,0,1,1,0,30,0,ALLOW
QA Engineer,IT,Intern,Development Server,0,1,2,1,1,0,1,180,1,DENY
System Administrator,Engineering,Contractor,HR Database,0,1,3,1,1,1,0,60,0,DENY
HR Specialist,Product,Contractor,Development Server,0,1,2,0,0,1,0,180,0,DENY
System Administrator,Engineering,Employee,Finance System,0,1,3,1,1,0,0,90,0,DENY
Product Manager,Finance,Intern,Production Database,0,0,4,1,0,0,1,90,0,DENY
System Administrator,Engineering,Intern,HR Database,0,1,3,0,1,0,1,90,1,DENY
HR Specialist,Finance,Intern,GitHub Project Alpha,0,1,1,1,1,0,1,60,0,DENY
HR Specialist,Engineering,Contractor,GitHub Project Alpha,1,1,1,0,1,1,0,30,0,ALLOW
Finance Analyst,IT,Contractor,HR Database,0,1,3,1,1,1,0,180,0,DENY
Product Manager,Finance,Contractor,Production Database,0,0,4,1,0,1,0,180,0,DENY
DevOps Engineer,IT,Contractor,Finance System,0,1,3,1,0,1,0,14,1,DENY
QA Engineer,IT,Intern,Production Database,1,0,4,0,0,0,1,60,0,DENY
Software Developer,IT,Employee,Production Database,1,0,4,1,1,0,0,60,1,DENY
Product Manager,IT,Employee,Finance System,0,1,3,1,1,0,0,30,1,DENY
QA Engineer,Product,Employee,Development Server,0,1,2,0,0,0,0,90,0,DENY
Contractor,Finance,Employee,Admin Panel,0,0,4,0,1,0,0,365,0,DENY
HR Specialist,HR,Intern,Finance System,0,1,3,0,1,0,1,14,0,DENY
Software Developer,Product,Intern,Finance System,0,1,3,0,1,0,1,90,0,DENY
HR Specialist,IT,Intern,Admin Panel,1,0,4,0,1,0,1,14,0,DENY
Contractor,HR,Employee,HR Database,1,1,3,0,1,0,0,30,0,REVIEW
Finance Analyst,IT,Contractor,HR Database,0,1,3,1,1,1,0,14,1,DENY
System Administrator,Finance,Contractor,Admin Panel,0,1,4,1,1,1,0,7,0,DENY
Software Developer,Finance,Employee,Project Management System,1,1,1,1,0,0,0,30,0,ALLOW
Contractor,HR,Contractor,Project Management System,1,1,1,0,1,1,0,365,0,ALLOW
Software Developer,IT,Employee,GitHub Project Alpha,0,1,1,0,0,0,0,60,1,DENY
QA Engineer,Product,Intern,Finance System,0,1,3,1,1,0,1,365,0,DENY
QA Engineer,Finance,Intern,HR Database,0,1,3,1,1,0,1,365,1,DENY
Finance Analyst,Product,Employee,Development Server,0,1,2,1,1,0,0,7,0,DENY
Software Developer,IT,Contractor,Finance System,0,1,3,0,0,1,0,180,1,DENY
HR Specialist,IT,Contractor,Admin Panel,1,0,4,0,0,1,0,60,0,DENY
Product Manager,IT,Intern,Development Server,0,1,2,1,0,0,1,14,1,DENY
Finance Analyst,HR,Employee,Admin Panel,0,0,4,1,1,0,0,365,0,DENY
DevOps Engineer,Product,Contractor,HR Database,0,1,3,0,0,1,0,7,0,DENY
System Administrator,Engineering,Contractor,Finance System,0,1,3,0,1,1,0,14,1,DENY
Contractor,Product,Intern,Admin Panel,0,0,4,1,0,0,1,60,0,DENY
Contractor,Product,Employee,Admin Panel,0,0,4,0,0,0,0,7,0,DENY
Software Developer,IT,Employee,GitHub Project Alpha,0,1,1,1,1,0,0,60,0,DENY
Finance Analyst,HR,Employee,HR Database,1,1,3,1,1,0,0,7,1,ALLOW
Finance Analyst,IT,Employee,Admin Panel,1,0,4,1,0,0,0,14,1,DENY
Software Developer,Product,Employee,Production Database,0,0,4,1,0,0,0,30,1,DENY
QA Engineer,HR,Employee,Development Server,0,1,2,1,0,0,0,180,0,DENY
Finance Analyst,Engineering,Contractor,Finance System,0,1,3,1,1,1,0,90,0,DENY
Finance Analyst,Product,Employee,Project Management System,1,1,1,0,0,0,0,180,0,ALLOW
DevOps Engineer,HR,Contractor,Production Database,0,1,4,1,0,1,0,7,0,DENY
System Administrator,IT,Employee,Production Database,1,1,4,1,1,0,0,14,0,ALLOW
Finance Analyst,Product,Intern,HR Database,0,1,3,1,1,0,1,90,0,DENY
Contractor,HR,Intern,GitHub Project Alpha,0,1,1,0,1,0,1,30,0,DENY
Product Manager,Product,Intern,Project Management System,1,1,1,1,1,0,1,90,1,ALLOW
System Administrator,HR,Intern,GitHub Project Alpha,0,1,1,0,1,0,1,365,0,DENY
Finance Analyst,Finance,Employee,Production Database,0,0,4,0,1,0,0,365,0,DENY
QA Engineer,Product,Contractor,Admin Panel,0,0,4,1,1,1,0,180,1,DENY
Contractor,Finance,Employee,GitHub Project Alpha,0,1,1,0,1,0,0,90,0,DENY
System Administrator,IT,Intern,HR Database,0,1,3,1,1,0,1,30,1,DENY
HR Specialist,Finance,Employee,Finance System,1,1,3,1,0,0,0,180,0,REVIEW
Contractor,Product,Employee,Finance System,0,1,3,1,1,0,0,14,0,DENY
HR Specialist,Finance,Employee,Admin Panel,0,0,4,0,1,0,0,90,0,DENY
QA Engineer,Finance,Employee,Production Database,0,0,4,1,1,0,0,60,0,DENY
QA Engineer,Finance,Intern,Admin Panel,0,0,4,0,1,0,1,7,1,DENY
System Administrator,IT,Employee,HR Database,0,1,3,1,0,0,0,180,1,DENY
Product Manager,Finance,Intern,GitHub Project Alpha,0,1,1,1,0,0,1,30,1,DENY
Contractor,Product,Intern,Finance System,0,1,3,0,1,0,1,365,0,DENY
HR Specialist,Engineering,Intern,GitHub Project Alpha,1,1,1,1,1,0,1,30,0,ALLOW
DevOps Engineer,Engineering,Employee,Development Server,1,1,2,0,1,0,0,14,1,ALLOW
DevOps Engineer,IT,Employee,Production Database,1,1,4,1,0,0,0,14,0,REVIEW
DevOps Engineer,Engineering,Employee,Admin Panel,0,0,4,1,0,0,0,90,0,DENY
DevOps Engineer,Product,Employee,Production Database,0,1,4,1,1,0,0,7,1,DENY
Software Developer,IT,Employee,Production Database,1,0,4,1,1,0,0,365,0,DENY
Contractor,Finance,Employee,HR Database,0,1,3,1,0,0,0,14,0,DENY
Contractor,Engineering,Employee,Production Database,1,0,4,1,0,0,0,90,0,DENY
Product Manager,Engineering,Employee,Finance System,0,1,3,1,0,0,0,14,0,DENY
Software Developer,Product,Contractor,Development Server,0,1,2,0,0,1,0,60,0,DENY
System Administrator,HR,Contractor,Admin Panel,0,1,4,0,1,1,0,180,0,DENY
Finance Analyst,Product,Intern,Project Management System,1,1,1,0,0,0,1,30,0,REVIEW
QA Engineer,HR,Intern,Finance System,0,1,3,1,1,0,1,60,0,DENY
Contractor,IT,Contractor,Production Database,1,0,4,0,0,1,0,30,0,DENY
DevOps Engineer,Finance,Contractor,HR Database,0,1,3,1,0,1,0,365,1,DENY
DevOps Engineer,IT,Contractor,GitHub Project Alpha,0,1,1,1,1,1,0,90,0,DENY
Product Manager,IT,Employee,Project Management System,1,1,1,1,0,0,0,30,1,ALLOW
System Administrator,Product,Contractor,Finance System,0,1,3,1,0,1,0,90,0,DENY
QA Engineer,HR,Employee,Finance System,0,1,3,1,0,0,0,180,1,DENY
System Administrator,HR,Employee,Project Management System,1,1,1,0,1,0,0,365,0,ALLOW
Finance Analyst,Finance,Contractor,HR Database,0,1,3,1,0,1,0,60,1,DENY
Software Developer,HR,Intern,Development Server,0,1,2,1,0,0,1,14,1,DENY
DevOps Engineer,Engineering,Employee,Admin Panel,0,0,4,1,0,0,0,30,0,DENY
System Administrator,Finance,Contractor,GitHub Project Alpha,0,1,1,1,0,1,0,60,0,DENY
HR Specialist,Engineering,Contractor,Finance System,0,1,3,1,0,1,0,30,0,DENY
DevOps Engineer,Finance,Contractor,HR Database,0,1,3,0,1,1,0,365,0,DENY
DevOps Engineer,IT,Contractor,GitHub Project Alpha,0,1,1,0,1,1,0,365,0,DENY
DevOps Engineer,Finance,Intern,Development Server,0,1,2,1,0,0,1,180,0,DENY
QA Engineer,IT,Intern,Finance System,0,1,3,1,1,0,1,180,1,DENY
Software Developer,Finance,Contractor,Project Management System,1,1,1,0,1,1,0,90,0,ALLOW
Finance Analyst,Engineering,Contractor,Production Database,1,0,4,1,0,1,0,30,0,DENY
DevOps Engineer,HR,Intern,Development Server,0,1,2,0,0,0,1,90,0,DENY
Product Manager,Finance,Employee,HR Database,0,1,3,0,1,0,0,30,0,DENY
QA Engineer,IT,Employee,HR Database,0,1,3,0,0,0,0,180,1,DENY
Finance Analyst,Engineering,Intern,Finance System,0,1,3,0,1,0,1,365,1,DENY
Product Manager,HR,Contractor,Project Management System,1,1,1,0,0,1,0,60,0,ALLOW
System Administrator,Finance,Employee,Development Server,0,1,2,1,1,0,0,180,0,DENY
Product Manager,HR,Contractor,Project Management System,1,1,1,0,0,1,0,7,0,ALLOW
Contractor,HR,Employee,Admin Panel,0,0,4,0,0,0,0,7,1,DENY
Contractor,Product,Contractor,Admin Panel,0,0,4,0,1,1,0,180,0,DENY
HR Specialist,Engineering,Employee,HR Database,0,1,3,1,0,0,0,180,0,DENY
Software Developer,Product,Intern,Production Database,0,0,4,1,0,0,1,14,0,DENY
Software Developer,HR,Employee,HR Database,1,1,3,0,1,0,0,60,1,ALLOW
Finance Analyst,Finance,Employee,Admin Panel,0,0,4,0,0,0,0,14,0,DENY
DevOps Engineer,Finance,Employee,HR Database,0,1,3,0,1,0,0,180,0,DENY
Software Developer,IT,Intern,Admin Panel,1,0,4,0,1,0,1,7,0,DENY
Contractor,Finance,Employee,GitHub Project Alpha,0,1,1,0,1,0,0,14,1,DENY
QA Engineer,Engineering,Employee,GitHub Project Alpha,1,1,1,1,0,0,0,365,0,ALLOW
Product Manager,IT,Contractor,Production Database,1,0,4,0,1,1,0,30,0,DENY
DevOps Engineer,HR,Intern,Admin Panel,0,0,4,1,0,0,1,90,0,DENY
Software Developer,IT,Employee,Admin Panel,1,0,4,1,1,0,0,7,0,DENY
Contractor,Finance,Employee,Project Management System,1,1,1,1,1,0,0,180,0,ALLOW
DevOps Engineer,IT,Intern,Admin Panel,1,0,4,0,1,0,1,90,1,DENY
Software Developer,Engineering,Intern,Finance System,0,1,3,0,0,0,1,7,0,DENY
Software Developer,Engineering,Intern,Development Server,1,1,2,0,1,0,1,60,0,ALLOW
System Administrator,Product,Contractor,Admin Panel,0,1,4,0,1,1,0,14,0,DENY
HR Specialist,Engineering,Employee,Project Management System,1,1,1,1,0,0,0,60,0,ALLOW
System Administrator,IT,Contractor,Finance System,0,1,3,1,0,1,0,60,0,DENY
HR Specialist,Engineering,Contractor,Finance System,0,1,3,1,1,1,0,60,1,DENY
Contractor,HR,Intern,Development Server,0,1,2,1,1,0,1,365,1,DENY
QA Engineer,Engineering,Employee,Admin Panel,0,0,4,0,1,0,0,365,0,DENY
DevOps Engineer,IT,Contractor,Production Database,1,1,4,0,1,1,0,60,0,REVIEW
HR Specialist,Finance,Intern,Admin Panel,0,0,4,1,1,0,1,365,1,DENY
Finance Analyst,Finance,Contractor,HR Database,0,1,3,1,0,1,0,365,0,DENY
DevOps Engineer,Product,Contractor,Finance System,0,1,3,1,0,1,0,30,0,DENY
Product Manager,Finance,Employee,GitHub Project Alpha,0,1,1,0,1,0,0,14,0,DENY
QA Engineer,Finance,Intern,Production Database,0,0,4,1,0,0,1,180,1,DENY
HR Specialist,HR,Contractor,Development Server,0,1,2,0,0,1,0,30,0,DENY
Software Developer,Finance,Employee,Project Management System,1,1,1,1,0,0,0,180,0,ALLOW
Contractor,Finance,Intern,Admin Panel,0,0,4,0,0,0,1,14,0,DENY
Product Manager,Product,Intern,Project Management System,1,1,1,1,0,0,1,180,0,REVIEW
System Administrator,HR,Employee,HR Database,1,1,3,1,0,0,0,60,0,REVIEW
QA Engineer,Finance,Contractor,Development Server,0,1,2,1,0,1,0,30,0,DENY
HR Specialist,HR,Intern,Production Database,0,0,4,1,0,0,1,60,0,DENY
QA Engineer,Engineering,Intern,Development Server,1,1,2,0,1,0,1,90,0,ALLOW
Finance Analyst,Engineering,Contractor,Project Management System,1,1,1,0,0,1,0,7,1,ALLOW
System Administrator,Product,Employee,Development Server,0,1,2,0,1,0,0,30,0,DENY
Software Developer,Engineering,Contractor,GitHub Project Alpha,1,1,1,1,1,1,0,60,0,ALLOW
Software Developer,Product,Intern,Project Management System,1,1,1,0,0,0,1,180,1,REVIEW
System Administrator,Engineering,Intern,Production Database,1,1,4,0,1,0,1,60,0,REVIEW
HR Specialist,IT,Contractor,HR Database,0,1,3,1,0,1,0,365,1,DENY
QA Engineer,Product,Contractor,GitHub Project Alpha,1,1,1,0,0,1,0,14,0,ALLOW
QA Engineer,Engineering,Contractor,Finance System,0,1,3,1,0,1,0,90,0,DENY
QA Engineer,HR,Employee,HR Database,1,1,3,1,1,0,0,60,1,ALLOW
Software Developer,Engineering,Contractor,GitHub Project Alpha,1,1,1,0,0,1,0,365,0,ALLOW
Contractor,Product,Contractor,Finance System,0,1,3,1,0,1,0,14,1,DENY
DevOps Engineer,IT,Intern,Project Management System,1,1,1,0,1,0,1,60,1,ALLOW
HR Specialist,HR,Intern,Admin Panel,0,0,4,0,1,0,1,60,0,DENY
Software Developer,Finance,Contractor,Production Database,0,0,4,0,1,1,0,180,0,DENY
Contractor,HR,Contractor,Project Management System,1,1,1,0,1,1,0,30,0,ALLOW
Software Developer,IT,Contractor,Finance System,0,1,3,1,0,1,0,90,0,DENY
DevOps Engineer,HR,Intern,Finance System,0,1,3,0,1,0,1,180,1,DENY
System Administrator,Product,Contractor,Development Server,0,1,2,0,0,1,0,180,1,DENY
Product Manager,Engineering,Intern,Finance System,0,1,3,0,1,0,1,90,0,DENY
System Administrator,IT,Contractor,Finance System,0,1,3,1,1,1,0,365,1,DENY
HR Specialist,HR,Contractor,Finance System,0,1,3,1,0,1,0,180,1,DENY
HR Specialist,Finance,Contractor,Admin Panel,0,0,4,0,0,1,0,14,0,DENY
Software Developer,Product,Intern,Development Server,0,1,2,1,1,0,1,30,0,DENY
QA Engineer,Finance,Intern,Project Management System,1,1,1,0,0,0,1,180,1,REVIEW
Product Manager,Finance,Contractor,Project Management System,1,1,1,1,1,1,0,14,0,ALLOW
QA Engineer,Finance,Contractor,HR Database,0,1,3,1,1,1,0,7,1,DENY
Software Developer,Engineering,Contractor,Development Server,1,1,2,1,1,1,0,365,0,ALLOW
System Administrator,HR,Contractor,Admin Panel,0,1,4,0,1,1,0,180,1,DENY
HR Specialist,Engineering,Contractor,Project Management System,1,1,1,1,0,1,0,14,1,ALLOW
Product Manager,Product,Intern,Project Management System,1,1,1,0,1,0,1,14,0,ALLOW
Software Developer,Product,Intern,Development Server,0,1,2,1,0,0,1,90,0,DENY
Software Developer,Finance,Intern,Finance System,1,1,3,0,0,0,1,30,0,REVIEW
Finance Analyst,Product,Employee,HR Database,0,1,3,1,1,0,0,365,1,DENY
QA Engineer,Engineering,Intern,Admin Panel,0,0,4,1,1,0,1,30,0,DENY
HR Specialist,Finance,Employee,Admin Panel,0,0,4,0,1,0,0,365,0,DENY
Finance Analyst,HR,Employee,Production Database,0,0,4,1,1,0,0,90,1,DENY
HR Specialist,HR,Contractor,GitHub Project Alpha,0,1,1,0,1,1,0,90,0,DENY
Software Developer,Product,Intern,Finance System,0,1,3,1,0,0,1,365,0,DENY
Product Manager,Finance,Intern,Development Server,0,1,2,0,1,0,1,14,0,DENY
DevOps Engineer,HR,Contractor,HR Database,1,1,3,1,0,1,0,60,1,ALLOW
DevOps Engineer,Engineering,Employee,Finance System,0,1,3,1,0,0,0,7,0,DENY
System Administrator,Product,Contractor,HR Database,0,1,3,0,0,1,0,60,0,DENY
QA Engineer,Finance,Employee,Project Management System,1,1,1,0,0,0,0,365,1,ALLOW
System Administrator,Product,Intern,Admin Panel,0,1,4,0,1,0,1,30,0,DENY
DevOps Engineer,HR,Employee,Production Database,0,1,4,1,0,0,0,90,0,DENY
QA Engineer,Finance,Contractor,Development Server,0,1,2,1,0,1,0,90,0,DENY
QA Engineer,HR,Intern,Project Management System,1,1,1,1,0,0,1,365,0,REVIEW
HR Specialist,HR,Intern,Admin Panel,0,0,4,1,0,0,1,14,1,DENY
DevOps Engineer,Engineering,Employee,Finance System,0,1,3,1,1,0,0,90,1,DENY
System Administrator,HR,Employee,Development Server,0,1,2,1,0,0,0,180,0,DENY
Contractor,Product,Intern,Production Database,0,0,4,1,0,0,1,30,1,DENY
HR Specialist,Product,Intern,Project Management System,1,1,1,0,1,0,1,60,1,ALLOW
DevOps Engineer,Product,Intern,GitHub Project Alpha,1,1,1,1,0,0,1,14,1,REVIEW
DevOps Engineer,Finance,Employee,Development Server,0,1,2,0,1,0,0,365,1,DENY
System Administrator,IT,Intern,GitHub Project Alpha,0,1,1,1,0,0,1,180,0,DENY
DevOps Engineer,IT,Employee,Project Management System,1,1,1,1,0,0,0,180,0,ALLOW
Software Developer,Engineering,Contractor,Admin Panel,0,0,4,1,0,1,0,60,0,DENY
HR Specialist,Engineering,Employee,GitHub Project Alpha,1,1,1,0,1,0,0,90,1,ALLOW
Product Manager,Engineering,Employee,Project Management System,1,1,1,0,1,0,0,90,0,ALLOW
Contractor,HR,Intern,Admin Panel,0,0,4,1,1,0,1,180,0,DENY
QA Engineer,Finance,Intern,Production Database,0,0,4,1,1,0,1,60,0,DENY
Finance Analyst,HR,Employee,Admin Panel,0,0,4,0,1,0,0,180,1,DENY
Contractor,Product,Intern,Development Server,0,1,2,1,1,0,1,7,1,DENY
HR Specialist,Product,Contractor,HR Database,0,1,3,0,0,1,0,14,0,DENY
HR Specialist,IT,Employee,Admin Panel,1,0,4,1,1,0,0,7,1,DENY
Finance Analyst,Finance,Intern,Development Server,0,1,2,0,0,0,1,30,1,DENY
Contractor,Product,Employee,Development Server,0,1,2,1,0,0,0,90,0,DENY
QA Engineer,HR,Employee,Development Server,0,1,2,0,1,0,0,14,0,DENY
Contractor,HR,Employee,HR Database,1,1,3,0,1,0,0,90,0,REVIEW
QA Engineer,Product,Employee,Project Management System,1,1,1,1,1,0,0,30,0,ALLOW
Contractor,Engineering,Employee,Finance System,0,1,3,1,0,0,0,90,0,DENY
QA Engineer,Engineering,Contractor,Finance System,0,1,3,1,1,1,0,60,0,DENY
HR Specialist,HR,Contractor,HR Database,1,1,3,1,1,1,0,7,1,ALLOW
Finance Analyst,Engineering,Contractor,Production Database,1,0,4,0,0,1,0,30,1,DENY
Product Manager,HR,Intern,Finance System,0,1,3,0,1,0,1,90,0,DENY
DevOps Engineer,Finance,Contractor,HR Database,0,1,3,1,1,1,0,7,0,DENY
Software Developer,HR,Employee,HR Database,1,1,3,1,0,0,0,7,1,ALLOW
Software Developer,Product,Intern,HR Database,0,1,3,0,0,0,1,180,0,DENY
Software Developer,Finance,Contractor,Project Management System,1,1,1,0,0,1,0,90,0,ALLOW
Software Developer,IT,Employee,Production Database,1,0,4,1,1,0,0,90,0,DENY
Finance Analyst,Product,Contractor,HR Database,0,1,3,1,0,1,0,365,1,DENY
QA Engineer,IT,Employee,Admin Panel,1,0,4,0,1,0,0,90,0,DENY
DevOps Engineer,Engineering,Contractor,Development Server,1,1,2,1,0,1,0,7,0,REVIEW
System Administrator,Finance,Contractor,GitHub Project Alpha,0,1,1,0,1,1,0,60,0,DENY
QA Engineer,HR,Contractor,HR Database,1,1,3,0,0,1,0,365,0,REVIEW
System Administrator,Engineering,Intern,Finance System,0,1,3,1,1,0,1,90,0,DENY
HR Specialist,Finance,Intern,Production Database,0,0,4,0,1,0,1,60,1,DENY
Software Developer,IT,Intern,Finance System,0,1,3,0,0,0,1,14,1,DENY
Software Developer,HR,Contractor,Production Database,0,0,4,0,1,1,0,14,1,DENY
Contractor,Finance,Employee,HR Database,0,1,3,0,1,0,0,365,0,DENY
QA Engineer,Engineering,Intern,GitHub Project Alpha,1,1,1,0,0,0,1,180,1,REVIEW
DevOps Engineer,Product,Employee,Development Server,0,1,2,0,1,0,0,365,0,DENY
System Administrator,HR,Intern,HR Database,1,1,3,1,1,0,1,90,0,REVIEW
HR Specialist,IT,Contractor,Development Server,0,1,2,0,0,1,0,60,1,DENY
Finance Analyst,Finance,Intern,Finance System,1,1,3,1,1,0,1,30,0,REVIEW
Product Manager,HR,Employee,HR Database,1,1,3,1,1,0,0,365,0,ALLOW
Product Manager,HR,Intern,Finance System,0,1,3,1,0,0,1,90,1,DENY
Product Manager,Finance,Contractor,Project Management System,1,1,1,0,1,1,0,14,1,ALLOW
QA Engineer,HR,Contractor,Development Server,0,1,2,0,1,1,0,7,0,DENY
Contractor,Product,Intern,Admin Panel,0,0,4,0,1,0,1,30,1,DENY
Contractor,IT,Contractor,HR Database,0,1,3,0,0,1,0,60,0,DENY
Software Developer,Engineering,Intern,Project Management System,1,1,1,0,1,0,1,180,0,ALLOW
Finance Analyst,IT,Employee,Production Database,1,0,4,0,0,0,0,90,0,DENY
Software Developer,Engineering,Contractor,Development Server,1,1,2,0,1,1,0,180,1,ALLOW
System Administrator,Product,Intern,Development Server,0,1,2,0,1,0,1,180,0,DENY
Product Manager,IT,Contractor,Project Management System,1,1,1,1,1,1,0,90,0,ALLOW
QA Engineer,Finance,Intern,Finance System,1,1,3,1,0,0,1,60,1,REVIEW
Finance Analyst,Finance,Contractor,Production Database,0,0,4,1,1,1,0,14,0,DENY
System Administrator,Engineering,Employee,Admin Panel,0,1,4,1,1,0,0,7,0,DENY
QA Engineer,Product,Employee,Admin Panel,0,0,4,1,1,0,0,30,0,DENY
DevOps Engineer,Finance,Employee,Finance System,1,1,3,1,1,0,0,90,1,ALLOW
Finance Analyst,HR,Employee,Finance System,0,1,3,0,1,0,0,60,1,DENY
QA Engineer,Product,Contractor,Development Server,0,1,2,1,0,1,0,60,0,DENY
Finance Analyst,Product,Intern,Project Management System,1,1,1,1,0,0,1,180,1,REVIEW
DevOps Engineer,IT,Employee,HR Database,0,1,3,0,1,0,0,7,0,DENY
Product Manager,IT,Intern,Admin Panel,1,0,4,0,0,0,1,365,0,DENY
Product Manager,IT,Contractor,Development Server,0,1,2,1,0,1,0,60,1,DENY
Contractor,Finance,Intern,Development Server,0,1,2,1,1,0,1,7,1,DENY
DevOps Engineer,HR,Intern,GitHub Project Alpha,0,1,1,1,1,0,1,7,1,DENY
DevOps Engineer,IT,Intern,Finance System,0,1,3,1,1,0,1,60,0,DENY
Product Manager,HR,Contractor,HR Database,1,1,3,1,1,1,0,60,1,ALLOW
QA Engineer,Engineering,Intern,Development Server,1,1,2,0,0,0,1,90,0,REVIEW
Finance Analyst,Finance,Employee,Project Management System,1,1,1,1,0,0,0,60,1,ALLOW
System Administrator,Engineering,Employee,HR Database,0,1,3,1,1,0,0,90,1,DENY
System Administrator,HR,Contractor,Finance System,0,1,3,1,0,1,0,90,1,DENY
DevOps Engineer,Engineering,Contractor,Admin Panel,0,0,4,0,1,1,0,365,0,DENY
Finance Analyst,HR,Intern,Finance System,0,1,3,0,0,0,1,90,1,DENY
System Administrator,IT,Contractor,Finance System,0,1,3,0,1,1,0,30,0,DENY
DevOps Engineer,HR,Intern,Production Database,0,1,4,1,1,0,1,60,0,DENY
Contractor,Finance,Contractor,Production Database,0,0,4,1,0,1,0,60,0,DENY
Software Developer,Finance,Intern,Finance System,1,1,3,0,0,0,1,14,1,REVIEW
QA Engineer,Engineering,Intern,HR Database,0,1,3,0,1,0,1,180,0,DENY
Software Developer,Product,Intern,Production Database,0,0,4,1,0,0,1,30,1,DENY
Software Developer,Finance,Employee,Development Server,0,1,2,1,1,0,0,14,1,DENY
Finance Analyst,Finance,Employee,Finance System,1,1,3,0,1,0,0,30,1,ALLOW
Software Developer,HR,Contractor,Admin Panel,0,0,4,1,0,1,0,14,0,DENY
Software Developer,Product,Intern,Project Management System,1,1,1,0,1,0,1,365,0,ALLOW
Product Manager,IT,Contractor,Development Server,0,1,2,1,1,1,0,365,1,DENY
Product Manager,Finance,Employee,Finance System,1,1,3,0,1,0,0,365,0,REVIEW
QA Engineer,Finance,Intern,GitHub Project Alpha,0,1,1,0,0,0,1,30,0,DENY
QA Engineer,Finance,Intern,Production Database,0,0,4,1,1,0,1,90,0,DENY
QA Engineer,HR,Intern,Production Database,0,0,4,1,1,0,1,60,1,DENY
Software Developer,Finance,Employee,Development Server,0,1,2,0,1,0,0,365,0,DENY
Contractor,Engineering,Employee,Project Management System,1,1,1,0,1,0,0,7,0,ALLOW
Contractor,Finance,Employee,Admin Panel,0,0,4,0,0,0,0,30,0,DENY
Finance Analyst,Engineering,Intern,GitHub Project Alpha,1,1,1,0,0,0,1,60,1,REVIEW
Software Developer,IT,Contractor,HR Database,0,1,3,0,1,1,0,90,1,DENY
QA Engineer,Engineering,Contractor,Production Database,1,0,4,0,1,1,0,180,0,DENY
HR Specialist,Engineering,Employee,HR Database,0,1,3,1,0,0,0,30,0,DENY
QA Engineer,HR,Employee,GitHub Project Alpha,0,1,1,1,1,0,0,90,0,DENY
Software Developer,Engineering,Contractor,Production Database,1,0,4,0,1,1,0,30,1,DENY
Contractor,Finance,Employee,Project Management System,1,1,1,0,1,0,0,365,0,ALLOW
Finance Analyst,Finance,Contractor,HR Database,0,1,3,1,1,1,0,60,1,DENY
Contractor,Finance,Intern,Admin Panel,0,0,4,1,1,0,1,30,0,DENY
Contractor,Product,Contractor,Admin Panel,0,0,4,1,1,1,0,60,0,DENY
DevOps Engineer,Finance,Contractor,Admin Panel,0,0,4,1,0,1,0,365,0,DENY
Product Manager,IT,Contractor,Admin Panel,1,0,4,0,1,1,0,90,0,DENY
Contractor,Engineering,Intern,Admin Panel,0,0,4,0,0,0,1,60,0,DENY
System Administrator,Engineering,Intern,Production Database,1,1,4,1,0,0,1,180,1,REVIEW
DevOps Engineer,Engineering,Intern,Finance System,0,1,3,0,0,0,1,30,0,DENY
Contractor,IT,Employee,HR Database,0,1,3,1,0,0,0,60,0,DENY
HR Specialist,HR,Employee,Admin Panel,0,0,4,0,0,0,0,14,1,DENY
Software Developer,HR,Contractor,Project Management System,1,1,1,1,0,1,0,90,0,ALLOW
DevOps Engineer,Finance,Intern,Development Server,0,1,2,0,1,0,1,30,1,DENY
System Administrator,Product,Contractor,Finance System,0,1,3,1,0,1,0,365,0,DENY
HR Specialist,HR,Employee,GitHub Project Alpha,0,1,1,0,0,0,0,30,0,DENY
System Administrator,IT,Contractor,Admin Panel,1,1,4,1,0,1,0,60,1,REVIEW
Software Developer,HR,Employee,HR Database,1,1,3,1,1,0,0,7,0,ALLOW
Product Manager,Engineering,Contractor,Development Server,1,1,2,1,0,1,0,180,0,REVIEW
QA Engineer,HR,Intern,Finance System,0,1,3,0,0,0,1,180,0,DENY
QA Engineer,IT,Employee,Production Database,1,0,4,0,1,0,0,7,0,DENY
HR Specialist,Engineering,Contractor,HR Database,0,1,3,0,1,1,0,14,1,DENY
HR Specialist,IT,Employee,Production Database,1,0,4,0,0,0,0,7,0,DENY
Product Manager,HR,Contractor,HR Database,1,1,3,0,1,1,0,7,1,ALLOW
System Administrator,IT,Employee,GitHub Project Alpha,0,1,1,0,0,0,0,180,0,DENY
Product Manager,Product,Employee,Finance System,0,1,3,0,1,0,0,60,0,DENY
Contractor,Finance,Intern,Production Database,0,0,4,1,1,0,1,14,0,DENY
System Administrator,Finance,Employee,Development Server,0,1,2,1,0,0,0,14,0,DENY
Contractor,Engineering,Intern,HR Database,0,1,3,1,0,0,1,180,1,DENY
Contractor,Finance,Intern,HR Database,0,1,3,0,0,0,1,60,0,DENY
System Administrator,Engineering,Contractor,Admin Panel,0,1,4,0,1,1,0,7,1,DENY
Software Developer,HR,Employee,Production Database,0,0,4,1,1,0,0,7,0,DENY
Software Developer,Product,Intern,Project Management System,1,1,1,0,1,0,1,60,1,ALLOW
Product Manager,Product,Employee,Production Database,0,0,4,1,1,0,0,90,0,DENY
Software Developer,IT,Contractor,Finance System,0,1,3,0,1,1,0,365,1,DENY
HR Specialist,IT,Contractor,Admin Panel,1,0,4,1,0,1,0,14,0,DENY
DevOps Engineer,Finance,Employee,GitHub Project Alpha,0,1,1,0,0,0,0,60,0,DENY
DevOps Engineer,Product,Intern,Production Database,0,1,4,1,1,0,1,90,0,DENY
Contractor,Finance,Intern,Admin Panel,0,0,4,1,0,0,1,90,0,DENY
Contractor,Product,Employee,Finance System,0,1,3,0,0,0,0,7,0,DENY
Finance Analyst,Product,Intern,Development Server,0,1,2,1,1,0,1,60,0,DENY
Finance Analyst,Engineering,Intern,HR Database,0,1,3,1,0,0,1,90,0,DENY
Finance Analyst,Product,Intern,HR Database,0,1,3,1,1,0,1,60,0,DENY
QA Engineer,IT,Intern,Production Database,1,0,4,0,1,0,1,60,1,DENY
Finance Analyst,Engineering,Intern,Finance System,0,1,3,0,0,0,1,7,1,DENY
Product Manager,Engineering,Employee,Production Database,1,0,4,1,1,0,0,180,0,DENY
Software Developer,Product,Contractor,Production Database,0,0,4,1,1,1,0,90,1,DENY
Finance Analyst,HR,Intern,Development Server,0,1,2,0,0,0,1,90,1,DENY
Contractor,HR,Employee,Finance System,0,1,3,1,1,0,0,7,1,DENY
QA Engineer,IT,Employee,GitHub Project Alpha,0,1,1,0,1,0,0,30,0,DENY
HR Specialist,Product,Contractor,Project Management System,1,1,1,1,1,1,0,14,0,ALLOW
Finance Analyst,Engineering,Intern,Project Management System,1,1,1,0,1,0,1,14,0,ALLOW
Contractor,Engineering,Contractor,Production Database,1,0,4,0,0,1,0,14,0,DENY
QA Engineer,HR,Employee,Production Database,0,0,4,0,1,0,0,30,1,DENY
QA Engineer,Engineering,Intern,Finance System,0,1,3,1,1,0,1,365,0,DENY
Finance Analyst,HR,Intern,Production Database,0,0,4,0,1,0,1,60,0,DENY
Contractor,Engineering,Contractor,Production Database,1,0,4,0,1,1,0,365,0,DENY
HR Specialist,Finance,Employee,HR Database,0,1,3,1,1,0,0,7,0,DENY
HR Specialist,IT,Contractor,Production Database,1,0,4,0,1,1,0,90,0,DENY
QA Engineer,IT,Intern,HR Database,0,1,3,1,1,0,1,60,1,DENY
HR Specialist,Finance,Contractor,HR Database,0,1,3,0,1,1,0,30,0,DENY
System Administrator,Product,Intern,Development Server,0,1,2,1,0,0,1,7,1,DENY
Product Manager,Product,Contractor,Admin Panel,0,0,4,1,1,1,0,60,0,DENY
Finance Analyst,IT,Contractor,Admin Panel,1,0,4,0,1,1,0,365,0,DENY
Contractor,HR,Intern,Project Management System,1,1,1,0,1,0,1,30,1,ALLOW
Product Manager,IT,Contractor,HR Database,0,1,3,1,1,1,0,7,1,DENY
Contractor,HR,Intern,HR Database,1,1,3,1,0,0,1,7,1,REVIEW
Software Developer,HR,Contractor,Production Database,0,0,4,0,0,1,0,14,0,DENY
Finance Analyst,HR,Employee,Finance System,0,1,3,0,1,0,0,30,0,DENY
DevOps Engineer,Engineering,Intern,Development Server,1,1,2,0,1,0,1,30,0,ALLOW
DevOps Engineer,Engineering,Employee,GitHub Project Alpha,1,1,1,0,1,0,0,60,0,ALLOW
Product Manager,IT,Intern,HR Database,0,1,3,0,1,0,1,180,1,DENY
System Administrator,IT,Contractor,Production Database,1,1,4,0,0,1,0,14,0,REVIEW
Product Manager,Product,Contractor,GitHub Project Alpha,1,1,1,0,0,1,0,30,0,ALLOW
System Administrator,Product,Employee,Development Server,0,1,2,0,1,0,0,180,0,DENY
Software Developer,HR,Employee,HR Database,1,1,3,1,1,0,0,60,0,ALLOW
Software Developer,Product,Intern,Finance System,0,1,3,0,0,0,1,60,0,DENY
Finance Analyst,Engineering,Intern,GitHub Project Alpha,1,1,1,0,0,0,1,60,0,REVIEW
Software Developer,Finance,Employee,Development Server,0,1,2,1,1,0,0,90,1,DENY
Software Developer,Product,Intern,Development Server,0,1,2,0,0,0,1,14,1,DENY
Contractor,IT,Employee,GitHub Project Alpha,0,1,1,1,1,0,0,14,0,DENY
Software Developer,Finance,Contractor,Development Server,0,1,2,0,0,1,0,7,0,DENY
Software Developer,Engineering,Employee,HR Database,0,1,3,0,0,0,0,180,1,DENY
HR Specialist,HR,Contractor,GitHub Project Alpha,0,1,1,1,0,1,0,30,0,DENY
DevOps Engineer,IT,Employee,HR Database,0,1,3,1,0,0,0,7,1,DENY
System Administrator,Finance,Intern,GitHub Project Alpha,0,1,1,0,1,0,1,30,0,DENY
HR Specialist,HR,Employee,Production Database,0,0,4,1,0,0,0,14,0,DENY
QA Engineer,Finance,Contractor,GitHub Project Alpha,0,1,1,1,1,1,0,30,0,DENY
Finance Analyst,Engineering,Contractor,Finance System,0,1,3,1,0,1,0,60,0,DENY
Product Manager,Engineering,Employee,Development Server,1,1,2,0,1,0,0,180,1,ALLOW
Product Manager,Product,Intern,Development Server,0,1,2,0,1,0,1,14,0,DENY
HR Specialist,Finance,Intern,Development Server,0,1,2,0,0,0,1,180,0,DENY
QA Engineer,Finance,Contractor,Development Server,0,1,2,0,1,1,0,14,0,DENY
QA Engineer,Engineering,Intern,HR Database,0,1,3,1,0,0,1,60,0,DENY
QA Engineer,HR,Contractor,HR Database,1,1,3,0,1,1,0,365,0,REVIEW
System Administrator,IT,Employee,HR Database,0,1,3,0,0,0,0,7,1,DENY
QA Engineer,Finance,Employee,Finance System,1,1,3,0,1,0,0,60,0,REVIEW
DevOps Engineer,HR,Intern,Production Database,0,1,4,0,0,0,1,7,1,DENY
System Administrator,HR,Contractor,HR Database,1,1,3,0,0,1,0,14,0,REVIEW
Software Developer,HR,Employee,Finance System,0,1,3,1,1,0,0,365,0,DENY
Product Manager,HR,Employee,Finance System,0,1,3,0,1,0,0,90,0,DENY
HR Specialist,Product,Intern,GitHub Project Alpha,1,1,1,1,1,0,1,30,0,ALLOW
DevOps Engineer,Product,Contractor,HR Database,0,1,3,0,0,1,0,30,1,DENY
QA Engineer,Product,Employee,Admin Panel,0,0,4,0,1,0,0,180,0,DENY
Finance Analyst,Product,Employee,Development Server,0,1,2,1,1,0,0,365,0,DENY
DevOps Engineer,Engineering,Employee,Development Server,1,1,2,1,0,0,0,60,1,ALLOW
QA Engineer,Product,Contractor,GitHub Project Alpha,1,1,1,0,1,1,0,14,0,ALLOW
Product Manager,Product,Employee,Project Management System,1,1,1,1,1,0,0,90,1,ALLOW
System Administrator,Product,Employee,HR Database,0,1,3,1,1,0,0,30,1,DENY
Finance Analyst,IT,Employee,Admin Panel,1,0,4,1,1,0,0,365,0,DENY
Product Manager,IT,Intern,Development Server,0,1,2,0,1,0,1,30,0,DENY
Finance Analyst,Engineering,Contractor,Development Server,1,1,2,0,0,1,0,365,0,REVIEW
System Administrator,Engineering,Contractor,Production Database,1,1,4,0,1,1,0,365,0,REVIEW
QA Engineer,Engineering,Intern,GitHub Project Alpha,1,1,1,0,1,0,1,14,1,ALLOW
Software Developer,HR,Intern,Project Management System,1,1,1,1,1,0,1,90,0,ALLOW
Contractor,HR,Contractor,HR Database,1,1,3,0,0,1,0,90,0,REVIEW
HR Specialist,HR,Contractor,Production Database,0,0,4,1,0,1,0,60,1,DENY
Finance Analyst,Finance,Intern,Development Server,0,1,2,0,0,0,1,7,0,DENY
Product Manager,Product,Contractor,GitHub Project Alpha,1,1,1,1,0,1,0,7,0,ALLOW
QA Engineer,HR,Contractor,Production Database,0,0,4,1,1,1,0,7,0,DENY
Software Developer,Engineering,Contractor,HR Database,0,1,3,1,0,1,0,14,0,DENY
Product Manager,Product,Contractor,HR Database,0,1,3,0,1,1,0,14,0,DENY
DevOps Engineer,Product,Intern,HR Database,0,1,3,1,0,0,1,7,1,DENY
System Administrator,Finance,Intern,Project Management System,1,1,1,0,0,0,1,180,1,REVIEW
Product Manager,Finance,Employee,GitHub Project Alpha,0,1,1,0,1,0,0,90,0,DENY
Product Manager,HR,Contractor,GitHub Project Alpha,0,1,1,1,0,1,0,60,0,DENY
QA Engineer,Engineering,Employee,Finance System,0,1,3,0,1,0,0,60,0,DENY
Product Manager,Engineering,Employee,Development Server,1,1,2,0,1,0,0,30,0,ALLOW
Product Manager,Finance,Intern,Production Database,0,0,4,1,1,0,1,90,0,DENY
DevOps Engineer,IT,Contractor,GitHub Project Alpha,0,1,1,0,0,1,0,90,0,DENY
System Administrator,Product,Employee,HR Database,0,1,3,0,0,0,0,7,0,DENY
QA Engineer,IT,Contractor,HR Database,0,1,3,0,0,1,0,7,0,DENY
Software Developer,IT,Employee,Finance System,0,1,3,1,1,0,0,60,0,DENY
Software Developer,Product,Contractor,Project Management System,1,1,1,0,0,1,0,365,0,ALLOW
QA Engineer,Engineering,Contractor,HR Database,0,1,3,0,0,1,0,7,0,DENY
System Administrator,HR,Intern,Finance System,0,1,3,1,1,0,1,7,1,DENY
Contractor,Engineering,Employee,Finance System,0,1,3,0,0,0,0,365,1,DENY
QA Engineer,HR,Contractor,Development Server,0,1,2,1,1,1,0,365,0,DENY
Product Manager,Product,Employee,Admin Panel,0,0,4,0,1,0,0,7,0,DENY
Product Manager,Product,Contractor,Admin Panel,0,0,4,1,0,1,0,7,1,DENY
Software Developer,Finance,Employee,Development Server,0,1,2,0,0,0,0,14,0,DENY
Product Manager,Product,Employee,Project Management System,1,1,1,0,1,0,0,365,1,ALLOW
Contractor,Engineering,Employee,Project Management System,1,1,1,0,0,0,0,30,0,ALLOW
Software Developer,Product,Employee,Production Database,0,0,4,1,0,0,0,60,0,DENY
Finance Analyst,Finance,Employee,Admin Panel,0,0,4,1,0,0,0,30,0,DENY
System Administrator,IT,Intern,Admin Panel,1,1,4,0,1,0,1,90,1,REVIEW
HR Specialist,HR,Employee,Production Database,0,0,4,1,0,0,0,365,1,DENY
Finance Analyst,Finance,Contractor,Finance System,1,1,3,0,0,1,0,90,0,REVIEW
System Administrator,IT,Employee,Finance System,0,1,3,1,0,0,0,7,0,DENY
Product Manager,IT,Employee,Admin Panel,1,0,4,0,0,0,0,60,1,DENY
Product Manager,Engineering,Employee,Project Management System,1,1,1,1,0,0,0,7,0,ALLOW
DevOps Engineer,Product,Intern,Development Server,0,1,2,1,1,0,1,30,1,DENY
Contractor,HR,Employee,Development Server,0,1,2,1,0,0,0,365,1,DENY
Finance Analyst,HR,Employee,Production Database,0,0,4,1,1,0,0,30,0,DENY
DevOps Engineer,HR,Employee,GitHub Project Alpha,0,1,1,1,1,0,0,90,1,DENY
Finance Analyst,IT,Employee,GitHub Project Alpha,0,1,1,1,1,0,0,7,1,DENY
HR Specialist,Engineering,Contractor,HR Database,0,1,3,1,1,1,0,14,0,DENY
System Administrator,IT,Intern,Finance System,0,1,3,1,1,0,1,7,0,DENY
HR Specialist,Engineering,Employee,Admin Panel,0,0,4,0,1,0,0,14,0,DENY
Finance Analyst,Engineering,Employee,Development Server,1,1,2,0,1,0,0,60,0,ALLOW
DevOps Engineer,IT,Contractor,GitHub Project Alpha,0,1,1,0,1,1,0,7,0,DENY
Contractor,IT,Contractor,Project Management System,1,1,1,0,0,1,0,7,1,ALLOW
HR Specialist,HR,Intern,Project Management System,1,1,1,1,0,0,1,60,0,REVIEW
Finance Analyst,Product,Contractor,Admin Panel,0,0,4,0,1,1,0,30,0,DENY
Contractor,IT,Employee,HR Database,0,1,3,1,1,0,0,180,0,DENY
Product Manager,HR,Contractor,Admin Panel,0,0,4,1,0,1,0,30,1,DENY
System Administrator,Finance,Employee,Development Server,0,1,2,0,0,0,0,14,1,DENY
HR Specialist,Engineering,Contractor,Project Management System,1,1,1,1,0,1,0,30,0,ALLOW
Product Manager,Product,Contractor,Admin Panel,0,0,4,1,0,1,0,14,1,DENY
System Administrator,Engineering,Contractor,Production Database,1,1,4,1,0,1,0,30,0,REVIEW
HR Specialist,HR,Intern,Development Server,0,1,2,1,0,0,1,90,0,DENY
Finance Analyst,HR,Employee,Development Server,0,1,2,0,1,0,0,14,0,DENY
QA Engineer,IT,Contractor,Development Server,0,1,2,1,1,1,0,14,0,DENY
System Administrator,Product,Contractor,HR Database,0,1,3,0,1,1,0,30,0,DENY
DevOps Engineer,Product,Contractor,HR Database,0,1,3,1,0,1,0,7,0,DENY
Product Manager,HR,Intern,HR Database,1,1,3,0,0,0,1,180,0,REVIEW
Software Developer,Finance,Intern,HR Database,0,1,3,0,1,0,1,365,0,DENY
Product Manager,Product,Contractor,Admin Panel,0,0,4,0,0,1,0,365,0,DENY
DevOps Engineer,Finance,Employee,Development Server,0,1,2,1,0,0,0,365,0,DENY
QA Engineer,HR,Employee,Production Database,0,0,4,0,1,0,0,14,0,DENY
DevOps Engineer,Finance,Contractor,Project Management System,1,1,1,1,0,1,0,7,0,ALLOW
Finance Analyst,Product,Employee,GitHub Project Alpha,1,1,1,1,0,0,0,180,0,ALLOW
Software Developer,IT,Contractor,Finance System,0,1,3,1,0,1,0,30,1,DENY
DevOps Engineer,HR,Employee,Production Database,0,1,4,0,1,0,0,30,0,DENY
Software Developer,Engineering,Employee,Finance System,0,1,3,1,0,0,0,365,1,DENY
Software Developer,Product,Contractor,Admin Panel,0,0,4,1,0,1,0,30,0,DENY
QA Engineer,Finance,Employee,HR Database,0,1,3,0,0,0,0,90,0,DENY
Contractor,Engineering,Contractor,HR Database,0,1,3,0,1,1,0,60,0,DENY
System Administrator,IT,Intern,Production Database,1,1,4,1,0,0,1,60,0,REVIEW
QA Engineer,Finance,Intern,Project Management System,1,1,1,0,1,0,1,180,0,ALLOW
Software Developer,HR,Intern,GitHub Project Alpha,0,1,1,0,0,0,1,7,1,DENY
System Administrator,Finance,Intern,HR Database,0,1,3,1,1,0,1,90,1,DENY
QA Engineer,HR,Employee,GitHub Project Alpha,0,1,1,1,0,0,0,14,0,DENY
System Administrator,Engineering,Intern,Project Management System,1,1,1,0,1,0,1,365,1,ALLOW
System Administrator,Finance,Contractor,Admin Panel,0,1,4,0,1,1,0,14,0,DENY
Software Developer,Product,Intern,Project Management System,1,1,1,0,1,0,1,7,0,ALLOW
Product Manager,Engineering,Intern,Production Database,1,0,4,1,1,0,1,60,0,DENY
HR Specialist,Product,Employee,GitHub Project Alpha,1,1,1,1,1,0,0,180,1,ALLOW
System Administrator,IT,Employee,Development Server,0,1,2,0,0,0,0,60,0,DENY
QA Engineer,IT,Employee,Development Server,0,1,2,0,0,0,0,60,0,DENY
Product Manager,Finance,Intern,Production Database,0,0,4,1,0,0,1,60,0,DENY
Finance Analyst,Product,Intern,HR Database,0,1,3,1,1,0,1,365,0,DENY
HR Specialist,Product,Intern,Finance System,0,1,3,0,0,0,1,14,0,DENY
Software Developer,Product,Contractor,Production Database,0,0,4,0,1,1,0,90,0,DENY
DevOps Engineer,Product,Intern,Development Server,0,1,2,1,1,0,1,180,1,DENY
QA Engineer,IT,Contractor,Development Server,0,1,2,0,0,1,0,14,0,DENY
HR Specialist,Finance,Intern,Development Server,0,1,2,1,1,0,1,60,0,DENY
Finance Analyst,Engineering,Intern,Finance System,0,1,3,0,1,0,1,7,0,DENY
Software Developer,Product,Employee,GitHub Project Alpha,1,1,1,0,0,0,0,7,0,ALLOW
Product Manager,HR,Intern,Development Server,0,1,2,1,1,0,1,60,0,DENY
Contractor,HR,Employee,Finance System,0,1,3,0,1,0,0,14,0,DENY
QA Engineer,Engineering,Intern,Development Server,1,1,2,1,0,0,1,90,0,REVIEW
Software Developer,Finance,Employee,GitHub Project Alpha,0,1,1,1,0,0,0,365,0,DENY
System Administrator,HR,Contractor,Development Server,0,1,2,1,0,1,0,90,1,DENY
Software Developer,Product,Contractor,Project Management System,1,1,1,1,0,1,0,30,0,ALLOW
Contractor,Finance,Employee,Development Server,0,1,2,1,1,0,0,30,0,DENY
Finance Analyst,Finance,Employee,Finance System,1,1,3,0,0,0,0,180,0,REVIEW
Finance Analyst,Engineering,Intern,Admin Panel,0,0,4,1,1,0,1,14,0,DENY
QA Engineer,IT,Contractor,Admin Panel,1,0,4,0,0,1,0,30,1,DENY
Contractor,Engineering,Contractor,Finance System,0,1,3,0,0,1,0,365,0,DENY
Finance Analyst,IT,Contractor,Finance System,0,1,3,0,1,1,0,365,0,DENY
Product Manager,Finance,Intern,Project Management System,1,1,1,1,0,0,1,7,0,REVIEW
QA Engineer,Engineering,Employee,Finance System,0,1,3,0,0,0,0,180,1,DENY
System Administrator,Product,Contractor,HR Database,0,1,3,1,1,1,0,365,1,DENY
Finance Analyst,Engineering,Employee,GitHub Project Alpha,1,1,1,0,0,0,0,30,1,ALLOW
Finance Analyst,Product,Employee,GitHub Project Alpha,1,1,1,0,0,0,0,365,0,ALLOW
Software Developer,Engineering,Employee,Production Database,1,0,4,1,0,0,0,7,1,DENY
Product Manager,IT,Employee,GitHub Project Alpha,0,1,1,0,0,0,0,30,0,DENY
DevOps Engineer,Engineering,Employee,Admin Panel,0,0,4,1,1,0,0,14,1,DENY
Finance Analyst,Finance,Intern,GitHub Project Alpha,0,1,1,0,0,0,1,30,0,DENY
Product Manager,IT,Employee,Admin Panel,1,0,4,1,1,0,0,30,0,DENY
DevOps Engineer,IT,Employee,Production Database,1,1,4,0,0,0,0,180,0,REVIEW
Contractor,Product,Contractor,Project Management System,1,1,1,0,0,1,0,7,1,ALLOW
DevOps Engineer,Engineering,Intern,Development Server,1,1,2,1,0,0,1,7,0,REVIEW
DevOps Engineer,Product,Intern,Project Management System,1,1,1,0,1,0,1,180,0,ALLOW
HR Specialist,Product,Intern,Admin Panel,0,0,4,1,1,0,1,30,1,DENY
Finance Analyst,Finance,Intern,Production Database,0,0,4,1,1,0,1,60,1,DENY
Product Manager,IT,Intern,GitHub Project Alpha,0,1,1,0,1,0,1,365,0,DENY
Software Developer,Finance,Employee,Finance System,1,1,3,0,1,0,0,60,0,REVIEW
Contractor,Engineering,Employee,Admin Panel,0,0,4,1,1,0,0,180,0,DENY
Finance Analyst,Product,Employee,HR Database,0,1,3,0,0,0,0,14,0,DENY
DevOps Engineer,Engineering,Intern,Development Server,1,1,2,0,0,0,1,365,0,REVIEW
Product Manager,Engineering,Employee,Project Management System,1,1,1,1,0,0,0,90,0,ALLOW
QA Engineer,Product,Intern,GitHub Project Alpha,1,1,1,0,0,0,1,7,1,REVIEW
DevOps Engineer,Finance,Intern,Project Management System,1,1,1,0,0,0,1,90,1,REVIEW
Product Manager,HR,Intern,GitHub Project Alpha,0,1,1,0,1,0,1,180,0,DENY
DevOps Engineer,Finance,Employee,Project Management System,1,1,1,0,0,0,0,365,0,ALLOW
System Administrator,IT,Contractor,Project Management System,1,1,1,0,0,1,0,30,0,ALLOW
HR Specialist,Finance,Contractor,Admin Panel,0,0,4,1,1,1,0,90,0,DENY
Product Manager,Engineering,Contractor,Development Server,1,1,2,0,1,1,0,90,0,ALLOW
Finance Analyst,Engineering,Employee,HR Database,0,1,3,1,0,0,0,365,0,DENY
Finance Analyst,Engineering,Employee,Development Server,1,1,2,0,0,0,0,180,0,REVIEW
DevOps Engineer,IT,Contractor,Production Database,1,1,4,1,1,1,0,365,0,REVIEW
Finance Analyst,Finance,Intern,Admin Panel,0,0,4,1,1,0,1,30,0,DENY
Contractor,Engineering,Intern,HR Database,0,1,3,0,1,0,1,180,0,DENY
DevOps Engineer,HR,Intern,Project Management System,1,1,1,0,0,0,1,30,1,REVIEW
Software Developer,IT,Employee,HR Database,0,1,3,1,1,0,0,180,0,DENY
Contractor,IT,Employee,Project Management System,1,1,1,1,1,0,0,7,0,ALLOW
DevOps Engineer,Finance,Intern,Development Server,0,1,2,1,0,0,1,7,0,DENY
HR Specialist,IT,Employee,Admin Panel,1,0,4,1,1,0,0,180,0,DENY
QA Engineer,Finance,Intern,Finance System,1,1,3,1,1,0,1,365,0,REVIEW
QA Engineer,Product,Intern,Development Server,0,1,2,1,1,0,1,60,1,DENY
Contractor,Finance,Contractor,Admin Panel,0,0,4,1,0,1,0,180,0,DENY
DevOps Engineer,IT,Contractor,Admin Panel,1,0,4,1,1,1,0,30,0,DENY
Contractor,Engineering,Intern,Finance System,0,1,3,1,0,0,1,30,1,DENY
Product Manager,HR,Contractor,GitHub Project Alpha,0,1,1,1,0,1,0,365,1,DENY
QA Engineer,HR,Contractor,Project Management System,1,1,1,1,1,1,0,7,0,ALLOW
Software Developer,HR,Contractor,Production Database,0,0,4,1,1,1,0,7,1,DENY
QA Engineer,IT,Intern,Production Database,1,0,4,0,1,0,1,180,1,DENY
Software Developer,Product,Intern,Project Management System,1,1,1,0,0,0,1,90,0,REVIEW
Contractor,IT,Contractor,Admin Panel,1,0,4,1,0,1,0,7,0,DENY
HR Specialist,Engineering,Contractor,Production Database,1,0,4,1,1,1,0,7,1,DENY
Contractor,Product,Intern,Production Database,0,0,4,1,1,0,1,365,1,DENY
Finance Analyst,Finance,Intern,HR Database,0,1,3,0,0,0,1,365,0,DENY
Product Manager,HR,Contractor,GitHub Project Alpha,0,1,1,0,1,1,0,7,0,DENY
DevOps Engineer,Product,Employee,Development Server,0,1,2,1,0,0,0,60,0,DENY
Product Manager,Finance,Contractor,Finance System,1,1,3,0,1,1,0,60,0,REVIEW
Product Manager,HR,Contractor,Finance System,0,1,3,1,0,1,0,365,0,DENY
Software Developer,Engineering,Intern,Admin Panel,0,0,4,1,1,0,1,180,1,DENY
Software Developer,Finance,Employee,GitHub Project Alpha,0,1,1,0,1,0,0,365,0,DENY
QA Engineer,HR,Employee,Production Database,0,0,4,1,1,0,0,60,0,DENY
Product Manager,Finance,Employee,HR Database,0,1,3,1,0,0,0,90,0,DENY
Contractor,HR,Intern,HR Database,1,1,3,0,0,0,1,60,0,REVIEW
HR Specialist,Engineering,Intern,HR Database,0,1,3,0,0,0,1,30,0,DENY
Contractor,Finance,Intern,HR Database,0,1,3,1,1,0,1,365,0,DENY
Finance Analyst,IT,Contractor,Development Server,0,1,2,1,1,1,0,14,0,DENY
HR Specialist,HR,Employee,HR Database,1,1,3,1,1,0,0,365,0,ALLOW
HR Specialist,HR,Intern,Production Database,0,0,4,0,1,0,1,90,0,DENY
Software Developer,Finance,Intern,Finance System,1,1,3,0,1,0,1,180,0,REVIEW
QA Engineer,Engineering,Intern,HR Database,0,1,3,0,1,0,1,30,0,DENY
QA Engineer,Product,Intern,Project Management System,1,1,1,0,0,0,1,60,1,REVIEW
QA Engineer,HR,Employee,Production Database,0,0,4,1,0,0,0,365,0,DENY
Finance Analyst,IT,Contractor,Project Management System,1,1,1,1,1,1,0,60,0,ALLOW
DevOps Engineer,IT,Intern,Admin Panel,1,0,4,0,1,0,1,60,1,DENY
Software Developer,IT,Contractor,HR Database,0,1,3,1,1,1,0,30,1,DENY
DevOps Engineer,Finance,Contractor,Production Database,0,1,4,1,0,1,0,90,0,DENY
Software Developer,Product,Contractor,HR Database,0,1,3,1,0,1,0,180,0,DENY
DevOps Engineer,Finance,Contractor,Production Database,0,1,4,0,1,1,0,180,1,DENY
QA Engineer,IT,Employee,HR Database,0,1,3,0,1,0,0,7,1,DENY
QA Engineer,Finance,Contractor,GitHub Project Alpha,0,1,1,1,1,1,0,180,0,DENY
Product Manager,HR,Intern,Admin Panel,0,0,4,1,0,0,1,180,1,DENY
Software Developer,IT,Employee,HR Database,0,1,3,1,0,0,0,7,0,DENY
DevOps Engineer,HR,Contractor,Finance System,0,1,3,0,0,1,0,7,0,DENY
QA Engineer,IT,Intern,Development Server,0,1,2,1,1,0,1,365,1,DENY
Contractor,IT,Contractor,Development Server,0,1,2,0,1,1,0,14,0,DENY
Product Manager,Product,Contractor,HR Database,0,1,3,0,1,1,0,60,0,DENY
QA Engineer,HR,Contractor,GitHub Project Alpha,0,1,1,0,1,1,0,14,0,DENY
HR Specialist,IT,Contractor,Development Server,0,1,2,0,1,1,0,365,0,DENY
HR Specialist,Product,Intern,HR Database,0,1,3,1,1,0,1,365,1,DENY
HR Specialist,HR,Employee,Production Database,0,0,4,0,1,0,0,7,0,DENY
HR Specialist,Product,Intern,HR Database,0,1,3,1,0,0,1,365,0,DENY
Product Manager,Product,Employee,HR Database,0,1,3,1,0,0,0,14,1,DENY
HR Specialist,Finance,Employee,Development Server,0,1,2,0,1,0,0,180,0,DENY
Software Developer,Finance,Intern,Finance System,1,1,3,0,1,0,1,7,0,REVIEW
Contractor,IT,Employee,Production Database,1,0,4,1,0,0,0,7,0,DENY
DevOps Engineer,HR,Intern,Finance System,0,1,3,1,1,0,1,30,0,DENY
System Administrator,Engineering,Employee,Production Database,1,1,4,1,1,0,0,60,1,ALLOW
Product Manager,Finance,Contractor,HR Database,0,1,3,0,1,1,0,60,0,DENY
Contractor,Product,Intern,Project Management System,1,1,1,1,1,0,1,180,0,ALLOW
QA Engineer,Finance,Intern,HR Database,0,1,3,0,1,0,1,30,0,DENY
Product Manager,Finance,Intern,Finance System,1,1,3,0,1,0,1,90,0,REVIEW
DevOps Engineer,Finance,Intern,GitHub Project Alpha,0,1,1,0,0,0,1,14,0,DENY
Contractor,Product,Intern,Development Server,0,1,2,1,0,0,1,60,0,DENY
Product Manager,Finance,Employee,HR Database,0,1,3,0,1,0,0,365,0,DENY
Contractor,HR,Contractor,Finance System,0,1,3,1,0,1,0,14,1,DENY
Software Developer,Product,Contractor,Development Server,0,1,2,0,1,1,0,60,1,DENY
HR Specialist,Product,Intern,HR Database,0,1,3,1,0,0,1,7,0,DENY
Finance Analyst,HR,Intern,GitHub Project Alpha,0,1,1,1,1,0,1,90,1,DENY
System Administrator,HR,Intern,HR Database,1,1,3,1,0,0,1,14,0,REVIEW
System Administrator,IT,Intern,Project Management System,1,1,1,1,1,0,1,180,0,ALLOW
HR Specialist,Engineering,Intern,Finance System,0,1,3,1,0,0,1,60,0,DENY
Product Manager,Finance,Intern,Project Management System,1,1,1,0,0,0,1,90,1,REVIEW
QA Engineer,Engineering,Contractor,GitHub Project Alpha,1,1,1,1,1,1,0,30,1,ALLOW
Finance Analyst,Engineering,Intern,Admin Panel,0,0,4,1,0,0,1,14,0,DENY
QA Engineer,Engineering,Intern,Production Database,1,0,4,0,1,0,1,180,0,DENY
Product Manager,Product,Contractor,Project Management System,1,1,1,1,0,1,0,14,0,ALLOW
QA Engineer,Engineering,Intern,HR Database,0,1,3,1,0,0,1,90,1,DENY
Finance Analyst,Finance,Contractor,Admin Panel,0,0,4,0,0,1,0,365,1,DENY
DevOps Engineer,IT,Intern,Production Database,1,1,4,1,1,0,1,180,1,ALLOW
HR Specialist,HR,Employee,Finance System,0,1,3,0,1,0,0,365,0,DENY
Product Manager,Finance,Intern,Finance System,1,1,3,0,0,0,1,90,0,REVIEW
Finance Analyst,Finance,Contractor,HR Database,0,1,3,0,0,1,0,90,0,DENY
Software Developer,Finance,Employee,Finance System,1,1,3,0,1,0,0,7,0,REVIEW
Product Manager,Finance,Intern,Development Server,0,1,2,0,0,0,1,7,0,DENY
System Administrator,IT,Contractor,Project Management System,1,1,1,0,0,1,0,60,1,ALLOW
Contractor,HR,Employee,Development Server,0,1,2,1,0,0,0,365,0,DENY
Software Developer,IT,Employee,Development Server,0,1,2,1,1,0,0,365,1,DENY
QA Engineer,Engineering,Contractor,Admin Panel,0,0,4,0,1,1,0,180,0,DENY
Software Developer,IT,Intern,Production Database,1,0,4,0,1,0,1,30,1,DENY
QA Engineer,Product,Contractor,Development Server,0,1,2,1,1,1,0,14,1,DENY
QA Engineer,Engineering,Contractor,HR Database,0,1,3,0,1,1,0,365,0,DENY
HR Specialist,IT,Contractor,Project Management System,1,1,1,0,1,1,0,90,1,ALLOW
Finance Analyst,Product,Intern,Admin Panel,0,0,4,1,1,0,1,90,0,DENY
QA Engineer,Finance,Employee,Development Server,0,1,2,0,1,0,0,90,0,DENY
Contractor,Product,Employee,Production Database,0,0,4,1,0,0,0,14,0,DENY
Contractor,Product,Contractor,Finance System,0,1,3,1,1,1,0,60,0,DENY
Finance Analyst,Product,Contractor,Finance System,0,1,3,1,0,1,0,14,0,DENY
Contractor,Engineering,Employee,Project Management System,1,1,1,0,1,0,0,60,0,ALLOW
Finance Analyst,Finance,Employee,HR Database,0,1,3,1,0,0,0,7,1,DENY
System Administrator,Product,Intern,Production Database,0,1,4,0,0,0,1,7,1,DENY
DevOps Engineer,IT,Intern,Admin Panel,1,0,4,1,1,0,1,60,0,DENY
System Administrator,IT,Employee,Project Management System,1,1,1,1,1,0,0,14,0,ALLOW
QA Engineer,IT,Employee,Admin Panel,1,0,4,0,0,0,0,180,1,DENY
Finance Analyst,Engineering,Intern,Development Server,1,1,2,0,1,0,1,180,0,ALLOW
Contractor,HR,Contractor,Finance System,0,1,3,0,0,1,0,14,0,DENY
Product Manager,HR,Employee,Production Database,0,0,4,0,0,0,0,90,1,DENY
Software Developer,Product,Intern,Admin Panel,0,0,4,0,1,0,1,60,1,DENY
System Administrator,IT,Contractor,Development Server,0,1,2,1,0,1,0,30,0,DENY
Software Developer,Product,Contractor,Development Server,0,1,2,1,1,1,0,60,0,DENY
Finance Analyst,IT,Contractor,Project Management System,1,1,1,1,1,1,0,7,0,ALLOW
System Administrator,Product,Intern,Development Server,0,1,2,1,1,0,1,90,1,DENY
DevOps Engineer,HR,Contractor,Production Database,0,1,4,1,1,1,0,30,0,DENY
QA Engineer,Product,Intern,Project Management System,1,1,1,1,1,0,1,14,0,ALLOW
HR Specialist,Engineering,Contractor,HR Database,0,1,3,0,1,1,0,90,0,DENY
Finance Analyst,HR,Intern,HR Database,1,1,3,1,1,0,1,14,1,REVIEW
HR Specialist,IT,Intern,GitHub Project Alpha,0,1,1,0,1,0,1,365,0,DENY
HR Specialist,Engineering,Employee,Project Management System,1,1,1,1,1,0,0,7,0,ALLOW
HR Specialist,Finance,Contractor,Production Database,0,0,4,1,1,1,0,90,0,DENY
System Administrator,Finance,Contractor,Admin Panel,0,1,4,0,0,1,0,7,0,DENY
Finance Analyst,Product,Contractor,HR Database,0,1,3,1,1,1,0,7,0,DENY
Product Manager,IT,Contractor,HR Database,0,1,3,1,0,1,0,90,1,DENY
Contractor,Engineering,Intern,Admin Panel,0,0,4,0,1,0,1,90,0,DENY
Finance Analyst,Engineering,Contractor,Admin Panel,0,0,4,1,0,1,0,30,1,DENY
System Administrator,IT,Intern,Admin Panel,1,1,4,1,0,0,1,365,0,REVIEW
Product Manager,IT,Employee,Development Server,0,1,2,1,1,0,0,180,0,DENY
Finance Analyst,Engineering,Employee,Production Database,1,0,4,0,1,0,0,90,0,DENY
Contractor,Finance,Contractor,Admin Panel,0,0,4,1,1,1,0,180,0,DENY
Software Developer,Engineering,Employee,GitHub Project Alpha,1,1,1,1,0,0,0,365,1,ALLOW
HR Specialist,Product,Contractor,Admin Panel,0,0,4,0,1,1,0,365,0,DENY
Product Manager,Finance,Employee,Admin Panel,0,0,4,0,1,0,0,60,0,DENY
Software Developer,HR,Employee,Production Database,0,0,4,0,0,0,0,365,1,DENY
DevOps Engineer,Engineering,Employee,Finance System,0,1,3,1,1,0,0,365,0,DENY
Software Developer,HR,Employee,Finance System,0,1,3,0,1,0,0,60,0,DENY
QA Engineer,Engineering,Intern,Finance System,0,1,3,0,1,0,1,60,1,DENY
HR Specialist,HR,Contractor,GitHub Project Alpha,0,1,1,0,0,1,0,365,1,DENY
DevOps Engineer,HR,Employee,HR Database,1,1,3,1,1,0,0,14,0,ALLOW
Software Developer,Product,Employee,Project Management System,1,1,1,1,0,0,0,180,1,ALLOW
HR Specialist,IT,Employee,Admin Panel,1,0,4,0,1,0,0,14,0,DENY
System Administrator,HR,Contractor,Production Database,0,1,4,1,1,1,0,14,1,DENY
DevOps Engineer,Finance,Employee,HR Database,0,1,3,1,0,0,0,180,1,DENY
HR Specialist,Product,Intern,Project Management System,1,1,1,0,0,0,1,90,0,REVIEW
Software Developer,Product,Employee,Admin Panel,0,0,4,1,1,0,0,7,0,DENY
System Administrator,Product,Intern,Admin Panel,0,1,4,1,0,0,1,14,1,DENY
System Administrator,HR,Intern,Production Database,0,1,4,1,1,0,1,180,1,DENY
System Administrator,Product,Contractor,HR Database,0,1,3,1,0,1,0,60,0,DENY
Finance Analyst,HR,Contractor,GitHub Project Alpha,0,1,1,0,1,1,0,7,1,DENY
Software Developer,IT,Contractor,GitHub Project Alpha,0,1,1,0,1,1,0,180,0,DENY
Product Manager,Product,Intern,Finance System,0,1,3,0,1,0,1,365,0,DENY
Software Developer,HR,Intern,Admin Panel,0,0,4,1,1,0,1,14,0,DENY
Product Manager,Product,Employee,GitHub Project Alpha,1,1,1,0,0,0,0,7,1,ALLOW
Software Developer,Engineering,Intern,Admin Panel,0,0,4,0,1,0,1,7,0,DENY
QA Engineer,HR,Intern,Development Server,0,1,2,0,1,0,1,180,0,DENY
System Administrator,HR,Contractor,HR Database,1,1,3,1,0,1,0,365,0,REVIEW
HR Specialist,Engineering,Contractor,GitHub Project Alpha,1,1,1,0,0,1,0,30,0,ALLOW
Software Developer,HR,Employee,Production Database,0,0,4,0,1,0,0,30,0,DENY
QA Engineer,HR,Employee,GitHub Project Alpha,0,1,1,0,1,0,0,90,0,DENY
Software Developer,Product,Contractor,GitHub Project Alpha,1,1,1,0,1,1,0,365,1,ALLOW
HR Specialist,Engineering,Intern,Project Management System,1,1,1,1,1,0,1,60,0,ALLOW
Contractor,HR,Intern,GitHub Project Alpha,0,1,1,0,1,0,1,365,1,DENY
QA Engineer,IT,Intern,Finance System,0,1,3,0,1,0,1,14,1,DENY
DevOps Engineer,Finance,Employee,HR Database,0,1,3,0,1,0,0,90,0,DENY
Contractor,IT,Employee,Project Management System,1,1,1,1,1,0,0,60,0,ALLOW
Contractor,Engineering,Contractor,HR Database,0,1,3,0,0,1,0,30,0,DENY
Contractor,Finance,Contractor,HR Database,0,1,3,1,1,1,0,14,0,DENY
System Administrator,HR,Employee,Production Database,0,1,4,0,0,0,0,30,0,DENY
Software Developer,Engineering,Employee,Admin Panel,0,0,4,0,0,0,0,14,1,DENY
QA Engineer,Finance,Intern,Admin Panel,0,0,4,0,1,0,1,30,0,DENY
HR Specialist,IT,Employee,Project Management System,1,1,1,1,0,0,0,30,0,ALLOW
HR Specialist,Engineering,Intern,GitHub Project Alpha,1,1,1,0,0,0,1,14,0,REVIEW
Product Manager,Engineering,Contractor,Finance System,0,1,3,1,1,1,0,365,0,DENY
System Administrator,Finance,Intern,Admin Panel,0,1,4,0,0,0,1,90,0,DENY
QA Engineer,IT,Intern,Project Management System,1,1,1,0,1,0,1,7,0,ALLOW
Software Developer,Product,Intern,Project Management System,1,1,1,1,1,0,1,60,0,ALLOW
QA Engineer,Engineering,Intern,Development Server,1,1,2,1,1,0,1,7,0,ALLOW
System Administrator,HR,Employee,Production Database,0,1,4,1,1,0,0,30,1,DENY
Finance Analyst,HR,Contractor,Admin Panel,0,0,4,1,1,1,0,30,1,DENY
Finance Analyst,Finance,Intern,Finance System,1,1,3,1,0,0,1,30,1,REVIEW
QA Engineer,Finance,Employee,Admin Panel,0,0,4,0,1,0,0,60,0,DENY
System Administrator,Engineering,Contractor,Development Server,1,1,2,1,0,1,0,7,1,ALLOW
DevOps Engineer,IT,Intern,Admin Panel,1,0,4,1,0,0,1,14,0,DENY
System Administrator,Product,Intern,HR Database,0,1,3,1,0,0,1,60,0,DENY
DevOps Engineer,Engineering,Intern,Production Database,1,1,4,1,0,0,1,30,0,REVIEW
QA Engineer,IT,Employee,Admin Panel,1,0,4,1,0,0,0,60,0,DENY
System Administrator,Finance,Intern,Production Database,0,1,4,0,1,0,1,365,0,DENY
System Administrator,HR,Contractor,Development Server,0,1,2,1,0,1,0,7,0,DENY
Software Developer,Engineering,Intern,Admin Panel,0,0,4,1,0,0,1,7,1,DENY
Finance Analyst,Engineering,Employee,Development Server,1,1,2,0,0,0,0,30,0,REVIEW
System Administrator,Engineering,Contractor,Project Management System,1,1,1,0,1,1,0,180,0,ALLOW
Finance Analyst,IT,Contractor,HR Database,0,1,3,0,1,1,0,180,1,DENY
Contractor,HR,Contractor,Development Server,0,1,2,1,1,1,0,14,0,DENY
HR Specialist,IT,Intern,Development Server,0,1,2,1,1,0,1,180,1,DENY
Contractor,IT,Intern,HR Database,0,1,3,0,1,0,1,180,1,DENY
QA Engineer,Engineering,Employee,HR Database,0,1,3,1,1,0,0,180,0,DENY
Product Manager,Finance,Contractor,Finance System,1,1,3,1,1,1,0,7,0,ALLOW
Software Developer,Product,Intern,Admin Panel,0,0,4,1,0,0,1,30,0,DENY
Finance Analyst,IT,Contractor,Production Database,1,0,4,1,1,1,0,365,0,DENY
Finance Analyst,IT,Intern,Development Server,0,1,2,0,0,0,1,60,1,DENY
Software Developer,Product,Intern,HR Database,0,1,3,1,1,0,1,180,1,DENY
DevOps Engineer,Finance,Contractor,Production Database,0,1,4,1,0,1,0,180,0,DENY
Product Manager,IT,Employee,Admin Panel,1,0,4,1,1,0,0,365,0,DENY
QA Engineer,Finance,Contractor,GitHub Project Alpha,0,1,1,0,0,1,0,90,0,DENY
Product Manager,Product,Contractor,Admin Panel,0,0,4,0,1,1,0,180,0,DENY
Finance Analyst,IT,Employee,GitHub Project Alpha,0,1,1,1,1,0,0,90,1,DENY
Contractor,Engineering,Contractor,GitHub Project Alpha,1,1,1,0,1,1,0,7,1,ALLOW
System Administrator,Finance,Intern,Finance System,1,1,3,0,0,0,1,90,0,REVIEW
HR Specialist,Engineering,Intern,Admin Panel,0,0,4,0,1,0,1,14,1,DENY
DevOps Engineer,IT,Contractor,GitHub Project Alpha,0,1,1,1,1,1,0,180,1,DENY
HR Specialist,Engineering,Employee,Production Database,1,0,4,1,1,0,0,180,0,DENY
Contractor,Engineering,Contractor,HR Database,0,1,3,1,0,1,0,7,0,DENY
QA Engineer,Finance,Intern,Admin Panel,0,0,4,1,0,0,1,60,0,DENY
Finance Analyst,Product,Contractor,HR Database,0,1,3,1,0,1,0,180,1,DENY
Contractor,Product,Intern,Finance System,0,1,3,0,0,0,1,60,1,DENY
DevOps Engineer,Finance,Intern,HR Database,0,1,3,0,1,0,1,7,0,DENY
Product Manager,Finance,Contractor,Production Database,0,0,4,1,0,1,0,30,0,DENY
Software Developer,Engineering,Intern,HR Database,0,1,3,0,0,0,1,7,0,DENY
Product Manager,Engineering,Employee,Admin Panel,0,0,4,1,0,0,0,7,0,DENY
Product Manager,IT,Intern,GitHub Project Alpha,0,1,1,1,0,0,1,365,0,DENY
QA Engineer,HR,Intern,Production Database,0,0,4,0,0,0,1,14,1,DENY
System Administrator,Finance,Employee,Finance System,1,1,3,0,1,0,0,180,1,ALLOW
HR Specialist,Product,Contractor,Production Database,0,0,4,0,0,1,0,30,1,DENY
System Administrator,Finance,Contractor,Production Database,0,1,4,1,1,1,0,7,0,DENY
Product Manager,HR,Employee,Project Management System,1,1,1,1,1,0,0,180,1,ALLOW
HR Specialist,IT,Employee,GitHub Project Alpha,0,1,1,0,0,0,0,7,1,DENY
Product Manager,HR,Employee,Production Database,0,0,4,1,1,0,0,365,1,DENY
Software Developer,IT,Employee,Production Database,1,0,4,0,0,0,0,90,0,DENY
Contractor,HR,Employee,Production Database,0,0,4,1,0,0,0,7,1,DENY
Product Manager,Finance,Intern,Admin Panel,0,0,4,1,0,0,1,14,1,DENY
Product Manager,Product,Intern,Finance System,0,1,3,1,1,0,1,90,1,DENY
Contractor,HR,Contractor,GitHub Project Alpha,0,1,1,0,0,1,0,90,0,DENY
QA Engineer,Product,Intern,Development Server,0,1,2,0,0,0,1,14,0,DENY
DevOps Engineer,IT,Employee,Development Server,0,1,2,0,0,0,0,365,1,DENY
Contractor,Finance,Contractor,Admin Panel,0,0,4,1,0,1,0,60,0,DENY
Software Developer,IT,Employee,Finance System,0,1,3,0,0,0,0,365,1,DENY
System Administrator,Product,Employee,Production Database,0,1,4,1,1,0,0,7,0,DENY
Finance Analyst,Finance,Employee,GitHub Project Alpha,0,1,1,0,0,0,0,90,0,DENY
Product Manager,HR,Employee,Project Management System,1,1,1,1,0,0,0,60,0,ALLOW
HR Specialist,Finance,Employee,Project Management System,1,1,1,0,1,0,0,14,1,ALLOW
Software Developer,Product,Contractor,Finance System,0,1,3,1,1,1,0,30,0,DENY
Contractor,Engineering,Intern,Admin Panel,0,0,4,1,0,0,1,30,0,DENY
DevOps Engineer,Finance,Intern,Project Management System,1,1,1,1,0,0,1,365,1,REVIEW
QA Engineer,Finance,Contractor,Project Management System,1,1,1,1,0,1,0,30,1,ALLOW
Software Developer,Product,Contractor,Admin Panel,0,0,4,0,1,1,0,30,1,DENY
HR Specialist,IT,Contractor,Admin Panel,1,0,4,1,0,1,0,90,0,DENY
DevOps Engineer,Finance,Employee,HR Database,0,1,3,1,0,0,0,365,0,DENY
Product Manager,HR,Employee,Admin Panel,0,0,4,0,0,0,0,7,0,DENY
System Administrator,HR,Employee,HR Database,1,1,3,0,1,0,0,180,0,REVIEW
QA Engineer,Engineering,Contractor,Production Database,1,0,4,0,1,1,0,30,0,DENY
System Administrator,Engineering,Contractor,Project Management System,1,1,1,1,0,1,0,60,1,ALLOW
HR Specialist,Engineering,Intern,HR Database,0,1,3,1,1,0,1,180,1,DENY
HR Specialist,Product,Intern,Production Database,0,0,4,0,1,0,1,180,0,DENY
Finance Analyst,Engineering,Contractor,Finance System,0,1,3,0,0,1,0,90,1,DENY
QA Engineer,HR,Employee,HR Database,1,1,3,1,1,0,0,180,0,ALLOW
Contractor,IT,Contractor,GitHub Project Alpha,0,1,1,0,1,1,0,180,0,DENY
HR Specialist,IT,Employee,Development Server,0,1,2,1,1,0,0,7,0,DENY
Product Manager,IT,Contractor,Finance System,0,1,3,0,1,1,0,90,0,DENY
System Administrator,Finance,Intern,Development Server,0,1,2,0,1,0,1,60,1,DENY
Product Manager,Engineering,Employee,GitHub Project Alpha,1,1,1,1,1,0,0,7,0,ALLOW
Product Manager,Product,Employee,Production Database,0,0,4,0,1,0,0,30,0,DENY
DevOps Engineer,Product,Intern,Production Database,0,1,4,1,1,0,1,60,0,DENY
Finance Analyst,Product,Contractor,Production Database,0,0,4,0,0,1,0,14,0,DENY
Contractor,Finance,Contractor,Admin Panel,0,0,4,0,1,1,0,90,0,DENY
Software Developer,Engineering,Intern,Development Server,1,1,2,1,0,0,1,30,0,REVIEW
Finance Analyst,Finance,Intern,HR Database,0,1,3,0,0,0,1,90,1,DENY
Contractor,Product,Contractor,Project Management System,1,1,1,1,0,1,0,365,0,ALLOW
Software Developer,Engineering,Intern,HR Database,0,1,3,1,0,0,1,60,1,DENY
Software Developer,HR,Employee,Project Management System,1,1,1,1,0,0,0,7,0,ALLOW
QA Engineer,Engineering,Intern,Production Database,1,0,4,0,1,0,1,365,0,DENY
HR Specialist,Engineering,Contractor,Production Database,1,0,4,0,1,1,0,60,1,DENY
Contractor,Product,Intern,Production Database,0,0,4,0,0,0,1,7,1,DENY
Contractor,Product,Intern,Production Database,0,0,4,1,1,0,1,7,0,DENY
Software Developer,Finance,Intern,GitHub Project Alpha,0,1,1,0,0,0,1,7,1,DENY
Product Manager,HR,Intern,Development Server,0,1,2,1,0,0,1,90,1,DENY
Finance Analyst,IT,Employee,HR Database,0,1,3,0,0,0,0,30,0,DENY
DevOps Engineer,IT,Intern,Admin Panel,1,0,4,1,0,0,1,180,1,DENY
QA Engineer,Finance,Contractor,Development Server,0,1,2,1,1,1,0,180,0,DENY
Finance Analyst,Product,Employee,Development Server,0,1,2,0,0,0,0,14,1,DENY
Product Manager,IT,Intern,HR Database,0,1,3,1,0,0,1,90,0,DENY
QA Engineer,Product,Contractor,Production Database,0,0,4,1,1,1,0,7,1,DENY
Finance Analyst,Engineering,Intern,Finance System,0,1,3,0,1,0,1,14,0,DENY
Finance Analyst,Product,Intern,Finance System,0,1,3,1,0,0,1,7,0,DENY
Product Manager,Finance,Contractor,Admin Panel,0,0,4,0,0,1,0,30,0,DENY
DevOps Engineer,HR,Intern,Project Management System,1,1,1,0,1,0,1,30,0,ALLOW
Contractor,IT,Intern,HR Database,0,1,3,1,0,0,1,60,0,DENY
DevOps Engineer,IT,Employee,Development Server,0,1,2,1,0,0,0,30,1,DENY
Product Manager,IT,Employee,GitHub Project Alpha,0,1,1,0,1,0,0,90,0,DENY
Product Manager,Engineering,Contractor,Finance System,0,1,3,0,0,1,0,14,0,DENY
Contractor,IT,Contractor,HR Database,0,1,3,1,1,1,0,365,0,DENY
Contractor,Engineering,Intern,Production Database,1,0,4,1,1,0,1,365,0,DENY
Finance Analyst,Product,Intern,Project Management System,1,1,1,1,1,0,1,7,1,ALLOW
QA Engineer,Product,Intern,HR Database,0,1,3,0,1,0,1,30,0,DENY
Contractor,Product,Intern,Admin Panel,0,0,4,1,1,0,1,14,0,DENY
Contractor,HR,Employee,Finance System,0,1,3,1,1,0,0,365,0,DENY
HR Specialist,HR,Employee,Production Database,0,0,4,0,0,0,0,7,0,DENY
DevOps Engineer,IT,Intern,Development Server,0,1,2,0,0,0,1,365,1,DENY
Contractor,IT,Contractor,GitHub Project Alpha,0,1,1,1,1,1,0,60,1,DENY
Finance Analyst,IT,Contractor,Finance System,0,1,3,1,1,1,0,60,1,DENY
Finance Analyst,IT,Employee,GitHub Project Alpha,0,1,1,0,1,0,0,180,0,DENY
HR Specialist,HR,Employee,GitHub Project Alpha,0,1,1,1,1,0,0,14,0,DENY
QA Engineer,IT,Contractor,Production Database,1,0,4,0,1,1,0,14,0,DENY
Product Manager,IT,Intern,GitHub Project Alpha,0,1,1,1,0,0,1,7,0,DENY
System Administrator,Finance,Employee,Production Database,0,1,4,0,0,0,0,60,0,DENY
Product Manager,IT,Employee,HR Database,0,1,3,1,1,0,0,180,1,DENY
DevOps Engineer,Engineering,Intern,HR Database,0,1,3,1,1,0,1,14,0,DENY
DevOps Engineer,IT,Intern,Finance System,0,1,3,1,1,0,1,180,0,DENY
Software Developer,Finance,Intern,HR Database,0,1,3,0,0,0,1,60,1,DENY
QA Engineer,HR,Intern,Development Server,0,1,2,0,1,0,1,14,0,DENY
Finance Analyst,Product,Intern,Production Database,0,0,4,0,0,0,1,7,1,DENY
HR Specialist,Finance,Employee,GitHub Project Alpha,0,1,1,0,0,0,0,14,0,DENY
Finance Analyst,IT,Intern,GitHub Project Alpha,0,1,1,0,1,0,1,365,0,DENY
DevOps Engineer,Finance,Employee,Development Server,0,1,2,0,0,0,0,7,0,DENY
Product Manager,Finance,Contractor,Finance System,1,1,3,0,1,1,0,365,0,REVIEW
Product Manager,IT,Intern,Production Database,1,0,4,0,1,0,1,90,0,DENY
Product Manager,HR,Contractor,GitHub Project Alpha,0,1,1,0,0,1,0,90,0,DENY
System Administrator,Finance,Employee,Development Server,0,1,2,0,0,0,0,60,0,DENY
QA Engineer,Finance,Intern,Production Database,0,0,4,1,1,0,1,180,0,DENY
System Administrator,IT,Employee,Development Server,0,1,2,1,0,0,0,7,0,DENY
Finance Analyst,Product,Contractor,Project Management System,1,1,1,1,1,1,0,14,1,ALLOW
System Administrator,Product,Contractor,Admin Panel,0,1,4,0,1,1,0,180,1,DENY
QA Engineer,HR,Employee,HR Database,1,1,3,1,1,0,0,7,1,ALLOW
Finance Analyst,Product,Contractor,Admin Panel,0,0,4,0,1,1,0,14,0,DENY
HR Specialist,Engineering,Employee,Finance System,0,1,3,1,0,0,0,365,1,DENY
System Administrator,Engineering,Intern,Finance System,0,1,3,1,0,0,1,180,0,DENY
Product Manager,Product,Intern,Production Database,0,0,4,1,1,0,1,180,0,DENY
System Administrator,HR,Contractor,Production Database,0,1,4,0,1,1,0,60,0,DENY
QA Engineer,Product,Employee,Development Server,0,1,2,1,1,0,0,90,0,DENY
System Administrator,Engineering,Contractor,Admin Panel,0,1,4,0,1,1,0,365,0,DENY
Contractor,HR,Contractor,Admin Panel,0,0,4,1,0,1,0,180,0,DENY
Contractor,HR,Intern,Production Database,0,0,4,1,1,0,1,30,0,DENY
QA Engineer,Engineering,Employee,Project Management System,1,1,1,0,1,0,0,7,1,ALLOW
Finance Analyst,Product,Intern,Production Database,0,0,4,1,1,0,1,365,0,DENY
Software Developer,HR,Employee,Admin Panel,0,0,4,1,1,0,0,90,0,DENY
Software Developer,Finance,Contractor,Admin Panel,0,0,4,1,1,1,0,365,1,DENY
Contractor,Engineering,Intern,Development Server,1,1,2,0,0,0,1,90,0,REVIEW
Finance Analyst,Engineering,Intern,Admin Panel,0,0,4,0,0,0,1,90,0,DENY
HR Specialist,IT,Contractor,Admin Panel,1,0,4,0,0,1,0,90,0,DENY
System Administrator,Finance,Contractor,Project Management System,1,1,1,1,1,1,0,90,0,ALLOW
HR Specialist,HR,Employee,Development Server,0,1,2,1,1,0,0,180,0,DENY
Finance Analyst,IT,Contractor,Project Management System,1,1,1,0,0,1,0,7,0,ALLOW
Product Manager,IT,Contractor,GitHub Project Alpha,0,1,1,1,0,1,0,30,0,DENY
Software Developer,IT,Employee,GitHub Project Alpha,0,1,1,0,1,0,0,365,1,DENY
Contractor,Product,Intern,Production Database,0,0,4,1,0,0,1,90,0,DENY
HR Specialist,Finance,Intern,Project Management System,1,1,1,1,0,0,1,365,0,REVIEW
Contractor,Product,Intern,Admin Panel,0,0,4,0,1,0,1,90,0,DENY
Contractor,Engineering,Contractor,GitHub Project Alpha,1,1,1,0,0,1,0,7,1,ALLOW
System Administrator,HR,Contractor,HR Database,1,1,3,0,1,1,0,60,1,ALLOW
DevOps Engineer,Finance,Contractor,Finance System,1,1,3,0,1,1,0,14,0,REVIEW
DevOps Engineer,Product,Intern,Production Database,0,1,4,0,1,0,1,30,0,DENY
DevOps Engineer,Finance,Intern,GitHub Project Alpha,0,1,1,1,1,0,1,30,0,DENY
System Administrator,HR,Intern,HR Database,1,1,3,0,0,0,1,90,0,REVIEW
System Administrator,HR,Contractor,GitHub Project Alpha,0,1,1,0,1,1,0,7,0,DENY
System Administrator,HR,Contractor,HR Database,1,1,3,1,0,1,0,30,0,REVIEW
Contractor,IT,Intern,Production Database,1,0,4,1,0,0,1,14,1,DENY
HR Specialist,IT,Intern,Production Database,1,0,4,1,1,0,1,60,1,DENY
Software Developer,Product,Contractor,Development Server,0,1,2,0,0,1,0,90,0,DENY
Finance Analyst,HR,Intern,HR Database,1,1,3,1,1,0,1,14,0,REVIEW
System Administrator,Finance,Employee,Project Management System,1,1,1,1,1,0,0,180,1,ALLOW
DevOps Engineer,HR,Employee,Admin Panel,0,0,4,0,0,0,0,14,0,DENY
Product Manager,Engineering,Contractor,GitHub Project Alpha,1,1,1,0,0,1,0,180,0,ALLOW
Contractor,Product,Employee,Production Database,0,0,4,1,1,0,0,60,0,DENY
Finance Analyst,Product,Contractor,Development Server,0,1,2,0,1,1,0,90,0,DENY
Finance Analyst,HR,Intern,GitHub Project Alpha,0,1,1,0,0,0,1,180,1,DENY
Software Developer,Engineering,Employee,GitHub Project Alpha,1,1,1,0,1,0,0,60,0,ALLOW
Finance Analyst,IT,Contractor,Production Database,1,0,4,1,1,1,0,180,0,DENY
Finance Analyst,Engineering,Contractor,Production Database,1,0,4,1,1,1,0,14,1,DENY
Finance Analyst,Product,Contractor,Production Database,0,0,4,1,1,1,0,60,0,DENY
Product Manager,IT,Intern,Finance System,0,1,3,1,1,0,1,7,1,DENY
Software Developer,IT,Intern,Production Database,1,0,4,0,0,0,1,365,0,DENY
HR Specialist,Finance,Employee,Admin Panel,0,0,4,1,0,0,0,365,0,DENY
Finance Analyst,Engineering,Contractor,Finance System,0,1,3,0,0,1,0,30,1,DENY
System Administrator,IT,Contractor,GitHub Project Alpha,0,1,1,1,1,1,0,180,0,DENY
Software Developer,Finance,Intern,Development Server,0,1,2,1,1,0,1,90,1,DENY
Finance Analyst,IT,Employee,HR Database,0,1,3,1,0,0,0,7,0,DENY
QA Engineer,Finance,Contractor,GitHub Project Alpha,0,1,1,1,0,1,0,30,0,DENY
Product Manager,Engineering,Intern,Production Database,1,0,4,0,0,0,1,60,0,DENY
System Administrator,Engineering,Intern,Production Database,1,1,4,1,0,0,1,60,1,REVIEW
Product Manager,Product,Intern,Finance System,0,1,3,0,0,0,1,30,1,DENY
Product Manager,Product,Employee,Project Management System,1,1,1,0,1,0,0,90,0,ALLOW
Finance Analyst,Product,Intern,Development Server,0,1,2,1,1,0,1,90,0,DENY
System Administrator,Product,Contractor,Development Server,0,1,2,1,1,1,0,30,1,DENY
Software Developer,Engineering,Employee,Admin Panel,0,0,4,1,1,0,0,365,0,DENY
HR Specialist,Engineering,Contractor,Project Management System,1,1,1,1,1,1,0,7,0,ALLOW
DevOps Engineer,Finance,Employee,Production Database,0,1,4,1,0,0,0,14,1,DENY
Contractor,Engineering,Employee,HR Database,0,1,3,1,0,0,0,14,1,DENY
DevOps Engineer,Finance,Employee,Finance System,1,1,3,0,1,0,0,60,0,REVIEW
Contractor,Finance,Intern,HR Database,0,1,3,0,0,0,1,7,0,DENY
DevOps Engineer,HR,Employee,HR Database,1,1,3,0,0,0,0,90,1,ALLOW
HR Specialist,Finance,Contractor,Project Management System,1,1,1,1,1,1,0,14,1,ALLOW
Product Manager,Product,Contractor,Development Server,0,1,2,0,0,1,0,7,1,DENY
Finance Analyst,HR,Intern,Finance System,0,1,3,1,0,0,1,7,0,DENY
System Administrator,Engineering,Intern,Project Management System,1,1,1,1,0,0,1,14,0,REVIEW
System Administrator,Engineering,Employee,Project Management System,1,1,1,0,1,0,0,180,0,ALLOW
HR Specialist,Finance,Intern,Development Server,0,1,2,1,0,0,1,60,1,DENY
DevOps Engineer,Product,Contractor,HR Database,0,1,3,0,0,1,0,180,1,DENY
QA Engineer,Engineering,Contractor,Finance System,0,1,3,1,1,1,0,30,0,DENY
System Administrator,Product,Contractor,HR Database,0,1,3,1,1,1,0,14,0,DENY
DevOps Engineer,IT,Contractor,Development Server,0,1,2,1,0,1,0,60,0,DENY
QA Engineer,IT,Intern,HR Database,0,1,3,0,0,0,1,14,1,DENY
System Administrator,Product,Contractor,GitHub Project Alpha,1,1,1,1,1,1,0,365,1,ALLOW
DevOps Engineer,Engineering,Contractor,Production Database,1,1,4,0,0,1,0,90,0,REVIEW
Product Manager,IT,Intern,Development Server,0,1,2,1,0,0,1,60,0,DENY
QA Engineer,HR,Employee,Admin Panel,0,0,4,1,1,0,0,180,0,DENY
HR Specialist,Engineering,Contractor,Development Server,1,1,2,1,1,1,0,365,0,ALLOW
Contractor,Product,Employee,Development Server,0,1,2,1,1,0,0,180,0,DENY
HR Specialist,Engineering,Intern,Admin Panel,0,0,4,0,1,0,1,60,0,DENY
QA Engineer,IT,Contractor,Finance System,0,1,3,1,0,1,0,180,0,DENY
DevOps Engineer,Finance,Contractor,Project Management System,1,1,1,0,0,1,0,30,1,ALLOW
System Administrator,Product,Employee,GitHub Project Alpha,1,1,1,0,0,0,0,180,0,ALLOW
System Administrator,IT,Contractor,Development Server,0,1,2,1,1,1,0,7,1,DENY
Software Developer,Engineering,Employee,Admin Panel,0,0,4,0,1,0,0,60,0,DENY
QA Engineer,Finance,Employee,Production Database,0,0,4,0,1,0,0,7,0,DENY
Software Developer,Finance,Intern,Development Server,0,1,2,0,0,0,1,365,1,DENY
DevOps Engineer,HR,Contractor,GitHub Project Alpha,0,1,1,1,1,1,0,90,1,DENY
HR Specialist,HR,Intern,Production Database,0,0,4,1,1,0,1,180,0,DENY
QA Engineer,Engineering,Employee,Admin Panel,0,0,4,1,1,0,0,60,0,DENY
QA Engineer,HR,Contractor,Admin Panel,0,0,4,0,1,1,0,14,0,DENY
Finance Analyst,Engineering,Employee,Project Management System,1,1,1,0,0,0,0,14,0,ALLOW
HR Specialist,Finance,Employee,Project Management System,1,1,1,0,1,0,0,7,0,ALLOW
System Administrator,Product,Contractor,Project Management System,1,1,1,1,1,1,0,7,0,ALLOW
Software Developer,HR,Intern,Production Database,0,0,4,0,1,0,1,14,0,DENY
HR Specialist,HR,Contractor,Production Database,0,0,4,0,0,1,0,14,1,DENY
Contractor,HR,Contractor,Admin Panel,0,0,4,1,1,1,0,7,0,DENY
Product Manager,IT,Employee,Project Management System,1,1,1,1,0,0,0,14,1,ALLOW
Product Manager,IT,Intern,HR Database,0,1,3,0,1,0,1,90,1,DENY
Finance Analyst,Finance,Contractor,Production Database,0,0,4,1,0,1,0,60,1,DENY
Finance Analyst,Engineering,Employee,Finance System,0,1,3,0,1,0,0,30,0,DENY
QA Engineer,Engineering,Contractor,Production Database,1,0,4,0,1,1,0,14,0,DENY
Product Manager,IT,Intern,Admin Panel,1,0,4,1,0,0,1,365,0,DENY
Contractor,Engineering,Employee,Finance System,0,1,3,1,1,0,0,14,0,DENY
Finance Analyst,Product,Contractor,Admin Panel,0,0,4,0,0,1,0,90,0,DENY
Software Developer,HR,Contractor,Project Management System,1,1,1,0,1,1,0,90,0,ALLOW
QA Engineer,HR,Employee,Admin Panel,0,0,4,0,1,0,0,180,0,DENY
Finance Analyst,Product,Contractor,Admin Panel,0,0,4,1,1,1,0,7,0,DENY
DevOps Engineer,HR,Intern,HR Database,1,1,3,1,1,0,1,90,1,REVIEW
System Administrator,HR,Intern,Production Database,0,1,4,0,1,0,1,14,0,DENY
System Administrator,Finance,Contractor,HR Database,0,1,3,1,1,1,0,60,0,DENY
Contractor,Finance,Intern,Project Management System,1,1,1,1,0,0,1,180,1,REVIEW
HR Specialist,HR,Intern,HR Database,1,1,3,0,1,0,1,7,0,REVIEW
DevOps Engineer,Engineering,Contractor,HR Database,0,1,3,1,1,1,0,60,0,DENY
System Administrator,Engineering,Contractor,HR Database,0,1,3,0,0,1,0,7,1,DENY
DevOps Engineer,Engineering,Contractor,Finance System,0,1,3,1,1,1,0,180,0,DENY
Software Developer,IT,Employee,Admin Panel,1,0,4,0,1,0,0,365,0,DENY
Product Manager,IT,Intern,Finance System,0,1,3,0,0,0,1,30,1,DENY
HR Specialist,Product,Contractor,Production Database,0,0,4,1,0,1,0,7,0,DENY
DevOps Engineer,Finance,Employee,HR Database,0,1,3,1,0,0,0,30,0,DENY
Software Developer,HR,Employee,Project Management System,1,1,1,0,1,0,0,90,0,ALLOW
HR Specialist,Finance,Intern,Production Database,0,0,4,0,1,0,1,365,1,DENY
Contractor,Finance,Contractor,Finance System,1,1,3,1,0,1,0,180,0,REVIEW
QA Engineer,Product,Employee,GitHub Project Alpha,1,1,1,0,1,0,0,60,0,ALLOW
QA Engineer,HR,Intern,Finance System,0,1,3,0,0,0,1,7,0,DENY
HR Specialist,IT,Employee,Finance System,0,1,3,1,0,0,0,7,1,DENY
Software Developer,IT,Employee,Finance System,0,1,3,1,0,0,0,30,0,DENY
HR Specialist,Product,Intern,Finance System,0,1,3,0,1,0,1,7,0,DENY
Product Manager,HR,Contractor,Finance System,0,1,3,0,1,1,0,14,0,DENY
Finance Analyst,Finance,Intern,Production Database,0,0,4,1,0,0,1,14,0,DENY
QA Engineer,IT,Employee,Project Management System,1,1,1,0,0,0,0,180,0,ALLOW
HR Specialist,Product,Intern,Project Management System,1,1,1,1,0,0,1,90,0,REVIEW
HR Specialist,IT,Intern,Development Server,0,1,2,1,0,0,1,180,0,DENY
Product Manager,Product,Employee,Admin Panel,0,0,4,1,0,0,0,90,0,DENY
Contractor,Product,Intern,Production Database,0,0,4,1,0,0,1,14,0,DENY
System Administrator,IT,Contractor,HR Database,0,1,3,0,1,1,0,60,0,DENY
Software Developer,Product,Intern,HR Database,0,1,3,0,1,0,1,365,1,DENY
Contractor,Engineering,Contractor,HR Database,0,1,3,1,1,1,0,90,1,DENY
HR Specialist,Product,Intern,GitHub Project Alpha,1,1,1,1,1,0,1,14,1,ALLOW
Contractor,HR,Intern,HR Database,1,1,3,0,1,0,1,365,1,REVIEW
Contractor,Finance,Contractor,GitHub Project Alpha,0,1,1,0,1,1,0,30,0,DENY
QA Engineer,Product,Intern,Admin Panel,0,0,4,1,1,0,1,60,0,DENY
Contractor,HR,Contractor,Admin Panel,0,0,4,0,1,1,0,180,1,DENY
QA Engineer,IT,Employee,Finance System,0,1,3,0,1,0,0,180,0,DENY
Product Manager,HR,Employee,GitHub Project Alpha,0,1,1,0,1,0,0,60,0,DENY
HR Specialist,HR,Contractor,Production Database,0,0,4,0,0,1,0,7,1,DENY
Contractor,IT,Intern,GitHub Project Alpha,0,1,1,1,1,0,1,30,0,DENY
Software Developer,IT,Employee,Development Server,0,1,2,1,0,0,0,30,0,DENY
Finance Analyst,Engineering,Employee,HR Database,0,1,3,1,1,0,0,60,0,DENY
Contractor,Engineering,Employee,HR Database,0,1,3,0,0,0,0,7,0,DENY
System Administrator,Engineering,Intern,Production Database,1,1,4,1,0,0,1,30,0,REVIEW
Contractor,HR,Employee,GitHub Project Alpha,0,1,1,1,1,0,0,90,0,DENY
QA Engineer,IT,Employee,Project Management System,1,1,1,0,0,0,0,14,0,ALLOW
Contractor,HR,Employee,Finance System,0,1,3,1,1,0,0,14,0,DENY
Software Developer,Product,Intern,Project Management System,1,1,1,0,0,0,1,7,0,REVIEW
DevOps Engineer,IT,Contractor,Development Server,0,1,2,0,1,1,0,180,0,DENY
QA Engineer,Product,Intern,Production Database,0,0,4,1,0,0,1,180,1,DENY
System Administrator,IT,Employee,Production Database,1,1,4,1,1,0,0,60,0,ALLOW
System Administrator,HR,Contractor,Finance System,0,1,3,1,0,1,0,7,1,DENY
System Administrator,Finance,Employee,HR Database,0,1,3,1,0,0,0,60,0,DENY
Product Manager,Finance,Employee,Production Database,0,0,4,1,1,0,0,30,0,DENY
Product Manager,Engineering,Contractor,Finance System,0,1,3,1,1,1,0,7,0,DENY
DevOps Engineer,Engineering,Contractor,Admin Panel,0,0,4,1,0,1,0,60,1,DENY
System Administrator,Finance,Contractor,Production Database,0,1,4,1,1,1,0,180,0,DENY
Product Manager,Finance,Intern,Development Server,0,1,2,1,0,0,1,180,1,DENY
Contractor,Engineering,Contractor,Admin Panel,0,0,4,1,1,1,0,90,1,DENY
Product Manager,HR,Employee,Admin Panel,0,0,4,0,0,0,0,7,1,DENY
HR Specialist,Engineering,Intern,GitHub Project Alpha,1,1,1,0,1,0,1,30,0,ALLOW
Contractor,Engineering,Intern,Project Management System,1,1,1,1,1,0,1,365,0,ALLOW
Product Manager,Engineering,Intern,Admin Panel,0,0,4,1,1,0,1,14,1,DENY
HR Specialist,HR,Intern,Project Management System,1,1,1,0,1,0,1,30,1,ALLOW
DevOps Engineer,IT,Employee,Finance System,0,1,3,1,1,0,0,180,0,DENY
System Administrator,Engineering,Intern,Project Management System,1,1,1,1,0,0,1,7,0,REVIEW
QA Engineer,IT,Employee,Development Server,0,1,2,1,1,0,0,30,0,DENY
DevOps Engineer,Finance,Employee,Project Management System,1,1,1,1,0,0,0,365,1,ALLOW
Software Developer,Engineering,Contractor,HR Database,0,1,3,0,0,1,0,90,0,DENY
System Administrator,Product,Employee,Admin Panel,0,1,4,0,0,0,0,90,0,DENY
Software Developer,IT,Employee,Admin Panel,1,0,4,1,0,0,0,365,1,DENY
Finance Analyst,IT,Intern,Admin Panel,1,0,4,1,0,0,1,365,0,DENY
HR Specialist,HR,Intern,Development Server,0,1,2,0,1,0,1,30,0,DENY
DevOps Engineer,Finance,Employee,Project Management System,1,1,1,0,1,0,0,180,0,ALLOW
HR Specialist,Finance,Contractor,Finance System,1,1,3,1,0,1,0,30,0,REVIEW
System Administrator,Product,Employee,HR Database,0,1,3,1,1,0,0,14,0,DENY
HR Specialist,IT,Contractor,Production Database,1,0,4,1,1,1,0,14,1,DENY
System Administrator,HR,Contractor,Finance System,0,1,3,0,1,1,0,60,0,DENY
System Administrator,IT,Employee,GitHub Project Alpha,0,1,1,0,1,0,0,60,0,DENY
HR Specialist,Product,Intern,Project Management System,1,1,1,0,0,0,1,60,0,REVIEW
DevOps Engineer,Engineering,Employee,HR Database,0,1,3,0,0,0,0,90,0,DENY
Finance Analyst,Finance,Employee,HR Database,0,1,3,1,0,0,0,365,1,DENY
QA Engineer,HR,Contractor,Project Management System,1,1,1,0,1,1,0,365,0,ALLOW
System Administrator,Product,Intern,Admin Panel,0,1,4,1,1,0,1,7,0,DENY
Finance Analyst,HR,Employee,HR Database,1,1,3,1,0,0,0,14,0,REVIEW
Finance Analyst,Engineering,Contractor,Project Management System,1,1,1,0,0,1,0,14,0,ALLOW
DevOps Engineer,Product,Intern,Finance System,0,1,3,1,0,0,1,365,1,DENY
Product Manager,Finance,Intern,Production Database,0,0,4,1,0,0,1,7,0,DENY
System Administrator,Finance,Contractor,Development Server,0,1,2,0,0,1,0,60,0,DENY
Product Manager,Product,Intern,Project Management System,1,1,1,0,1,0,1,180,0,ALLOW
HR Specialist,HR,Contractor,Development Server,0,1,2,1,1,1,0,90,0,DENY
Product Manager,HR,Intern,Development Server,0,1,2,0,0,0,1,365,1,DENY
HR Specialist,Engineering,Contractor,HR Database,0,1,3,1,0,1,0,60,1,DENY
System Administrator,Engineering,Employee,Admin Panel,0,1,4,1,1,0,0,30,1,DENY
HR Specialist,HR,Employee,Project Management System,1,1,1,1,0,0,0,14,0,ALLOW
System Administrator,IT,Contractor,Admin Panel,1,1,4,0,1,1,0,180,0,REVIEW
Product Manager,IT,Intern,Development Server,0,1,2,1,1,0,1,30,0,DENY
Contractor,Finance,Employee,Finance System,1,1,3,1,0,0,0,7,0,REVIEW
Software Developer,Engineering,Employee,Finance System,0,1,3,1,1,0,0,365,0,DENY
Product Manager,Engineering,Contractor,Project Management System,1,1,1,1,1,1,0,60,0,ALLOW
DevOps Engineer,HR,Contractor,Production Database,0,1,4,1,1,1,0,90,1,DENY
HR Specialist,HR,Contractor,Finance System,0,1,3,0,0,1,0,90,0,DENY
QA Engineer,Finance,Contractor,HR Database,0,1,3,0,0,1,0,60,0,DENY
QA Engineer,HR,Intern,Finance System,0,1,3,0,1,0,1,7,1,DENY
Product Manager,Engineering,Contractor,Development Server,1,1,2,1,0,1,0,30,0,REVIEW
HR Specialist,IT,Intern,Finance System,0,1,3,1,1,0,1,365,0,DENY
QA Engineer,IT,Employee,Admin Panel,1,0,4,0,1,0,0,30,1,DENY
HR Specialist,Finance,Employee,Admin Panel,0,0,4,0,1,0,0,180,0,DENY
DevOps Engineer,IT,Employee,Finance System,0,1,3,0,0,0,0,90,0,DENY
Contractor,HR,Intern,Admin Panel,0,0,4,0,1,0,1,90,0,DENY
System Administrator,Engineering,Contractor,Development Server,1,1,2,0,1,1,0,30,0,ALLOW
Software Developer,Engineering,Intern,Development Server,1,1,2,0,1,0,1,30,0,ALLOW
System Administrator,Engineering,Intern,Finance System,0,1,3,0,1,0,1,365,1,DENY
Product Manager,Product,Contractor,Project Management System,1,1,1,0,1,1,0,60,0,ALLOW
DevOps Engineer,Product,Intern,Production Database,0,1,4,0,1,0,1,60,0,DENY
DevOps Engineer,IT,Intern,Admin Panel,1,0,4,1,0,0,1,30,0,DENY
QA Engineer,HR,Intern,GitHub Project Alpha,0,1,1,1,1,0,1,7,0,DENY
Finance Analyst,HR,Employee,HR Database,1,1,3,0,1,0,0,60,1,ALLOW
Finance Analyst,HR,Intern,GitHub Project Alpha,0,1,1,1,0,0,1,7,0,DENY
DevOps Engineer,Finance,Employee,HR Database,0,1,3,0,1,0,0,7,1,DENY
QA Engineer,Engineering,Contractor,Production Database,1,0,4,1,1,1,0,180,0,DENY
Contractor,Engineering,Employee,Admin Panel,0,0,4,1,1,0,0,180,1,DENY
DevOps Engineer,HR,Intern,HR Database,1,1,3,0,1,0,1,60,0,REVIEW
HR Specialist,IT,Employee,Admin Panel,1,0,4,0,1,0,0,60,0,DENY
System Administrator,Engineering,Contractor,Development Server,1,1,2,1,0,1,0,60,1,ALLOW
Product Manager,Product,Employee,GitHub Project Alpha,1,1,1,1,1,0,0,180,0,ALLOW
HR Specialist,HR,Contractor,Production Database,0,0,4,1,1,1,0,180,0,DENY
System Administrator,IT,Employee,Finance System,0,1,3,1,1,0,0,365,0,DENY
HR Specialist,Engineering,Employee,Project Management System,1,1,1,1,0,0,0,90,1,ALLOW
QA Engineer,HR,Contractor,GitHub Project Alpha,0,1,1,1,0,1,0,14,0,DENY
DevOps Engineer,IT,Contractor,Production Database,1,1,4,1,0,1,0,365,0,REVIEW
HR Specialist,Finance,Contractor,Project Management System,1,1,1,0,0,1,0,180,1,ALLOW
DevOps Engineer,HR,Intern,Finance System,0,1,3,0,1,0,1,30,1,DENY
Finance Analyst,IT,Contractor,Development Server,0,1,2,1,1,1,0,90,0,DENY
Contractor,IT,Contractor,Finance System,0,1,3,1,1,1,0,14,0,DENY
DevOps Engineer,Engineering,Contractor,Admin Panel,0,0,4,1,1,1,0,7,0,DENY
QA Engineer,Finance,Employee,Development Server,0,1,2,0,0,0,0,60,0,DENY
Finance Analyst,HR,Intern,Development Server,0,1,2,1,1,0,1,180,0,DENY
Software Developer,Engineering,Contractor,Admin Panel,0,0,4,0,0,1,0,7,0,DENY
Contractor,Product,Employee,Project Management System,1,1,1,1,0,0,0,365,1,ALLOW
System Administrator,Finance,Contractor,Development Server,0,1,2,1,0,1,0,30,0,DENY
Finance Analyst,Finance,Employee,Production Database,0,0,4,1,0,0,0,30,0,DENY
Software Developer,Engineering,Intern,Finance System,0,1,3,1,0,0,1,7,1,DENY
DevOps Engineer,HR,Contractor,Project Management System,1,1,1,1,1,1,0,365,1,ALLOW
Finance Analyst,HR,Contractor,Finance System,0,1,3,1,0,1,0,365,1,DENY
DevOps Engineer,Finance,Intern,Project Management System,1,1,1,1,0,0,1,7,0,REVIEW
Contractor,IT,Intern,Production Database,1,0,4,0,1,0,1,7,1,DENY
Contractor,Product,Contractor,GitHub Project Alpha,1,1,1,0,1,1,0,60,1,ALLOW
Product Manager,IT,Employee,Admin Panel,1,0,4,0,1,0,0,14,1,DENY
System Administrator,Finance,Employee,Project Management System,1,1,1,0,0,0,0,180,1,ALLOW
HR Specialist,IT,Intern,Project Management System,1,1,1,1,1,0,1,90,0,ALLOW
Product Manager,Finance,Employee,Development Server,0,1,2,0,1,0,0,30,0,DENY
System Administrator,IT,Contractor,GitHub Project Alpha,0,1,1,0,1,1,0,90,1,DENY
HR Specialist,Finance,Intern,Admin Panel,0,0,4,1,0,0,1,365,0,DENY
System Administrator,Finance,Employee,Project Management System,1,1,1,1,1,0,0,90,0,ALLOW
System Administrator,HR,Intern,Admin Panel,0,1,4,0,1,0,1,14,0,DENY
DevOps Engineer,HR,Contractor,Admin Panel,0,0,4,0,1,1,0,14,0,DENY
Software Developer,IT,Employee,GitHub Project Alpha,0,1,1,1,1,0,0,365,0,DENY
DevOps Engineer,IT,Contractor,Finance System,0,1,3,1,1,1,0,365,0,DENY
Finance Analyst,HR,Intern,Admin Panel,0,0,4,0,0,0,1,60,0,DENY
Contractor,Finance,Employee,GitHub Project Alpha,0,1,1,0,1,0,0,60,0,DENY
Software Developer,HR,Contractor,Development Server,0,1,2,1,0,1,0,60,0,DENY
Product Manager,IT,Employee,Production Database,1,0,4,1,1,0,0,365,0,DENY
Contractor,HR,Intern,Production Database,0,0,4,0,1,0,1,60,0,DENY
Finance Analyst,Finance,Contractor,Finance System,1,1,3,0,0,1,0,7,1,ALLOW
Software Developer,HR,Employee,HR Database,1,1,3,1,1,0,0,365,0,ALLOW
QA Engineer,Product,Intern,HR Database,0,1,3,1,0,0,1,7,1,DENY
Product Manager,Engineering,Intern,HR Database,0,1,3,0,0,0,1,14,0,DENY
Finance Analyst,Finance,Contractor,GitHub Project Alpha,0,1,1,1,1,1,0,180,1,DENY
HR Specialist,HR,Employee,Production Database,0,0,4,1,1,0,0,60,0,DENY
Finance Analyst,HR,Contractor,Development Server,0,1,2,1,1,1,0,180,0,DENY
Software Developer,Finance,Employee,Finance System,1,1,3,1,0,0,0,90,0,REVIEW
Product Manager,HR,Intern,Project Management System,1,1,1,1,0,0,1,7,0,REVIEW
Contractor,Finance,Contractor,GitHub Project Alpha,0,1,1,0,1,1,0,90,0,DENY
Finance Analyst,Engineering,Intern,Admin Panel,0,0,4,0,0,0,1,90,1,DENY
System Administrator,IT,Intern,Admin Panel,1,1,4,0,1,0,1,14,1,REVIEW
System Administrator,IT,Intern,HR Database,0,1,3,1,0,0,1,60,0,DENY
DevOps Engineer,Product,Contractor,Production Database,0,1,4,1,1,1,0,90,1,DENY
Product Manager,Engineering,Contractor,Project Management System,1,1,1,1,1,1,0,365,0,ALLOW
QA Engineer,Product,Intern,GitHub Project Alpha,1,1,1,0,0,0,1,60,0,REVIEW
System Administrator,Engineering,Intern,Project Management System,1,1,1,0,0,0,1,90,1,REVIEW
Contractor,Engineering,Intern,Production Database,1,0,4,0,1,0,1,30,0,DENY
Finance Analyst,IT,Employee,Development Server,0,1,2,1,1,0,0,30,0,DENY
Finance Analyst,Product,Intern,Admin Panel,0,0,4,0,1,0,1,7,1,DENY
Software Developer,IT,Contractor,Production Database,1,0,4,1,1,1,0,365,1,DENY
HR Specialist,HR,Intern,Finance System,0,1,3,0,1,0,1,14,1,DENY
Software Developer,Engineering,Contractor,Development Server,1,1,2,1,0,1,0,7,0,REVIEW
Software Developer,Engineering,Contractor,Finance System,0,1,3,1,1,1,0,7,1,DENY
Finance Analyst,Product,Employee,HR Database,0,1,3,1,1,0,0,180,0,DENY
Finance Analyst,Product,Intern,Admin Panel,0,0,4,0,0,0,1,14,0,DENY
Product Manager,IT,Employee,Development Server,0,1,2,0,1,0,0,180,0,DENY
Contractor,HR,Intern,Production Database,0,0,4,0,0,0,1,180,0,DENY
System Administrator,HR,Contractor,Admin Panel,0,1,4,0,0,1,0,30,1,DENY
Software Developer,Engineering,Intern,Production Database,1,0,4,0,0,0,1,30,0,DENY
HR Specialist,Product,Employee,Project Management System,1,1,1,0,1,0,0,30,0,ALLOW
Product Manager,Product,Contractor,Development Server,0,1,2,0,1,1,0,60,1,DENY
HR Specialist,Product,Contractor,Project Management System,1,1,1,0,0,1,0,365,0,ALLOW
HR Specialist,Product,Employee,Admin Panel,0,0,4,0,1,0,0,14,0,DENY
Finance Analyst,IT,Contractor,Finance System,0,1,3,1,1,1,0,30,0,DENY
DevOps Engineer,IT,Employee,HR Database,0,1,3,1,0,0,0,7,0,DENY
QA Engineer,Product,Employee,Admin Panel,0,0,4,0,0,0,0,90,0,DENY
System Administrator,HR,Intern,Admin Panel,0,1,4,0,1,0,1,30,0,DENY
Finance Analyst,IT,Employee,Development Server,0,1,2,0,0,0,0,14,0,DENY
Contractor,IT,Employee,GitHub Project Alpha,0,1,1,0,1,0,0,30,0,DENY
Finance Analyst,HR,Employee,Production Database,0,0,4,0,0,0,0,365,0,DENY
Software Developer,Engineering,Contractor,GitHub Project Alpha,1,1,1,1,0,1,0,365,1,ALLOW
Product Manager,Finance,Intern,Finance System,1,1,3,1,1,0,1,14,1,REVIEW
HR Specialist,Finance,Intern,Admin Panel,0,0,4,1,1,0,1,90,0,DENY
DevOps Engineer,Engineering,Contractor,Development Server,1,1,2,1,0,1,0,180,1,ALLOW
Finance Analyst,IT,Employee,GitHub Project Alpha,0,1,1,1,0,0,0,60,0,DENY
DevOps Engineer,Product,Contractor,GitHub Project Alpha,1,1,1,0,0,1,0,30,0,ALLOW
DevOps Engineer,Engineering,Intern,Finance System,0,1,3,1,1,0,1,365,1,DENY
QA Engineer,Product,Contractor,Project Management System,1,1,1,1,0,1,0,30,0,ALLOW
HR Specialist,IT,Employee,Admin Panel,1,0,4,1,1,0,0,365,0,DENY
Contractor,Finance,Employee,Admin Panel,0,0,4,0,1,0,0,90,0,DENY
Finance Analyst,IT,Contractor,Admin Panel,1,0,4,1,0,1,0,365,0,DENY
HR Specialist,IT,Employee,Development Server,0,1,2,1,1,0,0,60,1,DENY
Contractor,Finance,Contractor,Finance System,1,1,3,0,0,1,0,180,0,REVIEW
QA Engineer,Engineering,Employee,Admin Panel,0,0,4,0,0,0,0,90,1,DENY
Finance Analyst,Engineering,Contractor,Development Server,1,1,2,1,0,1,0,60,0,REVIEW
Finance Analyst,Product,Contractor,Finance System,0,1,3,1,0,1,0,30,1,DENY
Finance Analyst,Finance,Intern,Admin Panel,0,0,4,1,0,0,1,30,0,DENY
Contractor,Finance,Contractor,Project Management System,1,1,1,0,1,1,0,180,1,ALLOW
Finance Analyst,Product,Contractor,GitHub Project Alpha,1,1,1,1,0,1,0,180,0,ALLOW
Finance Analyst,IT,Intern,GitHub Project Alpha,0,1,1,1,0,0,1,14,0,DENY
HR Specialist,IT,Employee,GitHub Project Alpha,0,1,1,0,1,0,0,30,0,DENY
DevOps Engineer,Product,Contractor,Production Database,0,1,4,0,1,1,0,14,0,DENY
Product Manager,Finance,Intern,Finance System,1,1,3,1,1,0,1,7,0,REVIEW
Product Manager,IT,Intern,Development Server,0,1,2,1,1,0,1,30,1,DENY
System Administrator,Product,Intern,HR Database,0,1,3,1,1,0,1,60,0,DENY
QA Engineer,Product,Employee,Admin Panel,0,0,4,0,0,0,0,60,0,DENY
HR Specialist,Engineering,Employee,GitHub Project Alpha,1,1,1,1,1,0,0,90,0,ALLOW
QA Engineer,IT,Intern,Project Management System,1,1,1,1,1,0,1,60,0,ALLOW
Software Developer,Finance,Employee,GitHub Project Alpha,0,1,1,1,1,0,0,365,1,DENY
System Administrator,Engineering,Intern,Project Management System,1,1,1,0,0,0,1,180,0,REVIEW
HR Specialist,Product,Intern,Development Server,0,1,2,0,1,0,1,30,1,DENY
DevOps Engineer,IT,Contractor,Admin Panel,1,0,4,0,1,1,0,7,1,DENY
QA Engineer,Product,Contractor,Production Database,0,0,4,0,0,1,0,90,0,DENY
System Administrator,Finance,Contractor,Admin Panel,0,1,4,1,0,1,0,90,0,DENY
Software Developer,Engineering,Intern,Development Server,1,1,2,1,0,0,1,365,0,REVIEW
HR Specialist,HR,Employee,GitHub Project Alpha,0,1,1,0,0,0,0,180,0,DENY
HR Specialist,Product,Intern,Admin Panel,0,0,4,0,1,0,1,90,1,DENY
Contractor,Product,Intern,Development Server,0,1,2,1,1,0,1,7,0,DENY
QA Engineer,Product,Intern,HR Database,0,1,3,1,1,0,1,14,0,DENY
Contractor,Engineering,Contractor,Production Database,1,0,4,1,0,1,0,7,1,DENY
Contractor,Engineering,Employee,Development Server,1,1,2,1,1,0,0,365,0,ALLOW
System Administrator,IT,Intern,Development Server,0,1,2,0,1,0,1,30,1,DENY
HR Specialist,Product,Contractor,Production Database,0,0,4,1,1,1,0,180,1,DENY
System Administrator,HR,Employee,Admin Panel,0,1,4,1,1,0,0,30,0,DENY
System Administrator,Finance,Employee,HR Database,0,1,3,0,0,0,0,30,0,DENY
System Administrator,Product,Intern,Finance System,0,1,3,0,1,0,1,180,1,DENY
System Administrator,Product,Employee,Finance System,0,1,3,0,1,0,0,14,0,DENY
DevOps Engineer,Finance,Intern,Project Management System,1,1,1,0,0,0,1,14,0,REVIEW
Contractor,Finance,Employee,Finance System,1,1,3,0,1,0,0,90,1,ALLOW
QA Engineer,HR,Contractor,Project Management System,1,1,1,0,1,1,0,90,1,ALLOW
System Administrator,Product,Employee,HR Database,0,1,3,1,0,0,0,60,1,DENY
QA Engineer,HR,Contractor,GitHub Project Alpha,0,1,1,0,1,1,0,14,1,DENY
System Administrator,Engineering,Intern,Finance System,0,1,3,1,1,0,1,90,1,DENY
Finance Analyst,Product,Contractor,GitHub Project Alpha,1,1,1,0,1,1,0,60,0,ALLOW
Contractor,HR,Intern,Finance System,0,1,3,0,0,0,1,365,1,DENY
QA Engineer,Engineering,Contractor,Admin Panel,0,0,4,0,1,1,0,14,1,DENY
Software Developer,HR,Employee,GitHub Project Alpha,0,1,1,1,0,0,0,7,1,DENY
System Administrator,IT,Contractor,Production Database,1,1,4,1,1,1,0,30,0,REVIEW
Software Developer,Engineering,Employee,HR Database,0,1,3,0,1,0,0,14,0,DENY
Software Developer,IT,Employee,Project Management System,1,1,1,0,0,0,0,90,0,ALLOW
QA Engineer,HR,Employee,Development Server,0,1,2,1,0,0,0,14,0,DENY
Finance Analyst,Engineering,Intern,HR Database,0,1,3,0,0,0,1,90,0,DENY
System Administrator,Finance,Employee,Project Management System,1,1,1,0,1,0,0,60,0,ALLOW
QA Engineer,HR,Contractor,Production Database,0,0,4,1,1,1,0,60,0,DENY
HR Specialist,HR,Contractor,Admin Panel,0,0,4,0,0,1,0,60,0,DENY
QA Engineer,IT,Employee,Project Management System,1,1,1,0,0,0,0,180,1,ALLOW
HR Specialist,Finance,Contractor,Development Server,0,1,2,0,0,1,0,90,1,DENY
Software Developer,HR,Intern,GitHub Project Alpha,0,1,1,1,1,0,1,90,0,DENY
System Administrator,IT,Intern,HR Database,0,1,3,0,1,0,1,90,0,DENY
Product Manager,Finance,Intern,GitHub Project Alpha,0,1,1,0,0,0,1,30,0,DENY
DevOps Engineer,Engineering,Contractor,Production Database,1,1,4,0,0,1,0,60,1,REVIEW
QA Engineer,Product,Employee,HR Database,0,1,3,1,1,0,0,60,1,DENY
Product Manager,HR,Employee,HR Database,1,1,3,0,0,0,0,60,0,REVIEW
Product Manager,Product,Employee,Project Management System,1,1,1,1,1,0,0,90,0,ALLOW
Product Manager,Engineering,Intern,Project Management System,1,1,1,1,0,0,1,7,0,REVIEW
Software Developer,Finance,Contractor,Finance System,1,1,3,0,1,1,0,30,0,REVIEW
DevOps Engineer,HR,Intern,Project Management System,1,1,1,0,0,0,1,7,1,REVIEW
QA Engineer,Finance,Intern,Development Server,0,1,2,1,0,0,1,90,0,DENY
System Administrator,HR,Employee,GitHub Project Alpha,0,1,1,0,0,0,0,180,0,DENY
Software Developer,IT,Employee,Production Database,1,0,4,1,0,0,0,14,1,DENY
QA Engineer,HR,Intern,Development Server,0,1,2,0,1,0,1,60,0,DENY
DevOps Engineer,IT,Contractor,Finance System,0,1,3,0,0,1,0,90,0,DENY
DevOps Engineer,IT,Employee,GitHub Project Alpha,0,1,1,0,1,0,0,365,1,DENY
DevOps Engineer,IT,Contractor,HR Database,0,1,3,0,1,1,0,14,1,DENY
System Administrator,Finance,Employee,GitHub Project Alpha,0,1,1,1,1,0,0,180,1,DENY
Software Developer,Engineering,Contractor,GitHub Project Alpha,1,1,1,1,1,1,0,365,0,ALLOW
QA Engineer,HR,Intern,GitHub Project Alpha,0,1,1,0,1,0,1,365,0,DENY
QA Engineer,Engineering,Employee,GitHub Project Alpha,1,1,1,0,0,0,0,7,0,ALLOW
Finance Analyst,Finance,Intern,Finance System,1,1,3,0,1,0,1,365,0,REVIEW
DevOps Engineer,Finance,Contractor,Production Database,0,1,4,0,1,1,0,60,0,DENY
Contractor,HR,Intern,Project Management System,1,1,1,0,0,0,1,60,0,REVIEW
QA Engineer,HR,Contractor,HR Database,1,1,3,1,0,1,0,365,0,REVIEW
QA Engineer,Engineering,Contractor,Admin Panel,0,0,4,0,1,1,0,365,0,DENY
HR Specialist,IT,Contractor,Finance System,0,1,3,1,1,1,0,14,1,DENY
Software Developer,Finance,Intern,Production Database,0,0,4,1,1,0,1,14,0,DENY
Software Developer,HR,Employee,HR Database,1,1,3,0,1,0,0,90,1,ALLOW
HR Specialist,Product,Contractor,Production Database,0,0,4,0,1,1,0,14,0,DENY
DevOps Engineer,HR,Intern,Project Management System,1,1,1,0,1,0,1,30,1,ALLOW
DevOps Engineer,HR,Employee,Finance System,0,1,3,0,1,0,0,365,0,DENY
System Administrator,IT,Contractor,Production Database,1,1,4,0,1,1,0,180,1,REVIEW
HR Specialist,IT,Contractor,Production Database,1,0,4,0,1,1,0,60,0,DENY
DevOps Engineer,Engineering,Employee,Project Management System,1,1,1,1,1,0,0,14,0,ALLOW
QA Engineer,Engineering,Contractor,GitHub Project Alpha,1,1,1,0,1,1,0,60,0,ALLOW
Software Developer,HR,Employee,Admin Panel,0,0,4,0,1,0,0,7,0,DENY
QA Engineer,HR,Contractor,Finance System,0,1,3,0,0,1,0,180,0,DENY
System Administrator,Engineering,Contractor,Admin Panel,0,1,4,1,1,1,0,7,0,DENY
Product Manager,Engineering,Contractor,HR Database,0,1,3,1,1,1,0,90,0,DENY
Software Developer,Finance,Intern,Project Management System,1,1,1,0,1,0,1,60,1,ALLOW
Contractor,IT,Intern,HR Database,0,1,3,0,1,0,1,60,1,DENY
DevOps Engineer,HR,Employee,Project Management System,1,1,1,1,0,0,0,14,0,ALLOW
QA Engineer,Product,Intern,Production Database,0,0,4,0,1,0,1,7,0,DENY
QA Engineer,Engineering,Intern,Finance System,0,1,3,0,1,0,1,180,0,DENY
Software Developer,Product,Intern,Project Management System,1,1,1,0,1,0,1,365,1,ALLOW
Contractor,Finance,Intern,GitHub Project Alpha,0,1,1,0,0,0,1,365,0,DENY
HR Specialist,HR,Employee,Project Management System,1,1,1,1,1,0,0,180,0,ALLOW
Contractor,Engineering,Employee,Development Server,1,1,2,1,0,0,0,30,1,ALLOW
QA Engineer,Finance,Intern,Project Management System,1,1,1,0,1,0,1,7,0,ALLOW
DevOps Engineer,HR,Intern,GitHub Project Alpha,0,1,1,1,1,0,1,90,0,DENY
Contractor,Finance,Contractor,Production Database,0,0,4,0,1,1,0,365,0,DENY
DevOps Engineer,Product,Contractor,Development Server,0,1,2,0,0,1,0,7,1,DENY
System Administrator,HR,Intern,Admin Panel,0,1,4,1,1,0,1,180,0,DENY
Product Manager,Finance,Contractor,Project Management System,1,1,1,0,0,1,0,60,1,ALLOW
Product Manager,Product,Employee,Project Management System,1,1,1,1,0,0,0,7,0,ALLOW
System Administrator,HR,Employee,Project Management System,1,1,1,0,1,0,0,180,0,ALLOW
QA Engineer,Engineering,Intern,GitHub Project Alpha,1,1,1,1,1,0,1,60,0,ALLOW
Product Manager,HR,Contractor,HR Database,1,1,3,1,1,1,0,60,0,ALLOW
Product Manager,Finance,Intern,GitHub Project Alpha,0,1,1,0,0,0,1,180,0,DENY
DevOps Engineer,Product,Intern,Project Management System,1,1,1,0,1,0,1,90,0,ALLOW
QA Engineer,HR,Contractor,Development Server,0,1,2,0,0,1,0,180,0,DENY
QA Engineer,Engineering,Employee,HR Database,0,1,3,1,0,0,0,30,0,DENY
Contractor,Finance,Employee,Project Management System,1,1,1,1,1,0,0,60,1,ALLOW
Contractor,Product,Employee,GitHub Project Alpha,1,1,1,0,0,0,0,180,0,ALLOW
Finance Analyst,Product,Employee,Production Database,0,0,4,0,0,0,0,180,0,DENY
Finance Analyst,Product,Employee,GitHub Project Alpha,1,1,1,0,1,0,0,7,0,ALLOW
DevOps Engineer,IT,Intern,GitHub Project Alpha,0,1,1,0,1,0,1,14,1,DENY
Product Manager,HR,Contractor,GitHub Project Alpha,0,1,1,1,1,1,0,180,0,DENY
Product Manager,HR,Intern,HR Database,1,1,3,0,0,0,1,60,0,REVIEW
System Administrator,Engineering,Intern,HR Database,0,1,3,1,1,0,1,7,1,DENY
System Administrator,Product,Contractor,GitHub Project Alpha,1,1,1,0,0,1,0,60,0,ALLOW
DevOps Engineer,Engineering,Employee,Admin Panel,0,0,4,1,1,0,0,30,1,DENY
DevOps Engineer,Finance,Contractor,Finance System,1,1,3,0,1,1,0,60,1,ALLOW
Contractor,HR,Contractor,Development Server,0,1,2,1,0,1,0,14,0,DENY
HR Specialist,IT,Contractor,HR Database,0,1,3,0,0,1,0,14,0,DENY
DevOps Engineer,HR,Contractor,Development Server,0,1,2,0,0,1,0,60,0,DENY
HR Specialist,Finance,Contractor,HR Database,0,1,3,1,1,1,0,180,0,DENY
System Administrator,Product,Intern,Development Server,0,1,2,0,0,0,1,60,1,DENY
Product Manager,HR,Intern,Production Database,0,0,4,1,0,0,1,180,0,DENY
Finance Analyst,Engineering,Intern,Project Management System,1,1,1,1,0,0,1,30,0,REVIEW
DevOps Engineer,Finance,Contractor,Production Database,0,1,4,0,1,1,0,14,0,DENY
QA Engineer,Product,Intern,Project Management System,1,1,1,0,1,0,1,365,1,ALLOW
Finance Analyst,HR,Intern,HR Database,1,1,3,1,0,0,1,14,0,REVIEW
Contractor,Finance,Employee,GitHub Project Alpha,0,1,1,1,1,0,0,365,0,DENY
DevOps Engineer,Finance,Contractor,Project Management System,1,1,1,0,1,1,0,365,1,ALLOW
Product Manager,HR,Contractor,Development Server,0,1,2,0,0,1,0,60,0,DENY
Software Developer,Engineering,Contractor,Project Management System,1,1,1,1,1,1,0,365,1,ALLOW
Contractor,Product,Employee,Finance System,0,1,3,1,1,0,0,180,0,DENY
HR Specialist,Engineering,Contractor,GitHub Project Alpha,1,1,1,1,1,1,0,365,0,ALLOW
Finance Analyst,IT,Contractor,Finance System,0,1,3,0,0,1,0,7,0,DENY
HR Specialist,Finance,Contractor,Admin Panel,0,0,4,1,0,1,0,30,0,DENY
HR Specialist,Product,Contractor,Finance System,0,1,3,0,0,1,0,365,0,DENY
Finance Analyst,Product,Intern,Production Database,0,0,4,0,1,0,1,14,1,DENY
Contractor,Product,Employee,Finance System,0,1,3,1,0,0,0,180,0,DENY
DevOps Engineer,HR,Intern,Admin Panel,0,0,4,0,0,0,1,180,0,DENY
Finance Analyst,Engineering,Employee,Project Management System,1,1,1,1,1,0,0,30,0,ALLOW
System Administrator,Finance,Employee,Finance System,1,1,3,0,1,0,0,14,1,ALLOW
DevOps Engineer,Finance,Intern,Admin Panel,0,0,4,0,1,0,1,30,0,DENY
Product Manager,Finance,Employee,GitHub Project Alpha,0,1,1,0,0,0,0,30,1,DENY
Contractor,Finance,Employee,Development Server,0,1,2,0,1,0,0,365,0,DENY
Finance Analyst,Engineering,Intern,Development Server,1,1,2,0,1,0,1,180,1,ALLOW
Product Manager,HR,Intern,Production Database,0,0,4,0,0,0,1,60,1,DENY
System Administrator,Finance,Intern,Admin Panel,0,1,4,0,1,0,1,90,0,DENY
Contractor,Engineering,Intern,Finance System,0,1,3,0,0,0,1,7,1,DENY
HR Specialist,Engineering,Intern,Production Database,1,0,4,0,1,0,1,7,0,DENY
Contractor,IT,Contractor,Project Management System,1,1,1,0,0,1,0,180,0,ALLOW
System Administrator,HR,Employee,GitHub Project Alpha,0,1,1,0,0,0,0,90,0,DENY
System Administrator,Engineering,Intern,Finance System,0,1,3,0,0,0,1,365,0,DENY
Product Manager,HR,Employee,Finance System,0,1,3,0,1,0,0,30,1,DENY
Product Manager,Product,Contractor,Production Database,0,0,4,0,0,1,0,60,0,DENY
System Administrator,HR,Employee,HR Database,1,1,3,1,0,0,0,365,0,REVIEW
DevOps Engineer,Product,Contractor,Production Database,0,1,4,1,1,1,0,90,0,DENY
QA Engineer,Product,Employee,GitHub Project Alpha,1,1,1,1,1,0,0,7,0,ALLOW
HR Specialist,Product,Intern,GitHub Project Alpha,1,1,1,0,1,0,1,90,0,ALLOW
DevOps Engineer,IT,Employee,Development Server,0,1,2,0,1,0,0,365,1,DENY
Product Manager,Finance,Intern,Admin Panel,0,0,4,0,0,0,1,14,1,DENY
Product Manager,Finance,Intern,HR Database,0,1,3,0,1,0,1,60,1,DENY
QA Engineer,Engineering,Contractor,GitHub Project Alpha,1,1,1,0,0,1,0,90,1,ALLOW
Finance Analyst,Engineering,Contractor,Production Database,1,0,4,1,1,1,0,180,0,DENY
QA Engineer,Product,Contractor,Production Database,0,0,4,1,1,1,0,7,0,DENY
Finance Analyst,Engineering,Contractor,Production Database,1,0,4,1,0,1,0,30,1,DENY
HR Specialist,Product,Employee,Admin Panel,0,0,4,0,0,0,0,14,0,DENY
Product Manager,Finance,Intern,Development Server,0,1,2,1,1,0,1,7,1,DENY
System Administrator,Finance,Contractor,Development Server,0,1,2,0,1,1,0,30,0,DENY
Software Developer,Engineering,Contractor,GitHub Project Alpha,1,1,1,0,0,1,0,365,1,ALLOW
Contractor,Product,Contractor,Admin Panel,0,0,4,1,0,1,0,365,0,DENY
HR Specialist,Engineering,Intern,GitHub Project Alpha,1,1,1,1,0,0,1,30,0,REVIEW
DevOps Engineer,Finance,Intern,Admin Panel,0,0,4,1,1,0,1,180,0,DENY
Finance Analyst,Engineering,Employee,Finance System,0,1,3,1,1,0,0,7,0,DENY
HR Specialist,Engineering,Employee,Finance System,0,1,3,0,1,0,0,365,0,DENY
Product Manager,HR,Employee,Admin Panel,0,0,4,1,1,0,0,30,0,DENY
DevOps Engineer,Product,Employee,GitHub Project Alpha,1,1,1,0,1,0,0,90,0,ALLOW
DevOps Engineer,Product,Intern,Admin Panel,0,0,4,0,0,0,1,365,0,DENY
Software Developer,IT,Intern,Finance System,0,1,3,1,0,0,1,7,0,DENY
QA Engineer,IT,Contractor,Admin Panel,1,0,4,1,0,1,0,7,0,DENY
HR Specialist,Finance,Contractor,Finance System,1,1,3,0,0,1,0,180,0,REVIEW
Contractor,IT,Contractor,Project Management System,1,1,1,0,0,1,0,180,1,ALLOW
DevOps Engineer,Engineering,Intern,HR Database,0,1,3,1,0,0,1,7,0,DENY
System Administrator,HR,Contractor,Finance System,0,1,3,1,0,1,0,14,0,DENY
DevOps Engineer,HR,Employee,Finance System,0,1,3,0,0,0,0,365,0,DENY
DevOps Engineer,Product,Employee,Admin Panel,0,0,4,0,0,0,0,14,0,DENY
Contractor,Engineering,Intern,HR Database,0,1,3,0,0,0,1,365,0,DENY
QA Engineer,Engineering,Contractor,GitHub Project Alpha,1,1,1,0,1,1,0,30,0,ALLOW
DevOps Engineer,Product,Employee,GitHub Project Alpha,1,1,1,1,0,0,0,90,0,ALLOW
Contractor,IT,Employee,Development Server,0,1,2,1,0,0,0,180,0,DENY
Product Manager,Finance,Contractor,GitHub Project Alpha,0,1,1,1,1,1,0,14,0,DENY
DevOps Engineer,Finance,Intern,Project Management System,1,1,1,1,1,0,1,60,0,ALLOW
Finance Analyst,IT,Contractor,Admin Panel,1,0,4,0,1,1,0,180,0,DENY
Product Manager,Product,Contractor,Finance System,0,1,3,0,0,1,0,7,1,DENY
QA Engineer,Engineering,Employee,Project Management System,1,1,1,1,1,0,0,180,0,ALLOW
Finance Analyst,HR,Contractor,Finance System,0,1,3,0,0,1,0,7,0,DENY
Software Developer,HR,Intern,HR Database,1,1,3,0,0,0,1,90,1,REVIEW
QA Engineer,HR,Intern,Finance System,0,1,3,0,0,0,1,60,0,DENY
Contractor,IT,Employee,Finance System,0,1,3,0,0,0,0,365,0,DENY
System Administrator,Finance,Intern,GitHub Project Alpha,0,1,1,1,1,0,1,7,1,DENY
Software Developer,Engineering,Contractor,Development Server,1,1,2,1,0,1,0,60,1,ALLOW
System Administrator,Finance,Employee,Development Server,0,1,2,0,1,0,0,14,1,DENY
Contractor,Engineering,Employee,GitHub Project Alpha,1,1,1,0,1,0,0,7,0,ALLOW
Finance Analyst,Product,Contractor,Finance System,0,1,3,0,1,1,0,60,0,DENY
DevOps Engineer,IT,Employee,Admin Panel,1,0,4,1,0,0,0,14,1,DENY
System Administrator,Engineering,Employee,Finance System,0,1,3,1,0,0,0,30,0,DENY
DevOps Engineer,IT,Contractor,Development Server,0,1,2,0,1,1,0,365,0,DENY
Software Developer,Finance,Employee,Finance System,1,1,3,1,1,0,0,180,1,ALLOW
Software Developer,Product,Employee,Admin Panel,0,0,4,0,1,0,0,14,1,DENY
HR Specialist,Finance,Intern,HR Database,0,1,3,0,0,0,1,60,1,DENY
Product Manager,HR,Employee,GitHub Project Alpha,0,1,1,1,1,0,0,7,0,DENY
Software Developer,Finance,Intern,Development Server,0,1,2,1,0,0,1,90,0,DENY
DevOps Engineer,Product,Employee,Production Database,0,1,4,1,0,0,0,90,0,DENY
QA Engineer,IT,Intern,GitHub Project Alpha,0,1,1,1,0,0,1,14,0,DENY
Finance Analyst,Finance,Contractor,Production Database,0,0,4,1,1,1,0,30,0,DENY
Contractor,Engineering,Contractor,Finance System,0,1,3,0,0,1,0,14,0,DENY
QA Engineer,Engineering,Contractor,Finance System,0,1,3,1,1,1,0,30,1,DENY
Finance Analyst,Finance,Intern,Project Management System,1,1,1,0,0,0,1,7,0,REVIEW
HR Specialist,Product,Employee,Admin Panel,0,0,4,1,0,0,0,365,1,DENY
Finance Analyst,Product,Intern,HR Database,0,1,3,1,1,0,1,14,1,DENY
Product Manager,Product,Intern,Finance System,0,1,3,1,1,0,1,90,0,DENY
Finance Analyst,IT,Contractor,Production Database,1,0,4,0,1,1,0,14,0,DENY
DevOps Engineer,Engineering,Intern,Finance System,0,1,3,1,0,0,1,90,0,DENY
Software Developer,Product,Intern,Finance System,0,1,3,1,1,0,1,60,1,DENY
Contractor,Finance,Contractor,HR Database,0,1,3,1,1,1,0,180,0,DENY
System Administrator,IT,Intern,HR Database,0,1,3,1,1,0,1,7,0,DENY
Product Manager,IT,Contractor,Development Server,0,1,2,0,0,1,0,90,0,DENY
QA Engineer,HR,Employee,Production Database,0,0,4,0,0,0,0,90,0,DENY
DevOps Engineer,Engineering,Employee,HR Database,0,1,3,1,0,0,0,365,0,DENY
QA Engineer,Engineering,Intern,Production Database,1,0,4,1,1,0,1,30,0,DENY
System Administrator,HR,Contractor,GitHub Project Alpha,0,1,1,0,0,1,0,365,1,DENY
Contractor,Finance,Intern,GitHub Project Alpha,0,1,1,0,1,0,1,7,0,DENY
Product Manager,Finance,Intern,Development Server,0,1,2,0,0,0,1,365,0,DENY
Finance Analyst,IT,Employee,Production Database,1,0,4,0,1,0,0,365,0,DENY
HR Specialist,Engineering,Intern,Project Management System,1,1,1,1,1,0,1,90,1,ALLOW
Finance Analyst,IT,Employee,Finance System,0,1,3,0,0,0,0,90,0,DENY
Contractor,IT,Intern,Development Server,0,1,2,1,1,0,1,7,0,DENY
System Administrator,HR,Intern,GitHub Project Alpha,0,1,1,0,0,0,1,365,1,DENY
DevOps Engineer,Finance,Employee,Development Server,0,1,2,0,0,0,0,90,1,DENY
Product Manager,HR,Contractor,Finance System,0,1,3,1,0,1,0,7,0,DENY
System Administrator,Product,Contractor,HR Database,0,1,3,0,0,1,0,365,0,DENY
Software Developer,HR,Intern,Admin Panel,0,0,4,1,0,0,1,180,0,DENY
Software Developer,Finance,Employee,Production Database,0,0,4,0,0,0,0,365,0,DENY
DevOps Engineer,IT,Contractor,Production Database,1,1,4,0,0,1,0,90,0,REVIEW
QA Engineer,HR,Employee,GitHub Project Alpha,0,1,1,1,1,0,0,60,0,DENY
Finance Analyst,HR,Contractor,Project Management System,1,1,1,1,0,1,0,14,0,ALLOW
Product Manager,Product,Intern,GitHub Project Alpha,1,1,1,1,1,0,1,365,0,ALLOW
System Administrator,Product,Employee,Finance System,0,1,3,1,1,0,0,90,1,DENY
System Administrator,Product,Contractor,Production Database,0,1,4,1,0,1,0,365,0,DENY
Software Developer,IT,Employee,Production Database,1,0,4,1,1,0,0,30,1,DENY
DevOps Engineer,Finance,Contractor,Development Server,0,1,2,0,0,1,0,60,0,DENY
Product Manager,Engineering,Intern,Production Database,1,0,4,0,0,0,1,180,1,DENY
DevOps Engineer,Finance,Employee,GitHub Project Alpha,0,1,1,0,1,0,0,14,0,DENY
Contractor,IT,Intern,Finance System,0,1,3,0,1,0,1,7,0,DENY
QA Engineer,Finance,Employee,HR Database,0,1,3,1,1,0,0,30,0,DENY
QA Engineer,Product,Intern,HR Database,0,1,3,1,1,0,1,60,0,DENY
Contractor,HR,Intern,Production Database,0,0,4,1,1,0,1,7,0,DENY
Product Manager,Product,Contractor,GitHub Project Alpha,1,1,1,0,0,1,0,14,0,ALLOW
DevOps Engineer,Product,Intern,Development Server,0,1,2,0,1,0,1,365,1,DENY
Software Developer,HR,Contractor,Production Database,0,0,4,1,1,1,0,7,0,DENY
Finance Analyst,Engineering,Employee,Development Server,1,1,2,1,1,0,0,60,0,ALLOW
Finance Analyst,Product,Contractor,HR Database,0,1,3,1,1,1,0,180,0,DENY
DevOps Engineer,Engineering,Intern,Production Database,1,1,4,1,1,0,1,14,0,REVIEW
System Administrator,IT,Contractor,Development Server,0,1,2,1,0,1,0,7,1,DENY
HR Specialist,Product,Contractor,Development Server,0,1,2,0,1,1,0,90,0,DENY
System Administrator,IT,Employee,HR Database,0,1,3,0,1,0,0,7,0,DENY
Contractor,HR,Employee,Development Server,0,1,2,1,0,0,0,7,0,DENY
DevOps Engineer,Finance,Contractor,HR Database,0,1,3,1,1,1,0,30,0,DENY
System Administrator,IT,Contractor,Project Management System,1,1,1,0,1,1,0,30,0,ALLOW
System Administrator,IT,Employee,GitHub Project Alpha,0,1,1,0,0,0,0,7,1,DENY
DevOps Engineer,Engineering,Employee,HR Database,0,1,3,1,1,0,0,60,1,DENY
DevOps Engineer,Finance,Intern,Project Management System,1,1,1,1,1,0,1,14,0,ALLOW
Software Developer,Finance,Intern,Production Database,0,0,4,0,0,0,1,365,0,DENY
Product Manager,Product,Intern,Finance System,0,1,3,0,1,0,1,90,1,DENY
Finance Analyst,Finance,Contractor,Project Management System,1,1,1,0,0,1,0,7,0,ALLOW
HR Specialist,Product,Intern,Project Management System,1,1,1,1,1,0,1,7,0,ALLOW
Product Manager,Product,Contractor,Development Server,0,1,2,0,1,1,0,7,1,DENY
QA Engineer,Finance,Contractor,GitHub Project Alpha,0,1,1,1,0,1,0,180,0,DENY
System Administrator,Engineering,Contractor,Finance System,0,1,3,0,1,1,0,60,0,DENY
Product Manager,HR,Intern,HR Database,1,1,3,0,1,0,1,30,0,REVIEW
HR Specialist,Finance,Contractor,Production Database,0,0,4,1,1,1,0,30,1,DENY
Contractor,Finance,Contractor,Development Server,0,1,2,0,0,1,0,14,0,DENY
QA Engineer,Finance,Intern,Finance System,1,1,3,0,1,0,1,30,0,REVIEW
Contractor,Finance,Intern,Development Server,0,1,2,0,1,0,1,180,0,DENY
Software Developer,Finance,Contractor,Production Database,0,0,4,1,0,1,0,180,0,DENY
System Administrator,IT,Contractor,Production Database,1,1,4,0,1,1,0,60,0,REVIEW
Contractor,Finance,Contractor,Finance System,1,1,3,0,0,1,0,14,0,REVIEW
QA Engineer,Engineering,Employee,GitHub Project Alpha,1,1,1,1,0,0,0,180,0,ALLOW
Finance Analyst,Product,Employee,Development Server,0,1,2,1,0,0,0,7,0,DENY
DevOps Engineer,Finance,Intern,Project Management System,1,1,1,1,1,0,1,365,0,ALLOW
Software Developer,IT,Employee,Development Server,0,1,2,0,1,0,0,7,1,DENY
Finance Analyst,HR,Employee,Development Server,0,1,2,0,0,0,0,30,0,DENY
Finance Analyst,IT,Employee,Project Management System,1,1,1,0,1,0,0,14,0,ALLOW
Product Manager,IT,Contractor,Production Database,1,0,4,0,1,1,0,7,0,DENY
HR Specialist,Product,Employee,HR Database,0,1,3,0,0,0,0,90,0,DENY
Contractor,HR,Employee,Development Server,0,1,2,1,0,0,0,14,1,DENY
Software Developer,Finance,Employee,HR Database,0,1,3,0,0,0,0,7,0,DENY
System Administrator,Finance,Employee,HR Database,0,1,3,1,1,0,0,365,1,DENY
Contractor,IT,Contractor,Project Management System,1,1,1,0,1,1,0,90,0,ALLOW
QA Engineer,HR,Contractor,GitHub Project Alpha,0,1,1,1,0,1,0,60,1,DENY
System Administrator,Product,Contractor,Admin Panel,0,1,4,1,1,1,0,60,0,DENY
Contractor,Engineering,Contractor,Finance System,0,1,3,1,0,1,0,365,0,DENY
Software Developer,IT,Contractor,Finance System,0,1,3,1,1,1,0,30,1,DENY
DevOps Engineer,HR,Contractor,GitHub Project Alpha,0,1,1,1,0,1,0,60,1,DENY
System Administrator,Product,Contractor,GitHub Project Alpha,1,1,1,1,1,1,0,7,0,ALLOW
Software Developer,IT,Intern,GitHub Project Alpha,0,1,1,1,0,0,1,60,0,DENY
HR Specialist,Finance,Employee,Production Database,0,0,4,1,0,0,0,30,0,DENY
HR Specialist,Finance,Contractor,Admin Panel,0,0,4,1,1,1,0,60,0,DENY
QA Engineer,Engineering,Contractor,Project Management System,1,1,1,1,0,1,0,180,0,ALLOW
Contractor,Engineering,Intern,Finance System,0,1,3,1,1,0,1,30,0,DENY
HR Specialist,HR,Intern,Production Database,0,0,4,0,1,0,1,365,1,DENY
HR Specialist,Engineering,Intern,HR Database,0,1,3,1,1,0,1,180,0,DENY
Software Developer,Engineering,Intern,HR Database,0,1,3,1,1,0,1,180,0,DENY
QA Engineer,HR,Employee,Finance System,0,1,3,0,0,0,0,90,0,DENY
Contractor,Product,Contractor,GitHub Project Alpha,1,1,1,1,0,1,0,7,1,ALLOW
DevOps Engineer,Product,Employee,Admin Panel,0,0,4,1,1,0,0,7,0,DENY
QA Engineer,Engineering,Employee,Project Management System,1,1,1,0,1,0,0,14,1,ALLOW
Software Developer,Product,Employee,GitHub Project Alpha,1,1,1,1,0,0,0,365,1,ALLOW
Finance Analyst,HR,Contractor,Admin Panel,0,0,4,1,1,1,0,90,0,DENY
Contractor,IT,Contractor,Finance System,0,1,3,1,1,1,0,14,1,DENY
QA Engineer,Engineering,Intern,Project Management System,1,1,1,1,0,0,1,30,0,REVIEW
Contractor,Finance,Contractor,Admin Panel,0,0,4,0,0,1,0,180,0,DENY
System Administrator,Finance,Contractor,Project Management System,1,1,1,1,1,1,0,180,1,ALLOW
Contractor,IT,Contractor,Admin Panel,1,0,4,0,1,1,0,365,0,DENY
Product Manager,Engineering,Contractor,Finance System,0,1,3,0,1,1,0,7,0,DENY
Finance Analyst,HR,Intern,HR Database,1,1,3,1,1,0,1,30,0,REVIEW
System Administrator,HR,Intern,HR Database,1,1,3,1,0,0,1,30,0,REVIEW
HR Specialist,IT,Employee,Development Server,0,1,2,1,1,0,0,30,1,DENY
Software Developer,IT,Intern,Development Server,0,1,2,1,0,0,1,7,0,DENY
HR Specialist,IT,Employee,Development Server,0,1,2,1,0,0,0,30,0,DENY
Product Manager,IT,Intern,Project Management System,1,1,1,1,1,0,1,90,0,ALLOW
DevOps Engineer,Product,Contractor,Admin Panel,0,0,4,1,1,1,0,14,0,DENY
Product Manager,Product,Employee,Admin Panel,0,0,4,0,1,0,0,90,0,DENY
Contractor,IT,Intern,Development Server,0,1,2,0,1,0,1,14,1,DENY
Software Developer,Engineering,Intern,Development Server,1,1,2,0,1,0,1,365,0,ALLOW
Contractor,IT,Intern,Project Management System,1,1,1,1,1,0,1,180,0,ALLOW
Software Developer,Finance,Contractor,Finance System,1,1,3,0,1,1,0,7,1,ALLOW
DevOps Engineer,Engineering,Intern,Production Database,1,1,4,0,0,0,1,7,0,REVIEW
Product Manager,HR,Employee,Development Server,0,1,2,0,1,0,0,14,1,DENY
System Administrator,Finance,Contractor,Admin Panel,0,1,4,0,1,1,0,7,1,DENY
Software Developer,Product,Employee,Admin Panel,0,0,4,0,0,0,0,14,0,DENY
DevOps Engineer,Product,Intern,Production Database,0,1,4,1,0,0,1,180,0,DENY
Finance Analyst,Product,Employee,Admin Panel,0,0,4,0,1,0,0,7,0,DENY
Finance Analyst,Product,Contractor,Finance System,0,1,3,0,0,1,0,90,0,DENY
HR Specialist,Finance,Contractor,GitHub Project Alpha,0,1,1,1,0,1,0,60,0,DENY
Finance Analyst,Engineering,Employee,HR Database,0,1,3,1,1,0,0,30,0,DENY
Finance Analyst,IT,Contractor,Development Server,0,1,2,1,0,1,0,14,0,DENY
Product Manager,IT,Employee,Admin Panel,1,0,4,1,0,0,0,365,0,DENY
System Administrator,IT,Contractor,HR Database,0,1,3,1,1,1,0,7,0,DENY
System Administrator,IT,Intern,GitHub Project Alpha,0,1,1,0,1,0,1,14,0,DENY
Software Developer,Engineering,Employee,Finance System,0,1,3,1,1,0,0,60,0,DENY
System Administrator,Engineering,Intern,HR Database,0,1,3,1,0,0,1,180,1,DENY
Contractor,Finance,Employee,Development Server,0,1,2,0,1,0,0,60,1,DENY
HR Specialist,Engineering,Employee,Development Server,1,1,2,0,1,0,0,365,0,ALLOW
System Administrator,Product,Contractor,Development Server,0,1,2,0,0,1,0,90,0,DENY
System Administrator,Engineering,Contractor,HR Database,0,1,3,1,0,1,0,60,0,DENY
Product Manager,Product,Employee,HR Database,0,1,3,1,0,0,0,14,0,DENY
Finance Analyst,Product,Employee,Project Management System,1,1,1,0,1,0,0,365,0,ALLOW
QA Engineer,Engineering,Intern,GitHub Project Alpha,1,1,1,1,0,0,1,30,1,REVIEW
DevOps Engineer,Product,Employee,Production Database,0,1,4,0,1,0,0,7,1,DENY
HR Specialist,Engineering,Intern,Development Server,1,1,2,1,1,0,1,365,1,ALLOW
Product Manager,Product,Contractor,Production Database,0,0,4,0,0,1,0,90,0,DENY
Software Developer,Product,Contractor,GitHub Project Alpha,1,1,1,0,1,1,0,180,0,ALLOW
System Administrator,Finance,Contractor,Finance System,1,1,3,0,0,1,0,365,0,REVIEW
Finance Analyst,Engineering,Contractor,GitHub Project Alpha,1,1,1,1,1,1,0,60,0,ALLOW
Software Developer,Finance,Contractor,Development Server,0,1,2,0,0,1,0,30,0,DENY
Product Manager,Engineering,Intern,Project Management System,1,1,1,0,1,0,1,180,0,ALLOW
Finance Analyst,IT,Intern,Finance System,0,1,3,0,1,0,1,90,0,DENY
HR Specialist,Product,Employee,Production Database,0,0,4,0,1,0,0,7,0,DENY
QA Engineer,HR,Intern,Finance System,0,1,3,1,1,0,1,180,0,DENY
DevOps Engineer,IT,Employee,Admin Panel,1,0,4,1,0,0,0,30,0,DENY
Product Manager,Product,Intern,Development Server,0,1,2,0,1,0,1,60,0,DENY
Product Manager,Finance,Intern,GitHub Project Alpha,0,1,1,0,0,0,1,14,0,DENY
System Administrator,Engineering,Employee,Development Server,1,1,2,0,0,0,0,7,0,REVIEW
DevOps Engineer,IT,Intern,Project Management System,1,1,1,1,1,0,1,180,1,ALLOW
Contractor,HR,Intern,Development Server,0,1,2,1,0,0,1,180,0,DENY
Finance Analyst,IT,Employee,Production Database,1,0,4,1,1,0,0,7,0,DENY
DevOps Engineer,IT,Intern,Project Management System,1,1,1,0,0,0,1,90,0,REVIEW
System Administrator,HR,Intern,Project Management System,1,1,1,1,1,0,1,7,0,ALLOW
Software Developer,Engineering,Intern,Finance System,0,1,3,0,1,0,1,180,1,DENY
Software Developer,HR,Intern,Production Database,0,0,4,1,1,0,1,7,0,DENY
Contractor,Product,Employee,Project Management System,1,1,1,0,0,0,0,365,0,ALLOW
DevOps Engineer,IT,Intern,HR Database,0,1,3,0,1,0,1,180,0,DENY
System Administrator,Engineering,Intern,Development Server,1,1,2,0,0,0,1,14,1,ALLOW
QA Engineer,Finance,Employee,Production Database,0,0,4,1,0,0,0,60,0,DENY
Product Manager,HR,Employee,Project Management System,1,1,1,0,1,0,0,30,0,ALLOW
Finance Analyst,IT,Employee,Project Management System,1,1,1,0,1,0,0,30,1,ALLOW
DevOps Engineer,HR,Contractor,Project Management System,1,1,1,1,0,1,0,90,0,ALLOW
Product Manager,IT,Employee,GitHub Project Alpha,0,1,1,0,1,0,0,7,0,DENY
Product Manager,HR,Contractor,Project Management System,1,1,1,1,1,1,0,90,0,ALLOW
QA Engineer,Finance,Employee,Project Management System,1,1,1,0,0,0,0,180,0,ALLOW
Product Manager,Product,Contractor,HR Database,0,1,3,0,0,1,0,7,0,DENY
System Administrator,IT,Intern,Production Database,1,1,4,0,1,0,1,180,0,REVIEW
HR Specialist,Engineering,Employee,Project Management System,1,1,1,0,0,0,0,90,0,ALLOW
Finance Analyst,Engineering,Employee,Development Server,1,1,2,0,0,0,0,365,0,REVIEW
Finance Analyst,IT,Employee,GitHub Project Alpha,0,1,1,0,0,0,0,90,1,DENY
Product Manager,IT,Intern,GitHub Project Alpha,0,1,1,1,1,0,1,365,0,DENY
System Administrator,Finance,Intern,Project Management System,1,1,1,0,0,0,1,7,0,REVIEW
QA Engineer,Engineering,Intern,Finance System,0,1,3,1,1,0,1,7,1,DENY
Contractor,Engineering,Employee,Production Database,1,0,4,1,0,0,0,365,0,DENY
System Administrator,Product,Employee,Admin Panel,0,1,4,0,1,0,0,7,0,DENY
DevOps Engineer,Engineering,Intern,Admin Panel,0,0,4,0,1,0,1,30,0,DENY
QA Engineer,Finance,Contractor,Project Management System,1,1,1,0,1,1,0,180,0,ALLOW
Product Manager,Product,Employee,GitHub Project Alpha,1,1,1,0,1,0,0,60,0,ALLOW
DevOps Engineer,Finance,Employee,Finance System,1,1,3,1,0,0,0,365,0,REVIEW
Contractor,HR,Intern,GitHub Project Alpha,0,1,1,0,0,0,1,7,0,DENY
HR Specialist,Engineering,Intern,Project Management System,1,1,1,0,0,0,1,14,0,REVIEW
System Administrator,IT,Intern,GitHub Project Alpha,0,1,1,0,0,0,1,365,1,DENY
Finance Analyst,IT,Intern,Development Server,0,1,2,1,0,0,1,14,0,DENY
QA Engineer,Finance,Contractor,Project Management System,1,1,1,1,0,1,0,7,1,ALLOW
Finance Analyst,Finance,Intern,Project Management System,1,1,1,0,0,0,1,60,0,REVIEW
System Administrator,Engineering,Contractor,Production Database,1,1,4,1,1,1,0,90,0,REVIEW
DevOps Engineer,Engineering,Employee,Finance System,0,1,3,1,0,0,0,365,0,DENY
Contractor,Engineering,Contractor,GitHub Project Alpha,1,1,1,0,1,1,0,30,1,ALLOW
System Administrator,Finance,Intern,Admin Panel,0,1,4,0,0,0,1,7,0,DENY
Product Manager,HR,Employee,Project Management System,1,1,1,0,0,0,0,30,1,ALLOW
Software Developer,Finance,Intern,GitHub Project Alpha,0,1,1,0,0,0,1,14,1,DENY
Product Manager,Finance,Intern,Finance System,1,1,3,1,1,0,1,180,0,REVIEW
QA Engineer,Engineering,Contractor,GitHub Project Alpha,1,1,1,1,1,1,0,365,1,ALLOW
HR Specialist,Finance,Employee,Admin Panel,0,0,4,0,0,0,0,7,0,DENY
QA Engineer,Engineering,Employee,Production Database,1,0,4,0,1,0,0,7,1,DENY
HR Specialist,Finance,Intern,HR Database,0,1,3,1,0,0,1,7,0,DENY
QA Engineer,Product,Intern,Project Management System,1,1,1,0,1,0,1,90,0,ALLOW
HR Specialist,Engineering,Contractor,Finance System,0,1,3,0,0,1,0,14,0,DENY
Contractor,Engineering,Contractor,Admin Panel,0,0,4,1,1,1,0,180,0,DENY
DevOps Engineer,Finance,Contractor,Admin Panel,0,0,4,1,0,1,0,180,0,DENY
DevOps Engineer,Product,Employee,Development Server,0,1,2,0,1,0,0,60,0,DENY
System Administrator,Product,Contractor,Development Server,0,1,2,1,1,1,0,60,0,DENY
Software Developer,HR,Employee,Admin Panel,0,0,4,0,1,0,0,365,1,DENY
QA Engineer,Finance,Contractor,Production Database,0,0,4,1,1,1,0,14,1,DENY
Product Manager,HR,Intern,Production Database,0,0,4,1,1,0,1,14,0,DENY
Product Manager,Finance,Employee,GitHub Project Alpha,0,1,1,1,0,0,0,60,0,DENY
QA Engineer,Finance,Intern,Admin Panel,0,0,4,1,0,0,1,90,0,DENY
Software Developer,IT,Employee,HR Database,0,1,3,1,0,0,0,180,0,DENY
Product Manager,HR,Contractor,Admin Panel,0,0,4,1,1,1,0,7,0,DENY
DevOps Engineer,Product,Employee,HR Database,0,1,3,1,0,0,0,60,1,DENY
Contractor,Finance,Employee,Development Server,0,1,2,1,1,0,0,90,0,DENY
Product Manager,Product,Employee,Project Management System,1,1,1,0,1,0,0,60,1,ALLOW
HR Specialist,Finance,Contractor,Finance System,1,1,3,0,1,1,0,365,1,ALLOW
Finance Analyst,Finance,Intern,Admin Panel,0,0,4,0,1,0,1,365,0,DENY
QA Engineer,HR,Employee,Admin Panel,0,0,4,1,1,0,0,7,0,DENY
Software Developer,Product,Intern,Admin Panel,0,0,4,0,1,0,1,7,1,DENY
Contractor,Finance,Employee,GitHub Project Alpha,0,1,1,0,0,0,0,30,1,DENY
System Administrator,Finance,Employee,HR Database,0,1,3,1,1,0,0,90,0,DENY
Contractor,Engineering,Contractor,Project Management System,1,1,1,1,0,1,0,14,1,ALLOW
Finance Analyst,IT,Employee,Admin Panel,1,0,4,0,1,0,0,180,0,DENY
HR Specialist,Product,Employee,Production Database,0,0,4,0,1,0,0,180,0,DENY
Software Developer,Finance,Contractor,HR Database,0,1,3,1,1,1,0,14,0,DENY
System Administrator,Finance,Employee,GitHub Project Alpha,0,1,1,1,1,0,0,90,0,DENY
Product Manager,IT,Intern,Development Server,0,1,2,0,1,0,1,14,1,DENY
DevOps Engineer,HR,Contractor,Project Management System,1,1,1,1,1,1,0,180,0,ALLOW
Software Developer,HR,Employee,Finance System,0,1,3,1,0,0,0,7,0,DENY
Finance Analyst,Finance,Intern,HR Database,0,1,3,0,0,0,1,7,1,DENY
Software Developer,IT,Intern,Project Management System,1,1,1,0,0,0,1,60,0,REVIEW
Product Manager,Product,Intern,Production Database,0,0,4,1,1,0,1,7,0,DENY
Contractor,HR,Intern,HR Database,1,1,3,1,1,0,1,7,0,REVIEW
Finance Analyst,Finance,Contractor,HR Database,0,1,3,1,1,1,0,30,0,DENY
QA Engineer,Finance,Contractor,HR Database,0,1,3,0,0,1,0,90,0,DENY
Contractor,Finance,Employee,Development Server,0,1,2,0,1,0,0,7,0,DENY
Contractor,HR,Contractor,Finance System,0,1,3,0,0,1,0,7,0,DENY
HR Specialist,IT,Contractor,Development Server,0,1,2,1,1,1,0,7,1,DENY
Contractor,Product,Contractor,Project Management System,1,1,1,0,0,1,0,7,0,ALLOW
Contractor,IT,Intern,Admin Panel,1,0,4,0,1,0,1,365,0,DENY
Software Developer,Finance,Intern,Production Database,0,0,4,1,1,0,1,14,1,DENY
System Administrator,HR,Contractor,Production Database,0,1,4,0,1,1,0,14,0,DENY
HR Specialist,IT,Intern,HR Database,0,1,3,0,0,0,1,60,1,DENY
QA Engineer,Product,Employee,HR Database,0,1,3,1,1,0,0,7,1,DENY
Software Developer,IT,Contractor,Admin Panel,1,0,4,0,0,1,0,30,0,DENY
Contractor,Engineering,Employee,Admin Panel,0,0,4,1,0,0,0,30,0,DENY
Product Manager,Product,Contractor,Finance System,0,1,3,1,0,1,0,30,0,DENY
System Administrator,Product,Contractor,Development Server,0,1,2,0,0,1,0,7,0,DENY
DevOps Engineer,Engineering,Employee,Project Management System,1,1,1,1,0,0,0,14,1,ALLOW
QA Engineer,Engineering,Contractor,Admin Panel,0,0,4,0,1,1,0,180,1,DENY
System Administrator,IT,Contractor,GitHub Project Alpha,0,1,1,1,0,1,0,365,0,DENY
Product Manager,IT,Employee,Admin Panel,1,0,4,1,0,0,0,7,0,DENY
QA Engineer,Product,Employee,GitHub Project Alpha,1,1,1,1,1,0,0,365,0,ALLOW
HR Specialist,Engineering,Intern,Finance System,0,1,3,1,0,0,1,365,0,DENY
Software Developer,Engineering,Intern,Admin Panel,0,0,4,0,1,0,1,7,1,DENY
Contractor,Engineering,Contractor,Admin Panel,0,0,4,1,1,1,0,60,1,DENY
Software Developer,Product,Intern,Admin Panel,0,0,4,1,1,0,1,365,0,DENY
Contractor,Product,Contractor,GitHub Project Alpha,1,1,1,0,1,1,0,180,1,ALLOW
QA Engineer,Product,Intern,GitHub Project Alpha,1,1,1,1,0,0,1,90,1,REVIEW
DevOps Engineer,IT,Intern,HR Database,0,1,3,0,1,0,1,365,0,DENY
HR Specialist,Engineering,Employee,Project Management System,1,1,1,0,1,0,0,30,0,ALLOW
Product Manager,Engineering,Contractor,Development Server,1,1,2,0,0,1,0,90,1,ALLOW
Software Developer,Finance,Employee,Development Server,0,1,2,1,0,0,0,14,0,DENY
DevOps Engineer,Engineering,Contractor,HR Database,0,1,3,1,1,1,0,180,0,DENY
Product Manager,HR,Employee,Project Management System,1,1,1,1,0,0,0,90,0,ALLOW
System Administrator,HR,Contractor,Admin Panel,0,1,4,1,1,1,0,90,1,DENY
DevOps Engineer,Product,Intern,Development Server,0,1,2,1,1,0,1,7,0,DENY
HR Specialist,HR,Intern,Admin Panel,0,0,4,1,1,0,1,60,0,DENY
Finance Analyst,Finance,Employee,Finance System,1,1,3,1,0,0,0,180,0,REVIEW
System Administrator,Engineering,Employee,HR Database,0,1,3,0,1,0,0,14,0,DENY
Finance Analyst,Engineering,Employee,HR Database,0,1,3,0,1,0,0,180,0,DENY
Product Manager,Finance,Contractor,Production Database,0,0,4,1,1,1,0,90,0,DENY
QA Engineer,IT,Employee,Project Management System,1,1,1,1,1,0,0,30,1,ALLOW
Finance Analyst,Finance,Contractor,Project Management System,1,1,1,0,1,1,0,30,0,ALLOW
Contractor,Finance,Contractor,Development Server,0,1,2,0,1,1,0,30,0,DENY
