role,department,resource,resource_sensitivity,hour,is_unusual_time,known_device,location_match,role_resource_match,failed_attempts,request_frequency,credential_valid,previous_behavior_score,risk_score,risk_label
Finance Analyst,Product,Production Database,4,7.94,0,1,1,0,0,4.55,1,0.634,33.0,MEDIUM
Product Manager,Engineering,HR Database,3,17.75,0,1,1,0,1,4.74,1,0.759,41.7,MEDIUM
Software Developer,IT,Admin Panel,4,22.62,1,0,0,1,0,9.98,1,0.223,98.0,HIGH
DevOps Engineer,IT,GitHub Project Alpha,1,13.45,0,1,1,0,0,2.93,1,0.72,27.7,LOW
Product Manager,Engineering,HR Database,3,13.44,0,1,1,0,1,4.9,1,0.767,39.9,MEDIUM
QA Engineer,Finance,Production Database,4,23.29,1,0,0,0,3,9.96,1,0.504,100.0,HIGH
Contractor,Engineering,GitHub Project Alpha,1,11.02,0,1,1,1,0,1.42,1,0.867,0.0,LOW
Contractor,HR,Development Server,2,13.42,0,1,1,0,0,1.99,1,0.799,24.3,LOW
System Administrator,IT,Project Management System,1,17.65,0,1,1,1,0,4.93,1,0.752,2.8,LOW
DevOps Engineer,Product,Development Server,2,1.4,1,0,1,0,3,9.42,1,0.191,97.0,HIGH
Software Developer,Finance,Admin Panel,4,18.37,0,1,1,0,0,1.97,1,0.76,29.9,LOW
Product Manager,Finance,Development Server,2,3.6,1,0,0,0,4,3.31,0,0.368,97.2,HIGH
HR Specialist,HR,HR Database,3,8.6,0,1,0,1,0,2.4,1,0.658,32.9,MEDIUM
HR Specialist,Finance,Admin Panel,4,13.71,0,1,0,0,0,0.73,1,0.611,54.1,MEDIUM
DevOps Engineer,HR,HR Database,3,9.17,0,1,1,1,1,1.65,1,0.925,20.1,LOW
Product Manager,Product,Admin Panel,4,17.44,0,1,1,0,0,4.95,1,0.789,29.7,LOW
Finance Analyst,Finance,Admin Panel,4,19.84,0,0,1,0,0,0.51,1,0.735,52.5,MEDIUM
Software Developer,Finance,Finance System,3,15.36,0,1,1,1,0,3.91,1,0.791,7.0,LOW
Finance Analyst,Engineering,Admin Panel,4,16.38,0,1,1,0,0,3.62,1,0.651,30.7,MEDIUM
Contractor,Product,HR Database,3,19.74,0,1,1,0,1,2.74,1,0.92,38.1,MEDIUM
DevOps Engineer,IT,Finance System,3,12.64,0,1,1,0,0,0.14,1,0.8,31.6,MEDIUM
Finance Analyst,HR,HR Database,3,8.7,0,1,1,1,0,3.31,1,0.807,12.1,LOW
QA Engineer,IT,Development Server,2,7.24,0,1,1,0,0,3.88,1,0.657,29.4,LOW
DevOps Engineer,IT,GitHub Project Alpha,1,13.74,0,1,1,0,0,4.42,1,0.677,22.1,LOW
DevOps Engineer,IT,Production Database,4,16.88,0,1,1,1,1,4.87,1,0.68,19.4,LOW
Contractor,IT,Development Server,2,18.39,0,0,1,0,1,4.46,1,0.779,54.5,MEDIUM
System Administrator,Finance,Project Management System,1,21.22,1,0,0,1,1,14.27,1,0.22,98.0,HIGH
QA Engineer,Finance,Development Server,2,8.22,0,1,1,0,0,0.81,1,0.806,25.7,LOW
Product Manager,HR,Project Management System,1,22.01,1,0,1,1,2,9.21,1,0.576,75.7,HIGH
Product Manager,Engineering,GitHub Project Alpha,1,23.34,1,0,0,1,5,12.83,1,0.09,100.0,HIGH
Contractor,HR,GitHub Project Alpha,1,4.8,1,0,1,0,0,12.62,1,0.514,88.9,HIGH
DevOps Engineer,Finance,GitHub Project Alpha,1,14.19,0,0,1,0,0,0.22,1,0.975,46.5,MEDIUM
HR Specialist,Engineering,Development Server,2,1.87,1,0,0,1,1,6.25,1,0.597,74.6,HIGH
Software Developer,IT,HR Database,3,13.69,0,1,1,0,0,3.28,1,0.955,31.7,MEDIUM
HR Specialist,Product,Development Server,2,17.82,0,1,1,0,0,4.95,0,0.935,36.8,MEDIUM
HR Specialist,Finance,Development Server,2,22.14,1,0,0,0,0,8.51,1,0.267,98.1,HIGH
Finance Analyst,IT,Project Management System,1,21.93,1,1,0,1,0,8.7,1,0.121,64.8,MEDIUM
Software Developer,Engineering,Project Management System,1,8.87,0,1,1,1,0,1.52,1,0.834,4.4,LOW
QA Engineer,IT,Production Database,4,16.37,0,1,1,1,1,3.22,1,0.934,21.8,LOW
System Administrator,IT,Development Server,2,16.79,0,1,1,0,0,4.13,1,0.957,26.9,LOW
Product Manager,Engineering,GitHub Project Alpha,1,23.88,1,0,0,1,5,3.23,1,0.147,98.1,HIGH
Contractor,Engineering,Finance System,3,18.67,0,1,1,0,0,1.26,1,0.706,32.3,MEDIUM
Product Manager,Product,Finance System,3,12.98,0,1,1,0,0,3.83,1,0.857,25.5,LOW
QA Engineer,HR,Project Management System,1,16.01,0,1,1,1,0,0.3,1,0.869,5.3,LOW
Contractor,HR,Finance System,3,13.04,0,1,1,0,1,1.0,1,0.975,31.9,MEDIUM
Contractor,Engineering,Admin Panel,4,19.93,0,0,1,0,0,0.37,1,0.899,49.1,MEDIUM
Finance Analyst,Product,HR Database,3,13.61,0,1,1,0,0,2.49,1,0.758,27.2,LOW
Contractor,Finance,Production Database,4,8.83,0,1,1,0,0,0.01,1,0.936,27.6,LOW
Product Manager,Engineering,Finance System,3,2.23,1,0,0,0,2,13.25,1,0.031,100.0,HIGH
QA Engineer,Product,Project Management System,1,11.1,0,1,1,1,0,4.42,1,0.852,7.3,LOW
Product Manager,Engineering,GitHub Project Alpha,1,12.34,0,1,1,1,0,2.43,1,0.82,1.7,LOW
System Administrator,HR,Project Management System,1,23.93,1,0,1,1,3,9.69,1,0.1,91.2,HIGH
Product Manager,IT,Admin Panel,4,9.86,0,1,0,1,0,2.14,1,0.698,30.4,MEDIUM
DevOps Engineer,HR,Development Server,2,17.52,0,1,1,0,0,1.91,1,0.684,26.3,LOW
Software Developer,Finance,Project Management System,1,11.68,0,1,1,1,0,0.46,1,0.754,6.1,LOW
System Administrator,HR,Admin Panel,4,19.58,0,1,1,0,0,4.84,1,0.629,37.1,MEDIUM
Contractor,Finance,Development Server,2,9.91,0,1,0,0,0,4.71,1,0.859,48.5,MEDIUM
Contractor,Engineering,HR Database,3,7.02,0,1,1,0,0,3.23,1,0.651,29.0,LOW
System Administrator,Engineering,GitHub Project Alpha,1,22.75,1,0,0,1,0,3.13,1,0.276,68.4,MEDIUM
Product Manager,Finance,HR Database,3,23.88,1,1,1,0,5,10.77,1,0.137,99.4,HIGH
Finance Analyst,Product,Production Database,4,22.26,1,1,0,0,5,13.14,1,0.297,97.6,HIGH
Product Manager,Product,Production Database,4,21.88,1,0,0,0,3,8.0,1,0.569,97.2,HIGH
System Administrator,Engineering,Development Server,2,3.58,1,1,0,1,5,13.6,1,0.599,100.0,HIGH
Finance Analyst,Product,Development Server,2,13.82,0,1,1,0,0,4.2,0,0.777,39.1,MEDIUM
DevOps Engineer,HR,GitHub Project Alpha,1,19.42,0,1,0,0,0,1.9,1,0.723,47.7,MEDIUM
DevOps Engineer,Engineering,Finance System,3,11.85,0,1,1,0,0,3.69,1,0.853,27.0,LOW
System Administrator,Engineering,Production Database,4,23.76,1,1,1,1,4,7.07,1,0.575,72.5,HIGH
HR Specialist,HR,Project Management System,1,4.33,1,1,1,1,3,11.59,1,0.466,79.2,HIGH
System Administrator,Finance,Development Server,2,9.38,0,1,1,0,0,3.04,1,0.728,26.6,LOW
DevOps Engineer,IT,Development Server,2,9.08,0,1,1,0,0,2.76,1,0.992,28.1,LOW
DevOps Engineer,HR,HR Database,3,22.5,1,1,1,1,3,10.44,1,0.449,82.0,HIGH
DevOps Engineer,HR,Project Management System,1,21.76,1,1,1,1,1,5.83,1,0.545,31.7,MEDIUM
DevOps Engineer,Finance,Project Management System,1,13.6,0,1,1,1,0,4.95,1,0.79,7.2,LOW
Contractor,HR,GitHub Project Alpha,1,10.03,0,1,1,0,1,0.97,1,0.805,29.9,LOW
HR Specialist,Engineering,GitHub Project Alpha,1,16.23,0,1,1,1,0,0.71,1,0.702,6.3,LOW
Product Manager,Engineering,Admin Panel,4,15.82,0,1,1,0,0,0.16,1,0.793,31.3,MEDIUM
System Administrator,IT,Development Server,2,8.18,0,1,1,0,0,4.94,1,0.767,23.7,LOW
Finance Analyst,Finance,Production Database,4,4.6,1,0,0,0,0,8.21,1,0.068,96.7,HIGH
Finance Analyst,Finance,Admin Panel,4,22.65,1,1,0,0,2,11.85,1,0.209,97.3,HIGH
QA Engineer,Engineering,GitHub Project Alpha,1,16.8,0,1,1,1,0,0.63,1,0.99,2.5,LOW
Software Developer,IT,Finance System,3,18.75,0,1,1,0,0,3.2,1,0.848,29.9,LOW
Product Manager,Finance,Development Server,2,7.54,0,0,1,0,0,0.62,1,0.89,49.3,MEDIUM
Software Developer,IT,Admin Panel,4,7.5,0,1,1,1,1,2.28,1,0.911,20.1,LOW
HR Specialist,IT,Development Server,2,15.56,0,1,1,0,0,0.02,0,0.786,41.7,MEDIUM
Contractor,Product,Admin Panel,4,8.39,0,1,1,0,0,4.01,1,0.863,27.7,LOW
QA Engineer,Engineering,Finance System,3,16.37,0,1,1,0,0,3.26,1,0.61,27.9,LOW
DevOps Engineer,Product,Development Server,2,13.39,0,0,0,0,0,3.43,1,0.688,70.8,HIGH
HR Specialist,Product,Project Management System,1,10.57,0,1,1,1,1,4.82,1,0.837,13.1,LOW
Product Manager,HR,Project Management System,1,21.48,1,0,0,1,1,12.51,1,0.461,96.4,HIGH
Finance Analyst,Finance,HR Database,3,15.95,0,1,1,0,1,3.15,1,0.919,34.4,MEDIUM
Finance Analyst,IT,Development Server,2,16.94,0,1,1,0,0,1.48,1,0.724,31.5,MEDIUM
Finance Analyst,Engineering,Finance System,3,22.85,1,0,0,0,0,4.58,1,0.392,84.8,HIGH
Software Developer,IT,Project Management System,1,13.8,0,1,1,1,0,2.95,1,0.85,3.8,LOW
QA Engineer,Engineering,Admin Panel,4,0.9,1,0,0,0,3,12.74,0,0.034,100.0,HIGH
Finance Analyst,IT,Finance System,3,14.82,0,1,1,0,0,4.52,1,0.813,28.6,LOW
Product Manager,Product,GitHub Project Alpha,1,8.36,0,1,1,1,0,0.71,1,0.843,4.1,LOW
System Administrator,IT,Development Server,2,7.83,0,1,0,0,0,3.58,1,0.938,47.6,MEDIUM
Contractor,Engineering,Finance System,3,9.28,0,0,1,0,0,0.62,1,0.97,51.3,MEDIUM
HR Specialist,Engineering,Project Management System,1,15.83,0,1,0,1,0,1.48,1,0.958,19.6,LOW
Software Developer,Product,Project Management System,1,17.94,0,1,1,1,0,0.96,1,0.84,3.1,LOW
Contractor,Finance,Admin Panel,4,7.08,0,1,0,0,0,2.85,1,0.685,54.1,MEDIUM
DevOps Engineer,IT,Development Server,2,0.16,1,0,1,0,0,3.37,1,0.386,62.5,MEDIUM
DevOps Engineer,Engineering,GitHub Project Alpha,1,16.9,0,1,0,1,1,4.46,1,0.947,34.3,MEDIUM
System Administrator,Engineering,Development Server,2,0.67,1,0,0,1,2,8.73,1,0.475,100.0,HIGH
HR Specialist,HR,Project Management System,1,7.27,0,1,1,1,0,4.55,1,0.841,3.9,LOW
HR Specialist,IT,Finance System,3,2.48,1,0,0,0,4,9.79,1,0.497,100.0,HIGH
HR Specialist,Product,Production Database,4,1.21,1,1,0,0,3,11.34,1,0.58,100.0,HIGH
HR Specialist,IT,Development Server,2,23.1,1,1,0,0,0,8.88,0,0.337,96.8,HIGH
Finance Analyst,HR,GitHub Project Alpha,1,12.13,0,1,1,0,0,1.86,1,0.771,25.1,LOW
QA Engineer,Finance,Finance System,3,2.77,1,0,0,1,1,13.42,1,0.332,98.6,HIGH
Contractor,Finance,Finance System,3,14.53,0,1,1,1,0,2.54,1,0.902,11.1,LOW
QA Engineer,Product,Development Server,2,14.84,0,1,1,0,0,1.29,1,0.998,22.3,LOW
DevOps Engineer,Product,Production Database,4,21.91,1,0,1,0,5,13.94,1,0.531,99.7,HIGH
Software Developer,Finance,Admin Panel,4,16.01,0,1,1,0,0,0.11,1,0.895,27.1,LOW
Product Manager,Finance,Finance System,3,16.74,0,1,1,1,1,4.26,1,0.857,16.6,LOW
Finance Analyst,HR,Finance System,3,18.63,0,1,1,0,0,1.25,1,0.782,30.7,MEDIUM
System Administrator,IT,Finance System,3,18.35,0,1,1,0,0,1.94,1,0.99,23.9,LOW
Product Manager,Product,Finance System,3,19.23,0,1,1,0,1,2.28,1,0.79,33.7,MEDIUM
Finance Analyst,IT,Project Management System,1,19.32,0,1,1,1,0,2.57,1,0.892,4.5,LOW
Software Developer,HR,Project Management System,1,7.8,0,1,0,1,0,2.9,1,0.721,24.5,LOW
Product Manager,Finance,Production Database,4,0.78,1,0,0,0,1,12.78,1,0.4,100.0,HIGH
System Administrator,Finance,Project Management System,1,15.44,0,1,1,1,0,1.34,1,0.701,4.9,LOW
QA Engineer,Finance,GitHub Project Alpha,1,17.39,0,1,1,0,0,2.4,1,0.855,25.2,LOW
Finance Analyst,Product,Project Management System,1,7.74,0,1,0,1,0,2.65,1,0.833,25.4,LOW
Product Manager,Engineering,Finance System,3,3.65,1,1,0,0,1,5.5,1,0.321,80.7,HIGH
DevOps Engineer,IT,Admin Panel,4,10.86,0,1,1,1,0,3.71,1,0.953,10.9,LOW
HR Specialist,Finance,Development Server,2,13.15,0,1,1,0,0,3.5,1,0.666,29.1,LOW
Software Developer,Product,Admin Panel,4,16.05,0,1,1,0,0,1.87,1,0.984,26.8,LOW
Finance Analyst,Engineering,GitHub Project Alpha,1,15.87,0,0,1,1,0,2.55,1,0.959,19.2,LOW
System Administrator,Product,Project Management System,1,3.95,1,0,0,1,2,9.65,1,0.176,100.0,HIGH
System Administrator,HR,HR Database,3,18.35,0,1,1,1,0,3.96,1,0.727,8.6,LOW
DevOps Engineer,Engineering,Production Database,4,18.51,0,1,1,1,0,0.54,1,0.929,10.5,LOW
Software Developer,IT,HR Database,3,15.02,0,1,1,0,1,4.38,1,0.616,40.4,MEDIUM
QA Engineer,Engineering,Finance System,3,0.22,1,0,0,0,2,9.75,1,0.181,99.4,HIGH
Finance Analyst,Engineering,Production Database,4,14.52,0,1,1,1,1,0.2,1,0.924,19.4,LOW
System Administrator,Finance,GitHub Project Alpha,1,2.32,1,0,0,0,0,4.0,1,0.537,83.1,HIGH
System Administrator,Engineering,GitHub Project Alpha,1,8.58,0,0,1,1,0,0.64,1,0.888,21.6,LOW
QA Engineer,Engineering,Project Management System,1,16.28,0,1,1,1,0,1.47,1,0.799,5.9,LOW
HR Specialist,Engineering,Finance System,3,0.36,1,0,0,0,4,4.99,0,0.292,96.5,HIGH
Finance Analyst,IT,Finance System,3,15.8,0,1,1,0,0,4.77,1,0.921,28.1,LOW
Contractor,HR,Admin Panel,4,11.34,0,1,1,0,1,1.66,1,0.991,40.7,MEDIUM
HR Specialist,IT,Production Database,4,10.2,0,1,1,1,0,4.04,1,0.601,12.1,LOW
System Administrator,Product,HR Database,3,16.92,0,1,1,0,0,4.06,1,0.829,27.4,LOW
Contractor,HR,HR Database,3,3.32,1,0,0,1,1,6.71,1,0.237,88.4,HIGH
HR Specialist,IT,Admin Panel,4,22.62,1,0,1,1,4,9.25,1,0.5,98.6,HIGH
Product Manager,Product,Development Server,2,23.1,1,0,0,0,4,13.28,1,0.554,99.9,HIGH
DevOps Engineer,HR,Finance System,3,8.06,0,1,1,0,0,2.6,1,0.613,35.3,MEDIUM
Contractor,IT,HR Database,3,5.55,1,0,0,0,4,14.56,1,0.023,97.6,HIGH
QA Engineer,Finance,GitHub Project Alpha,1,22.11,1,0,0,0,0,13.36,1,0.553,100.0,HIGH
DevOps Engineer,HR,Project Management System,1,15.33,0,0,1,1,0,0.91,1,0.748,22.9,LOW
Product Manager,Product,GitHub Project Alpha,1,19.24,0,1,1,1,0,4.19,1,0.915,5.0,LOW
Contractor,Engineering,GitHub Project Alpha,1,23.82,1,0,0,1,5,4.27,1,0.154,97.0,HIGH
Contractor,Finance,Development Server,2,17.5,0,1,1,0,0,3.59,1,0.614,32.3,MEDIUM
Product Manager,Engineering,HR Database,3,18.55,0,1,1,0,0,4.63,1,0.609,28.0,LOW
Finance Analyst,HR,Admin Panel,4,22.1,1,1,1,0,5,8.42,0,0.263,97.2,HIGH
System Administrator,Finance,Development Server,2,23.52,1,0,0,0,0,6.82,0,0.069,100.0,HIGH
Software Developer,Product,HR Database,3,10.72,0,1,1,0,0,2.16,1,0.695,28.5,LOW
System Administrator,HR,Production Database,4,7.75,0,1,1,0,0,2.21,1,0.804,31.5,MEDIUM
HR Specialist,Product,Project Management System,1,18.86,0,1,1,1,0,4.22,1,0.692,3.0,LOW
DevOps Engineer,Engineering,HR Database,3,16.9,0,1,1,0,0,2.91,1,0.626,33.1,MEDIUM
System Administrator,Engineering,HR Database,3,11.36,0,1,1,0,0,0.45,1,0.905,25.5,LOW
HR Specialist,Product,Development Server,2,19.81,0,1,1,0,1,2.97,1,0.808,34.5,MEDIUM
DevOps Engineer,Engineering,Project Management System,1,17.61,0,1,1,1,0,2.88,1,0.717,2.2,LOW
Contractor,Finance,HR Database,3,4.83,1,0,1,0,1,5.01,1,0.333,80.9,HIGH
Software Developer,Engineering,Finance System,3,10.4,0,1,1,0,0,2.61,1,0.641,34.0,MEDIUM
QA Engineer,Engineering,Project Management System,1,22.5,1,1,1,1,1,9.5,1,0.136,58.0,MEDIUM
Contractor,Finance,Development Server,2,7.24,0,1,1,0,1,4.2,1,0.758,38.9,MEDIUM
Finance Analyst,HR,Production Database,4,22.31,1,0,0,0,0,6.9,1,0.408,98.8,HIGH
System Administrator,Engineering,Project Management System,1,1.12,1,0,1,1,1,8.05,1,0.599,64.4,MEDIUM
Software Developer,Engineering,GitHub Project Alpha,1,15.07,0,1,1,1,1,4.03,1,0.64,11.1,LOW
Software Developer,Finance,Development Server,2,10.74,0,1,1,0,0,0.3,1,0.968,28.5,LOW
DevOps Engineer,Finance,HR Database,3,8.93,0,1,1,0,0,4.58,1,0.71,32.3,MEDIUM
HR Specialist,Finance,HR Database,3,9.88,0,1,1,0,0,2.3,1,0.845,28.8,LOW
HR Specialist,Engineering,Development Server,2,9.45,0,1,0,1,0,0.06,1,0.945,23.5,LOW
Finance Analyst,Finance,Project Management System,1,5.93,1,1,1,1,2,8.28,1,0.233,57.1,MEDIUM
DevOps Engineer,IT,Development Server,2,15.81,0,0,1,0,0,0.7,1,0.844,44.8,MEDIUM
DevOps Engineer,Finance,Project Management System,1,16.21,0,1,1,1,0,0.02,1,0.834,4.1,LOW
QA Engineer,Finance,Admin Panel,4,18.35,0,1,1,0,0,3.46,1,0.741,31.4,MEDIUM
System Administrator,HR,GitHub Project Alpha,1,18.04,0,1,1,0,0,2.68,1,0.774,23.8,LOW
Product Manager,Engineering,Admin Panel,4,11.21,0,1,1,0,0,1.02,1,0.964,26.4,LOW
Software Developer,HR,HR Database,3,10.9,0,1,1,1,1,4.99,1,0.807,18.9,LOW
System Administrator,Finance,Project Management System,1,4.06,1,0,0,1,0,7.91,1,0.389,81.6,HIGH
QA Engineer,Product,Production Database,4,12.72,0,1,0,0,0,3.46,1,0.637,52.5,MEDIUM
Finance Analyst,Engineering,Admin Panel,4,9.28,0,1,1,0,0,4.1,0,0.955,44.8,MEDIUM
QA Engineer,IT,Project Management System,1,9.7,0,1,1,1,0,3.15,1,0.741,9.0,LOW
Software Developer,Finance,GitHub Project Alpha,1,10.99,0,1,1,0,0,1.99,1,0.606,22.7,LOW
QA Engineer,Finance,Admin Panel,4,10.46,0,1,1,0,0,2.87,1,0.649,30.8,MEDIUM
DevOps Engineer,Engineering,GitHub Project Alpha,1,22.47,1,0,0,1,0,10.8,1,0.347,90.2,HIGH
Product Manager,HR,Project Management System,1,1.6,1,0,0,1,3,3.23,1,0.238,91.2,HIGH
Software Developer,Finance,GitHub Project Alpha,1,10.24,0,1,0,0,0,1.57,1,0.926,41.7,MEDIUM
HR Specialist,Finance,GitHub Project Alpha,1,2.34,1,0,0,0,5,8.81,1,0.146,97.4,HIGH
Finance Analyst,Finance,Development Server,2,22.19,1,1,0,0,3,7.03,1,0.577,97.8,HIGH
Finance Analyst,IT,Development Server,2,13.07,0,1,1,0,0,3.32,1,0.662,30.0,MEDIUM
DevOps Engineer,Product,Project Management System,1,17.24,0,1,1,1,0,0.8,1,0.889,2.6,LOW
Product Manager,HR,Production Database,4,9.95,0,1,1,0,0,2.98,1,0.996,30.3,MEDIUM
System Administrator,IT,HR Database,3,5.23,1,0,0,0,3,3.34,1,0.087,96.1,HIGH
DevOps Engineer,Product,Admin Panel,4,11.17,0,1,1,0,1,4.57,1,0.903,36.5,MEDIUM
HR Specialist,Engineering,Development Server,2,22.2,1,0,0,1,5,13.59,0,0.079,98.2,HIGH
Software Developer,HR,Finance System,3,15.98,0,1,1,0,0,1.24,1,0.741,31.1,MEDIUM
QA Engineer,HR,GitHub Project Alpha,1,3.65,1,0,0,0,3,5.38,1,0.228,96.3,HIGH
HR Specialist,Product,HR Database,3,14.41,0,1,1,0,0,3.35,1,0.974,24.7,LOW
HR Specialist,Engineering,Admin Panel,4,16.05,0,0,1,0,0,3.96,1,0.966,52.3,MEDIUM
DevOps Engineer,Finance,Finance System,3,19.98,0,1,1,1,1,0.45,1,0.77,21.2,LOW
Contractor,IT,GitHub Project Alpha,1,9.68,0,1,1,0,0,2.45,1,0.981,25.3,LOW
HR Specialist,Product,HR Database,3,21.71,1,1,1,0,2,7.17,1,0.382,72.6,HIGH
Contractor,Finance,Development Server,2,7.08,0,1,1,0,0,3.49,1,0.883,26.9,LOW
Product Manager,HR,Finance System,3,14.13,0,1,1,0,0,2.99,1,0.906,31.1,MEDIUM
DevOps Engineer,HR,GitHub Project Alpha,1,9.68,0,1,1,0,0,0.55,1,0.985,19.9,LOW
Contractor,Finance,HR Database,3,9.19,0,1,1,0,0,0.42,1,0.992,28.1,LOW
DevOps Engineer,Finance,Production Database,4,17.19,0,1,1,0,0,3.22,1,0.974,31.5,MEDIUM
HR Specialist,Product,GitHub Project Alpha,1,0.17,1,0,1,1,5,9.31,0,0.409,96.8,HIGH
HR Specialist,IT,Project Management System,1,15.41,0,1,1,1,0,2.76,1,0.933,1.1,LOW
Software Developer,Engineering,HR Database,3,18.97,0,0,1,0,0,4.72,1,0.8,46.8,MEDIUM
HR Specialist,IT,HR Database,3,8.84,0,1,1,0,0,0.45,1,0.776,27.3,LOW
Finance Analyst,Engineering,GitHub Project Alpha,1,18.12,0,1,1,1,0,0.36,1,0.884,6.8,LOW
DevOps Engineer,Finance,GitHub Project Alpha,1,17.74,0,1,1,0,0,0.02,1,0.87,24.3,LOW
Contractor,Engineering,HR Database,3,12.99,0,0,0,0,0,4.87,1,0.848,71.5,HIGH
Software Developer,HR,HR Database,3,14.35,0,1,1,1,0,1.5,1,0.954,4.2,LOW
Product Manager,Product,Finance System,3,15.99,0,1,1,0,1,2.9,1,0.812,37.9,MEDIUM
System Administrator,HR,GitHub Project Alpha,1,5.81,1,1,0,0,5,4.14,1,0.151,99.9,HIGH
Contractor,Product,HR Database,3,8.47,0,1,1,0,0,4.26,1,0.92,25.4,LOW
DevOps Engineer,IT,GitHub Project Alpha,1,15.92,0,1,0,0,0,2.82,1,0.655,48.2,MEDIUM
Software Developer,Finance,Development Server,2,0.25,1,0,1,0,1,8.11,0,0.373,100.0,HIGH
DevOps Engineer,HR,Development Server,2,17.94,0,1,1,0,0,4.13,1,0.749,29.4,LOW
Finance Analyst,Finance,GitHub Project Alpha,1,11.59,0,1,1,0,1,0.56,1,0.87,29.8,LOW
Product Manager,Finance,GitHub Project Alpha,1,14.56,0,1,1,0,0,0.37,1,0.66,29.3,LOW
System Administrator,Product,HR Database,3,14.0,0,1,1,0,0,0.07,1,0.66,30.9,MEDIUM
Software Developer,Engineering,GitHub Project Alpha,1,23.04,1,0,0,1,5,13.14,1,0.524,100.0,HIGH
DevOps Engineer,HR,Project Management System,1,11.05,0,1,1,1,0,0.85,1,0.787,5.2,LOW
System Administrator,HR,Project Management System,1,3.47,1,1,0,1,4,3.54,1,0.403,73.7,HIGH
HR Specialist,Engineering,HR Database,3,11.64,0,1,1,0,0,4.96,1,0.824,31.4,MEDIUM
Product Manager,Finance,Finance System,3,8.29,0,1,1,1,0,4.36,1,0.873,7.2,LOW
Finance Analyst,HR,HR Database,3,10.19,0,1,1,1,0,0.3,1,0.729,14.1,LOW
Contractor,IT,Project Management System,1,17.52,0,0,1,1,0,0.04,1,0.781,24.3,LOW
HR Specialist,Product,HR Database,3,21.93,1,1,1,0,0,10.02,1,0.212,75.2,HIGH
System Administrator,Engineering,Admin Panel,4,18.69,0,1,1,0,0,3.79,1,0.695,29.2,LOW
Software Developer,Finance,Production Database,4,3.62,1,1,0,0,1,10.21,1,0.486,100.0,HIGH
Finance Analyst,Product,GitHub Project Alpha,1,23.63,1,0,1,1,2,13.41,1,0.292,91.5,HIGH
Finance Analyst,Product,GitHub Project Alpha,1,17.35,0,1,1,1,0,4.94,1,0.976,5.7,LOW
Software Developer,HR,HR Database,3,11.07,0,1,1,1,0,0.78,1,0.684,10.9,LOW
DevOps Engineer,HR,Admin Panel,4,11.47,0,1,1,0,0,3.29,1,0.732,34.6,MEDIUM
HR Specialist,Finance,Admin Panel,4,22.95,1,0,0,0,4,14.29,1,0.005,99.8,HIGH
Finance Analyst,Product,Finance System,3,4.54,1,0,1,0,4,9.02,1,0.109,100.0,HIGH
Finance Analyst,Product,Development Server,2,18.12,0,1,1,0,0,3.89,1,0.993,25.1,LOW
Finance Analyst,Finance,Production Database,4,4.74,1,1,0,0,3,11.09,1,0.137,99.0,HIGH
System Administrator,Product,GitHub Project Alpha,1,1.57,1,0,0,1,3,10.71,1,0.597,97.7,HIGH
QA Engineer,Finance,Admin Panel,4,17.0,0,0,1,0,0,1.41,1,0.794,55.2,MEDIUM
QA Engineer,HR,Finance System,3,19.44,0,1,1,0,0,4.26,1,0.618,33.5,MEDIUM
Contractor,Product,Production Database,4,19.93,0,1,1,0,0,0.76,1,0.653,31.9,MEDIUM
Finance Analyst,Engineering,Admin Panel,4,21.27,1,0,0,0,3,13.58,0,0.02,97.9,HIGH
Software Developer,Engineering,Development Server,2,10.01,0,1,1,1,0,0.24,1,0.626,5.6,LOW
Contractor,Product,HR Database,3,9.33,0,1,1,0,1,2.5,1,0.741,38.1,MEDIUM
DevOps Engineer,HR,Development Server,2,19.64,0,1,1,0,0,0.08,1,0.987,22.7,LOW
Software Developer,Finance,Admin Panel,4,11.71,0,1,1,0,0,2.72,1,0.876,35.1,MEDIUM
HR Specialist,Finance,Production Database,4,12.45,0,0,1,0,0,4.41,1,0.959,51.5,MEDIUM
Product Manager,IT,HR Database,3,10.31,0,1,1,0,0,4.13,1,0.635,32.1,MEDIUM
Software Developer,Engineering,Production Database,4,11.22,0,1,1,1,0,2.28,1,0.789,13.3,LOW
Contractor,IT,Project Management System,1,19.93,0,1,1,1,0,1.78,1,0.99,0.7,LOW
Finance Analyst,Engineering,Finance System,3,15.64,0,0,1,0,0,4.54,1,0.889,48.8,MEDIUM
Contractor,IT,Development Server,2,7.86,0,1,1,0,0,2.64,1,0.695,25.4,LOW
Contractor,Product,Finance System,3,18.13,0,1,0,0,0,1.91,1,0.927,45.2,MEDIUM
QA Engineer,HR,Production Database,4,23.41,1,0,1,0,3,6.49,1,0.067,100.0,HIGH
QA Engineer,IT,Development Server,2,0.78,1,0,0,0,3,6.03,1,0.0,98.1,HIGH
QA Engineer,HR,Finance System,3,18.92,0,1,1,0,0,0.46,1,0.944,25.7,LOW
System Administrator,HR,HR Database,3,18.97,0,1,1,1,0,3.56,1,0.763,11.1,LOW
HR Specialist,HR,Development Server,2,14.52,0,0,1,0,1,1.86,1,0.732,52.2,MEDIUM
Contractor,Finance,Production Database,4,13.46,0,1,1,0,0,0.54,1,0.974,31.9,MEDIUM
System Administrator,Finance,Production Database,4,0.39,1,0,0,0,5,5.79,1,0.325,100.0,HIGH
HR Specialist,IT,Project Management System,1,17.01,0,1,1,1,0,2.86,1,0.799,7.3,LOW
Product Manager,IT,Production Database,4,23.13,1,0,0,1,5,8.02,1,0.599,100.0,HIGH
QA Engineer,HR,Project Management System,1,21.56,1,0,1,1,3,6.06,0,0.333,88.6,HIGH
System Administrator,Engineering,Project Management System,1,18.27,0,1,1,1,0,1.52,1,0.683,6.9,LOW
Contractor,Finance,Finance System,3,11.75,0,1,1,1,1,3.32,1,0.603,16.0,LOW
Finance Analyst,Engineering,Project Management System,1,2.63,1,0,0,1,3,7.87,1,0.122,97.6,HIGH
QA Engineer,Finance,Admin Panel,4,7.64,0,1,1,0,1,2.49,1,0.889,41.0,MEDIUM
QA Engineer,Finance,Development Server,2,15.77,0,1,1,0,0,0.73,1,0.683,25.0,LOW
DevOps Engineer,Product,Admin Panel,4,21.67,1,0,0,0,3,4.86,1,0.417,96.3,HIGH
Contractor,HR,Admin Panel,4,3.49,1,0,0,0,4,13.1,1,0.48,100.0,HIGH
System Administrator,Engineering,Project Management System,1,15.33,0,1,1,1,0,0.99,1,0.674,4.4,LOW
System Administrator,Engineering,GitHub Project Alpha,1,8.59,0,0,0,1,1,2.63,1,0.739,55.1,MEDIUM
Contractor,Engineering,Development Server,2,18.23,0,1,1,1,0,1.01,1,0.907,8.0,LOW
Product Manager,IT,Project Management System,1,23.9,1,1,1,1,2,3.6,1,0.27,38.8,MEDIUM
Finance Analyst,Product,GitHub Project Alpha,1,10.88,0,1,1,1,0,3.73,1,0.665,5.0,LOW
Software Developer,Engineering,GitHub Project Alpha,1,8.26,0,1,1,1,1,4.19,1,0.891,13.5,LOW
Finance Analyst,Product,Finance System,3,11.31,0,1,1,0,0,1.52,1,0.643,29.0,LOW
QA Engineer,Finance,Project Management System,1,8.53,0,1,1,1,1,0.21,1,0.98,9.0,LOW
Product Manager,Product,Development Server,2,13.95,0,1,1,0,0,4.72,1,0.916,26.4,LOW
Product Manager,Engineering,Admin Panel,4,23.99,1,0,0,0,2,9.84,1,0.398,97.7,HIGH
Product Manager,IT,Admin Panel,4,16.24,0,1,1,1,1,1.69,1,0.686,23.3,LOW
QA Engineer,HR,Project Management System,1,4.55,1,1,0,1,3,12.44,1,0.473,94.0,HIGH
QA Engineer,Product,Admin Panel,4,8.82,0,1,1,0,0,3.54,1,0.601,37.0,MEDIUM
Software Developer,Finance,HR Database,3,18.81,0,1,1,0,0,4.33,1,0.746,29.3,LOW
Finance Analyst,IT,Development Server,2,13.4,0,1,1,0,0,4.14,1,0.962,27.3,LOW
QA Engineer,Finance,Production Database,4,17.2,0,1,1,0,1,2.66,1,0.646,45.3,MEDIUM
HR Specialist,Product,Development Server,2,21.71,1,0,0,0,5,3.6,1,0.237,100.0,HIGH
Finance Analyst,Finance,Production Database,4,9.97,0,1,1,0,1,4.52,1,0.722,39.2,MEDIUM
Software Developer,Engineering,Admin Panel,4,12.34,0,1,1,0,1,1.07,1,0.938,39.6,MEDIUM
HR Specialist,HR,GitHub Project Alpha,1,9.43,0,1,1,0,1,4.04,1,0.873,28.1,LOW
QA Engineer,Finance,Project Management System,1,8.96,0,1,1,1,1,4.41,1,0.723,11.8,LOW
Product Manager,Product,Production Database,4,7.0,0,1,0,0,0,2.83,1,0.895,52.5,MEDIUM
System Administrator,Product,Admin Panel,4,15.66,0,1,1,0,0,1.33,1,0.722,34.5,MEDIUM
System Administrator,IT,Admin Panel,4,18.79,0,1,1,1,0,0.28,1,0.873,11.7,LOW
Contractor,HR,Admin Panel,4,8.98,0,1,1,0,0,2.41,1,0.975,28.4,LOW
Product Manager,IT,HR Database,3,19.97,0,1,1,0,0,3.14,1,0.909,24.6,LOW
System Administrator,Engineering,Admin Panel,4,15.31,0,1,0,0,0,3.45,1,0.665,54.0,MEDIUM
Software Developer,IT,Project Management System,1,9.61,0,1,1,1,0,3.69,1,0.725,1.7,LOW
HR Specialist,Finance,Admin Panel,4,19.51,0,1,1,0,0,0.99,1,0.775,29.1,LOW
HR Specialist,HR,Production Database,4,17.31,0,1,1,0,1,2.25,1,0.855,41.7,MEDIUM
Finance Analyst,Engineering,Development Server,2,22.98,1,0,0,1,2,11.61,1,0.487,100.0,HIGH
DevOps Engineer,HR,Production Database,4,7.54,0,1,1,0,0,3.01,1,0.992,33.2,MEDIUM
DevOps Engineer,IT,Finance System,3,17.85,0,1,0,0,0,3.22,1,0.854,50.5,MEDIUM
System Administrator,Finance,Admin Panel,4,16.65,0,1,1,0,0,1.75,1,0.949,30.8,MEDIUM
System Administrator,HR,Development Server,2,4.09,1,0,0,0,5,5.83,1,0.128,100.0,HIGH
QA Engineer,Product,Development Server,2,16.8,0,1,1,0,0,3.72,1,0.86,29.4,LOW
QA Engineer,Finance,HR Database,3,16.26,0,1,1,0,1,1.37,1,0.69,35.4,MEDIUM
DevOps Engineer,HR,GitHub Project Alpha,1,7.94,0,1,1,0,0,2.29,1,0.779,24.7,LOW
Contractor,IT,HR Database,3,7.42,0,1,1,0,0,1.12,1,0.736,28.8,LOW
Product Manager,Product,HR Database,3,9.72,0,1,1,0,1,3.57,1,0.669,41.3,MEDIUM
HR Specialist,Finance,Project Management System,1,3.78,1,0,0,1,4,7.91,1,0.529,96.4,HIGH
Finance Analyst,IT,Project Management System,1,10.27,0,1,1,1,0,2.27,1,0.883,3.3,LOW
Finance Analyst,IT,Development Server,2,0.99,1,0,0,0,3,12.33,1,0.446,100.0,HIGH
Product Manager,IT,Admin Panel,4,19.65,0,1,0,1,1,3.6,1,0.682,37.3,MEDIUM
HR Specialist,IT,Project Management System,1,14.35,0,1,1,1,0,0.22,1,0.742,8.3,LOW
Contractor,Engineering,Project Management System,1,23.33,1,0,1,1,2,12.54,1,0.493,85.6,HIGH
DevOps Engineer,IT,HR Database,3,2.33,1,0,1,0,2,14.34,0,0.262,100.0,HIGH
System Administrator,Product,Admin Panel,4,12.68,0,1,1,0,1,2.66,1,0.925,42.5,MEDIUM
DevOps Engineer,Finance,Admin Panel,4,5.33,1,0,0,0,4,13.62,1,0.384,97.6,HIGH
Product Manager,Product,Project Management System,1,8.35,0,1,1,1,0,2.2,1,0.968,4.3,LOW
Contractor,Engineering,HR Database,3,7.7,0,1,1,0,0,3.58,1,0.952,28.8,LOW
DevOps Engineer,Finance,HR Database,3,16.1,0,1,1,0,0,1.96,1,0.93,29.3,LOW
Software Developer,Product,GitHub Project Alpha,1,9.6,0,1,1,1,0,1.2,1,0.688,7.0,LOW
System Administrator,HR,GitHub Project Alpha,1,0.11,1,0,0,0,0,5.24,1,0.098,87.8,HIGH
DevOps Engineer,IT,Admin Panel,4,11.96,0,1,1,1,0,2.78,1,0.801,12.9,LOW
DevOps Engineer,Engineering,Finance System,3,10.78,0,1,1,0,0,0.12,1,0.925,27.9,LOW
DevOps Engineer,Product,Finance System,3,8.44,0,0,1,0,0,3.39,1,0.696,53.6,MEDIUM
DevOps Engineer,Engineering,Project Management System,1,21.89,1,0,0,1,1,3.08,1,0.068,76.4,HIGH
Product Manager,IT,Production Database,4,12.3,0,1,1,1,0,4.56,1,0.887,7.4,LOW
QA Engineer,Finance,Admin Panel,4,9.34,0,0,1,0,0,1.26,1,0.739,51.2,MEDIUM
DevOps Engineer,Product,Production Database,4,22.97,1,0,0,0,2,6.29,1,0.247,96.2,HIGH
Product Manager,IT,Project Management System,1,11.27,0,1,1,1,0,3.97,1,0.642,8.7,LOW
Finance Analyst,Finance,Finance System,3,7.84,0,1,1,1,0,2.65,1,0.815,12.8,LOW
System Administrator,IT,Finance System,3,15.21,0,1,1,0,0,3.57,1,0.647,34.6,MEDIUM
Contractor,IT,Finance System,3,21.85,1,1,0,0,0,4.1,0,0.385,84.6,HIGH
QA Engineer,Engineering,HR Database,3,2.35,1,0,1,0,0,4.71,1,0.296,73.3,HIGH
HR Specialist,Finance,Development Server,2,10.31,0,1,1,0,0,2.22,1,0.638,32.1,MEDIUM
Finance Analyst,HR,Admin Panel,4,2.33,1,0,0,0,5,7.03,1,0.507,96.6,HIGH
DevOps Engineer,Product,Admin Panel,4,14.63,0,1,1,0,0,2.41,1,0.623,31.8,MEDIUM
DevOps Engineer,IT,HR Database,3,0.39,1,0,0,0,4,11.67,1,0.473,98.0,HIGH
Finance Analyst,Product,HR Database,3,18.34,0,1,1,0,0,4.66,1,0.859,32.0,MEDIUM
System Administrator,HR,Development Server,2,13.13,0,1,1,0,0,4.18,1,0.612,28.4,LOW
DevOps Engineer,Engineering,Production Database,4,13.4,0,1,1,1,0,4.55,1,0.624,11.3,LOW
HR Specialist,HR,Production Database,4,19.18,0,1,1,0,0,2.42,1,0.844,35.6,MEDIUM
System Administrator,Engineering,GitHub Project Alpha,1,13.82,0,1,1,1,0,1.06,1,0.706,8.8,LOW
Contractor,Product,GitHub Project Alpha,1,15.2,0,1,1,1,0,0.34,1,0.79,2.7,LOW
Software Developer,IT,GitHub Project Alpha,1,15.93,0,1,1,0,0,3.32,1,0.746,24.1,LOW
Finance Analyst,Engineering,Admin Panel,4,15.53,0,1,1,0,0,2.99,1,0.633,31.4,MEDIUM
Software Developer,HR,Production Database,4,17.91,0,1,1,0,0,4.7,1,0.872,27.4,LOW
Contractor,Product,GitHub Project Alpha,1,13.65,0,0,1,1,0,3.11,1,0.934,20.8,LOW
Contractor,HR,Development Server,2,16.83,0,1,1,0,0,3.34,1,0.75,24.8,LOW
Software Developer,Product,HR Database,3,14.89,0,1,1,0,0,0.69,1,0.648,34.7,MEDIUM
QA Engineer,Product,HR Database,3,1.93,1,1,1,0,4,12.83,1,0.152,100.0,HIGH
Product Manager,Product,Finance System,3,5.65,1,0,0,0,0,13.85,1,0.452,97.4,HIGH
QA Engineer,Finance,GitHub Project Alpha,1,18.03,0,1,1,0,1,2.92,1,0.8,32.7,MEDIUM
Finance Analyst,IT,HR Database,3,23.69,1,1,0,0,2,10.72,1,0.574,98.1,HIGH
DevOps Engineer,Engineering,HR Database,3,9.76,0,1,0,0,0,2.38,1,0.884,49.8,MEDIUM
QA Engineer,Finance,Project Management System,1,10.03,0,1,0,1,0,2.71,1,0.654,27.9,LOW
Finance Analyst,HR,Production Database,4,16.97,0,1,1,0,0,4.39,1,0.804,35.0,MEDIUM
System Administrator,Engineering,Production Database,4,19.25,0,1,1,1,0,1.57,1,0.877,12.6,LOW
QA Engineer,Finance,Project Management System,1,3.78,1,0,0,1,1,7.43,0,0.389,96.1,HIGH
DevOps Engineer,IT,Production Database,4,18.38,0,1,1,1,0,2.98,1,0.824,8.0,LOW
Software Developer,Product,GitHub Project Alpha,1,7.05,0,1,1,1,0,0.1,1,0.974,6.5,LOW
QA Engineer,Finance,Project Management System,1,21.88,1,0,0,1,0,6.17,1,0.038,69.4,MEDIUM
HR Specialist,Product,Admin Panel,4,11.27,0,1,1,0,1,4.64,1,0.621,39.0,MEDIUM
System Administrator,Finance,Project Management System,1,9.98,0,1,1,1,0,0.33,1,0.918,2.9,LOW
Contractor,Product,HR Database,3,3.98,1,1,0,0,1,4.29,1,0.145,77.1,HIGH
System Administrator,IT,HR Database,3,7.74,0,1,1,0,1,1.45,1,0.876,37.7,MEDIUM
QA Engineer,Product,Project Management System,1,18.68,0,1,1,1,0,3.86,1,0.887,7.3,LOW
HR Specialist,Finance,Project Management System,1,10.98,0,1,1,1,0,0.25,1,0.661,9.3,LOW
Product Manager,Finance,GitHub Project Alpha,1,22.52,1,0,0,0,2,12.31,1,0.042,99.1,HIGH
Contractor,Engineering,Project Management System,1,13.68,0,1,1,1,0,3.85,1,0.779,8.1,LOW
Finance Analyst,IT,GitHub Project Alpha,1,22.91,1,1,0,0,4,4.55,1,0.372,94.2,HIGH
DevOps Engineer,HR,Production Database,4,8.88,0,1,1,0,0,0.16,1,0.868,31.6,MEDIUM
DevOps Engineer,HR,Development Server,2,14.85,0,1,1,0,0,3.82,1,0.735,24.6,LOW
Product Manager,Finance,HR Database,3,23.22,1,0,0,0,4,12.73,1,0.236,97.6,HIGH
QA Engineer,Product,Production Database,4,4.88,1,1,0,0,5,4.78,0,0.193,97.4,HIGH
Finance Analyst,Product,Finance System,3,17.68,0,1,1,0,0,3.94,1,0.616,27.6,LOW
Finance Analyst,Product,Admin Panel,4,18.45,0,0,1,0,1,1.76,1,0.644,59.4,MEDIUM
System Administrator,IT,Admin Panel,4,17.62,0,1,1,1,0,3.77,1,0.701,14.2,LOW
System Administrator,Finance,Admin Panel,4,10.12,0,1,1,0,0,1.73,1,0.939,33.6,MEDIUM
QA Engineer,IT,Finance System,3,17.32,0,1,0,0,0,2.35,1,0.9,51.2,MEDIUM
Finance Analyst,HR,Development Server,2,0.71,1,1,1,0,0,8.97,1,0.516,65.8,MEDIUM
HR Specialist,Finance,Production Database,4,15.22,0,1,1,0,0,3.67,1,0.95,31.1,MEDIUM
DevOps Engineer,IT,HR Database,3,18.65,0,1,1,0,0,4.4,1,0.683,29.6,LOW
Finance Analyst,Engineering,Finance System,3,7.45,0,1,1,0,0,2.15,1,0.809,32.0,MEDIUM
Finance Analyst,Engineering,Development Server,2,14.85,0,1,1,1,0,0.79,1,0.631,8.0,LOW
Finance Analyst,HR,Project Management System,1,19.64,0,1,1,1,0,3.34,1,0.983,6.7,LOW
QA Engineer,Product,GitHub Project Alpha,1,14.17,0,1,1,1,0,0.27,1,0.802,7.7,LOW
Product Manager,IT,Production Database,4,14.28,0,1,1,1,0,2.12,1,0.704,11.2,LOW
System Administrator,Product,HR Database,3,7.7,0,1,1,0,0,3.74,1,0.702,30.6,MEDIUM
QA Engineer,Product,HR Database,3,5.23,1,0,0,0,5,5.59,1,0.255,100.0,HIGH
Contractor,Engineering,Production Database,4,18.29,0,1,1,1,0,0.71,1,0.855,15.4,LOW
Finance Analyst,Finance,Admin Panel,4,19.95,0,1,1,0,0,3.09,1,0.665,31.1,MEDIUM
DevOps Engineer,Product,Development Server,2,8.62,0,1,1,0,0,3.84,1,0.789,25.3,LOW
Product Manager,Finance,HR Database,3,13.5,0,1,1,0,0,4.83,1,0.742,29.5,LOW
Finance Analyst,Finance,Finance System,3,5.19,1,1,0,1,3,7.25,1,0.552,81.5,HIGH
System Administrator,IT,Project Management System,1,3.91,1,0,1,1,2,11.13,1,0.196,92.1,HIGH
Product Manager,HR,Admin Panel,4,14.14,0,1,1,0,0,0.68,1,0.99,31.0,MEDIUM
Contractor,Finance,Production Database,4,21.06,1,0,0,0,2,6.05,1,0.339,100.0,HIGH
Software Developer,HR,Admin Panel,4,11.72,0,1,1,0,0,4.46,1,0.798,35.5,MEDIUM
System Administrator,Engineering,GitHub Project Alpha,1,0.36,1,0,1,1,3,6.17,1,0.432,76.3,HIGH
QA Engineer,IT,HR Database,3,8.16,0,0,1,0,0,0.2,1,0.892,48.0,MEDIUM
QA Engineer,IT,Development Server,2,7.5,0,1,1,0,0,1.64,1,0.667,28.0,LOW
DevOps Engineer,Product,Development Server,2,15.74,0,0,1,0,0,1.63,1,0.778,47.1,MEDIUM
Software Developer,Product,Development Server,2,0.91,1,0,0,0,0,12.4,1,0.531,96.1,HIGH
Contractor,Engineering,HR Database,3,15.58,0,1,1,0,0,4.57,1,0.657,28.3,LOW
System Administrator,Product,Finance System,3,13.5,0,0,1,0,0,4.22,1,0.882,46.2,MEDIUM
System Administrator,Finance,Project Management System,1,19.42,0,0,1,1,0,4.48,1,0.997,20.2,LOW
Software Developer,IT,Finance System,3,15.35,0,1,1,0,0,0.79,1,0.795,27.7,LOW
DevOps Engineer,Finance,Admin Panel,4,8.94,0,1,1,0,0,2.93,1,0.973,27.0,LOW
QA Engineer,Engineering,Production Database,4,23.61,1,0,0,1,0,11.76,1,0.059,100.0,HIGH
HR Specialist,Product,GitHub Project Alpha,1,10.61,0,1,0,1,1,4.99,1,0.829,34.7,MEDIUM
HR Specialist,Finance,Finance System,3,12.22,0,0,1,1,0,0.23,1,0.925,26.6,LOW
QA Engineer,HR,Finance System,3,18.15,0,1,1,0,0,2.39,1,0.941,31.2,MEDIUM
Software Developer,Product,Production Database,4,18.39,0,1,1,0,1,0.93,1,0.926,35.7,MEDIUM
QA Engineer,IT,Project Management System,1,9.13,0,0,1,1,0,1.25,1,0.688,28.9,LOW
HR Specialist,Engineering,Finance System,3,15.12,0,0,1,0,0,4.57,1,0.873,50.7,MEDIUM
Product Manager,Finance,Production Database,4,19.51,0,0,1,0,0,2.77,1,0.667,50.4,MEDIUM
Contractor,Finance,Production Database,4,14.32,0,1,1,0,1,1.64,1,0.638,40.7,MEDIUM
DevOps Engineer,Product,Production Database,4,19.57,0,1,1,0,0,3.85,1,0.783,35.8,MEDIUM
Contractor,HR,HR Database,3,19.2,0,1,1,1,0,2.72,1,0.868,7.7,LOW
Product Manager,HR,Project Management System,1,10.17,0,0,1,1,0,1.05,1,0.806,25.7,LOW
Product Manager,Engineering,Finance System,3,0.6,1,0,0,0,0,14.63,1,0.341,96.1,HIGH
System Administrator,HR,Finance System,3,17.72,0,1,1,0,0,4.53,1,0.684,27.6,LOW
Finance Analyst,Finance,Production Database,4,7.35,0,1,1,0,0,0.55,1,0.708,30.1,MEDIUM
Finance Analyst,Engineering,GitHub Project Alpha,1,19.92,0,1,1,1,0,1.86,1,0.653,9.3,LOW
Finance Analyst,HR,HR Database,3,0.95,1,1,0,1,4,4.15,1,0.278,83.7,HIGH
Software Developer,Product,Production Database,4,21.02,1,1,1,0,3,10.07,1,0.286,96.3,HIGH
Software Developer,Finance,HR Database,3,0.23,1,1,1,0,2,12.05,1,0.047,100.0,HIGH
DevOps Engineer,IT,Admin Panel,4,10.18,0,1,1,1,0,4.66,1,0.805,15.4,LOW
Software Developer,Finance,GitHub Project Alpha,1,16.55,0,1,1,0,0,1.42,1,0.619,26.5,LOW
Product Manager,IT,Production Database,4,22.3,1,1,0,1,0,11.42,1,0.061,83.7,HIGH
HR Specialist,HR,Project Management System,1,3.97,1,0,0,1,3,3.83,1,0.034,88.7,HIGH
HR Specialist,Engineering,Production Database,4,13.35,0,1,1,1,0,2.81,1,0.625,14.5,LOW
Contractor,Product,Development Server,2,2.62,1,0,0,0,5,3.54,1,0.481,96.9,HIGH
Finance Analyst,Product,GitHub Project Alpha,1,5.69,1,0,0,1,5,12.93,1,0.263,97.4,HIGH
QA Engineer,Engineering,HR Database,3,18.24,0,1,1,0,0,3.58,1,0.752,31.3,MEDIUM
Software Developer,Product,GitHub Project Alpha,1,8.09,0,1,1,1,1,4.33,1,0.988,11.8,LOW
Product Manager,HR,HR Database,3,21.38,1,0,0,1,1,10.43,1,0.077,96.2,HIGH
System Administrator,IT,Development Server,2,21.36,1,0,0,0,1,11.45,0,0.326,100.0,HIGH
HR Specialist,Finance,Admin Panel,4,17.64,0,1,1,0,0,3.65,1,0.884,30.8,MEDIUM
DevOps Engineer,HR,Finance System,3,17.74,0,0,1,0,0,3.18,1,0.709,46.9,MEDIUM
Finance Analyst,Finance,GitHub Project Alpha,1,14.91,0,1,1,0,0,4.02,1,0.735,22.0,LOW
QA Engineer,Finance,GitHub Project Alpha,1,10.51,0,1,1,0,0,4.24,1,0.776,24.1,LOW
Finance Analyst,Product,Finance System,3,0.95,1,0,0,0,0,8.13,1,0.464,99.0,HIGH
DevOps Engineer,Engineering,Project Management System,1,12.17,0,1,1,1,0,1.96,1,0.913,5.3,LOW
DevOps Engineer,HR,Project Management System,1,0.21,1,1,0,1,4,5.78,1,0.425,81.9,HIGH
Product Manager,Product,Production Database,4,14.47,0,1,1,0,0,2.58,1,0.636,33.3,MEDIUM
Product Manager,Product,Production Database,4,12.41,0,1,0,0,0,1.66,1,0.862,50.8,MEDIUM
Finance Analyst,IT,Development Server,2,7.49,0,1,1,0,0,2.35,1,0.787,23.2,LOW
System Administrator,Finance,Development Server,2,9.28,0,1,1,0,0,0.8,1,0.992,27.2,LOW
Contractor,Engineering,Project Management System,1,9.76,0,1,1,1,0,0.92,1,0.764,4.5,LOW
Finance Analyst,IT,Project Management System,1,9.2,0,1,1,1,0,1.45,1,0.688,4.7,LOW
Finance Analyst,IT,HR Database,3,10.56,0,1,1,0,0,4.22,1,0.994,28.7,LOW
QA Engineer,HR,Finance System,3,11.4,0,1,0,0,0,1.11,1,0.999,45.1,MEDIUM
Contractor,HR,Production Database,4,1.03,1,0,0,0,5,3.7,1,0.532,98.6,HIGH
System Administrator,Engineering,Production Database,4,17.41,0,1,1,1,0,3.47,1,0.858,8.5,LOW
QA Engineer,IT,Admin Panel,4,14.16,0,1,1,1,1,0.56,1,0.72,18.4,LOW
Product Manager,Finance,Finance System,3,14.37,0,1,1,1,0,2.75,1,0.624,14.7,LOW
DevOps Engineer,IT,HR Database,3,5.6,1,0,0,0,1,13.87,0,0.014,100.0,HIGH
Product Manager,Finance,GitHub Project Alpha,1,15.95,0,1,1,0,0,1.57,1,0.841,21.1,LOW
Finance Analyst,Engineering,GitHub Project Alpha,1,21.15,1,0,0,1,5,13.86,0,0.594,99.5,HIGH
HR Specialist,IT,GitHub Project Alpha,1,16.52,0,1,1,0,1,2.42,1,0.953,30.0,MEDIUM
Contractor,Finance,Admin Panel,4,17.78,0,0,1,0,0,3.72,1,0.699,54.6,MEDIUM
System Administrator,Engineering,Development Server,2,23.37,1,0,0,1,0,10.49,1,0.478,94.3,HIGH
System Administrator,Product,Development Server,2,16.52,0,1,1,0,1,3.82,1,0.674,40.0,MEDIUM
Product Manager,Product,Finance System,3,11.59,0,1,1,0,0,1.74,1,0.713,31.1,MEDIUM
Product Manager,HR,Production Database,4,18.34,0,1,1,0,0,2.76,1,0.85,28.5,LOW
QA Engineer,HR,Finance System,3,17.22,0,1,1,0,0,4.17,1,0.775,32.5,MEDIUM
QA Engineer,Finance,Development Server,2,8.94,0,1,1,0,0,1.39,1,0.889,28.8,LOW
QA Engineer,Finance,HR Database,3,12.72,0,1,1,0,0,4.9,1,0.778,32.8,MEDIUM
DevOps Engineer,IT,Production Database,4,4.69,1,0,1,1,2,7.46,1,0.039,84.1,HIGH
HR Specialist,Product,Project Management System,1,16.53,0,1,1,1,0,0.99,1,0.702,8.1,LOW
HR Specialist,Finance,Development Server,2,22.38,1,1,0,0,3,4.37,1,0.005,92.6,HIGH
DevOps Engineer,Finance,Finance System,3,7.3,0,1,1,1,0,3.78,1,0.972,6.9,LOW
HR Specialist,Finance,GitHub Project Alpha,1,17.5,0,1,1,0,1,3.84,1,0.79,30.0,MEDIUM
System Administrator,Finance,Development Server,2,14.28,0,1,1,0,0,4.98,1,0.647,30.0,MEDIUM
System Administrator,Engineering,GitHub Project Alpha,1,2.93,1,0,1,1,2,8.21,1,0.56,71.1,HIGH
System Administrator,Engineering,Finance System,3,2.29,1,0,1,0,5,3.95,1,0.177,100.0,HIGH
QA Engineer,Engineering,GitHub Project Alpha,1,7.89,0,0,1,1,0,3.52,1,0.855,25.9,LOW
DevOps Engineer,Engineering,HR Database,3,13.33,0,1,1,0,0,1.9,1,0.792,31.3,MEDIUM
System Administrator,Finance,HR Database,3,10.62,0,1,1,0,0,1.31,1,0.661,30.0,MEDIUM
HR Specialist,HR,Development Server,2,9.23,0,1,1,0,0,0.61,1,0.633,29.6,LOW
HR Specialist,IT,Production Database,4,7.82,0,0,1,1,0,2.53,1,0.924,29.7,LOW
Contractor,Engineering,GitHub Project Alpha,1,3.02,1,0,0,1,0,4.64,1,0.25,63.0,MEDIUM
Product Manager,HR,Admin Panel,4,14.32,0,0,1,0,0,1.53,1,0.645,53.0,MEDIUM
Product Manager,IT,Admin Panel,4,10.61,0,1,1,1,0,0.11,1,0.73,13.1,LOW
DevOps Engineer,Engineering,Admin Panel,4,11.43,0,1,1,0,1,1.46,1,0.699,44.3,MEDIUM
HR Specialist,IT,HR Database,3,19.87,0,0,1,0,1,4.01,1,0.819,54.3,MEDIUM
Software Developer,Engineering,Project Management System,1,9.28,0,1,1,1,0,2.0,1,0.86,2.3,LOW
DevOps Engineer,Product,Production Database,4,13.87,0,1,1,0,0,1.96,1,0.75,34.1,MEDIUM
HR Specialist,Finance,Finance System,3,13.7,0,1,0,1,1,3.89,0,0.786,55.4,MEDIUM
Product Manager,Engineering,Finance System,3,9.24,0,1,1,0,0,2.38,1,0.747,32.4,MEDIUM
QA Engineer,IT,Finance System,3,0.53,1,0,0,0,4,4.86,1,0.134,100.0,HIGH
Finance Analyst,HR,Project Management System,1,23.76,1,1,0,1,3,13.34,1,0.0,100.0,HIGH
Product Manager,Finance,Project Management System,1,22.39,1,0,0,1,1,8.38,1,0.035,92.6,HIGH
Software Developer,Engineering,Admin Panel,4,7.27,0,1,1,0,0,2.75,1,0.662,33.7,MEDIUM
HR Specialist,HR,Production Database,4,23.95,1,0,0,0,2,9.8,1,0.557,99.0,HIGH
DevOps Engineer,Engineering,Project Management System,1,23.83,1,0,0,1,4,8.35,1,0.456,98.5,HIGH
DevOps Engineer,IT,Development Server,2,10.23,0,1,1,0,0,1.05,1,0.867,23.8,LOW
Finance Analyst,Finance,Production Database,4,15.21,0,1,0,0,0,2.23,1,0.612,56.9,MEDIUM
System Administrator,IT,GitHub Project Alpha,1,18.05,0,1,1,0,0,1.7,1,0.766,21.3,LOW
Software Developer,HR,GitHub Project Alpha,1,19.96,0,1,1,0,0,0.13,1,0.941,26.0,LOW
Contractor,Finance,Project Management System,1,14.62,0,1,1,1,0,3.14,1,0.983,2.7,LOW
System Administrator,Engineering,Production Database,4,22.49,1,0,0,1,0,11.78,1,0.46,100.0,HIGH
HR Specialist,Engineering,HR Database,3,15.65,0,1,0,0,0,4.48,1,0.831,48.2,MEDIUM
HR Specialist,IT,HR Database,3,21.7,1,0,0,0,5,3.35,1,0.331,100.0,HIGH
QA Engineer,IT,Finance System,3,15.25,0,1,1,0,0,0.74,1,0.88,30.8,MEDIUM
Product Manager,Engineering,Finance System,3,1.58,1,0,0,0,4,12.24,1,0.085,100.0,HIGH
DevOps Engineer,Product,Production Database,4,12.01,0,1,1,0,0,4.22,1,0.716,31.8,MEDIUM
HR Specialist,Finance,GitHub Project Alpha,1,9.12,0,1,1,0,1,3.41,1,0.731,29.8,LOW
System Administrator,Product,Project Management System,1,7.53,0,1,1,1,0,2.54,1,0.928,5.8,LOW
Product Manager,Product,Admin Panel,4,18.73,0,1,0,0,0,0.49,1,0.909,52.0,MEDIUM
Finance Analyst,Product,Development Server,2,15.89,0,1,1,0,1,2.24,1,0.842,32.0,MEDIUM
Finance Analyst,Product,Development Server,2,7.26,0,1,1,0,0,3.83,1,0.639,26.9,LOW
Contractor,IT,Development Server,2,8.21,0,1,1,0,0,0.37,1,0.637,30.0,LOW
DevOps Engineer,Product,Development Server,2,7.69,0,0,1,0,0,0.16,1,0.697,50.3,MEDIUM
Finance Analyst,Finance,HR Database,3,18.06,0,1,1,0,0,1.41,1,0.686,29.2,LOW
HR Specialist,Product,Admin Panel,4,17.34,0,1,1,0,0,4.7,1,0.827,34.6,MEDIUM
HR Specialist,Finance,Project Management System,1,10.01,0,1,1,1,1,2.16,0,0.792,26.6,LOW
Finance Analyst,Finance,Finance System,3,23.22,1,0,0,1,4,4.54,1,0.498,97.8,HIGH
Contractor,IT,HR Database,3,5.53,1,0,0,0,0,6.3,1,0.298,99.0,HIGH
Product Manager,Finance,Admin Panel,4,5.97,1,1,0,0,1,6.72,1,0.223,90.7,HIGH
Contractor,Finance,Project Management System,1,9.94,0,1,1,1,0,3.8,1,0.864,4.4,LOW
QA Engineer,Product,Finance System,3,14.06,0,1,1,0,0,5.0,1,0.615,31.3,MEDIUM
Product Manager,Engineering,Admin Panel,4,2.07,1,1,0,0,3,13.8,1,0.046,100.0,HIGH
QA Engineer,Product,Finance System,3,22.58,1,0,1,0,2,10.85,1,0.026,99.9,HIGH
Software Developer,Finance,Finance System,3,11.83,0,0,1,1,0,0.91,1,0.781,31.4,MEDIUM
Finance Analyst,Product,HR Database,3,17.55,0,1,1,0,0,4.87,1,0.813,30.5,MEDIUM
DevOps Engineer,IT,Project Management System,1,15.05,0,1,1,1,0,3.91,1,0.721,3.2,LOW
Product Manager,HR,Development Server,2,11.55,0,1,1,0,0,0.41,1,0.83,28.7,LOW
System Administrator,HR,Production Database,4,4.7,1,0,1,0,1,6.91,1,0.417,86.7,HIGH
QA Engineer,Finance,Admin Panel,4,15.7,0,1,1,0,1,0.92,1,0.995,37.2,MEDIUM
Software Developer,Engineering,Project Management System,1,16.48,0,1,1,1,0,0.58,1,0.659,2.7,LOW
HR Specialist,IT,Production Database,4,23.82,1,0,0,1,4,7.12,1,0.583,100.0,HIGH
Product Manager,HR,Development Server,2,9.58,0,1,1,0,0,3.65,1,0.713,28.0,LOW
HR Specialist,Product,Development Server,2,15.29,0,1,1,0,0,1.25,1,0.778,25.7,LOW
Software Developer,HR,Production Database,4,17.29,0,1,1,0,0,4.56,1,0.703,34.5,MEDIUM
Product Manager,Product,Development Server,2,21.71,1,0,0,0,5,3.69,1,0.138,100.0,HIGH
Contractor,Product,GitHub Project Alpha,1,7.54,0,1,1,1,0,2.57,1,0.981,3.7,LOW
QA Engineer,Finance,Development Server,2,14.57,0,1,1,0,0,1.69,1,0.983,23.9,LOW
Contractor,Finance,Development Server,2,23.91,1,0,0,0,4,12.17,1,0.09,97.5,HIGH
Finance Analyst,HR,Finance System,3,22.62,1,0,0,0,3,8.66,1,0.181,100.0,HIGH
Software Developer,Product,Production Database,4,22.03,1,1,0,0,0,14.48,1,0.422,100.0,HIGH
QA Engineer,Engineering,HR Database,3,12.7,0,1,1,0,0,4.58,1,0.826,29.5,LOW
HR Specialist,Product,Production Database,4,16.62,0,1,1,0,1,1.35,1,0.745,43.7,MEDIUM
System Administrator,Finance,Finance System,3,5.99,1,0,1,1,3,5.1,1,0.242,77.6,HIGH
System Administrator,HR,Project Management System,1,23.78,1,0,0,1,4,9.42,1,0.311,97.1,HIGH
DevOps Engineer,HR,Development Server,2,8.61,0,1,1,0,0,2.42,1,0.879,28.0,LOW
System Administrator,HR,Admin Panel,4,9.68,0,1,1,0,0,0.84,1,0.93,33.1,MEDIUM
DevOps Engineer,Product,Production Database,4,4.34,1,0,0,0,5,6.23,1,0.347,99.4,HIGH
Software Developer,Product,Project Management System,1,12.48,0,1,1,1,0,2.59,1,0.704,3.8,LOW
DevOps Engineer,Finance,GitHub Project Alpha,1,8.48,0,1,1,0,0,1.83,1,0.606,29.4,LOW
HR Specialist,Finance,Finance System,3,7.76,0,1,1,1,0,2.24,1,0.95,11.2,LOW
Contractor,Finance,GitHub Project Alpha,1,23.59,1,1,0,0,5,11.58,1,0.087,96.5,HIGH
Product Manager,Engineering,Finance System,3,15.65,0,1,1,0,1,0.65,1,0.603,38.7,MEDIUM
DevOps Engineer,IT,Development Server,2,9.83,0,1,1,0,1,4.07,1,0.888,32.8,MEDIUM
DevOps Engineer,HR,Admin Panel,4,8.44,0,1,1,0,1,1.71,1,0.65,42.0,MEDIUM
QA Engineer,HR,HR Database,3,18.71,0,1,1,1,1,3.42,1,0.89,14.9,LOW
Contractor,Product,HR Database,3,1.15,1,0,1,0,2,7.85,1,0.238,100.0,HIGH
Software Developer,Finance,Admin Panel,4,10.26,0,0,1,0,0,1.91,1,0.654,56.5,MEDIUM
Finance Analyst,Finance,HR Database,3,9.69,0,1,1,0,1,1.33,1,0.899,34.0,MEDIUM
HR Specialist,Engineering,Development Server,2,1.78,1,0,0,1,2,11.13,1,0.033,100.0,HIGH
DevOps Engineer,IT,GitHub Project Alpha,1,3.4,1,0,0,0,3,5.31,1,0.327,100.0,HIGH
Contractor,Engineering,Admin Panel,4,10.33,0,1,1,0,0,3.91,1,0.884,33.1,MEDIUM
Finance Analyst,HR,Project Management System,1,0.52,1,1,0,1,4,5.24,1,0.558,73.1,HIGH
QA Engineer,IT,HR Database,3,3.46,1,1,0,0,4,8.72,1,0.436,100.0,HIGH
Contractor,Product,GitHub Project Alpha,1,8.12,0,1,1,1,0,3.01,1,0.652,4.3,LOW
DevOps Engineer,IT,Finance System,3,22.95,1,0,1,0,1,8.34,1,0.182,92.5,HIGH
Finance Analyst,IT,Development Server,2,17.4,0,1,1,0,0,4.32,1,0.906,26.2,LOW
DevOps Engineer,IT,Project Management System,1,8.98,0,1,1,1,0,2.69,1,0.882,6.0,LOW
HR Specialist,HR,GitHub Project Alpha,1,23.08,1,0,0,0,3,8.53,1,0.204,98.6,HIGH
DevOps Engineer,HR,GitHub Project Alpha,1,16.01,0,1,1,0,1,2.78,1,0.71,36.5,MEDIUM
HR Specialist,Engineering,Finance System,3,21.12,1,0,0,0,3,13.96,1,0.08,98.0,HIGH
QA Engineer,Finance,Finance System,3,17.78,0,1,1,1,0,0.05,1,0.912,5.6,LOW
QA Engineer,Product,Admin Panel,4,18.71,0,1,1,0,0,4.04,1,0.935,28.5,LOW
Finance Analyst,HR,HR Database,3,13.33,0,1,1,1,0,3.42,1,0.825,11.7,LOW
Finance Analyst,Engineering,Finance System,3,16.28,0,1,1,0,0,0.04,1,0.931,27.4,LOW
Software Developer,Finance,GitHub Project Alpha,1,13.1,0,1,1,0,0,1.31,1,0.631,29.5,LOW
Contractor,IT,Project Management System,1,14.01,0,1,1,1,0,4.13,1,0.649,4.8,LOW
QA Engineer,IT,Production Database,4,15.66,0,1,1,1,0,1.11,1,0.709,9.4,LOW
System Administrator,HR,Finance System,3,12.07,0,1,1,0,1,3.45,1,0.788,37.3,MEDIUM
HR Specialist,Finance,GitHub Project Alpha,1,5.68,1,0,0,0,3,13.41,1,0.222,100.0,HIGH
DevOps Engineer,HR,GitHub Project Alpha,1,18.9,0,1,1,0,0,1.65,1,0.926,20.4,LOW
Software Developer,IT,Admin Panel,4,7.82,0,1,1,1,0,4.68,1,0.749,16.5,LOW
HR Specialist,HR,Project Management System,1,7.98,0,1,1,1,0,0.36,1,0.884,2.7,LOW
HR Specialist,Engineering,Project Management System,1,19.27,0,1,1,1,1,0.29,1,0.812,12.1,LOW
Finance Analyst,Engineering,HR Database,3,11.53,0,1,1,0,0,2.25,1,0.671,32.5,MEDIUM
HR Specialist,IT,Project Management System,1,16.49,0,1,1,1,0,3.1,1,0.928,0.0,LOW
Software Developer,IT,HR Database,3,7.75,0,1,1,0,0,0.93,1,0.837,28.6,LOW
Software Developer,Engineering,Admin Panel,4,8.71,0,1,1,0,0,3.57,0,0.611,51.7,MEDIUM
Finance Analyst,Engineering,GitHub Project Alpha,1,10.08,0,1,0,1,0,4.66,1,0.692,23.4,LOW
DevOps Engineer,Finance,HR Database,3,11.22,0,1,1,0,0,3.98,1,0.663,29.9,LOW
Contractor,Product,HR Database,3,22.36,1,1,0,0,5,12.55,0,0.05,100.0,HIGH
System Administrator,Finance,Production Database,4,8.78,0,1,1,0,0,1.44,1,0.84,34.8,MEDIUM
QA Engineer,HR,Project Management System,1,3.78,1,0,0,1,3,9.04,1,0.323,100.0,HIGH
QA Engineer,Product,Development Server,2,19.79,0,1,1,0,0,0.9,1,0.987,28.2,LOW
Contractor,Engineering,Production Database,4,0.22,1,0,0,1,1,5.43,0,0.248,100.0,HIGH
Finance Analyst,IT,Development Server,2,10.42,0,1,1,0,0,4.78,1,0.938,22.1,LOW
HR Specialist,Engineering,HR Database,3,19.36,0,1,0,0,1,4.18,1,0.742,60.8,MEDIUM
Software Developer,IT,Finance System,3,14.64,0,1,1,0,0,1.56,1,0.968,28.1,LOW
Software Developer,HR,Project Management System,1,7.23,0,1,1,1,0,4.07,1,0.767,1.7,LOW
Contractor,Engineering,Admin Panel,4,10.5,0,1,1,0,1,4.15,1,0.694,43.9,MEDIUM
DevOps Engineer,HR,HR Database,3,5.9,1,0,0,1,5,14.56,1,0.45,97.8,HIGH
Finance Analyst,HR,Production Database,4,7.78,0,1,1,0,0,1.0,1,0.603,31.6,MEDIUM
System Administrator,Product,Finance System,3,19.17,0,1,1,0,0,3.69,1,0.763,30.4,MEDIUM
DevOps Engineer,Engineering,GitHub Project Alpha,1,3.25,1,0,0,1,1,3.44,1,0.531,70.4,HIGH
System Administrator,Finance,Development Server,2,23.59,1,0,1,0,2,14.55,1,0.514,97.7,HIGH
Product Manager,Finance,Project Management System,1,14.51,0,1,1,1,1,1.83,1,0.992,12.9,LOW
QA Engineer,Engineering,GitHub Project Alpha,1,16.55,0,1,1,1,0,2.47,1,0.704,4.5,LOW
Product Manager,Finance,GitHub Project Alpha,1,15.91,0,1,1,0,0,1.8,1,0.608,29.1,LOW
Contractor,Engineering,Finance System,3,5.4,1,0,0,0,1,4.47,1,0.337,94.1,HIGH
Finance Analyst,Product,HR Database,3,9.47,0,1,1,0,1,0.34,1,0.935,39.1,MEDIUM
HR Specialist,Engineering,Admin Panel,4,21.35,1,0,1,0,3,9.89,1,0.14,99.1,HIGH
DevOps Engineer,Finance,Admin Panel,4,9.12,0,1,1,0,0,2.62,1,0.901,28.7,LOW
QA Engineer,Product,Development Server,2,22.41,1,0,1,0,1,3.77,0,0.011,94.3,HIGH
DevOps Engineer,Engineering,Admin Panel,4,19.16,0,1,0,0,0,4.73,1,0.769,52.6,MEDIUM
QA Engineer,IT,Finance System,3,19.04,0,1,1,0,0,1.08,1,0.776,27.6,LOW
Contractor,Product,Finance System,3,13.36,0,1,1,0,0,4.95,0,0.92,41.4,MEDIUM
Contractor,Engineering,Production Database,4,13.51,0,1,1,1,0,1.49,1,0.63,16.8,LOW
Contractor,Finance,Project Management System,1,10.6,0,1,1,1,0,0.09,1,0.988,0.9,LOW
Finance Analyst,HR,Project Management System,1,13.41,0,1,1,1,0,4.83,1,0.69,4.2,LOW
QA Engineer,IT,Production Database,4,13.75,0,1,1,1,0,1.67,1,0.983,10.4,LOW
DevOps Engineer,HR,Project Management System,1,13.37,0,1,1,1,0,1.38,1,0.689,3.8,LOW
Contractor,IT,GitHub Project Alpha,1,13.1,0,1,0,0,1,3.92,1,0.917,48.3,MEDIUM
DevOps Engineer,HR,Production Database,4,13.13,0,1,1,0,0,4.26,1,0.651,36.1,MEDIUM
Product Manager,IT,Production Database,4,8.96,0,1,1,1,0,1.99,1,0.891,9.0,LOW
HR Specialist,Engineering,Project Management System,1,7.65,0,1,1,1,0,3.22,1,0.966,6.5,LOW
QA Engineer,Finance,GitHub Project Alpha,1,22.61,1,0,0,0,0,14.07,0,0.041,99.1,HIGH
Contractor,Product,Project Management System,1,18.36,0,1,1,1,0,4.44,1,0.642,5.7,LOW
System Administrator,Product,Development Server,2,22.21,1,1,0,0,3,14.95,1,0.444,96.8,HIGH
Product Manager,Engineering,Project Management System,1,22.17,1,1,0,1,4,4.5,1,0.284,78.6,HIGH
Finance Analyst,Engineering,Admin Panel,4,8.12,0,1,1,0,0,1.32,1,0.987,33.9,MEDIUM
Finance Analyst,Engineering,Finance System,3,16.91,0,1,0,0,1,2.44,1,0.877,52.8,MEDIUM
QA Engineer,IT,Admin Panel,4,7.13,0,1,0,1,0,2.87,1,0.967,27.1,LOW
Finance Analyst,Product,HR Database,3,17.77,0,1,1,0,0,3.86,1,0.646,28.8,LOW
Software Developer,Engineering,Finance System,3,23.39,1,0,0,0,4,13.93,1,0.271,96.5,HIGH
System Administrator,Finance,HR Database,3,14.83,0,1,1,0,0,2.91,1,0.66,33.9,MEDIUM
HR Specialist,HR,HR Database,3,17.67,0,1,1,1,0,0.57,1,0.612,14.3,LOW
System Administrator,Finance,Development Server,2,10.3,0,1,0,0,0,1.24,1,0.853,42.7,MEDIUM
HR Specialist,HR,HR Database,3,15.88,0,1,1,1,0,3.4,1,0.641,8.8,LOW
HR Specialist,Engineering,Project Management System,1,14.45,0,0,1,1,0,2.34,1,0.713,25.1,LOW
Contractor,Finance,GitHub Project Alpha,1,19.48,0,1,1,0,1,2.38,1,0.905,28.1,LOW
Software Developer,HR,Finance System,3,8.32,0,1,1,0,0,2.26,1,0.841,25.4,LOW
DevOps Engineer,Engineering,HR Database,3,9.5,0,1,0,0,0,1.34,1,0.765,51.2,MEDIUM
QA Engineer,IT,Finance System,3,8.54,0,0,1,0,1,2.2,1,0.843,55.7,MEDIUM
Finance Analyst,Product,Production Database,4,18.65,0,1,1,0,0,3.84,1,0.948,30.9,MEDIUM
Finance Analyst,Finance,GitHub Project Alpha,1,18.78,0,1,1,0,0,2.46,1,0.865,25.5,LOW
Contractor,IT,Project Management System,1,10.99,0,1,1,1,0,2.42,1,0.627,4.4,LOW
Software Developer,HR,Admin Panel,4,8.38,0,1,1,0,0,0.24,1,0.848,31.4,MEDIUM
Product Manager,IT,HR Database,3,21.39,1,0,1,0,4,13.02,1,0.077,100.0,HIGH
Software Developer,HR,Production Database,4,23.72,1,1,0,0,2,8.26,1,0.095,100.0,HIGH
HR Specialist,HR,Admin Panel,4,17.84,0,1,1,0,0,2.05,1,0.631,36.7,MEDIUM
HR Specialist,Finance,Production Database,4,18.44,0,1,1,0,0,2.67,1,0.703,30.7,MEDIUM
Software Developer,HR,GitHub Project Alpha,1,18.72,0,0,1,0,1,1.01,1,0.716,53.7,MEDIUM
DevOps Engineer,Finance,Admin Panel,4,5.73,1,0,0,0,1,3.83,0,0.388,99.1,HIGH
System Administrator,HR,HR Database,3,17.24,0,1,1,1,0,0.04,1,0.859,10.1,LOW
DevOps Engineer,Finance,GitHub Project Alpha,1,4.32,1,1,0,0,0,6.82,1,0.311,70.5,HIGH
Finance Analyst,Product,Project Management System,1,14.12,0,1,1,1,1,0.89,1,0.73,16.1,LOW
Product Manager,HR,Production Database,4,7.77,0,1,1,0,0,2.89,1,0.997,29.0,LOW
DevOps Engineer,IT,Development Server,2,12.72,0,1,0,0,0,3.27,1,1.0,42.6,MEDIUM
DevOps Engineer,Finance,Production Database,4,2.45,1,0,0,0,2,9.03,1,0.278,100.0,HIGH
Finance Analyst,Finance,Admin Panel,4,10.65,0,0,1,0,0,3.91,1,0.677,52.0,MEDIUM
Finance Analyst,HR,Development Server,2,10.9,0,1,1,0,1,0.6,1,0.797,36.1,MEDIUM
Finance Analyst,HR,Development Server,2,14.24,0,1,1,0,0,2.11,1,0.793,25.9,LOW
QA Engineer,HR,Development Server,2,10.04,0,1,1,0,0,3.5,1,0.902,22.6,LOW
DevOps Engineer,Finance,Production Database,4,16.95,0,1,1,0,0,2.38,1,0.647,30.1,MEDIUM
System Administrator,Engineering,Admin Panel,4,11.04,0,0,0,0,0,1.05,1,0.875,71.3,HIGH
Finance Analyst,Finance,Development Server,2,7.32,0,1,0,0,0,3.08,1,0.775,46.7,MEDIUM
QA Engineer,IT,Production Database,4,23.61,1,0,0,1,0,12.97,1,0.389,100.0,HIGH
Finance Analyst,Engineering,GitHub Project Alpha,1,5.6,1,0,0,1,1,12.63,1,0.38,96.3,HIGH
DevOps Engineer,IT,Production Database,4,13.69,0,1,0,1,1,0.19,1,0.82,38.9,MEDIUM
Finance Analyst,Engineering,Project Management System,1,17.05,0,1,1,1,1,0.27,1,0.816,9.4,LOW
QA Engineer,IT,HR Database,3,0.13,1,0,0,0,4,5.12,1,0.474,100.0,HIGH
Software Developer,Product,Admin Panel,4,8.08,0,1,1,0,1,2.9,1,0.881,36.6,MEDIUM
Contractor,IT,GitHub Project Alpha,1,19.36,0,1,1,0,0,1.85,1,0.835,24.6,LOW
Product Manager,HR,Production Database,4,19.59,0,0,1,0,0,3.39,1,0.921,50.4,MEDIUM
System Administrator,HR,Admin Panel,4,17.9,0,1,1,0,0,1.2,1,0.812,28.9,LOW
Software Developer,IT,Development Server,2,23.29,1,0,1,0,2,14.38,1,0.324,99.7,HIGH
System Administrator,Product,Finance System,3,17.13,0,1,1,0,0,2.71,1,0.639,27.8,LOW
QA Engineer,HR,Finance System,3,9.63,0,1,1,0,0,1.68,1,0.891,28.2,LOW
HR Specialist,Finance,Production Database,4,23.63,1,0,0,0,5,11.99,1,0.128,98.8,HIGH
HR Specialist,Product,Development Server,2,8.19,0,1,0,0,0,2.59,1,0.709,48.0,MEDIUM
QA Engineer,HR,Development Server,2,12.78,0,1,1,0,0,3.3,1,0.84,29.0,LOW
Contractor,HR,HR Database,3,15.01,0,1,1,1,0,2.06,1,0.897,5.7,LOW
System Administrator,Engineering,Project Management System,1,16.94,0,1,1,1,0,3.82,1,0.847,3.0,LOW
Contractor,Engineering,HR Database,3,8.97,0,1,1,0,0,1.57,1,0.994,26.5,LOW
Software Developer,Product,Development Server,2,4.18,1,0,1,0,0,5.55,1,0.303,66.8,MEDIUM
Contractor,Engineering,Production Database,4,13.65,0,1,1,1,0,4.47,1,0.811,9.3,LOW
Finance Analyst,Engineering,Development Server,2,11.34,0,1,1,1,0,2.87,1,0.635,11.4,LOW
Finance Analyst,Product,Finance System,3,14.7,0,0,1,0,0,1.5,1,0.606,52.5,MEDIUM
HR Specialist,Engineering,Project Management System,1,3.09,1,0,1,1,4,11.4,1,0.097,99.7,HIGH
Finance Analyst,Engineering,Finance System,3,10.47,0,1,0,0,0,3.52,1,0.788,51.7,MEDIUM
Contractor,Engineering,Development Server,2,18.5,0,1,1,1,0,4.41,1,0.935,3.6,LOW
Product Manager,Finance,Production Database,4,17.44,0,0,0,0,1,0.84,1,0.987,79.1,HIGH
Product Manager,HR,Production Database,4,18.0,0,1,1,0,1,3.19,1,0.807,43.3,MEDIUM
HR Specialist,Finance,Development Server,2,7.8,0,1,1,0,0,0.16,1,0.919,28.8,LOW
HR Specialist,IT,Production Database,4,12.85,0,0,1,1,0,0.55,1,0.706,29.8,LOW
Product Manager,IT,Finance System,3,9.49,0,1,1,0,1,4.51,1,0.617,36.0,MEDIUM
Product Manager,HR,Development Server,2,1.95,1,1,1,0,3,3.96,1,0.07,74.6,HIGH
HR Specialist,Product,Project Management System,1,17.33,0,1,1,1,0,3.09,1,0.99,0.7,LOW
HR Specialist,Finance,Admin Panel,4,15.47,0,1,1,0,0,3.43,1,0.836,35.3,MEDIUM
DevOps Engineer,HR,HR Database,3,16.43,0,1,1,1,0,2.39,1,0.843,8.2,LOW
Contractor,Product,HR Database,3,15.9,0,1,1,0,0,3.18,1,0.611,29.3,LOW
Finance Analyst,Engineering,Admin Panel,4,19.72,0,0,1,0,0,4.22,1,0.995,50.9,MEDIUM
Contractor,IT,Finance System,3,17.7,0,1,0,0,0,0.61,1,0.92,51.3,MEDIUM
Software Developer,IT,Admin Panel,4,10.08,0,1,1,1,0,0.41,1,0.982,8.0,LOW
Software Developer,IT,GitHub Project Alpha,1,17.32,0,1,1,0,0,1.16,1,0.685,28.6,LOW
QA Engineer,Engineering,Project Management System,1,17.13,0,1,1,1,0,3.71,1,0.706,3.2,LOW
Product Manager,Finance,GitHub Project Alpha,1,15.63,0,1,1,0,1,2.54,1,0.832,31.9,MEDIUM
Contractor,Engineering,HR Database,3,22.29,1,0,0,0,1,8.89,1,0.599,100.0,HIGH
Finance Analyst,IT,Finance System,3,11.12,0,1,1,0,0,2.61,1,0.939,29.7,LOW
Contractor,IT,Production Database,4,11.71,0,1,1,1,0,4.58,1,0.67,12.3,LOW
Software Developer,Engineering,Development Server,2,18.89,0,1,1,1,0,1.13,1,0.603,7.2,LOW
Product Manager,HR,Project Management System,1,2.43,1,0,1,1,2,13.39,1,0.442,90.0,HIGH
DevOps Engineer,Product,Finance System,3,19.81,0,1,1,0,0,0.2,1,0.632,28.7,LOW
QA Engineer,Engineering,Admin Panel,4,0.92,1,1,0,0,2,4.18,1,0.326,90.1,HIGH
Finance Analyst,Engineering,GitHub Project Alpha,1,4.34,1,0,0,1,5,11.44,1,0.435,96.3,HIGH
Contractor,HR,Development Server,2,16.34,0,1,1,0,0,2.37,1,0.781,24.5,LOW
Finance Analyst,IT,Development Server,2,19.03,0,1,1,0,0,4.82,1,0.798,24.7,LOW
System Administrator,Engineering,Development Server,2,17.37,0,1,1,1,0,4.23,1,0.806,8.9,LOW
System Administrator,Finance,Development Server,2,16.16,0,1,1,0,0,0.15,1,0.938,24.0,LOW
QA Engineer,IT,HR Database,3,14.76,0,1,1,0,1,2.99,1,0.636,40.8,MEDIUM
HR Specialist,Finance,Admin Panel,4,12.21,0,0,1,0,0,0.07,1,0.814,48.5,MEDIUM
System Administrator,Engineering,Admin Panel,4,18.68,0,1,0,0,1,1.71,1,0.658,59.2,MEDIUM
System Administrator,Product,Finance System,3,19.71,0,1,1,0,0,0.4,1,0.646,34.5,MEDIUM
QA Engineer,Engineering,Project Management System,1,11.21,0,1,1,1,0,3.38,1,0.637,6.0,LOW
Finance Analyst,Engineering,HR Database,3,0.45,1,0,1,0,4,9.19,0,0.151,96.2,HIGH
Contractor,HR,Finance System,3,13.85,0,1,1,0,0,4.13,1,0.642,33.6,MEDIUM
HR Specialist,Finance,Finance System,3,0.35,1,0,1,1,1,14.54,1,0.557,81.9,HIGH
DevOps Engineer,Engineering,Project Management System,1,14.99,0,1,0,1,0,4.21,1,0.675,27.0,LOW
Finance Analyst,HR,Development Server,2,22.19,1,1,0,0,1,6.04,1,0.576,78.8,HIGH
Contractor,Finance,Production Database,4,10.05,0,1,1,0,0,1.81,1,0.825,34.9,MEDIUM
Contractor,Finance,Development Server,2,5.37,1,0,0,0,2,8.04,1,0.589,100.0,HIGH
Finance Analyst,Finance,HR Database,3,13.84,0,1,1,0,0,1.67,1,0.765,28.6,LOW
Software Developer,IT,Development Server,2,2.75,1,0,0,0,5,4.62,1,0.036,100.0,HIGH
Product Manager,IT,Development Server,2,1.95,1,0,0,0,0,11.38,1,0.294,97.5,HIGH
Finance Analyst,Product,Admin Panel,4,1.92,1,0,0,0,5,8.9,1,0.573,100.0,HIGH
System Administrator,IT,Production Database,4,4.18,1,0,0,1,3,5.31,1,0.598,91.7,HIGH
HR Specialist,HR,Project Management System,1,11.28,0,0,1,1,0,0.51,1,0.955,26.7,LOW
Software Developer,Finance,Production Database,4,0.73,1,1,1,0,5,14.11,1,0.283,100.0,HIGH
Contractor,Product,Finance System,3,1.15,1,0,0,0,5,14.36,1,0.53,96.8,HIGH
QA Engineer,Finance,GitHub Project Alpha,1,15.7,0,0,1,0,1,2.47,0,0.969,64.6,MEDIUM
HR Specialist,HR,GitHub Project Alpha,1,16.21,0,1,1,0,1,3.04,1,0.838,29.9,LOW
DevOps Engineer,IT,Finance System,3,2.82,1,0,0,0,2,10.42,1,0.49,99.5,HIGH
Contractor,Finance,Development Server,2,17.12,0,1,1,0,0,1.01,1,0.71,25.1,LOW
Contractor,Engineering,Finance System,3,15.44,0,1,0,0,0,4.56,1,0.71,49.4,MEDIUM
QA Engineer,IT,HR Database,3,0.36,1,0,0,0,0,4.69,0,0.15,98.2,HIGH
QA Engineer,Product,HR Database,3,13.33,0,1,1,0,0,2.0,1,0.734,28.0,LOW
QA Engineer,Finance,GitHub Project Alpha,1,21.8,1,0,0,0,5,7.69,1,0.47,96.5,HIGH
Software Developer,HR,HR Database,3,16.57,0,1,1,1,0,1.85,1,0.794,12.3,LOW
HR Specialist,HR,Production Database,4,15.48,0,1,0,0,1,0.47,1,0.976,56.4,MEDIUM
DevOps Engineer,HR,Development Server,2,12.97,0,1,1,0,0,4.71,1,0.691,25.2,LOW
Finance Analyst,HR,HR Database,3,23.01,1,0,0,1,2,14.24,1,0.51,97.8,HIGH
Software Developer,Finance,Admin Panel,4,23.17,1,1,0,0,1,10.53,1,0.162,100.0,HIGH
HR Specialist,Finance,Project Management System,1,0.27,1,0,1,1,1,7.54,1,0.504,63.8,MEDIUM
DevOps Engineer,Engineering,GitHub Project Alpha,1,21.4,1,1,0,1,5,14.6,0,0.252,100.0,HIGH
QA Engineer,Finance,HR Database,3,0.13,1,1,0,0,0,12.15,1,0.371,95.0,HIGH
HR Specialist,HR,Project Management System,1,24.0,1,0,0,1,3,7.38,1,0.598,96.8,HIGH
Contractor,Finance,Project Management System,1,8.96,0,1,1,1,0,2.0,1,0.921,7.1,LOW
Finance Analyst,Product,Finance System,3,12.04,0,1,1,0,0,3.88,1,0.615,31.0,MEDIUM
HR Specialist,Engineering,Finance System,3,17.19,0,1,1,0,0,4.01,1,0.827,30.7,MEDIUM
QA Engineer,Finance,Production Database,4,14.41,0,1,1,0,0,1.67,1,0.75,33.9,MEDIUM
System Administrator,Engineering,Finance System,3,17.11,0,1,1,0,0,4.47,1,0.902,26.7,LOW
DevOps Engineer,IT,Development Server,2,16.4,0,1,1,0,0,3.09,1,0.818,24.1,LOW
Product Manager,IT,Production Database,4,19.67,0,1,1,1,0,4.9,1,0.991,13.4,LOW
QA Engineer,Product,Admin Panel,4,23.29,1,0,0,0,2,13.05,1,0.351,100.0,HIGH
DevOps Engineer,HR,Development Server,2,5.37,1,0,0,0,3,8.85,1,0.268,100.0,HIGH
Product Manager,HR,Admin Panel,4,11.76,0,1,1,0,0,0.91,1,0.917,30.9,MEDIUM
HR Specialist,Product,Admin Panel,4,18.74,0,1,1,0,0,4.26,1,0.779,33.3,MEDIUM
QA Engineer,Engineering,Admin Panel,4,14.48,0,1,1,0,0,3.6,1,0.995,33.6,MEDIUM
Product Manager,Finance,Development Server,2,22.65,1,0,0,0,3,3.11,0,0.37,99.3,HIGH
Product Manager,Finance,HR Database,3,4.95,1,0,1,0,1,6.02,1,0.064,83.1,HIGH
QA Engineer,Finance,Project Management System,1,0.45,1,0,0,1,3,11.69,1,0.029,100.0,HIGH
DevOps Engineer,HR,Development Server,2,9.09,0,1,1,0,0,4.35,1,0.614,32.4,MEDIUM
Contractor,IT,Project Management System,1,15.53,0,1,1,1,0,4.46,1,0.814,3.1,LOW
Finance Analyst,Finance,Admin Panel,4,9.73,0,1,1,0,0,3.25,1,0.644,34.3,MEDIUM
Product Manager,Engineering,HR Database,3,9.44,0,1,1,0,0,2.42,1,0.972,31.4,MEDIUM
HR Specialist,Finance,Production Database,4,16.46,0,1,1,0,0,2.64,1,0.878,31.4,MEDIUM
Software Developer,Product,Finance System,3,12.18,0,0,1,0,0,2.48,1,0.895,52.3,MEDIUM
Product Manager,Finance,Admin Panel,4,8.01,0,1,1,0,0,2.98,1,0.982,32.2,MEDIUM
Contractor,Finance,GitHub Project Alpha,1,11.18,0,1,1,0,0,4.36,1,0.641,27.3,LOW
Contractor,IT,GitHub Project Alpha,1,14.59,0,1,1,0,0,4.07,1,0.65,26.8,LOW
DevOps Engineer,Product,HR Database,3,14.7,0,1,0,0,0,1.1,1,0.655,48.4,MEDIUM
Finance Analyst,Finance,Project Management System,1,7.16,0,1,1,1,0,4.11,1,0.939,6.7,LOW
Contractor,Product,GitHub Project Alpha,1,18.39,0,1,1,1,0,0.7,1,0.871,7.5,LOW
QA Engineer,IT,Finance System,3,8.51,0,1,1,0,0,2.56,1,0.752,28.0,LOW
Software Developer,HR,Development Server,2,19.2,0,1,1,0,0,3.45,1,0.642,27.5,LOW
HR Specialist,Product,Production Database,4,13.54,0,1,1,0,0,0.38,1,0.838,29.9,LOW
System Administrator,Engineering,Project Management System,1,19.27,0,0,1,1,0,3.64,1,0.609,27.9,LOW
QA Engineer,Product,Admin Panel,4,0.4,1,0,0,0,1,14.95,1,0.257,97.5,HIGH
System Administrator,IT,HR Database,3,18.59,0,1,1,0,0,3.44,1,0.921,30.8,MEDIUM
HR Specialist,Product,HR Database,3,15.66,0,1,1,0,0,1.53,1,0.712,30.3,MEDIUM
Contractor,Engineering,Project Management System,1,18.24,0,1,0,1,0,4.42,1,0.818,20.7,LOW
Product Manager,Engineering,Finance System,3,8.96,0,0,1,0,0,4.11,1,0.899,48.1,MEDIUM
DevOps Engineer,IT,GitHub Project Alpha,1,16.9,0,1,1,0,0,0.98,1,0.875,21.1,LOW
HR Specialist,Finance,Finance System,3,19.2,0,1,1,1,0,2.05,1,0.631,12.4,LOW
QA Engineer,IT,Production Database,4,11.34,0,1,1,1,0,0.74,1,0.678,15.3,LOW
System Administrator,IT,Admin Panel,4,2.86,1,0,0,1,0,10.07,1,0.541,98.9,HIGH
DevOps Engineer,IT,Admin Panel,4,16.27,0,1,1,1,0,0.41,1,0.904,8.5,LOW
Finance Analyst,Product,GitHub Project Alpha,1,2.09,1,0,0,1,4,12.52,1,0.421,99.9,HIGH
System Administrator,Engineering,HR Database,3,22.22,1,1,0,0,2,8.01,1,0.199,96.8,HIGH
Contractor,HR,Development Server,2,5.82,1,0,0,0,0,9.35,1,0.058,100.0,HIGH
Finance Analyst,Finance,Admin Panel,4,13.04,0,1,1,0,1,0.79,1,0.62,43.7,MEDIUM
QA Engineer,HR,Finance System,3,11.08,0,0,1,0,0,1.3,1,0.705,53.7,MEDIUM
QA Engineer,Product,Development Server,2,18.15,0,0,1,0,0,0.24,1,0.848,45.7,MEDIUM
DevOps Engineer,Finance,Project Management System,1,17.07,0,1,1,1,0,2.98,1,0.869,6.8,LOW
DevOps Engineer,IT,Development Server,2,19.84,0,1,1,0,0,4.83,1,0.724,25.8,LOW
DevOps Engineer,IT,GitHub Project Alpha,1,11.96,0,1,1,0,0,0.49,1,0.83,27.8,LOW
Finance Analyst,HR,Development Server,2,0.38,1,1,1,0,0,4.81,1,0.128,51.9,MEDIUM
HR Specialist,Finance,Production Database,4,21.54,1,0,0,0,3,6.16,1,0.11,97.4,HIGH
Software Developer,Product,Admin Panel,4,14.27,0,1,1,0,0,0.33,1,0.638,34.1,MEDIUM
Product Manager,Finance,Admin Panel,4,18.48,0,1,1,0,0,0.37,0,0.863,45.2,MEDIUM
Contractor,HR,HR Database,3,14.38,0,1,1,1,0,3.36,1,0.862,8.9,LOW
Contractor,Engineering,Admin Panel,4,11.28,0,1,1,0,0,2.1,1,0.76,32.2,MEDIUM
System Administrator,Finance,Finance System,3,21.77,1,0,0,1,0,14.29,1,0.243,98.5,HIGH
Software Developer,HR,Production Database,4,12.71,0,1,1,0,0,2.9,1,0.753,32.2,MEDIUM
HR Specialist,Finance,Development Server,2,17.79,0,1,1,0,0,0.53,1,0.713,26.8,LOW
Contractor,HR,GitHub Project Alpha,1,23.45,1,1,0,0,5,12.32,1,0.041,98.9,HIGH
HR Specialist,Finance,Admin Panel,4,15.3,0,1,1,0,0,1.05,1,0.73,29.0,LOW
Finance Analyst,HR,Finance System,3,12.08,0,1,0,0,0,1.67,1,0.746,53.0,MEDIUM
Finance Analyst,Product,Production Database,4,10.51,0,1,1,0,0,2.83,1,0.82,35.2,MEDIUM
Product Manager,Product,HR Database,3,8.74,0,1,1,0,0,1.52,1,0.811,28.0,LOW
DevOps Engineer,Engineering,Production Database,4,7.2,0,1,1,1,1,2.5,1,0.956,21.1,LOW
Contractor,Finance,Admin Panel,4,23.93,1,0,0,0,4,11.09,1,0.001,97.0,HIGH
Contractor,Finance,Production Database,4,10.8,0,0,1,0,0,4.48,1,0.729,52.5,MEDIUM
Product Manager,HR,Finance System,3,2.59,1,0,1,0,0,11.1,1,0.598,96.3,HIGH
QA Engineer,Engineering,Finance System,3,18.07,0,1,1,0,0,0.54,1,0.63,29.8,LOW
Contractor,IT,Development Server,2,8.09,0,1,1,0,0,2.03,1,0.652,28.5,LOW
System Administrator,HR,Development Server,2,4.22,1,0,0,0,0,9.05,1,0.199,100.0,HIGH
System Administrator,Product,Finance System,3,23.48,1,1,1,0,1,11.78,1,0.431,84.0,HIGH
HR Specialist,Engineering,Admin Panel,4,10.13,0,1,1,0,0,0.67,1,0.833,28.3,LOW
HR Specialist,IT,Production Database,4,17.64,0,1,1,1,1,1.22,1,0.781,22.2,LOW
DevOps Engineer,Finance,Project Management System,1,11.89,0,1,0,1,0,4.93,1,0.662,25.8,LOW
Contractor,Finance,Admin Panel,4,2.6,1,0,0,0,1,6.7,0,0.305,98.9,HIGH
Product Manager,HR,Admin Panel,4,11.83,0,1,1,0,0,2.62,1,0.924,31.0,MEDIUM
Product Manager,HR,HR Database,3,7.85,0,1,1,1,0,4.63,0,0.787,28.3,LOW
DevOps Engineer,IT,Production Database,4,22.51,1,0,1,1,3,14.77,1,0.313,96.3,HIGH
Finance Analyst,Product,Finance System,3,11.34,0,1,1,0,1,2.88,1,0.677,37.3,MEDIUM
Contractor,HR,Finance System,3,22.57,1,1,1,0,4,4.51,1,0.024,87.2,HIGH
System Administrator,HR,Admin Panel,4,22.59,1,0,0,0,5,9.2,1,0.218,98.9,HIGH
Contractor,IT,Development Server,2,19.16,0,0,1,0,1,2.61,1,0.871,57.4,MEDIUM
Product Manager,HR,Finance System,3,10.67,0,1,1,0,0,0.11,1,0.84,27.6,LOW
QA Engineer,IT,Development Server,2,9.29,0,1,1,0,0,3.81,1,0.747,28.2,LOW
QA Engineer,Finance,HR Database,3,1.8,1,1,0,0,4,4.9,1,0.289,97.8,HIGH
Product Manager,IT,Admin Panel,4,16.01,0,1,1,1,0,3.57,1,0.729,9.6,LOW
Product Manager,IT,Project Management System,1,13.91,0,1,1,1,0,1.19,1,0.607,7.3,LOW
System Administrator,Finance,Project Management System,1,13.27,0,1,1,1,0,1.83,1,0.974,1.7,LOW
Product Manager,Product,GitHub Project Alpha,1,18.38,0,1,1,1,0,0.96,1,0.76,6.9,LOW
Finance Analyst,Product,Finance System,3,3.22,1,1,0,0,1,10.89,1,0.327,100.0,HIGH
Software Developer,Product,HR Database,3,4.18,1,0,0,0,1,4.44,1,0.388,92.9,HIGH
QA Engineer,HR,Development Server,2,5.07,1,1,0,0,5,9.58,1,0.445,98.7,HIGH
QA Engineer,HR,Finance System,3,10.71,0,1,1,0,0,4.33,1,0.903,26.6,LOW
Software Developer,IT,HR Database,3,8.35,0,1,1,0,0,0.86,1,0.949,27.4,LOW
QA Engineer,Finance,HR Database,3,16.0,0,1,1,0,0,1.36,1,0.89,31.9,MEDIUM
Finance Analyst,IT,HR Database,3,19.46,0,0,1,0,1,0.47,1,0.994,54.6,MEDIUM
QA Engineer,IT,Production Database,4,15.13,0,1,1,1,0,0.58,1,0.972,11.0,LOW
HR Specialist,IT,Project Management System,1,9.08,0,1,1,1,0,4.47,1,0.978,1.7,LOW
Software Developer,IT,Production Database,4,12.39,0,1,1,1,0,3.61,1,0.941,11.1,LOW
QA Engineer,HR,HR Database,3,19.96,0,1,1,1,0,0.74,1,0.871,9.6,LOW
Product Manager,Engineering,Project Management System,1,11.57,0,1,1,1,0,1.43,1,0.827,2.5,LOW
Contractor,HR,Production Database,4,9.5,0,1,1,0,0,3.19,1,0.812,33.7,MEDIUM
Software Developer,Engineering,GitHub Project Alpha,1,4.91,1,0,0,1,3,12.99,1,0.574,96.7,HIGH
Software Developer,Engineering,HR Database,3,12.82,0,1,1,0,0,4.78,1,0.71,32.6,MEDIUM
Product Manager,Finance,Production Database,4,14.46,0,1,1,0,0,1.35,1,0.837,29.8,LOW
QA Engineer,Engineering,HR Database,3,11.16,0,1,1,0,0,4.79,1,0.712,33.9,MEDIUM
Contractor,IT,Project Management System,1,10.8,0,1,1,1,0,1.69,1,0.882,7.3,LOW
System Administrator,HR,Development Server,2,18.1,0,1,1,0,1,2.76,1,0.823,31.0,MEDIUM
Contractor,HR,HR Database,3,22.47,1,0,0,1,3,7.41,1,0.248,100.0,HIGH
QA Engineer,Product,Project Management System,1,14.08,0,0,1,1,0,4.85,1,0.88,25.9,LOW
Product Manager,IT,Admin Panel,4,3.2,1,0,0,1,2,12.62,1,0.216,99.4,HIGH
Product Manager,Finance,GitHub Project Alpha,1,11.57,0,1,1,0,1,0.2,1,0.711,29.9,LOW
System Administrator,Finance,HR Database,3,14.33,0,1,1,0,1,3.26,1,0.638,40.7,MEDIUM
QA Engineer,Engineering,GitHub Project Alpha,1,0.24,1,1,0,1,2,10.48,1,0.477,87.6,HIGH
DevOps Engineer,IT,Admin Panel,4,4.48,1,0,0,1,3,4.43,1,0.559,89.8,HIGH
System Administrator,HR,Production Database,4,16.04,0,1,1,0,0,1.13,1,0.811,32.9,MEDIUM
QA Engineer,Product,GitHub Project Alpha,1,23.41,1,0,1,1,0,11.68,1,0.354,76.4,HIGH
Software Developer,HR,Project Management System,1,22.03,1,0,0,1,5,6.01,1,0.332,96.6,HIGH
Contractor,HR,Production Database,4,18.08,0,1,1,0,0,1.8,1,0.929,28.6,LOW
HR Specialist,HR,Development Server,2,19.06,0,1,1,0,0,2.81,1,0.998,27.3,LOW
Product Manager,Product,GitHub Project Alpha,1,23.03,1,1,1,1,0,4.65,1,0.339,22.9,LOW
Contractor,HR,Project Management System,1,23.29,1,0,0,1,1,11.49,1,0.24,100.0,HIGH
System Administrator,Product,GitHub Project Alpha,1,2.33,1,1,0,1,3,13.69,1,0.026,97.3,HIGH
System Administrator,HR,Development Server,2,3.43,1,1,1,0,5,7.99,1,0.041,100.0,HIGH
HR Specialist,HR,Production Database,4,19.58,0,1,1,0,0,4.74,1,0.803,30.5,MEDIUM
Finance Analyst,Finance,HR Database,3,13.36,0,1,0,0,0,0.62,1,0.937,48.2,MEDIUM
QA Engineer,Product,Project Management System,1,7.9,0,1,1,1,1,4.1,1,0.898,13.0,LOW
Contractor,Finance,HR Database,3,11.73,0,0,1,0,0,1.21,1,0.95,50.3,MEDIUM
QA Engineer,IT,Development Server,2,5.15,1,1,0,0,4,13.72,1,0.242,100.0,HIGH
Contractor,HR,HR Database,3,5.45,1,0,0,1,3,9.2,1,0.285,98.6,HIGH
Product Manager,Engineering,Development Server,2,12.88,0,1,1,1,0,4.29,1,0.9,4.6,LOW
Product Manager,Finance,Production Database,4,22.92,1,0,0,0,4,10.25,1,0.37,100.0,HIGH
Contractor,Finance,HR Database,3,18.21,0,1,1,0,1,4.09,1,0.875,36.8,MEDIUM
System Administrator,Product,GitHub Project Alpha,1,11.99,0,1,1,1,0,2.14,1,0.621,6.3,LOW
Software Developer,HR,GitHub Project Alpha,1,16.87,0,1,1,0,0,0.66,1,0.818,26.6,LOW
Contractor,HR,Development Server,2,15.12,0,1,1,0,0,0.51,1,0.966,26.6,LOW
Product Manager,Finance,Admin Panel,4,22.79,1,0,0,0,3,5.53,1,0.187,96.8,HIGH
System Administrator,Finance,Project Management System,1,12.01,0,1,0,1,0,2.29,1,0.69,22.8,LOW
Contractor,Product,Finance System,3,19.87,0,1,1,0,1,1.72,1,0.913,35.6,MEDIUM
System Administrator,IT,GitHub Project Alpha,1,19.05,0,1,1,0,1,4.88,1,0.746,33.4,MEDIUM
Finance Analyst,HR,Finance System,3,14.94,0,1,1,0,0,2.35,1,0.667,31.0,MEDIUM
Contractor,Finance,Finance System,3,17.15,0,0,1,1,1,4.82,1,0.744,37.8,MEDIUM
Product Manager,Product,GitHub Project Alpha,1,18.22,0,1,1,1,0,0.04,1,0.85,2.3,LOW
Finance Analyst,Finance,Project Management System,1,11.23,0,1,1,1,1,0.88,1,0.622,11.0,LOW
HR Specialist,IT,Development Server,2,19.64,0,1,1,0,0,1.93,1,0.725,25.6,LOW
HR Specialist,HR,Project Management System,1,10.95,0,1,1,1,0,4.06,1,0.663,9.5,LOW
Contractor,HR,HR Database,3,15.34,0,1,1,1,0,2.72,1,0.916,11.0,LOW
Finance Analyst,HR,Project Management System,1,7.03,0,1,1,1,0,4.95,1,0.996,2.0,LOW
System Administrator,Product,GitHub Project Alpha,1,4.62,1,0,1,1,2,4.66,1,0.364,61.2,MEDIUM
Contractor,Finance,Project Management System,1,7.36,0,1,1,1,0,0.7,1,0.941,0.6,LOW
Software Developer,Product,GitHub Project Alpha,1,22.71,1,0,0,1,4,6.88,1,0.254,100.0,HIGH
Software Developer,Product,Production Database,4,9.45,0,1,1,0,0,3.9,1,0.99,29.7,LOW
System Administrator,HR,HR Database,3,3.05,1,0,0,1,1,10.17,1,0.431,100.0,HIGH
HR Specialist,Product,Production Database,4,18.09,0,1,1,0,0,4.65,1,0.838,33.4,MEDIUM
Finance Analyst,Finance,HR Database,3,14.85,0,1,1,0,0,3.95,1,0.872,25.8,LOW
System Administrator,Product,HR Database,3,7.73,0,1,0,0,0,1.34,1,0.981,48.7,MEDIUM
HR Specialist,Finance,GitHub Project Alpha,1,8.36,0,1,1,0,0,3.32,1,0.829,26.6,LOW
Finance Analyst,Engineering,Finance System,3,13.09,0,1,1,0,0,0.37,1,0.945,24.2,LOW
QA Engineer,HR,Finance System,3,10.79,0,1,1,0,0,1.15,1,0.694,30.0,LOW
Product Manager,Product,Production Database,4,2.25,1,1,0,0,3,5.22,1,0.46,92.5,HIGH
Software Developer,Product,Admin Panel,4,0.81,1,0,0,0,5,10.71,0,0.048,100.0,HIGH
QA Engineer,IT,Finance System,3,9.38,0,1,1,0,1,4.49,1,0.722,38.1,MEDIUM
Product Manager,Finance,HR Database,3,8.56,0,1,1,0,0,4.16,1,0.921,26.2,LOW
Software Developer,Engineering,Admin Panel,4,13.37,0,1,1,0,0,4.2,1,0.986,31.5,MEDIUM
QA Engineer,Finance,Project Management System,1,7.01,0,1,1,1,0,2.19,1,0.791,3.2,LOW
Product Manager,Finance,Production Database,4,22.57,1,0,0,0,2,7.26,1,0.051,100.0,HIGH
System Administrator,IT,Finance System,3,3.79,1,0,0,0,3,5.13,1,0.072,100.0,HIGH
QA Engineer,Product,Finance System,3,5.48,1,0,0,0,5,11.96,1,0.398,100.0,HIGH
Finance Analyst,Product,Finance System,3,15.52,0,1,1,0,0,0.3,1,0.712,34.0,MEDIUM
System Administrator,Product,Finance System,3,9.45,0,1,1,0,0,0.99,1,0.983,27.7,LOW
Finance Analyst,Product,GitHub Project Alpha,1,8.44,0,1,1,1,0,3.84,0,0.65,18.3,LOW
Software Developer,Engineering,Project Management System,1,15.4,0,1,1,1,0,0.2,1,0.887,6.4,LOW
System Administrator,Engineering,Development Server,2,10.01,0,1,1,1,0,1.01,1,0.898,4.0,LOW
DevOps Engineer,Finance,Project Management System,1,2.49,1,0,1,1,3,3.46,1,0.593,68.4,MEDIUM
System Administrator,Engineering,Admin Panel,4,9.88,0,1,1,0,1,4.25,1,0.953,39.3,MEDIUM
Product Manager,Finance,Development Server,2,10.72,0,1,1,0,0,0.81,1,0.818,24.0,LOW
QA Engineer,HR,GitHub Project Alpha,1,17.92,0,1,1,0,0,3.81,1,0.704,24.3,LOW
Finance Analyst,HR,GitHub Project Alpha,1,21.55,1,1,0,0,2,4.5,1,0.165,83.9,HIGH
DevOps Engineer,Product,Finance System,3,19.16,0,0,1,0,0,1.17,1,0.712,53.3,MEDIUM
Software Developer,IT,Finance System,3,16.04,0,1,0,0,0,1.75,1,0.86,45.4,MEDIUM
Product Manager,HR,GitHub Project Alpha,1,8.75,0,1,1,0,0,1.4,1,0.894,24.7,LOW
Finance Analyst,Product,Admin Panel,4,18.99,0,1,1,0,0,1.14,1,0.616,34.3,MEDIUM
Software Developer,HR,Project Management System,1,12.37,0,1,1,1,0,1.05,1,0.856,0.2,LOW
QA Engineer,HR,HR Database,3,7.52,0,1,1,1,0,0.07,1,0.628,11.9,LOW
QA Engineer,IT,Admin Panel,4,7.74,0,0,1,1,0,0.96,1,0.918,29.5,LOW
DevOps Engineer,HR,Finance System,3,10.33,0,1,1,0,0,3.02,1,0.946,29.7,LOW
Product Manager,IT,Admin Panel,4,14.59,0,1,1,1,0,3.72,1,0.827,15.0,LOW
Finance Analyst,Product,Production Database,4,15.89,0,1,1,0,0,4.01,1,0.656,30.4,MEDIUM
DevOps Engineer,Engineering,Finance System,3,10.66,0,1,1,0,0,1.62,1,0.823,29.8,LOW
HR Specialist,IT,Production Database,4,10.5,0,1,1,1,0,4.49,1,0.787,10.3,LOW
Product Manager,Engineering,Production Database,4,4.84,1,1,1,1,1,7.5,1,0.42,51.5,MEDIUM
Finance Analyst,Engineering,Development Server,2,19.86,0,1,0,1,0,1.12,1,0.707,27.8,LOW
Contractor,HR,Finance System,3,2.51,1,0,0,0,4,11.78,1,0.17,100.0,HIGH
HR Specialist,HR,Production Database,4,13.89,0,1,1,0,1,1.12,1,0.783,39.7,MEDIUM
Product Manager,Engineering,Finance System,3,14.22,0,1,1,0,1,0.87,1,0.65,39.2,MEDIUM
QA Engineer,Engineering,Production Database,4,14.48,0,1,1,1,0,2.39,1,0.703,15.2,LOW
Finance Analyst,Product,Finance System,3,8.6,0,0,1,0,0,3.52,1,0.67,50.8,MEDIUM
Finance Analyst,IT,Finance System,3,9.22,0,1,1,0,0,1.32,1,0.938,30.0,LOW
HR Specialist,Product,GitHub Project Alpha,1,21.37,1,1,1,1,4,4.64,1,0.218,55.7,MEDIUM
Product Manager,Product,Finance System,3,22.6,1,0,0,0,1,8.62,1,0.546,100.0,HIGH
Finance Analyst,Product,HR Database,3,4.36,1,1,0,0,4,14.01,1,0.1,100.0,HIGH
System Administrator,Finance,Admin Panel,4,4.28,1,1,0,0,3,12.11,1,0.056,100.0,HIGH
Software Developer,Finance,Admin Panel,4,16.26,0,1,1,0,1,3.61,1,0.884,42.8,MEDIUM
Software Developer,HR,Admin Panel,4,5.3,1,0,0,0,1,4.71,1,0.154,99.3,HIGH
System Administrator,Finance,GitHub Project Alpha,1,11.14,0,1,1,0,0,3.27,1,0.944,23.0,LOW
Software Developer,Engineering,Finance System,3,17.95,0,1,1,0,1,1.26,1,0.843,34.4,MEDIUM
Software Developer,IT,GitHub Project Alpha,1,17.11,0,1,1,0,0,2.21,1,0.79,21.8,LOW
Software Developer,IT,GitHub Project Alpha,1,8.24,0,1,1,0,1,1.6,1,0.611,33.1,MEDIUM
System Administrator,Engineering,GitHub Project Alpha,1,22.99,1,1,0,1,2,14.16,1,0.598,87.8,HIGH
Product Manager,Product,Finance System,3,19.06,0,1,1,0,0,3.17,1,0.961,24.2,LOW
Contractor,Product,Development Server,2,12.6,0,1,1,0,0,0.45,1,0.87,22.7,LOW
Contractor,Product,Admin Panel,4,10.98,0,1,1,0,0,2.62,1,0.673,33.5,MEDIUM
System Administrator,HR,Production Database,4,21.6,1,0,0,0,5,10.01,1,0.193,98.2,HIGH
QA Engineer,HR,Project Management System,1,10.38,0,1,1,1,0,2.36,1,0.938,1.1,LOW
Product Manager,Product,Admin Panel,4,23.81,1,0,1,0,3,13.36,0,0.424,97.8,HIGH
Software Developer,Finance,GitHub Project Alpha,1,3.22,1,0,1,0,3,6.29,1,0.163,100.0,HIGH
Finance Analyst,Finance,Production Database,4,17.45,0,1,1,0,0,3.72,1,0.671,33.0,MEDIUM
Product Manager,IT,Development Server,2,14.42,0,1,1,0,0,3.59,1,0.795,27.1,LOW
System Administrator,HR,Project Management System,1,17.7,0,1,1,1,0,2.33,1,0.921,5.0,LOW
Software Developer,HR,GitHub Project Alpha,1,17.64,0,1,0,0,0,0.4,1,0.846,43.5,MEDIUM
HR Specialist,HR,Project Management System,1,4.88,1,0,0,1,0,13.36,0,0.092,98.1,HIGH
DevOps Engineer,Product,Development Server,2,23.79,1,0,1,0,3,13.08,0,0.022,100.0,HIGH
QA Engineer,HR,Finance System,3,15.2,0,1,1,0,0,0.51,1,0.703,28.8,LOW
Product Manager,Engineering,Finance System,3,21.56,1,0,0,0,2,6.45,1,0.548,99.7,HIGH
System Administrator,IT,Finance System,3,13.91,0,1,1,0,1,4.78,1,0.869,34.5,MEDIUM
DevOps Engineer,IT,Project Management System,1,1.84,1,0,0,1,2,5.38,0,0.314,95.7,HIGH
Finance Analyst,HR,Development Server,2,18.91,0,1,1,0,1,1.86,1,0.619,36.4,MEDIUM
DevOps Engineer,Finance,Development Server,2,9.0,0,1,1,0,0,2.78,1,0.819,29.6,LOW
HR Specialist,Product,Development Server,2,21.44,1,1,1,0,5,8.72,1,0.309,98.7,HIGH
QA Engineer,Finance,Production Database,4,18.01,0,1,1,0,0,2.3,1,0.873,30.9,MEDIUM
Product Manager,HR,GitHub Project Alpha,1,8.27,0,1,1,0,0,4.25,1,0.679,25.7,LOW
Product Manager,HR,HR Database,3,3.87,1,1,1,1,4,12.82,0,0.204,97.6,HIGH
Finance Analyst,Product,Development Server,2,18.15,0,1,1,0,1,3.95,1,0.653,33.4,MEDIUM
Finance Analyst,HR,Production Database,4,9.53,0,1,1,0,0,2.05,1,0.706,29.0,LOW
HR Specialist,HR,Admin Panel,4,8.09,0,1,1,0,0,2.78,1,0.871,30.3,MEDIUM
QA Engineer,Finance,Production Database,4,22.29,1,0,0,0,1,10.27,0,0.298,100.0,HIGH
Contractor,Finance,Admin Panel,4,22.5,1,0,1,0,2,4.1,0,0.077,97.0,HIGH
Product Manager,IT,Project Management System,1,7.19,0,1,1,1,0,3.45,1,0.865,1.6,LOW
Contractor,HR,Production Database,4,17.51,0,1,1,0,1,4.34,1,0.952,34.9,MEDIUM
Software Developer,Engineering,HR Database,3,21.36,1,0,0,0,1,13.11,1,0.233,100.0,HIGH
HR Specialist,IT,Finance System,3,1.0,1,0,1,0,4,8.48,1,0.388,100.0,HIGH
Contractor,HR,Admin Panel,4,11.11,0,1,1,0,0,4.71,1,0.998,30.1,MEDIUM
DevOps Engineer,Product,Finance System,3,16.45,0,1,1,0,0,5.0,1,0.854,29.3,LOW
QA Engineer,HR,HR Database,3,7.04,0,1,1,1,0,0.17,1,0.798,8.6,LOW
Finance Analyst,Product,GitHub Project Alpha,1,23.06,1,0,0,1,2,7.36,1,0.478,88.5,HIGH
Finance Analyst,HR,Development Server,2,16.82,0,1,1,0,0,0.18,1,0.832,26.4,LOW
System Administrator,Product,Admin Panel,4,5.12,1,0,0,0,3,12.16,1,0.464,98.1,HIGH
DevOps Engineer,Engineering,Production Database,4,9.21,0,1,1,1,1,2.79,1,0.961,15.8,LOW
Contractor,Engineering,Production Database,4,14.58,0,1,1,1,0,0.68,1,0.68,10.7,LOW
Finance Analyst,Engineering,HR Database,3,8.48,0,1,0,0,0,2.86,1,0.916,49.5,MEDIUM
Contractor,IT,Project Management System,1,9.98,0,1,1,1,0,2.0,1,0.809,4.4,LOW
HR Specialist,Engineering,Admin Panel,4,21.63,1,0,0,0,5,3.87,1,0.23,100.0,HIGH
QA Engineer,HR,Admin Panel,4,8.56,0,1,1,0,0,4.64,1,0.705,33.5,MEDIUM
Software Developer,HR,Production Database,4,14.82,0,1,1,0,1,4.72,1,0.86,42.3,MEDIUM
DevOps Engineer,IT,Production Database,4,21.66,1,0,0,1,2,6.87,0,0.371,96.8,HIGH
HR Specialist,Engineering,GitHub Project Alpha,1,8.7,0,1,1,1,0,0.35,1,0.894,1.6,LOW
Software Developer,IT,Development Server,2,2.9,1,0,0,0,0,5.79,1,0.226,92.7,HIGH
System Administrator,HR,Production Database,4,13.01,0,1,1,0,1,1.25,1,0.665,43.5,MEDIUM
Finance Analyst,Engineering,Development Server,2,13.52,0,1,1,1,0,4.66,1,0.986,3.4,LOW
Finance Analyst,Engineering,Finance System,3,7.48,0,1,1,0,0,4.9,1,0.78,25.8,LOW
QA Engineer,Engineering,Finance System,3,12.06,0,1,0,0,1,2.09,1,0.898,54.4,MEDIUM
Contractor,HR,Finance System,3,1.31,1,0,1,0,0,11.37,1,0.126,100.0,HIGH
System Administrator,IT,Admin Panel,4,16.93,0,1,0,1,1,1.29,1,0.916,42.7,MEDIUM
Finance Analyst,Engineering,Production Database,4,18.81,0,1,1,1,0,2.39,1,0.612,12.5,LOW
Contractor,IT,GitHub Project Alpha,1,10.59,0,1,1,0,0,4.58,1,0.835,24.0,LOW
Software Developer,HR,Project Management System,1,9.0,0,0,1,1,1,2.13,1,0.78,35.2,MEDIUM
System Administrator,Engineering,HR Database,3,12.45,0,1,1,0,0,0.89,1,0.882,32.1,MEDIUM
System Administrator,HR,Development Server,2,12.8,0,1,1,0,0,4.78,1,0.954,22.4,LOW
Finance Analyst,IT,Project Management System,1,15.62,0,1,1,1,0,3.15,1,0.68,9.5,LOW
Product Manager,HR,GitHub Project Alpha,1,8.68,0,1,1,0,0,2.47,1,0.803,27.7,LOW
DevOps Engineer,Finance,HR Database,3,10.02,0,1,1,0,0,1.47,1,0.69,28.6,LOW
QA Engineer,Finance,Development Server,2,11.68,0,1,0,0,0,0.47,1,0.821,50.7,MEDIUM
Contractor,Finance,Production Database,4,3.46,1,1,0,0,1,12.68,1,0.56,100.0,HIGH
Finance Analyst,HR,Project Management System,1,15.88,0,1,1,1,0,1.19,1,0.919,1.9,LOW
Product Manager,Finance,Finance System,3,4.85,1,1,0,1,4,4.58,1,0.582,77.7,HIGH
System Administrator,IT,Admin Panel,4,21.35,1,0,0,1,5,8.39,1,0.291,99.4,HIGH
Product Manager,IT,Project Management System,1,18.26,0,1,1,1,0,1.93,1,0.613,10.1,LOW
Product Manager,Product,Project Management System,1,19.68,0,1,1,1,0,4.95,1,0.864,1.8,LOW
HR Specialist,Product,Project Management System,1,16.74,0,1,1,1,0,4.75,1,0.853,1.8,LOW
HR Specialist,Product,Project Management System,1,16.44,0,1,1,1,0,2.68,1,0.978,6.4,LOW
HR Specialist,HR,Production Database,4,1.34,1,0,0,0,3,6.58,1,0.289,98.6,HIGH
System Administrator,IT,HR Database,3,16.45,0,1,1,0,1,3.99,1,0.995,32.7,MEDIUM
Finance Analyst,Product,Development Server,2,16.46,0,1,1,0,0,4.93,1,0.821,26.7,LOW
Finance Analyst,Product,GitHub Project Alpha,1,7.76,0,0,1,1,0,2.49,1,0.625,25.7,LOW
Finance Analyst,Finance,GitHub Project Alpha,1,5.67,1,0,0,0,1,5.47,1,0.254,92.7,HIGH
System Administrator,HR,GitHub Project Alpha,1,11.14,0,1,1,0,1,0.88,1,0.984,32.0,MEDIUM
System Administrator,Product,GitHub Project Alpha,1,11.53,0,1,1,1,0,0.96,1,0.885,7.2,LOW
System Administrator,Product,Admin Panel,4,12.59,0,1,1,0,0,0.88,1,0.632,30.7,MEDIUM
System Administrator,Product,Finance System,3,8.41,0,1,1,0,0,2.39,1,0.91,27.8,LOW
Contractor,Product,GitHub Project Alpha,1,7.68,0,1,1,1,1,3.7,1,0.799,15.0,LOW
HR Specialist,Finance,Project Management System,1,2.41,1,0,0,1,2,14.87,0,0.449,100.0,HIGH
QA Engineer,Engineering,Admin Panel,4,5.4,1,1,1,0,5,12.21,1,0.221,100.0,HIGH
QA Engineer,Finance,Development Server,2,4.66,1,0,0,0,2,11.57,1,0.249,100.0,HIGH
QA Engineer,Product,Admin Panel,4,18.26,0,1,1,0,0,4.04,1,0.973,29.7,LOW
Product Manager,HR,Production Database,4,2.94,1,0,0,0,4,7.42,0,0.151,98.4,HIGH
Contractor,Engineering,GitHub Project Alpha,1,14.11,0,1,1,1,0,3.32,1,0.607,7.3,LOW
Finance Analyst,IT,Project Management System,1,7.25,0,1,0,1,0,0.38,1,0.955,26.4,LOW
QA Engineer,IT,Development Server,2,19.27,0,0,1,0,0,0.4,1,0.859,44.4,MEDIUM
Software Developer,IT,Admin Panel,4,21.39,1,0,0,1,3,5.33,1,0.361,97.7,HIGH
HR Specialist,Engineering,Project Management System,1,12.21,0,1,1,1,0,3.56,1,0.723,3.3,LOW
Software Developer,IT,Project Management System,1,22.68,1,0,0,1,3,10.0,1,0.075,100.0,HIGH
Contractor,Engineering,Admin Panel,4,21.32,1,0,0,0,0,3.21,1,0.12,96.2,HIGH
DevOps Engineer,HR,Development Server,2,15.61,0,1,1,0,0,4.36,1,0.639,30.8,MEDIUM
Software Developer,IT,Project Management System,1,16.93,0,1,1,1,0,0.33,1,0.809,1.2,LOW
System Administrator,Product,Admin Panel,4,16.35,0,1,1,0,0,0.17,1,0.688,34.7,MEDIUM
Product Manager,Product,GitHub Project Alpha,1,5.17,1,0,1,1,5,3.7,1,0.012,89.2,HIGH
Software Developer,Engineering,Production Database,4,22.22,1,0,1,1,4,4.25,1,0.086,87.4,HIGH
QA Engineer,Product,Finance System,3,10.46,0,1,1,0,1,3.43,1,0.896,36.0,MEDIUM
System Administrator,Finance,Admin Panel,4,10.86,0,1,1,0,0,0.11,1,0.798,29.4,LOW
Contractor,Finance,Production Database,4,0.92,1,1,0,0,2,12.22,1,0.171,100.0,HIGH
Product Manager,IT,Development Server,2,21.59,1,0,1,0,4,4.29,1,0.346,99.2,HIGH
Contractor,IT,Development Server,2,7.33,0,1,1,0,1,4.57,1,0.898,30.5,MEDIUM
Contractor,Engineering,Development Server,2,1.13,1,0,1,1,4,6.65,1,0.221,90.3,HIGH
DevOps Engineer,Finance,HR Database,3,5.02,1,0,1,0,1,8.01,1,0.181,91.5,HIGH
Contractor,HR,Finance System,3,7.81,0,1,1,0,0,4.87,1,0.736,31.1,MEDIUM
Product Manager,Finance,Production Database,4,17.68,0,1,1,0,0,1.49,1,0.921,29.7,LOW
System Administrator,Finance,Project Management System,1,8.68,0,1,1,1,0,2.43,1,0.988,1.7,LOW
HR Specialist,Engineering,Development Server,2,14.48,0,1,1,1,0,4.18,1,0.643,9.8,LOW
Software Developer,Finance,Production Database,4,15.38,0,1,1,0,1,4.97,1,0.866,39.4,MEDIUM
Software Developer,HR,Development Server,2,17.27,0,1,1,0,0,3.1,1,0.998,27.7,LOW
Product Manager,IT,Project Management System,1,14.18,0,1,1,1,0,4.49,1,0.616,7.1,LOW
HR Specialist,HR,HR Database,3,16.38,0,1,1,1,1,4.08,1,0.758,21.8,LOW
Contractor,IT,HR Database,3,19.56,0,1,1,0,0,3.53,1,0.846,27.4,LOW
Software Developer,Product,Production Database,4,2.86,1,1,1,0,2,13.01,1,0.071,99.4,HIGH
Software Developer,IT,GitHub Project Alpha,1,21.35,1,0,1,0,1,4.16,1,0.016,78.3,HIGH
HR Specialist,Product,Admin Panel,4,16.49,0,1,1,0,0,3.43,1,0.76,30.2,MEDIUM
Software Developer,HR,Finance System,3,18.63,0,1,1,0,0,4.16,1,0.889,24.7,LOW
QA Engineer,Finance,HR Database,3,12.89,0,1,1,0,1,3.77,1,0.858,36.8,MEDIUM
System Administrator,Engineering,Finance System,3,7.18,0,1,1,0,1,2.1,1,0.734,36.7,MEDIUM
QA Engineer,Finance,Production Database,4,14.04,0,1,1,0,0,3.66,1,0.975,28.5,LOW
Software Developer,Finance,Finance System,3,19.92,0,1,1,1,0,3.41,1,0.678,11.9,LOW
Contractor,Engineering,HR Database,3,21.27,1,0,1,0,5,9.65,0,0.131,100.0,HIGH
QA Engineer,Product,Finance System,3,1.96,1,0,1,0,3,12.27,1,0.46,100.0,HIGH
HR Specialist,Engineering,Finance System,3,8.75,0,1,1,0,0,4.73,1,0.94,30.9,MEDIUM
Contractor,Engineering,Production Database,4,0.84,1,1,0,1,2,14.33,1,0.379,93.3,HIGH
Software Developer,IT,Finance System,3,11.77,0,1,1,0,0,0.51,1,0.831,30.3,MEDIUM
Product Manager,HR,GitHub Project Alpha,1,19.65,0,1,1,0,0,2.87,1,0.738,28.1,LOW
DevOps Engineer,IT,Finance System,3,13.93,0,1,1,0,0,0.28,1,0.72,29.7,LOW
DevOps Engineer,Engineering,GitHub Project Alpha,1,10.09,0,1,1,1,1,3.66,1,0.667,15.8,LOW
DevOps Engineer,Engineering,Production Database,4,13.94,0,1,1,1,0,3.05,1,0.979,11.7,LOW
QA Engineer,HR,Production Database,4,23.43,1,0,0,0,5,10.23,1,0.113,96.9,HIGH
System Administrator,IT,Finance System,3,2.21,1,0,0,0,3,3.56,1,0.275,100.0,HIGH
Finance Analyst,HR,Finance System,3,12.16,0,1,1,0,0,0.91,1,0.811,32.9,MEDIUM
Contractor,Engineering,Finance System,3,22.38,1,0,0,0,2,10.99,1,0.359,98.2,HIGH
Finance Analyst,Engineering,Production Database,4,3.16,1,0,0,1,1,7.95,1,0.035,95.8,HIGH
Contractor,Finance,Finance System,3,1.42,1,0,0,1,1,7.3,0,0.36,99.9,HIGH
Contractor,HR,HR Database,3,7.33,0,1,1,1,0,4.6,1,0.933,5.2,LOW
HR Specialist,Product,HR Database,3,19.75,0,1,1,0,0,2.62,1,0.885,28.4,LOW
HR Specialist,HR,Admin Panel,4,1.34,1,0,1,0,5,9.13,0,0.542,96.6,HIGH
QA Engineer,Product,Project Management System,1,15.18,0,1,1,1,0,4.1,1,0.918,4.1,LOW
Finance Analyst,IT,Finance System,3,16.88,0,1,1,0,0,4.59,1,0.98,28.7,LOW
Finance Analyst,Engineering,Development Server,2,1.67,1,0,1,1,1,10.08,0,0.429,91.1,HIGH
Finance Analyst,Product,Admin Panel,4,10.71,0,1,1,0,0,2.54,1,0.708,31.9,MEDIUM
QA Engineer,Engineering,Finance System,3,15.23,0,1,1,0,0,2.38,1,0.662,33.2,MEDIUM
HR Specialist,IT,Finance System,3,15.02,0,1,1,0,0,4.58,1,0.868,27.9,LOW
System Administrator,Engineering,Production Database,4,19.17,0,0,1,1,0,4.7,1,0.684,36.9,MEDIUM
Contractor,Product,Development Server,2,7.44,0,1,1,0,0,3.59,1,0.826,24.7,LOW
Software Developer,Engineering,HR Database,3,17.77,0,1,1,0,0,2.18,1,0.66,28.5,LOW
System Administrator,Product,Development Server,2,14.73,0,1,1,0,0,2.87,1,0.612,26.9,LOW
Software Developer,Engineering,Production Database,4,2.09,1,0,0,1,2,6.76,1,0.35,99.9,HIGH
System Administrator,Engineering,Development Server,2,18.09,0,1,1,1,0,0.28,1,0.811,4.1,LOW
HR Specialist,Engineering,GitHub Project Alpha,1,1.66,1,1,0,1,0,10.78,1,0.486,73.8,HIGH
Finance Analyst,Finance,GitHub Project Alpha,1,19.28,0,1,1,0,1,0.99,1,0.739,33.9,MEDIUM
DevOps Engineer,Engineering,GitHub Project Alpha,1,15.64,0,1,1,1,1,1.45,1,0.796,10.0,LOW
Finance Analyst,HR,Production Database,4,18.83,0,0,1,0,0,0.73,1,0.974,51.3,MEDIUM
HR Specialist,Finance,Project Management System,1,7.87,0,1,1,1,0,1.48,1,0.896,2.0,LOW
Product Manager,Finance,Production Database,4,22.18,1,0,0,0,5,12.57,1,0.581,96.5,HIGH
Software Developer,Product,Production Database,4,14.23,0,1,0,0,0,4.4,1,0.91,52.7,MEDIUM
System Administrator,IT,GitHub Project Alpha,1,17.04,0,1,1,0,0,3.47,1,0.92,20.9,LOW
Finance Analyst,Product,Production Database,4,18.25,0,1,1,0,1,2.78,1,0.701,37.8,MEDIUM
DevOps Engineer,IT,Project Management System,1,4.24,1,0,0,1,0,9.4,1,0.326,84.5,HIGH
DevOps Engineer,HR,Project Management System,1,7.8,0,1,1,1,0,1.85,1,0.733,9.1,LOW
HR Specialist,Engineering,GitHub Project Alpha,1,16.54,0,1,1,1,0,0.4,1,0.613,8.0,LOW
Contractor,Engineering,HR Database,3,10.37,0,1,1,0,0,2.03,1,0.763,29.9,LOW
DevOps Engineer,Product,Project Management System,1,11.3,0,1,1,1,0,2.12,1,0.83,2.4,LOW
Product Manager,Engineering,GitHub Project Alpha,1,13.13,0,1,1,1,0,4.9,1,0.931,0.0,LOW
Product Manager,IT,Admin Panel,4,19.97,0,1,1,1,0,0.09,1,0.741,15.9,LOW
System Administrator,Product,Production Database,4,7.27,0,1,1,0,0,1.11,1,0.968,28.2,LOW
Software Developer,Product,Finance System,3,8.4,0,1,0,0,0,2.73,1,0.65,52.2,MEDIUM
Finance Analyst,HR,Finance System,3,8.05,0,1,1,0,0,3.86,1,0.656,29.2,LOW
Software Developer,Product,Project Management System,1,2.97,1,0,0,1,5,6.06,0,0.031,100.0,HIGH
Product Manager,Finance,Admin Panel,4,0.91,1,1,1,0,4,13.78,1,0.246,100.0,HIGH
System Administrator,Engineering,HR Database,3,4.77,1,0,0,0,1,7.95,1,0.052,96.3,HIGH
Product Manager,IT,Finance System,3,16.25,0,1,1,0,0,4.8,1,0.636,30.3,MEDIUM
QA Engineer,IT,Admin Panel,4,8.2,0,1,1,1,1,1.85,1,0.759,20.8,LOW
Product Manager,Finance,HR Database,3,5.22,1,0,1,0,5,10.46,1,0.309,100.0,HIGH
Finance Analyst,Engineering,Development Server,2,10.51,0,1,1,1,0,3.09,1,0.806,3.8,LOW
System Administrator,Engineering,GitHub Project Alpha,1,18.59,0,1,1,1,0,0.16,1,0.99,0.6,LOW
HR Specialist,Engineering,Admin Panel,4,15.72,0,1,1,0,0,0.13,1,0.851,31.7,MEDIUM
System Administrator,IT,Production Database,4,4.91,1,1,1,1,2,14.79,1,0.03,81.1,HIGH
System Administrator,Product,Admin Panel,4,2.3,1,0,1,0,3,6.46,1,0.17,99.2,HIGH
DevOps Engineer,Product,Admin Panel,4,1.17,1,0,0,0,2,8.53,1,0.466,100.0,HIGH
HR Specialist,Product,Production Database,4,15.81,0,1,1,0,0,0.4,1,0.795,34.6,MEDIUM
QA Engineer,IT,Admin Panel,4,17.85,0,1,1,1,1,4.41,1,0.689,23.7,LOW
System Administrator,Engineering,Admin Panel,4,19.93,0,1,1,0,0,4.05,1,0.698,32.4,MEDIUM
Product Manager,Product,Development Server,2,5.99,1,1,0,0,5,12.84,1,0.093,97.9,HIGH
Product Manager,Product,Project Management System,1,14.98,0,1,1,1,0,0.56,1,0.762,4.6,LOW
Product Manager,Engineering,GitHub Project Alpha,1,10.56,0,1,1,1,0,3.65,1,0.816,7.5,LOW
DevOps Engineer,HR,Development Server,2,17.32,0,1,1,0,0,2.52,1,0.825,27.0,LOW
Software Developer,HR,HR Database,3,10.41,0,1,1,1,0,2.09,1,0.993,7.3,LOW
Contractor,HR,Admin Panel,4,18.69,0,1,1,0,0,2.26,1,0.971,33.9,MEDIUM
System Administrator,Engineering,Development Server,2,18.29,0,1,1,1,0,1.85,1,0.794,7.4,LOW
QA Engineer,HR,Development Server,2,0.37,1,0,1,0,0,9.44,1,0.544,86.6,HIGH
DevOps Engineer,HR,Development Server,2,16.46,0,1,1,0,0,1.73,1,0.773,25.5,LOW
QA Engineer,Engineering,Production Database,4,19.68,0,0,1,1,1,1.03,1,0.601,40.7,MEDIUM
QA Engineer,Product,Finance System,3,14.03,0,1,1,0,1,2.24,0,0.889,48.6,MEDIUM
Contractor,IT,Development Server,2,18.03,0,1,1,0,0,2.07,1,0.839,26.7,LOW
Finance Analyst,IT,GitHub Project Alpha,1,22.82,1,0,0,0,2,6.3,1,0.286,98.3,HIGH
HR Specialist,Engineering,Admin Panel,4,2.88,1,1,0,0,0,3.91,0,0.101,87.0,HIGH
Product Manager,Engineering,Finance System,3,13.63,0,1,1,0,0,2.01,1,0.968,24.4,LOW
HR Specialist,Finance,Development Server,2,10.26,0,0,1,0,0,0.65,1,0.62,48.7,MEDIUM
QA Engineer,HR,Project Management System,1,12.86,0,1,0,1,1,2.99,0,0.745,51.0,MEDIUM
Contractor,IT,GitHub Project Alpha,1,16.41,0,1,1,0,1,4.31,1,0.799,34.1,MEDIUM
Product Manager,Engineering,HR Database,3,12.32,0,1,1,0,0,0.57,1,0.622,31.6,MEDIUM
DevOps Engineer,Finance,Admin Panel,4,18.97,0,1,1,0,0,1.64,1,0.868,29.3,LOW
HR Specialist,Finance,GitHub Project Alpha,1,21.67,1,0,0,0,1,3.43,1,0.225,93.6,HIGH
DevOps Engineer,IT,Development Server,2,14.98,0,1,1,0,0,2.95,1,0.752,27.0,LOW
System Administrator,Finance,Project Management System,1,14.31,0,0,0,1,0,3.43,1,0.928,47.2,MEDIUM
DevOps Engineer,HR,HR Database,3,23.78,1,0,0,1,5,12.09,1,0.436,96.7,HIGH
Software Developer,Engineering,Finance System,3,22.09,1,0,0,0,2,8.49,1,0.476,99.3,HIGH
HR Specialist,HR,Project Management System,1,19.29,0,1,1,1,0,3.57,1,0.925,5.1,LOW
System Administrator,Engineering,Production Database,4,8.5,0,1,1,1,1,1.71,1,0.879,16.7,LOW
Finance Analyst,Finance,Admin Panel,4,13.73,0,1,1,0,0,3.1,1,0.799,30.8,MEDIUM
Software Developer,IT,GitHub Project Alpha,1,17.65,0,1,1,0,0,3.91,1,0.788,23.1,LOW
HR Specialist,Engineering,Development Server,2,17.46,0,0,1,1,1,1.29,1,0.959,31.4,MEDIUM
QA Engineer,IT,GitHub Project Alpha,1,14.46,0,1,1,0,1,1.62,1,0.798,34.7,MEDIUM
DevOps Engineer,HR,Project Management System,1,9.09,0,0,1,1,0,0.14,1,0.617,24.3,LOW
HR Specialist,Product,Production Database,4,22.66,1,0,0,0,0,12.64,1,0.121,100.0,HIGH
System Administrator,HR,Project Management System,1,13.74,0,1,1,1,0,2.01,1,0.803,3.3,LOW
Software Developer,Engineering,Development Server,2,16.8,0,1,1,1,1,0.78,1,0.68,19.1,LOW
HR Specialist,Finance,Production Database,4,14.05,0,1,1,0,0,3.25,0,0.705,47.2,MEDIUM
HR Specialist,IT,Admin Panel,4,9.57,0,1,1,1,0,1.37,1,0.912,12.0,LOW
System Administrator,Product,Finance System,3,12.25,0,1,1,0,0,3.18,1,0.685,30.4,MEDIUM
Software Developer,Product,Production Database,4,14.03,0,1,1,0,0,4.54,1,0.84,33.2,MEDIUM
Software Developer,Product,Project Management System,1,9.19,0,1,1,1,0,1.05,1,0.842,5.5,LOW
QA Engineer,Finance,Admin Panel,4,10.1,0,1,1,0,0,1.81,1,0.725,35.3,MEDIUM
Software Developer,Finance,Production Database,4,11.98,0,1,1,0,0,1.17,1,0.718,28.9,LOW
Software Developer,Product,HR Database,3,8.92,0,1,1,0,0,0.19,1,0.7,29.6,LOW
Finance Analyst,HR,Production Database,4,15.11,0,1,1,0,0,3.34,1,0.921,26.9,LOW
Product Manager,HR,Project Management System,1,19.59,0,1,1,1,1,0.73,1,0.989,11.7,LOW
DevOps Engineer,IT,Admin Panel,4,8.91,0,1,1,1,0,0.7,1,0.636,13.3,LOW
Product Manager,Product,GitHub Project Alpha,1,3.29,1,0,0,1,1,4.93,1,0.486,69.1,MEDIUM
Finance Analyst,Finance,HR Database,3,14.23,0,1,1,0,1,3.23,1,0.735,41.7,MEDIUM
Software Developer,IT,HR Database,3,11.01,0,1,1,0,0,0.42,1,0.759,30.7,MEDIUM
System Administrator,Engineering,GitHub Project Alpha,1,8.53,0,1,1,1,0,3.35,1,0.763,3.5,LOW
Software Developer,HR,GitHub Project Alpha,1,18.25,0,1,1,0,0,3.81,1,0.972,20.9,LOW
Product Manager,HR,GitHub Project Alpha,1,15.3,0,1,1,0,0,1.92,1,0.893,22.1,LOW
QA Engineer,IT,Admin Panel,4,7.46,0,1,1,1,1,3.35,1,0.819,18.2,LOW
Product Manager,Product,Admin Panel,4,21.75,1,1,0,0,1,14.9,1,0.135,99.6,HIGH
Product Manager,Product,Production Database,4,11.44,0,1,0,0,0,1.47,1,0.712,51.8,MEDIUM
Product Manager,Engineering,Development Server,2,17.11,0,1,0,1,0,2.24,1,0.71,26.5,LOW
Product Manager,Product,Production Database,4,17.79,0,1,1,0,0,1.71,1,0.634,34.7,MEDIUM
System Administrator,HR,Development Server,2,14.47,0,1,1,0,0,2.42,1,0.695,30.6,MEDIUM
Product Manager,Finance,Admin Panel,4,11.82,0,1,1,0,1,2.77,1,0.868,40.5,MEDIUM
Finance Analyst,Finance,Production Database,4,23.17,1,0,1,0,2,10.32,1,0.531,100.0,HIGH
QA Engineer,Engineering,Finance System,3,21.59,1,0,0,0,4,11.74,1,0.345,100.0,HIGH
Product Manager,Engineering,Project Management System,1,9.86,0,1,0,1,0,0.7,1,0.755,26.9,LOW
System Administrator,IT,Production Database,4,15.44,0,1,1,1,1,1.57,1,0.958,14.6,LOW
Software Developer,Finance,Production Database,4,21.92,1,0,0,0,2,8.89,1,0.106,99.0,HIGH
Contractor,Engineering,GitHub Project Alpha,1,14.43,0,1,1,1,0,1.71,1,0.772,3.4,LOW
Finance Analyst,Engineering,Project Management System,1,4.64,1,1,0,1,2,3.89,1,0.326,64.0,MEDIUM
Software Developer,Finance,Admin Panel,4,1.4,1,0,1,0,0,3.49,1,0.481,68.1,MEDIUM
Product Manager,IT,HR Database,3,13.48,0,1,1,0,0,3.68,1,0.901,28.0,LOW
QA Engineer,Finance,Development Server,2,12.15,0,1,1,0,0,0.74,1,0.68,30.8,MEDIUM
DevOps Engineer,IT,Project Management System,1,9.67,0,1,1,1,1,2.81,1,0.677,15.2,LOW
Software Developer,Engineering,Development Server,2,7.51,0,1,1,1,0,0.74,1,0.755,9.7,LOW
Software Developer,HR,Project Management System,1,15.39,0,1,1,1,1,1.62,1,0.777,16.6,LOW
Product Manager,HR,GitHub Project Alpha,1,19.08,0,1,1,0,1,0.88,1,0.711,30.4,MEDIUM
QA Engineer,Engineering,GitHub Project Alpha,1,8.75,0,1,1,1,0,1.72,1,0.618,5.7,LOW
Software Developer,Product,Finance System,3,11.56,0,1,1,0,1,2.86,1,0.63,37.4,MEDIUM
HR Specialist,HR,Admin Panel,4,21.79,1,0,0,0,4,5.14,1,0.3,100.0,HIGH
System Administrator,Finance,Project Management System,1,16.88,0,1,1,1,0,0.81,1,0.929,3.2,LOW
System Administrator,HR,Project Management System,1,14.95,0,1,1,1,1,1.31,1,0.724,11.6,LOW
HR Specialist,Engineering,GitHub Project Alpha,1,15.31,0,1,1,1,0,3.58,1,0.689,9.3,LOW
QA Engineer,Engineering,Production Database,4,9.48,0,1,1,1,0,3.58,1,0.811,10.9,LOW
Finance Analyst,IT,GitHub Project Alpha,1,19.67,0,1,1,0,0,0.53,1,0.745,23.1,LOW
HR Specialist,Finance,GitHub Project Alpha,1,5.85,1,1,1,0,3,8.3,0,0.173,100.0,HIGH
DevOps Engineer,Product,Finance System,3,18.6,0,1,1,0,1,1.92,1,0.948,37.8,MEDIUM
QA Engineer,Product,Production Database,4,9.08,0,1,0,0,1,3.36,1,0.661,64.5,MEDIUM
Product Manager,HR,Development Server,2,19.3,0,0,1,0,0,4.09,0,0.735,65.0,MEDIUM
HR Specialist,IT,Development Server,2,16.45,0,1,1,0,0,4.1,1,0.968,28.4,LOW
Finance Analyst,Engineering,Finance System,3,22.64,1,0,1,0,1,8.68,1,0.597,91.4,HIGH
Software Developer,Product,Project Management System,1,22.46,1,0,0,1,2,5.21,1,0.195,81.8,HIGH
System Administrator,HR,Finance System,3,22.18,1,0,0,0,1,10.91,1,0.459,100.0,HIGH
System Administrator,IT,Production Database,4,11.76,0,1,1,1,0,2.84,1,0.9,14.8,LOW
Contractor,IT,Project Management System,1,15.56,0,0,1,1,1,2.57,1,0.923,31.7,MEDIUM
Finance Analyst,IT,HR Database,3,7.9,0,1,1,0,1,4.91,1,0.923,36.1,MEDIUM
Finance Analyst,Finance,Project Management System,1,22.43,1,0,0,1,4,9.38,1,0.016,100.0,HIGH
Software Developer,Engineering,HR Database,3,9.52,0,1,1,0,0,1.31,1,0.744,33.7,MEDIUM
Contractor,Engineering,HR Database,3,4.17,1,0,1,0,3,6.28,1,0.073,100.0,HIGH
QA Engineer,IT,Project Management System,1,16.93,0,1,1,1,0,2.52,1,1.0,2.8,LOW
Finance Analyst,HR,Admin Panel,4,2.44,1,0,1,0,5,12.36,1,0.099,100.0,HIGH
QA Engineer,HR,HR Database,3,10.39,0,0,1,1,0,2.23,1,0.773,33.6,MEDIUM
System Administrator,IT,Development Server,2,3.52,1,0,0,0,4,3.1,0,0.169,99.6,HIGH
DevOps Engineer,HR,HR Database,3,4.14,1,1,1,1,2,9.08,0,0.467,80.6,HIGH
HR Specialist,Engineering,Project Management System,1,23.02,1,0,0,1,5,12.5,0,0.006,100.0,HIGH
System Administrator,Finance,Admin Panel,4,3.14,1,1,0,0,0,10.38,1,0.438,93.8,HIGH
Software Developer,Product,Production Database,4,18.18,0,1,1,0,0,1.95,1,0.83,33.6,MEDIUM
System Administrator,Finance,Admin Panel,4,22.9,1,0,0,0,2,8.09,1,0.553,99.2,HIGH
DevOps Engineer,Engineering,GitHub Project Alpha,1,8.1,0,1,1,1,0,3.97,1,0.645,6.2,LOW
Product Manager,Engineering,GitHub Project Alpha,1,19.33,0,1,1,1,1,2.52,1,0.98,8.8,LOW
Finance Analyst,IT,Admin Panel,4,7.56,0,1,1,1,1,1.91,1,0.737,20.5,LOW
QA Engineer,Finance,Production Database,4,2.32,1,1,0,0,5,14.34,1,0.148,97.2,HIGH
Product Manager,Product,Production Database,4,5.75,1,0,0,0,3,13.76,1,0.207,98.7,HIGH
QA Engineer,HR,HR Database,3,15.48,0,1,1,1,0,3.26,1,0.773,12.5,LOW
HR Specialist,HR,Development Server,2,5.86,1,0,0,0,5,10.23,1,0.055,100.0,HIGH
System Administrator,Product,Development Server,2,14.06,0,1,1,0,1,0.04,1,0.695,38.2,MEDIUM
Contractor,Finance,Development Server,2,14.27,0,0,1,0,0,2.2,1,0.779,47.9,MEDIUM
Finance Analyst,Product,Admin Panel,4,21.92,1,1,1,0,3,4.01,1,0.589,74.7,HIGH
Product Manager,Engineering,Finance System,3,10.46,0,1,1,0,1,1.94,1,0.614,41.4,MEDIUM
Contractor,Finance,HR Database,3,15.09,0,1,1,0,0,3.22,1,0.784,32.0,MEDIUM
DevOps Engineer,HR,Finance System,3,12.33,0,1,1,0,0,3.42,1,0.672,30.2,MEDIUM
HR Specialist,Product,Production Database,4,12.91,0,1,1,0,0,2.99,1,0.872,27.3,LOW
Software Developer,HR,Development Server,2,11.06,0,1,1,0,1,2.9,1,0.861,35.0,MEDIUM
QA Engineer,Engineering,GitHub Project Alpha,1,7.01,0,1,0,1,0,3.36,1,0.792,25.1,LOW
Product Manager,Finance,Development Server,2,7.61,0,1,1,0,0,3.69,1,0.864,26.5,LOW
Product Manager,Finance,HR Database,3,14.28,0,1,1,0,0,4.35,1,0.814,30.3,MEDIUM
Contractor,Finance,HR Database,3,0.38,1,0,1,0,0,5.37,1,0.284,69.3,MEDIUM
Contractor,HR,GitHub Project Alpha,1,15.1,0,1,1,0,0,2.31,1,0.747,26.4,LOW
Contractor,Engineering,Admin Panel,4,10.1,0,1,1,0,0,3.5,1,0.937,30.1,MEDIUM
QA Engineer,Engineering,Finance System,3,13.76,0,1,1,0,1,1.74,1,0.755,38.1,MEDIUM
System Administrator,IT,Project Management System,1,7.16,0,1,0,1,0,3.97,1,0.735,23.3,LOW
HR Specialist,Product,Production Database,4,23.21,1,1,1,0,4,12.19,1,0.038,100.0,HIGH
Finance Analyst,IT,Admin Panel,4,13.09,0,1,1,1,0,0.04,1,0.915,13.6,LOW
QA Engineer,Finance,Finance System,3,18.9,0,1,1,1,0,4.23,1,0.761,8.4,LOW
Product Manager,Finance,GitHub Project Alpha,1,22.71,1,0,0,0,3,8.98,1,0.506,100.0,HIGH
System Administrator,Product,Project Management System,1,8.55,0,1,1,1,1,3.21,1,0.652,16.1,LOW
QA Engineer,Product,GitHub Project Alpha,1,19.51,0,0,1,1,0,4.72,1,0.739,25.4,LOW
QA Engineer,HR,Project Management System,1,3.97,1,0,0,1,5,5.27,1,0.398,100.0,HIGH
DevOps Engineer,Product,GitHub Project Alpha,1,10.27,0,0,1,1,0,3.3,1,0.924,21.9,LOW
DevOps Engineer,Product,GitHub Project Alpha,1,23.89,1,1,1,1,1,4.67,0,0.353,43.5,MEDIUM
System Administrator,HR,HR Database,3,14.18,0,1,1,1,0,0.26,1,0.831,8.3,LOW
DevOps Engineer,Finance,Development Server,2,10.91,0,1,1,0,0,4.16,1,0.672,25.7,LOW
HR Specialist,Finance,Project Management System,1,21.44,1,0,0,1,3,10.04,1,0.189,100.0,HIGH
QA Engineer,Finance,HR Database,3,4.55,1,0,0,0,0,11.22,1,0.448,100.0,HIGH
Contractor,Engineering,Development Server,2,23.78,1,0,0,1,3,6.79,1,0.484,97.7,HIGH
DevOps Engineer,Engineering,Production Database,4,8.53,0,1,1,1,1,0.81,1,0.707,20.2,LOW
QA Engineer,Product,Development Server,2,11.28,0,1,1,0,0,0.99,1,0.817,26.6,LOW
QA Engineer,Product,Finance System,3,21.1,1,1,0,0,5,9.7,0,0.184,96.6,HIGH
Finance Analyst,Finance,GitHub Project Alpha,1,14.78,0,1,1,0,0,4.5,1,0.765,25.7,LOW
Finance Analyst,HR,Finance System,3,12.07,0,1,1,0,0,1.39,1,0.876,29.5,LOW
System Administrator,HR,HR Database,3,19.11,0,1,1,1,0,1.22,1,0.894,11.0,LOW
System Administrator,Engineering,Development Server,2,15.16,0,1,1,1,1,2.76,1,0.745,14.7,LOW
Contractor,HR,HR Database,3,23.75,1,0,0,1,2,8.5,1,0.26,97.6,HIGH
System Administrator,HR,Finance System,3,15.14,0,1,1,0,1,1.67,1,0.702,41.2,MEDIUM
DevOps Engineer,IT,Finance System,3,13.56,0,1,1,0,0,4.96,1,0.683,32.8,MEDIUM
Product Manager,Product,Development Server,2,13.63,0,1,1,0,0,1.31,1,0.89,29.5,LOW
Software Developer,Product,Finance System,3,8.97,0,1,1,0,0,4.81,1,0.685,31.6,MEDIUM
Contractor,Finance,Production Database,4,8.85,0,1,1,0,0,3.53,1,0.684,33.0,MEDIUM
HR Specialist,Engineering,Finance System,3,17.62,0,1,1,0,0,4.2,1,0.61,31.2,MEDIUM
DevOps Engineer,IT,Project Management System,1,14.86,0,1,1,1,0,4.48,1,0.898,0.8,LOW
Contractor,Engineering,Project Management System,1,9.01,0,0,1,1,0,2.25,1,0.647,24.3,LOW
Product Manager,Product,Finance System,3,13.06,0,1,1,0,0,3.69,1,0.625,30.9,MEDIUM
HR Specialist,Engineering,HR Database,3,23.7,1,0,0,0,3,14.86,1,0.133,96.3,HIGH
System Administrator,Product,GitHub Project Alpha,1,15.63,0,1,1,1,0,0.97,1,0.744,2.4,LOW
HR Specialist,HR,Finance System,3,10.84,0,1,0,0,0,4.21,1,0.834,50.5,MEDIUM
Finance Analyst,Product,Finance System,3,12.73,0,1,1,0,0,2.32,1,0.829,28.6,LOW
Contractor,HR,Admin Panel,4,9.52,0,1,1,0,0,1.64,1,0.929,29.2,LOW
Finance Analyst,Engineering,Development Server,2,22.55,1,0,1,1,1,8.0,1,0.193,68.0,MEDIUM
System Administrator,HR,Finance System,3,8.96,0,1,1,0,0,2.22,1,0.783,28.9,LOW
Contractor,Finance,Finance System,3,2.5,1,0,0,1,2,3.1,1,0.578,84.4,HIGH
Product Manager,Finance,HR Database,3,16.97,0,1,1,0,0,2.05,1,0.956,28.3,LOW
System Administrator,IT,Admin Panel,4,19.82,0,1,1,1,1,1.33,1,0.719,21.6,LOW
Software Developer,HR,HR Database,3,17.33,0,1,1,1,1,2.79,1,0.895,19.8,LOW
Product Manager,Engineering,Production Database,4,10.88,0,1,1,1,0,2.85,1,0.61,17.1,LOW
DevOps Engineer,Finance,Project Management System,1,7.6,0,1,1,1,0,2.58,1,0.867,1.4,LOW
Finance Analyst,Engineering,Finance System,3,19.91,0,1,1,0,0,3.93,1,0.986,31.2,MEDIUM
Finance Analyst,IT,Finance System,3,0.68,1,0,0,0,0,6.09,1,0.032,97.2,HIGH
Product Manager,IT,Development Server,2,8.59,0,1,1,0,0,0.35,1,0.797,27.9,LOW
Finance Analyst,Finance,GitHub Project Alpha,1,14.22,0,1,1,0,0,4.01,1,0.893,25.0,LOW
DevOps Engineer,IT,Admin Panel,4,7.16,0,1,1,1,0,2.03,1,0.69,12.4,LOW
Software Developer,IT,GitHub Project Alpha,1,16.52,0,1,1,0,0,1.77,1,0.997,24.2,LOW
DevOps Engineer,Engineering,HR Database,3,8.7,0,1,1,0,0,3.19,1,0.693,29.1,LOW
Product Manager,HR,Admin Panel,4,9.46,0,1,1,0,0,4.33,1,0.744,32.9,MEDIUM
Finance Analyst,IT,Project Management System,1,7.07,0,1,1,1,0,0.6,1,0.63,8.5,LOW
Finance Analyst,IT,Production Database,4,10.4,0,1,1,1,1,4.79,1,0.774,21.0,LOW
HR Specialist,HR,Admin Panel,4,19.03,0,1,1,0,0,4.47,1,0.799,30.8,MEDIUM
Software Developer,Finance,Admin Panel,4,9.15,0,1,0,0,0,3.52,1,0.795,50.9,MEDIUM
Contractor,Product,GitHub Project Alpha,1,14.71,0,1,1,1,1,3.77,1,0.668,12.8,LOW
HR Specialist,Product,Project Management System,1,13.09,0,1,1,1,0,2.28,1,0.983,0.9,LOW
HR Specialist,HR,HR Database,3,16.92,0,1,1,1,0,3.74,1,0.721,10.1,LOW
HR Specialist,Finance,Admin Panel,4,14.3,0,1,1,0,1,0.16,1,0.966,39.3,MEDIUM
HR Specialist,IT,HR Database,3,14.94,0,1,1,0,1,3.81,1,0.607,37.8,MEDIUM
System Administrator,Engineering,Finance System,3,13.11,0,1,1,0,0,4.11,1,0.693,30.4,MEDIUM
Product Manager,Engineering,GitHub Project Alpha,1,7.07,0,1,1,1,0,2.87,1,0.721,7.3,LOW
DevOps Engineer,Finance,Production Database,4,16.14,0,1,1,0,0,4.77,1,0.957,26.6,LOW
Contractor,Finance,Development Server,2,23.69,1,0,0,0,5,10.01,1,0.287,100.0,HIGH
DevOps Engineer,Product,Development Server,2,15.64,0,1,1,0,0,0.51,1,0.942,23.0,LOW
Contractor,IT,HR Database,3,15.61,0,1,1,0,0,0.78,1,0.834,27.3,LOW
Contractor,Product,Finance System,3,10.58,0,1,0,0,0,0.38,1,0.72,47.4,MEDIUM
HR Specialist,IT,Finance System,3,22.99,1,0,1,0,5,12.55,1,0.16,100.0,HIGH
HR Specialist,HR,Production Database,4,7.9,0,1,1,0,1,1.58,1,0.673,43.7,MEDIUM
HR Specialist,IT,Finance System,3,19.14,0,1,1,0,0,0.14,1,0.766,25.9,LOW
Finance Analyst,Engineering,Finance System,3,18.65,0,1,1,0,0,3.26,1,0.975,31.5,MEDIUM
Contractor,HR,Finance System,3,22.32,1,0,0,0,1,7.24,1,0.26,97.7,HIGH
Finance Analyst,IT,Finance System,3,15.96,0,1,1,0,1,3.35,1,0.611,41.8,MEDIUM
QA Engineer,Engineering,Project Management System,1,10.4,0,1,0,1,0,1.93,1,0.634,28.1,LOW
System Administrator,HR,Admin Panel,4,19.83,0,1,1,0,0,0.17,1,0.865,34.0,MEDIUM
Contractor,Finance,Project Management System,1,10.7,0,1,1,1,1,0.31,1,0.986,13.9,LOW
QA Engineer,Product,Production Database,4,13.85,0,1,1,0,0,1.52,1,0.978,29.3,LOW
Finance Analyst,IT,Finance System,3,15.4,0,1,1,0,0,1.43,1,0.95,28.3,LOW
Product Manager,IT,Project Management System,1,1.92,1,0,0,1,0,13.07,1,0.318,92.7,HIGH
Product Manager,HR,Development Server,2,12.08,0,1,1,0,0,0.74,1,0.954,28.8,LOW
HR Specialist,IT,Project Management System,1,15.06,0,1,1,1,0,2.0,1,0.896,5.1,LOW
Product Manager,Product,Production Database,4,12.16,0,1,1,0,0,3.25,1,0.968,30.7,MEDIUM
QA Engineer,Finance,Development Server,2,14.76,0,1,1,0,0,2.53,1,0.992,25.7,LOW
Software Developer,IT,GitHub Project Alpha,1,2.8,1,1,0,0,5,4.42,1,0.388,100.0,HIGH
HR Specialist,HR,Production Database,4,14.51,0,1,0,0,0,4.82,1,0.801,52.2,MEDIUM
DevOps Engineer,HR,Development Server,2,19.04,0,1,1,0,1,2.46,1,0.834,34.0,MEDIUM
Software Developer,Finance,Project Management System,1,22.01,1,0,0,1,2,4.16,1,0.079,81.3,HIGH
Finance Analyst,HR,Development Server,2,4.37,1,0,0,0,5,13.57,1,0.326,100.0,HIGH
Product Manager,Product,GitHub Project Alpha,1,21.2,1,0,1,1,0,6.63,0,0.061,72.7,HIGH
System Administrator,HR,Admin Panel,4,10.67,0,0,1,0,0,4.12,1,0.924,46.9,MEDIUM
Finance Analyst,Finance,Production Database,4,13.35,0,1,0,0,0,4.89,1,0.995,47.3,MEDIUM
DevOps Engineer,IT,HR Database,3,12.77,0,1,1,0,1,1.52,1,0.911,35.7,MEDIUM
DevOps Engineer,Product,Project Management System,1,21.54,1,0,0,1,5,3.7,1,0.485,97.5,HIGH
Contractor,Product,Project Management System,1,13.68,0,1,1,1,0,2.67,1,0.725,3.6,LOW
QA Engineer,IT,Production Database,4,10.39,0,1,1,1,0,2.15,1,0.843,8.0,LOW
System Administrator,Finance,Development Server,2,14.09,0,1,0,0,0,4.05,0,0.617,65.1,MEDIUM
Finance Analyst,HR,Finance System,3,14.23,0,1,1,0,0,1.14,1,0.605,34.2,MEDIUM
Product Manager,Engineering,Development Server,2,1.62,1,1,0,1,2,14.16,1,0.21,97.1,HIGH
System Administrator,Engineering,Project Management System,1,9.26,0,1,1,1,0,3.65,1,0.721,7.7,LOW
HR Specialist,Finance,Project Management System,1,9.48,0,1,1,1,0,3.39,1,0.817,0.5,LOW
Contractor,Product,GitHub Project Alpha,1,14.59,0,1,1,1,1,4.13,1,0.898,10.3,LOW
Product Manager,IT,Project Management System,1,8.21,0,1,1,1,0,2.77,1,0.666,2.1,LOW
DevOps Engineer,IT,HR Database,3,8.11,0,0,1,0,0,0.1,1,0.902,50.8,MEDIUM
Contractor,IT,Finance System,3,12.27,0,1,1,0,0,4.72,1,0.821,26.3,LOW
Contractor,HR,Development Server,2,5.02,1,0,0,0,3,8.53,1,0.178,100.0,HIGH
Software Developer,Engineering,Development Server,2,1.34,1,1,1,1,5,10.11,1,0.299,96.0,HIGH
QA Engineer,Product,Finance System,3,21.55,1,1,1,0,1,4.09,1,0.467,55.9,MEDIUM
Finance Analyst,IT,Finance System,3,2.32,1,0,0,0,2,5.42,0,0.02,100.0,HIGH
Contractor,IT,Development Server,2,16.03,0,1,1,0,0,2.11,1,0.958,22.9,LOW
Product Manager,Engineering,Development Server,2,7.97,0,1,1,1,0,4.35,1,0.954,9.4,LOW
Finance Analyst,IT,Project Management System,1,0.37,1,0,0,1,2,5.52,1,0.132,88.3,HIGH
Product Manager,HR,Development Server,2,14.26,0,1,1,0,0,3.63,1,0.809,23.5,LOW
DevOps Engineer,Product,Admin Panel,4,18.54,0,1,1,0,0,3.34,1,0.621,32.4,MEDIUM
HR Specialist,IT,Finance System,3,12.21,0,1,1,0,0,3.1,1,0.901,32.5,MEDIUM
Contractor,HR,Finance System,3,17.78,0,0,1,0,0,1.09,1,0.602,51.2,MEDIUM
DevOps Engineer,HR,GitHub Project Alpha,1,7.22,0,1,1,0,0,1.2,1,0.958,24.3,LOW
Product Manager,Finance,Admin Panel,4,22.05,1,1,0,0,5,3.24,0,0.529,99.4,HIGH
Product Manager,Engineering,Production Database,4,12.59,0,1,1,1,0,4.83,1,0.805,8.1,LOW
System Administrator,IT,Finance System,3,22.17,1,0,1,0,0,13.07,0,0.365,97.4,HIGH
Finance Analyst,IT,Project Management System,1,15.55,0,1,1,1,1,2.59,1,0.613,13.6,LOW
Contractor,IT,Admin Panel,4,1.58,1,1,1,1,5,13.42,1,0.513,98.6,HIGH
Finance Analyst,Finance,Project Management System,1,3.64,1,1,0,1,5,12.76,1,0.111,100.0,HIGH
Software Developer,Product,Admin Panel,4,4.07,1,0,0,0,5,9.55,1,0.354,100.0,HIGH
Contractor,Engineering,Finance System,3,22.92,1,0,1,0,1,10.88,1,0.058,98.8,HIGH
Software Developer,Engineering,Finance System,3,12.81,0,1,1,0,0,3.47,1,0.77,30.2,MEDIUM
DevOps Engineer,HR,GitHub Project Alpha,1,15.63,0,1,1,0,0,4.95,1,0.869,19.9,LOW
QA Engineer,Engineering,Finance System,3,12.62,0,1,1,0,0,4.69,1,0.785,33.3,MEDIUM
Product Manager,IT,Admin Panel,4,22.51,1,0,0,1,3,3.94,1,0.209,100.0,HIGH
Contractor,Product,Production Database,4,18.58,0,1,1,0,0,2.97,1,0.841,29.5,LOW
Product Manager,Finance,Admin Panel,4,14.59,0,1,1,0,1,3.65,1,0.868,35.4,MEDIUM
Finance Analyst,Finance,Production Database,4,12.84,0,1,1,0,0,3.13,1,0.727,32.6,MEDIUM
QA Engineer,Engineering,Finance System,3,10.28,0,1,1,0,0,0.97,1,0.643,30.1,MEDIUM
Finance Analyst,Engineering,HR Database,3,22.96,1,0,0,0,0,7.51,1,0.545,96.8,HIGH
QA Engineer,Product,Finance System,3,18.64,0,1,1,0,0,1.61,1,0.778,32.8,MEDIUM
Software Developer,HR,Production Database,4,3.65,1,1,0,0,4,4.89,1,0.514,100.0,HIGH
Contractor,Product,Project Management System,1,15.32,0,1,1,1,0,1.12,1,0.728,6.7,LOW
Product Manager,Finance,Admin Panel,4,4.3,1,0,0,0,4,4.01,0,0.239,98.9,HIGH
QA Engineer,HR,Development Server,2,11.52,0,1,1,0,1,4.25,1,0.922,35.8,MEDIUM
Software Developer,Product,Development Server,2,9.03,0,0,1,0,0,0.6,1,0.668,49.9,MEDIUM
HR Specialist,HR,Development Server,2,22.22,1,1,0,0,4,8.24,1,0.289,99.7,HIGH
Contractor,Product,Admin Panel,4,23.28,1,0,0,0,2,10.31,1,0.34,100.0,HIGH
System Administrator,HR,GitHub Project Alpha,1,1.99,1,0,1,0,4,5.25,1,0.142,100.0,HIGH
QA Engineer,IT,Development Server,2,1.21,1,0,0,0,2,10.83,1,0.435,100.0,HIGH
HR Specialist,HR,GitHub Project Alpha,1,14.19,0,1,1,0,1,3.05,1,0.609,33.5,MEDIUM
Product Manager,Finance,HR Database,3,13.33,0,1,1,0,0,1.05,1,0.633,32.6,MEDIUM
Product Manager,HR,Finance System,3,23.13,1,0,0,0,3,8.97,1,0.274,96.3,HIGH
Software Developer,Finance,GitHub Project Alpha,1,23.94,1,0,0,0,3,7.94,1,0.358,97.7,HIGH
HR Specialist,Product,HR Database,3,10.62,0,1,1,0,0,0.97,1,0.775,32.5,MEDIUM
Product Manager,Engineering,Development Server,2,4.79,1,0,0,1,5,9.31,1,0.153,100.0,HIGH
Contractor,HR,GitHub Project Alpha,1,12.45,0,1,1,0,0,1.22,1,0.733,25.9,LOW
Software Developer,IT,Finance System,3,15.88,0,1,1,0,1,0.39,1,0.783,34.2,MEDIUM
DevOps Engineer,HR,Development Server,2,2.12,1,0,0,0,2,11.03,1,0.521,100.0,HIGH
HR Specialist,HR,Production Database,4,5.59,1,0,0,0,0,5.36,1,0.459,92.1,HIGH
QA Engineer,Product,HR Database,3,4.64,1,0,0,0,4,9.33,0,0.149,96.4,HIGH
Product Manager,HR,Project Management System,1,21.7,1,0,0,1,2,14.9,1,0.278,100.0,HIGH
Finance Analyst,Finance,Production Database,4,23.75,1,0,0,0,2,14.75,1,0.105,100.0,HIGH
Finance Analyst,Engineering,Production Database,4,18.0,0,1,0,1,0,1.17,1,0.687,34.2,MEDIUM
Software Developer,HR,Finance System,3,17.23,0,1,1,0,0,3.53,1,0.738,27.6,LOW
Finance Analyst,HR,Development Server,2,8.07,0,1,0,0,1,0.46,1,0.901,55.4,MEDIUM
Product Manager,Finance,Finance System,3,18.97,0,1,1,1,0,3.48,1,0.937,11.3,LOW
Software Developer,Product,Finance System,3,0.14,1,1,0,0,1,5.29,1,0.531,80.0,HIGH
HR Specialist,Product,Project Management System,1,15.86,0,1,1,1,0,0.99,1,0.979,0.5,LOW
Finance Analyst,HR,Admin Panel,4,16.63,0,1,1,0,0,2.22,1,0.793,30.7,MEDIUM
System Administrator,Product,Finance System,3,16.67,0,1,1,0,0,1.65,1,0.806,29.1,LOW
Finance Analyst,IT,Project Management System,1,14.05,0,1,1,1,0,1.31,1,0.968,0.0,LOW
Product Manager,HR,Finance System,3,10.44,0,1,1,0,1,1.91,1,0.77,33.8,MEDIUM
Contractor,Product,Admin Panel,4,12.93,0,1,1,0,0,2.07,1,0.786,30.6,MEDIUM
Product Manager,Finance,Production Database,4,23.92,1,1,1,0,4,14.37,1,0.394,100.0,HIGH
Product Manager,Finance,Development Server,2,11.22,0,1,1,0,0,0.01,1,0.97,25.4,LOW
HR Specialist,Engineering,HR Database,3,18.27,0,1,1,0,1,4.75,1,0.86,36.8,MEDIUM
DevOps Engineer,Finance,HR Database,3,17.91,0,1,1,0,1,1.18,1,0.957,37.5,MEDIUM
DevOps Engineer,IT,Finance System,3,21.32,1,0,1,0,2,4.97,1,0.003,87.1,HIGH
Contractor,Finance,HR Database,3,4.3,1,0,1,0,3,14.32,1,0.44,100.0,HIGH
QA Engineer,Finance,Production Database,4,18.74,0,1,1,0,0,0.01,1,0.931,28.2,LOW
HR Specialist,HR,Finance System,3,5.77,1,0,1,0,0,9.2,1,0.133,94.5,HIGH
Software Developer,Product,Admin Panel,4,22.37,1,1,0,0,4,7.91,1,0.46,98.9,HIGH
DevOps Engineer,Product,Finance System,3,8.08,0,1,1,0,1,0.71,1,0.776,39.0,MEDIUM
DevOps Engineer,HR,Production Database,4,17.05,0,1,1,0,0,0.55,1,0.613,37.1,MEDIUM
HR Specialist,IT,HR Database,3,8.75,0,1,1,0,0,2.06,1,0.935,25.4,LOW
System Administrator,Product,Admin Panel,4,17.73,0,1,0,0,0,3.32,1,0.909,49.1,MEDIUM
Contractor,Finance,HR Database,3,19.95,0,1,1,0,0,4.32,1,0.801,30.9,MEDIUM
Software Developer,Engineering,Project Management System,1,11.18,0,1,1,1,0,0.7,1,0.823,3.7,LOW
Software Developer,IT,Project Management System,1,14.54,0,1,1,1,1,3.08,1,0.64,16.9,LOW
QA Engineer,Product,Development Server,2,23.28,1,0,0,0,2,7.95,1,0.377,96.0,HIGH
System Administrator,Finance,HR Database,3,15.74,0,0,1,0,0,2.9,1,0.879,47.2,MEDIUM
Product Manager,HR,Finance System,3,16.49,0,1,1,0,0,2.48,1,0.665,31.7,MEDIUM
Contractor,Finance,Admin Panel,4,0.62,1,0,0,0,1,8.18,1,0.2,96.9,HIGH
Contractor,HR,Production Database,4,23.65,1,0,0,0,4,11.17,0,0.224,96.6,HIGH
Finance Analyst,Finance,Development Server,2,5.07,1,0,0,0,1,12.51,1,0.321,98.4,HIGH
System Administrator,Product,Project Management System,1,13.3,0,1,1,1,1,1.05,1,0.942,7.3,LOW
Contractor,Engineering,Admin Panel,4,23.44,1,0,1,0,2,11.12,1,0.068,97.7,HIGH
Contractor,IT,Development Server,2,16.62,0,1,1,0,0,0.57,1,0.947,23.5,LOW
System Administrator,Finance,Production Database,4,16.61,0,1,1,0,0,3.53,1,0.812,30.7,MEDIUM
System Administrator,Engineering,HR Database,3,4.64,1,1,0,0,3,7.62,1,0.035,100.0,HIGH
DevOps Engineer,Finance,Development Server,2,11.72,0,1,1,0,0,2.54,1,0.923,28.2,LOW
DevOps Engineer,Product,GitHub Project Alpha,1,9.86,0,1,1,1,1,3.39,1,0.621,16.3,LOW
System Administrator,Engineering,GitHub Project Alpha,1,23.57,1,1,0,1,0,3.53,1,0.214,46.0,MEDIUM
Contractor,Engineering,Project Management System,1,18.26,0,1,1,1,0,0.89,1,0.608,3.6,LOW
Product Manager,Engineering,Finance System,3,14.55,0,1,1,0,1,4.47,1,0.744,39.3,MEDIUM
HR Specialist,HR,Finance System,3,12.3,0,1,1,0,0,3.87,1,0.964,31.2,MEDIUM
Finance Analyst,Engineering,Project Management System,1,18.11,0,1,1,1,0,0.45,1,0.697,7.4,LOW
HR Specialist,HR,HR Database,3,12.55,0,1,0,1,0,1.53,1,0.627,33.9,MEDIUM
HR Specialist,HR,Admin Panel,4,7.55,0,1,1,0,0,4.53,1,0.792,31.2,MEDIUM
System Administrator,Finance,HR Database,3,7.38,0,1,1,0,0,0.57,1,0.612,31.5,MEDIUM
Software Developer,Finance,Project Management System,1,19.97,0,1,1,1,0,4.85,1,0.783,5.6,LOW
Product Manager,Engineering,HR Database,3,18.96,0,1,1,0,0,2.99,1,0.797,31.4,MEDIUM
Product Manager,Product,Production Database,4,13.28,0,1,1,0,0,2.26,1,0.953,30.2,MEDIUM
Product Manager,Product,Admin Panel,4,10.62,0,1,1,0,1,0.9,1,0.987,40.4,MEDIUM
Contractor,HR,Project Management System,1,21.25,1,0,0,1,1,5.54,1,0.07,81.1,HIGH
QA Engineer,IT,Development Server,2,10.83,0,1,1,0,0,0.81,1,0.983,21.3,LOW
QA Engineer,HR,Finance System,3,22.82,1,0,0,0,1,8.25,1,0.579,100.0,HIGH
Software Developer,HR,Finance System,3,15.76,0,1,1,0,0,2.75,1,0.794,30.9,MEDIUM
Contractor,Product,GitHub Project Alpha,1,23.7,1,1,0,1,4,11.15,0,0.107,100.0,HIGH
HR Specialist,IT,Production Database,4,10.08,0,1,0,1,0,1.5,1,0.673,33.0,MEDIUM
HR Specialist,Product,Admin Panel,4,22.55,1,1,1,0,3,7.96,1,0.508,89.5,HIGH
Product Manager,HR,HR Database,3,2.23,1,0,1,1,3,7.5,1,0.19,86.6,HIGH
Contractor,Finance,Development Server,2,10.33,0,1,1,0,0,4.88,1,0.717,31.6,MEDIUM
Product Manager,HR,GitHub Project Alpha,1,17.17,0,1,1,0,0,4.73,1,0.611,27.5,LOW
DevOps Engineer,HR,Development Server,2,5.16,1,1,1,0,1,13.9,1,0.22,83.9,HIGH
DevOps Engineer,IT,Production Database,4,0.89,1,0,0,1,5,3.85,1,0.299,98.4,HIGH
DevOps Engineer,IT,Production Database,4,21.63,1,0,0,1,0,4.67,0,0.259,83.7,HIGH
HR Specialist,IT,Project Management System,1,17.59,0,1,0,1,0,3.87,1,0.712,22.3,LOW
System Administrator,HR,Admin Panel,4,17.68,0,1,1,0,1,0.59,1,0.994,38.6,MEDIUM
QA Engineer,HR,Finance System,3,12.88,0,1,1,0,0,0.68,1,0.862,25.4,LOW
Product Manager,Product,Admin Panel,4,12.83,0,1,1,0,1,4.93,1,0.819,39.1,MEDIUM
DevOps Engineer,HR,GitHub Project Alpha,1,1.25,1,0,0,0,1,14.89,1,0.233,100.0,HIGH
Product Manager,IT,Project Management System,1,4.64,1,0,0,1,1,8.76,1,0.028,95.0,HIGH
Product Manager,IT,Admin Panel,4,7.62,0,1,1,1,0,3.8,1,0.806,8.4,LOW
QA Engineer,Product,Development Server,2,5.31,1,1,0,0,4,11.57,0,0.468,96.5,HIGH
System Administrator,Product,Admin Panel,4,14.26,0,1,1,0,0,1.84,1,0.788,32.8,MEDIUM
QA Engineer,Finance,Development Server,2,18.63,0,1,1,0,0,2.93,1,0.713,27.7,LOW
QA Engineer,HR,Admin Panel,4,7.63,0,1,1,0,1,1.72,1,0.715,37.7,MEDIUM
Contractor,HR,GitHub Project Alpha,1,15.03,0,1,1,0,0,4.86,1,0.852,25.3,LOW
Product Manager,Finance,HR Database,3,22.99,1,0,0,0,3,14.33,1,0.09,98.3,HIGH
QA Engineer,Engineering,Development Server,2,5.57,1,0,1,1,3,13.47,0,0.35,99.6,HIGH
Contractor,Engineering,Finance System,3,16.93,0,1,1,0,1,0.86,1,0.658,35.1,MEDIUM
Product Manager,Product,Admin Panel,4,21.46,1,1,1,0,5,8.48,1,0.413,100.0,HIGH
QA Engineer,IT,Finance System,3,5.2,1,0,0,0,5,6.11,1,0.451,99.8,HIGH
HR Specialist,Engineering,Project Management System,1,19.05,0,1,1,1,1,1.06,0,0.86,27.3,LOW
DevOps Engineer,Engineering,Development Server,2,8.59,0,1,1,1,0,3.24,1,0.944,7.0,LOW
Product Manager,Product,Project Management System,1,7.35,0,1,0,1,0,4.76,1,0.928,19.8,LOW
DevOps Engineer,HR,GitHub Project Alpha,1,11.55,0,1,1,0,1,4.47,1,0.927,32.2,MEDIUM
Product Manager,Finance,Finance System,3,15.99,0,1,1,1,0,0.58,1,0.64,14.3,LOW
DevOps Engineer,Finance,Production Database,4,17.5,0,1,1,0,0,2.67,1,0.63,30.2,MEDIUM
System Administrator,HR,Development Server,2,8.48,0,1,1,0,0,3.74,1,0.616,32.7,MEDIUM
Contractor,IT,HR Database,3,15.78,0,1,1,0,1,4.86,1,0.845,39.0,MEDIUM
DevOps Engineer,IT,Project Management System,1,15.73,0,1,1,1,0,1.14,1,0.929,5.3,LOW
System Administrator,HR,Admin Panel,4,14.73,0,1,1,0,0,1.72,1,0.898,32.6,MEDIUM
Software Developer,HR,Finance System,3,5.59,1,0,0,0,4,4.72,1,0.18,100.0,HIGH
Software Developer,Finance,HR Database,3,17.16,0,1,1,0,0,3.16,1,0.943,25.3,LOW
Software Developer,HR,Project Management System,1,4.9,1,0,0,1,1,13.5,1,0.014,99.0,HIGH
HR Specialist,Finance,Project Management System,1,13.3,0,1,1,1,1,0.01,1,0.81,10.2,LOW
Product Manager,Engineering,Admin Panel,4,10.76,0,1,1,0,1,4.7,1,0.685,43.8,MEDIUM
HR Specialist,HR,Project Management System,1,17.17,0,1,1,1,0,0.71,1,0.847,4.0,LOW
HR Specialist,Product,Production Database,4,10.06,0,1,1,0,0,4.15,1,0.863,32.4,MEDIUM
Software Developer,Engineering,Production Database,4,19.83,0,1,1,1,0,0.43,1,0.987,13.5,LOW
DevOps Engineer,Product,Development Server,2,18.37,0,1,1,0,0,2.93,1,0.734,30.3,MEDIUM
HR Specialist,Engineering,HR Database,3,7.36,0,1,1,0,0,2.59,1,0.792,26.6,LOW
Software Developer,IT,Production Database,4,14.95,0,1,1,1,1,0.74,1,0.634,21.6,LOW
Contractor,Engineering,Project Management System,1,19.58,0,1,1,1,0,4.22,1,0.831,4.5,LOW
Software Developer,IT,Finance System,3,22.59,1,0,0,0,2,14.59,1,0.012,100.0,HIGH
QA Engineer,Engineering,Admin Panel,4,17.48,0,0,1,0,0,4.11,1,0.724,53.1,MEDIUM
Product Manager,Product,HR Database,3,13.91,0,1,1,0,0,2.42,1,0.751,28.3,LOW
Finance Analyst,HR,HR Database,3,21.35,1,0,0,1,2,12.53,1,0.457,100.0,HIGH
HR Specialist,Product,Finance System,3,18.44,0,1,1,0,0,4.66,1,0.607,35.2,MEDIUM
System Administrator,Product,HR Database,3,22.47,1,0,1,0,5,8.74,1,0.467,100.0,HIGH
System Administrator,Engineering,Admin Panel,4,8.85,0,0,1,0,1,3.48,1,0.62,60.5,MEDIUM
Finance Analyst,HR,HR Database,3,5.98,1,0,0,1,1,8.42,0,0.361,100.0,HIGH
QA Engineer,Engineering,HR Database,3,7.5,0,1,1,0,0,3.65,1,0.651,32.3,MEDIUM
Contractor,Engineering,Finance System,3,14.48,0,1,1,0,1,3.64,1,0.95,34.4,MEDIUM
QA Engineer,HR,Production Database,4,14.65,0,0,1,0,0,2.02,1,0.802,52.7,MEDIUM
System Administrator,HR,Admin Panel,4,17.08,0,1,1,0,0,0.41,1,0.608,31.3,MEDIUM
Software Developer,HR,Project Management System,1,4.71,1,0,0,1,1,10.44,1,0.17,98.8,HIGH
Contractor,Finance,Development Server,2,21.35,1,0,0,0,0,12.5,1,0.241,100.0,HIGH
Software Developer,Product,Development Server,2,7.12,0,1,0,0,0,2.28,1,0.996,46.3,MEDIUM
Contractor,Engineering,Finance System,3,16.97,0,1,1,0,0,3.02,1,0.672,27.7,LOW
Software Developer,IT,GitHub Project Alpha,1,23.43,1,0,0,0,4,5.6,1,0.593,96.5,HIGH
System Administrator,Engineering,Production Database,4,13.75,0,1,1,1,0,1.7,1,0.987,6.8,LOW
Contractor,IT,Finance System,3,16.15,0,1,0,0,0,3.51,1,0.986,50.5,MEDIUM
Product Manager,IT,Production Database,4,0.79,1,0,1,1,2,11.21,0,0.414,100.0,HIGH
HR Specialist,Engineering,Project Management System,1,4.06,1,0,1,1,3,6.39,1,0.437,73.9,HIGH
DevOps Engineer,IT,GitHub Project Alpha,1,14.69,0,1,1,0,1,3.38,1,0.653,36.7,MEDIUM
Product Manager,IT,Project Management System,1,5.41,1,0,0,1,2,4.87,1,0.397,76.3,HIGH
HR Specialist,Engineering,Project Management System,1,17.11,0,1,1,1,0,0.3,1,0.641,8.6,LOW
Finance Analyst,Finance,Production Database,4,23.88,1,1,0,0,3,12.16,1,0.236,100.0,HIGH
QA Engineer,HR,GitHub Project Alpha,1,16.87,0,1,1,0,1,0.08,1,0.897,29.8,LOW
Finance Analyst,Product,GitHub Project Alpha,1,2.84,1,1,1,1,0,7.41,0,0.031,51.7,MEDIUM
System Administrator,Product,Project Management System,1,19.8,0,0,1,1,0,0.43,1,0.73,26.2,LOW
Contractor,HR,Finance System,3,4.01,1,1,0,0,2,14.84,1,0.448,100.0,HIGH
Software Developer,IT,Project Management System,1,11.27,0,1,1,1,0,1.34,1,0.696,7.3,LOW
Finance Analyst,Engineering,GitHub Project Alpha,1,18.18,0,1,1,1,1,4.86,1,0.878,14.7,LOW
DevOps Engineer,Product,HR Database,3,12.83,0,1,1,0,0,0.19,1,0.826,30.8,MEDIUM
DevOps Engineer,Finance,Project Management System,1,14.09,0,1,1,1,0,1.05,1,0.901,1.9,LOW
Software Developer,Product,Project Management System,1,11.01,0,1,1,1,0,4.27,1,0.986,3.2,LOW
Contractor,Product,GitHub Project Alpha,1,3.48,1,0,0,1,3,11.17,1,0.134,100.0,HIGH
Contractor,HR,Finance System,3,22.54,1,1,0,0,0,12.12,0,0.524,97.3,HIGH
System Administrator,Engineering,Project Management System,1,12.51,0,1,1,1,0,1.69,1,0.661,5.0,LOW
DevOps Engineer,Product,Project Management System,1,7.03,0,0,0,1,0,4.98,1,0.801,47.0,MEDIUM
QA Engineer,IT,Admin Panel,4,21.16,1,0,0,1,2,11.62,0,0.402,100.0,HIGH
Product Manager,IT,Production Database,4,19.34,0,1,1,1,0,0.08,1,0.929,14.7,LOW
QA Engineer,HR,Project Management System,1,12.39,0,1,1,1,0,0.33,1,0.962,0.0,LOW
Contractor,Product,HR Database,3,11.85,0,1,1,0,0,1.43,1,0.918,28.7,LOW
Finance Analyst,Finance,Finance System,3,14.65,0,1,1,1,1,4.46,1,0.645,15.2,LOW
System Administrator,Finance,Development Server,2,2.59,1,0,0,0,3,13.9,1,0.208,96.5,HIGH
System Administrator,HR,Finance System,3,16.83,0,1,1,0,1,2.09,1,0.892,35.7,MEDIUM
Software Developer,Engineering,Production Database,4,7.86,0,1,1,1,0,4.8,1,0.822,12.3,LOW
Software Developer,HR,HR Database,3,14.02,0,1,1,1,0,1.04,1,0.946,6.2,LOW
HR Specialist,IT,Production Database,4,17.71,0,1,1,1,1,1.69,1,0.88,16.1,LOW
Software Developer,Engineering,Project Management System,1,9.93,0,1,1,1,1,4.76,1,0.817,14.3,LOW
QA Engineer,IT,HR Database,3,18.32,0,1,1,0,0,3.46,1,0.873,28.7,LOW
QA Engineer,Engineering,Finance System,3,8.78,0,1,1,0,0,2.13,1,0.674,34.6,MEDIUM
Software Developer,IT,Project Management System,1,21.02,1,1,0,1,3,8.17,1,0.525,81.5,HIGH
Finance Analyst,Product,Finance System,3,17.5,0,0,1,0,0,4.39,1,0.897,47.5,MEDIUM
DevOps Engineer,Finance,Project Management System,1,2.43,1,0,0,1,2,9.03,0,0.41,97.0,HIGH
QA Engineer,IT,Finance System,3,2.34,1,1,0,0,3,4.78,1,0.408,90.3,HIGH
DevOps Engineer,Engineering,Production Database,4,17.08,0,1,1,1,0,0.16,1,0.707,10.2,LOW
Contractor,Finance,Development Server,2,22.96,1,0,0,0,0,4.63,1,0.53,82.3,HIGH
QA Engineer,IT,HR Database,3,5.82,1,0,1,0,5,3.78,0,0.566,100.0,HIGH
Contractor,HR,Project Management System,1,21.04,1,0,0,1,5,13.29,1,0.456,97.8,HIGH
Software Developer,Product,Production Database,4,12.6,0,1,1,0,0,1.27,1,0.688,36.8,MEDIUM
Product Manager,IT,Production Database,4,18.87,0,1,1,1,0,0.08,1,0.759,9.7,LOW
QA Engineer,Engineering,Admin Panel,4,8.25,0,1,1,0,1,3.55,1,0.784,40.9,MEDIUM
Software Developer,Product,Development Server,2,3.9,1,0,0,0,0,4.79,1,0.596,86.1,HIGH
Contractor,Product,Finance System,3,3.4,1,0,0,0,5,13.24,1,0.113,100.0,HIGH
HR Specialist,IT,Production Database,4,7.33,0,1,1,1,0,0.21,1,0.665,16.0,LOW
Contractor,IT,HR Database,3,22.89,1,0,0,0,4,3.0,1,0.29,98.4,HIGH
Contractor,HR,Finance System,3,4.04,1,0,1,0,1,7.55,1,0.42,88.9,HIGH
Product Manager,Engineering,Project Management System,1,17.53,0,0,1,1,0,1.78,1,0.705,26.9,LOW
HR Specialist,Product,Finance System,3,4.59,1,0,0,0,4,13.32,1,0.0,100.0,HIGH
DevOps Engineer,Product,Finance System,3,19.55,0,1,1,0,0,4.65,1,0.677,32.2,MEDIUM
Software Developer,Finance,Development Server,2,10.21,0,1,1,0,0,0.84,1,0.794,23.7,LOW
Contractor,HR,HR Database,3,24.0,1,0,0,1,2,13.37,1,0.184,98.5,HIGH
QA Engineer,IT,Development Server,2,22.4,1,0,0,0,4,4.76,1,0.194,98.2,HIGH
Software Developer,IT,Project Management System,1,1.16,1,0,0,1,5,10.46,1,0.018,99.9,HIGH
Software Developer,Finance,GitHub Project Alpha,1,9.59,0,0,1,0,0,0.66,1,0.964,46.7,MEDIUM
Software Developer,Product,Development Server,2,13.17,0,1,1,0,1,3.92,1,0.997,35.4,MEDIUM
Contractor,Engineering,Production Database,4,5.21,1,0,0,1,1,13.18,1,0.375,98.2,HIGH
DevOps Engineer,IT,Production Database,4,15.75,0,1,1,1,0,0.12,1,0.806,13.7,LOW
QA Engineer,Engineering,Finance System,3,23.69,1,0,0,0,2,12.3,1,0.111,100.0,HIGH
Contractor,Engineering,Admin Panel,4,16.13,0,1,1,0,0,2.78,1,0.821,29.7,LOW
Contractor,Engineering,GitHub Project Alpha,1,23.44,1,0,0,1,1,7.02,1,0.473,80.9,HIGH
DevOps Engineer,Product,GitHub Project Alpha,1,23.38,1,0,0,1,5,9.51,1,0.433,97.9,HIGH
Contractor,IT,Project Management System,1,11.48,0,1,0,1,0,0.82,1,0.71,22.1,LOW
Product Manager,IT,Development Server,2,11.72,0,1,0,0,1,4.52,1,0.677,53.2,MEDIUM
Contractor,Product,GitHub Project Alpha,1,22.86,1,1,1,1,0,10.25,1,0.095,54.0,MEDIUM
DevOps Engineer,HR,Production Database,4,16.51,0,1,1,0,0,1.85,1,0.721,36.3,MEDIUM
QA Engineer,Engineering,GitHub Project Alpha,1,2.94,1,0,0,1,3,10.41,0,0.02,98.0,HIGH
DevOps Engineer,HR,Production Database,4,21.36,1,0,1,0,5,3.93,0,0.482,100.0,HIGH
DevOps Engineer,IT,HR Database,3,13.61,0,1,1,0,1,3.99,1,0.658,35.0,MEDIUM
System Administrator,Finance,Finance System,3,9.72,0,1,1,1,0,3.52,1,0.638,8.8,LOW
HR Specialist,IT,Admin Panel,4,2.04,1,1,0,1,2,12.48,1,0.223,100.0,HIGH
Product Manager,IT,Finance System,3,4.76,1,0,1,0,1,13.1,0,0.463,96.3,HIGH
Contractor,Engineering,Admin Panel,4,16.63,0,1,0,0,0,1.37,1,0.76,51.7,MEDIUM
Contractor,IT,HR Database,3,18.13,0,1,1,0,0,1.41,1,0.783,29.0,LOW
Contractor,Finance,Finance System,3,16.42,0,1,1,1,0,4.99,1,0.919,9.8,LOW
Contractor,Finance,Development Server,2,15.72,0,1,1,0,0,3.81,1,0.735,24.3,LOW
Product Manager,Engineering,Finance System,3,7.35,0,1,1,0,0,0.94,1,0.602,31.3,MEDIUM
QA Engineer,Engineering,GitHub Project Alpha,1,12.83,0,1,1,1,0,2.94,1,0.642,2.4,LOW
DevOps Engineer,HR,Project Management System,1,16.66,0,1,1,1,0,3.87,1,0.873,4.0,LOW
Contractor,IT,Production Database,4,22.35,1,0,1,1,3,6.38,0,0.397,95.7,HIGH
QA Engineer,HR,HR Database,3,21.83,1,0,0,1,1,5.45,1,0.256,80.8,HIGH
Finance Analyst,Product,Production Database,4,5.5,1,0,0,0,0,7.71,1,0.089,96.1,HIGH
Finance Analyst,IT,Finance System,3,23.98,1,0,0,0,0,10.38,1,0.569,100.0,HIGH
DevOps Engineer,HR,Project Management System,1,8.56,0,1,1,1,0,3.16,1,0.821,3.8,LOW
DevOps Engineer,Finance,Development Server,2,12.0,0,1,1,0,0,3.88,1,0.953,28.9,LOW
Contractor,Finance,GitHub Project Alpha,1,2.93,1,0,0,0,0,3.46,1,0.026,87.0,HIGH
Finance Analyst,Product,GitHub Project Alpha,1,22.58,1,0,0,1,4,13.17,1,0.232,100.0,HIGH
QA Engineer,Engineering,Development Server,2,8.36,0,1,1,1,0,0.99,1,0.998,3.0,LOW
HR Specialist,Finance,Production Database,4,11.39,0,1,1,0,0,2.63,1,0.727,30.2,MEDIUM
HR Specialist,Finance,Development Server,2,12.91,0,1,1,0,1,2.64,1,0.746,39.1,MEDIUM
System Administrator,Product,GitHub Project Alpha,1,15.18,0,1,1,1,0,2.87,1,0.754,8.8,LOW
Product Manager,Engineering,Admin Panel,4,14.33,0,1,1,0,0,1.13,1,0.887,31.9,MEDIUM
System Administrator,HR,Finance System,3,9.73,0,1,1,0,0,2.82,0,0.64,43.2,MEDIUM
System Administrator,Product,Admin Panel,4,17.55,0,1,1,0,0,0.08,1,0.701,35.7,MEDIUM
Contractor,Product,Finance System,3,19.37,0,1,1,0,0,4.01,1,0.727,30.5,MEDIUM
System Administrator,HR,Finance System,3,10.44,0,1,1,0,0,4.6,1,0.804,29.6,LOW
DevOps Engineer,Engineering,Development Server,2,7.55,0,1,1,1,1,0.02,1,0.73,17.6,LOW
Contractor,IT,Project Management System,1,22.91,1,0,1,1,5,10.81,1,0.217,96.7,HIGH
DevOps Engineer,Product,Production Database,4,15.29,0,1,1,0,0,2.0,1,0.846,33.2,MEDIUM
Software Developer,HR,Finance System,3,4.97,1,0,0,0,0,11.75,1,0.306,100.0,HIGH
HR Specialist,IT,HR Database,3,23.46,1,1,0,0,4,4.09,1,0.369,100.0,HIGH
QA Engineer,Finance,GitHub Project Alpha,1,13.72,0,1,1,0,0,4.45,1,0.775,27.6,LOW
QA Engineer,IT,Project Management System,1,15.25,0,1,1,1,0,0.21,1,0.858,0.3,LOW
QA Engineer,Finance,Production Database,4,7.61,0,1,1,0,1,4.61,1,0.637,42.9,MEDIUM
HR Specialist,Engineering,HR Database,3,3.83,1,1,0,0,5,11.92,1,0.472,100.0,HIGH
Software Developer,HR,Finance System,3,9.83,0,0,1,0,0,3.04,1,0.754,50.3,MEDIUM
Product Manager,Product,Finance System,3,14.18,0,1,1,0,0,2.81,1,0.699,29.0,LOW
QA Engineer,Product,Development Server,2,22.16,1,1,0,0,1,12.88,1,0.315,100.0,HIGH
Finance Analyst,HR,Finance System,3,0.99,1,0,0,0,5,5.02,1,0.435,100.0,HIGH
Software Developer,Finance,GitHub Project Alpha,1,9.49,0,1,1,0,0,2.21,1,0.841,26.7,LOW
QA Engineer,Finance,GitHub Project Alpha,1,16.69,0,1,1,0,0,4.41,0,0.753,39.8,MEDIUM
DevOps Engineer,IT,Production Database,4,12.44,0,1,1,1,0,2.28,1,0.799,9.2,LOW
System Administrator,Finance,Production Database,4,15.05,0,1,1,0,0,4.59,1,0.654,32.3,MEDIUM
Product Manager,Engineering,GitHub Project Alpha,1,3.3,1,0,1,1,2,13.75,1,0.013,92.3,HIGH
System Administrator,IT,HR Database,3,16.73,0,1,0,0,0,2.35,1,0.736,50.5,MEDIUM
System Administrator,Product,HR Database,3,13.21,0,1,1,0,0,4.64,1,0.707,32.4,MEDIUM
QA Engineer,Finance,HR Database,3,8.23,0,1,0,0,0,2.67,1,0.684,50.5,MEDIUM
HR Specialist,Engineering,HR Database,3,14.3,0,1,1,0,0,2.63,1,0.824,31.6,MEDIUM
Contractor,HR,Admin Panel,4,5.03,1,0,1,0,5,11.87,1,0.201,100.0,HIGH
Product Manager,Product,Admin Panel,4,12.11,0,1,1,0,0,1.28,1,0.744,30.8,MEDIUM
System Administrator,Finance,GitHub Project Alpha,1,13.31,0,0,1,0,0,4.5,1,0.895,43.3,MEDIUM
System Administrator,HR,Admin Panel,4,19.6,0,1,1,0,0,2.65,1,0.972,29.1,LOW
System Administrator,Finance,HR Database,3,22.28,1,1,0,0,2,3.43,0,0.073,100.0,HIGH
Finance Analyst,Engineering,Development Server,2,1.46,1,1,0,1,3,6.82,0,0.54,92.2,HIGH
DevOps Engineer,IT,HR Database,3,7.99,0,1,1,0,0,3.84,1,0.846,27.3,LOW
Product Manager,IT,Development Server,2,23.19,1,0,0,0,1,3.61,1,0.438,94.1,HIGH
Product Manager,Finance,Admin Panel,4,13.51,0,1,1,0,1,2.16,1,0.956,37.0,MEDIUM
Software Developer,Engineering,HR Database,3,9.5,0,1,1,0,0,2.96,1,0.765,25.9,LOW
QA Engineer,IT,GitHub Project Alpha,1,15.63,0,1,1,0,0,3.64,1,0.632,23.5,LOW
DevOps Engineer,HR,Production Database,4,7.23,0,1,1,0,0,0.66,1,0.844,32.3,MEDIUM
Product Manager,HR,Production Database,4,8.13,0,1,1,0,0,0.08,1,0.792,34.4,MEDIUM
Contractor,Finance,Admin Panel,4,3.02,1,0,0,0,2,7.95,1,0.129,99.6,HIGH
Finance Analyst,Engineering,Finance System,3,3.39,1,0,0,0,0,8.76,1,0.2,100.0,HIGH
Finance Analyst,HR,Finance System,3,14.26,0,1,1,0,0,3.81,1,0.626,30.2,MEDIUM
Product Manager,Product,Finance System,3,17.39,0,1,1,0,1,3.67,1,0.838,35.5,MEDIUM
QA Engineer,Engineering,Project Management System,1,11.08,0,0,1,1,0,3.74,1,0.752,21.3,LOW
QA Engineer,Finance,Development Server,2,11.43,0,1,1,0,0,0.79,1,0.895,27.1,LOW
Software Developer,Finance,Admin Panel,4,21.04,1,0,0,0,0,10.53,1,0.594,97.7,HIGH
Product Manager,IT,Admin Panel,4,8.21,0,1,1,1,0,0.41,1,0.706,13.2,LOW
HR Specialist,Engineering,Production Database,4,0.66,1,1,0,1,4,3.28,0,0.454,96.1,HIGH
Finance Analyst,HR,HR Database,3,17.94,0,1,1,1,0,0.66,1,0.71,8.5,LOW
Finance Analyst,Product,Project Management System,1,15.42,0,1,1,1,1,0.56,1,0.863,9.6,LOW
DevOps Engineer,Product,Development Server,2,8.28,0,1,1,0,0,4.83,1,0.96,22.9,LOW
DevOps Engineer,HR,Admin Panel,4,11.18,0,1,1,0,0,4.92,1,0.873,33.1,MEDIUM
Contractor,IT,Production Database,4,4.46,1,1,0,1,5,9.07,1,0.257,100.0,HIGH
Contractor,Finance,Project Management System,1,21.06,1,1,0,1,1,7.07,0,0.466,74.3,HIGH
Software Developer,HR,Production Database,4,18.54,0,1,1,0,1,4.11,1,0.912,38.7,MEDIUM
Software Developer,Finance,Project Management System,1,10.89,0,1,1,1,0,3.77,1,0.934,1.9,LOW
QA Engineer,HR,Production Database,4,23.41,1,1,1,0,5,7.21,1,0.482,98.1,HIGH
Product Manager,HR,GitHub Project Alpha,1,10.77,0,1,1,0,0,4.9,1,0.881,24.4,LOW
Software Developer,Engineering,HR Database,3,9.1,0,1,1,0,0,0.16,1,0.621,27.5,LOW
HR Specialist,IT,Admin Panel,4,8.88,0,0,1,1,0,1.36,0,0.951,46.9,MEDIUM
Contractor,IT,Production Database,4,18.96,0,1,1,1,0,2.49,1,0.859,8.2,LOW
QA Engineer,Finance,GitHub Project Alpha,1,19.68,0,1,0,0,0,0.75,1,0.732,47.4,MEDIUM
DevOps Engineer,Engineering,HR Database,3,17.98,0,1,1,0,0,4.14,1,0.821,31.4,MEDIUM
Product Manager,Engineering,Production Database,4,12.42,0,0,1,1,0,1.18,1,0.633,37.5,MEDIUM
Product Manager,Engineering,HR Database,3,17.88,0,1,1,0,0,0.46,1,0.68,31.9,MEDIUM
Software Developer,HR,HR Database,3,0.59,1,1,0,1,3,8.5,1,0.297,92.2,HIGH
System Administrator,Engineering,GitHub Project Alpha,1,16.53,0,1,1,1,0,3.39,1,0.992,5.2,LOW
Product Manager,Product,Development Server,2,8.52,0,1,1,0,0,0.61,1,0.984,27.0,LOW
QA Engineer,IT,Admin Panel,4,17.97,0,1,1,1,0,3.52,1,0.907,8.4,LOW
Software Developer,Engineering,Admin Panel,4,9.95,0,1,1,0,0,3.2,1,0.884,34.9,MEDIUM
DevOps Engineer,HR,Development Server,2,23.05,1,1,0,0,3,7.81,1,0.164,100.0,HIGH
DevOps Engineer,Finance,Development Server,2,9.09,0,1,1,0,0,3.71,1,0.809,23.7,LOW
Product Manager,Engineering,Development Server,2,13.11,0,1,1,1,0,1.78,1,0.818,7.9,LOW
Software Developer,Finance,Project Management System,1,1.94,1,0,0,1,1,14.3,0,0.477,97.3,HIGH
Software Developer,HR,Production Database,4,19.57,0,1,1,0,0,3.83,1,0.663,30.8,MEDIUM
Contractor,Engineering,Production Database,4,1.81,1,1,0,1,2,11.15,1,0.311,100.0,HIGH
HR Specialist,Product,GitHub Project Alpha,1,14.54,0,1,1,1,0,1.15,1,0.602,8.5,LOW
Finance Analyst,Finance,Project Management System,1,9.47,0,1,1,1,0,2.18,1,0.831,3.2,LOW
Contractor,IT,Finance System,3,21.43,1,0,1,0,2,5.01,1,0.366,83.6,HIGH
QA Engineer,Product,Production Database,4,18.06,0,1,1,0,1,2.86,1,0.713,37.2,MEDIUM
Contractor,HR,Production Database,4,2.74,1,0,0,0,5,14.59,1,0.155,99.2,HIGH
DevOps Engineer,Engineering,HR Database,3,15.64,0,1,1,0,0,4.58,1,0.931,27.7,LOW
Finance Analyst,Finance,Development Server,2,11.17,0,1,1,0,0,2.1,1,0.659,28.6,LOW
Product Manager,HR,GitHub Project Alpha,1,21.08,1,0,0,0,4,5.11,1,0.302,96.2,HIGH
Software Developer,Engineering,Finance System,3,21.24,1,0,1,0,1,14.77,1,0.347,96.0,HIGH
Finance Analyst,Finance,Admin Panel,4,16.65,0,1,0,0,0,2.73,1,0.606,54.1,MEDIUM
DevOps Engineer,Finance,Production Database,4,16.72,0,1,1,0,0,4.33,1,0.891,33.0,MEDIUM
Finance Analyst,HR,Project Management System,1,16.79,0,1,1,1,1,1.28,1,0.783,10.8,LOW
Software Developer,Product,Admin Panel,4,14.27,0,1,1,0,0,3.74,0,0.94,42.1,MEDIUM
DevOps Engineer,Finance,Project Management System,1,10.95,0,1,1,1,0,4.85,1,0.84,1.7,LOW
System Administrator,Product,Finance System,3,12.06,0,1,0,0,1,3.04,1,0.663,57.5,MEDIUM
Finance Analyst,HR,Admin Panel,4,7.19,0,1,1,0,0,2.94,1,0.886,27.6,LOW
DevOps Engineer,IT,Development Server,2,14.61,0,1,1,0,0,0.29,1,0.955,24.4,LOW
Product Manager,IT,HR Database,3,15.92,0,1,1,0,0,0.97,1,0.877,31.0,MEDIUM
Product Manager,HR,HR Database,3,2.18,1,0,1,1,2,3.17,1,0.173,68.6,MEDIUM
DevOps Engineer,Finance,Production Database,4,12.96,0,1,1,0,0,1.4,1,0.955,32.0,MEDIUM
Product Manager,IT,Production Database,4,8.39,0,1,1,1,0,3.97,0,0.61,28.3,LOW
Product Manager,HR,Admin Panel,4,7.58,0,1,1,0,0,0.11,0,0.907,47.0,MEDIUM
HR Specialist,Engineering,Admin Panel,4,21.56,1,0,0,0,3,9.66,0,0.401,96.5,HIGH
Finance Analyst,Engineering,Development Server,2,14.36,0,1,1,1,0,0.17,1,0.963,2.1,LOW
QA Engineer,Engineering,Admin Panel,4,11.53,0,1,1,0,0,4.89,1,0.813,33.6,MEDIUM
Software Developer,IT,Finance System,3,21.74,1,1,1,0,2,11.7,1,0.052,98.7,HIGH
Contractor,Finance,Development Server,2,11.74,0,1,1,0,0,1.53,1,0.705,28.7,LOW
System Administrator,Engineering,GitHub Project Alpha,1,13.88,0,1,0,1,0,1.44,1,0.862,24.4,LOW
DevOps Engineer,IT,Finance System,3,10.45,0,1,1,0,0,4.58,1,0.649,27.4,LOW
Product Manager,Product,Finance System,3,4.11,1,0,1,0,4,13.54,1,0.083,100.0,HIGH
Software Developer,HR,Project Management System,1,15.07,0,1,0,1,0,3.19,1,0.721,26.4,LOW
System Administrator,Product,Project Management System,1,21.97,1,0,0,1,4,5.47,1,0.283,99.6,HIGH
System Administrator,Engineering,Admin Panel,4,12.04,0,1,1,0,0,1.84,1,0.875,30.0,MEDIUM
HR Specialist,Product,Project Management System,1,5.27,1,1,0,1,3,12.41,1,0.529,95.6,HIGH
Product Manager,IT,Admin Panel,4,4.62,1,1,1,1,0,7.9,1,0.353,49.3,MEDIUM
Contractor,IT,HR Database,3,21.79,1,0,0,0,0,9.63,1,0.45,100.0,HIGH
QA Engineer,Engineering,Production Database,4,18.39,0,1,1,1,0,2.37,1,0.63,17.5,LOW
System Administrator,Engineering,Project Management System,1,16.67,0,1,1,1,0,1.55,1,0.649,2.6,LOW
Finance Analyst,HR,Admin Panel,4,22.14,1,0,1,0,1,11.76,1,0.299,100.0,HIGH
System Administrator,Engineering,HR Database,3,9.24,0,1,1,0,0,3.47,1,0.86,29.2,LOW
System Administrator,HR,Production Database,4,7.14,0,1,1,0,0,1.26,1,0.806,29.4,LOW
HR Specialist,Engineering,Production Database,4,21.84,1,0,1,1,1,3.79,1,0.269,57.1,MEDIUM
Software Developer,HR,Production Database,4,17.45,0,1,0,0,0,3.08,1,0.633,49.9,MEDIUM
Product Manager,Engineering,Admin Panel,4,8.48,0,1,1,0,1,2.93,1,0.922,38.7,MEDIUM
HR Specialist,Finance,GitHub Project Alpha,1,16.46,0,1,1,0,0,2.99,1,0.696,21.8,LOW
HR Specialist,IT,Production Database,4,16.37,0,1,1,1,0,2.93,1,0.602,15.5,LOW
Software Developer,Product,Project Management System,1,2.8,1,0,0,1,2,8.19,1,0.443,93.7,HIGH
Contractor,Engineering,GitHub Project Alpha,1,12.82,0,1,1,1,0,4.51,1,0.634,9.6,LOW
Finance Analyst,HR,Project Management System,1,10.42,0,1,1,1,0,4.48,1,0.98,0.7,LOW
Finance Analyst,IT,Production Database,4,3.33,1,1,1,1,1,5.1,1,0.407,39.8,MEDIUM
Product Manager,IT,GitHub Project Alpha,1,8.57,0,1,1,0,0,4.88,1,0.745,28.8,LOW
QA Engineer,Finance,Development Server,2,21.07,1,0,0,0,3,10.77,1,0.552,99.3,HIGH
Software Developer,HR,Project Management System,1,12.67,0,1,1,1,0,1.72,1,0.93,1.2,LOW
Software Developer,Finance,Project Management System,1,21.42,1,0,0,1,0,13.12,1,0.351,96.4,HIGH
HR Specialist,Finance,GitHub Project Alpha,1,21.76,1,0,0,0,2,9.36,1,0.201,100.0,HIGH
Product Manager,Finance,Project Management System,1,9.53,0,1,1,1,0,2.44,1,0.931,3.0,LOW
System Administrator,IT,Production Database,4,13.7,0,1,1,1,0,3.01,1,0.86,7.6,LOW
HR Specialist,HR,Admin Panel,4,17.15,0,1,1,0,0,1.9,1,0.927,28.4,LOW
HR Specialist,HR,Development Server,2,0.91,1,1,0,0,0,11.54,1,0.03,100.0,HIGH
HR Specialist,IT,Production Database,4,18.86,0,1,1,1,0,3.88,1,0.811,11.6,LOW
Contractor,Engineering,HR Database,3,23.02,1,0,0,0,5,6.34,1,0.329,97.9,HIGH
Product Manager,HR,Admin Panel,4,19.98,0,1,1,0,1,2.99,0,0.877,54.0,MEDIUM
Finance Analyst,HR,HR Database,3,23.99,1,0,0,1,2,14.11,1,0.304,100.0,HIGH
DevOps Engineer,Finance,Finance System,3,1.28,1,0,1,1,3,5.58,1,0.119,81.9,HIGH
Product Manager,Finance,Project Management System,1,12.54,0,1,1,1,0,0.81,1,0.998,3.3,LOW
System Administrator,Finance,Development Server,2,14.64,0,1,1,0,0,4.95,1,0.879,24.9,LOW
Contractor,Engineering,GitHub Project Alpha,1,11.64,0,1,1,1,0,1.83,1,0.828,4.9,LOW
Contractor,IT,HR Database,3,8.03,0,1,1,0,0,1.0,0,0.831,40.3,MEDIUM
HR Specialist,Engineering,Finance System,3,8.56,0,1,1,0,1,0.08,1,0.712,40.9,MEDIUM
Finance Analyst,Engineering,Production Database,4,23.91,1,0,0,1,3,8.77,1,0.096,98.0,HIGH
System Administrator,IT,HR Database,3,14.76,0,1,0,0,0,3.1,1,0.683,52.2,MEDIUM
HR Specialist,Product,HR Database,3,13.79,0,1,1,0,0,1.43,1,0.749,32.7,MEDIUM
Software Developer,HR,Development Server,2,1.23,1,0,0,0,2,7.65,1,0.378,100.0,HIGH
Contractor,Finance,Project Management System,1,18.62,0,1,1,1,0,3.66,1,0.862,0.8,LOW
QA Engineer,Product,Project Management System,1,15.67,0,1,1,1,1,2.14,1,0.741,10.4,LOW
Contractor,HR,GitHub Project Alpha,1,15.87,0,1,1,0,1,0.83,1,0.963,29.3,LOW
Finance Analyst,Product,Production Database,4,19.38,0,1,1,0,1,3.76,1,0.868,40.2,MEDIUM
System Administrator,Product,HR Database,3,2.44,1,0,0,0,2,13.05,1,0.015,96.5,HIGH
Product Manager,Product,Project Management System,1,16.17,0,1,1,1,1,3.41,1,0.793,16.1,LOW
QA Engineer,IT,Finance System,3,7.02,0,1,1,0,0,1.91,1,0.889,29.3,LOW
QA Engineer,HR,GitHub Project Alpha,1,8.35,0,1,1,0,0,0.4,1,0.629,26.7,LOW
DevOps Engineer,IT,HR Database,3,16.12,0,1,1,0,0,4.75,1,0.69,33.4,MEDIUM
QA Engineer,Finance,GitHub Project Alpha,1,14.0,0,1,1,0,1,4.91,1,0.809,35.6,MEDIUM
HR Specialist,Product,Finance System,3,19.91,0,1,1,0,0,4.39,1,0.704,31.0,MEDIUM
Product Manager,IT,Development Server,2,21.11,1,0,0,0,3,8.98,1,0.282,98.6,HIGH
Software Developer,IT,Production Database,4,9.15,0,1,1,1,0,1.16,1,0.747,11.6,LOW
Finance Analyst,Engineering,Project Management System,1,21.42,1,1,0,1,5,8.36,1,0.347,97.4,HIGH
HR Specialist,Engineering,Production Database,4,2.7,1,0,0,1,5,11.92,1,0.47,96.5,HIGH
HR Specialist,Engineering,GitHub Project Alpha,1,10.04,0,1,1,1,1,4.46,1,0.813,9.8,LOW
Software Developer,Product,Finance System,3,17.41,0,1,0,0,0,1.29,1,0.686,50.3,MEDIUM
Product Manager,Engineering,Development Server,2,9.65,0,1,1,1,0,1.56,1,0.998,7.9,LOW
QA Engineer,Engineering,Finance System,3,12.33,0,1,1,0,0,3.14,1,0.86,27.9,LOW
QA Engineer,Product,HR Database,3,11.7,0,1,0,0,0,0.64,1,0.836,45.6,MEDIUM
Software Developer,Product,Development Server,2,16.21,0,1,1,0,0,2.84,1,0.792,24.4,LOW
Software Developer,IT,Development Server,2,8.57,0,1,1,0,0,4.84,1,0.923,29.6,LOW
Finance Analyst,Finance,Project Management System,1,19.83,0,0,1,1,0,3.77,1,0.92,20.3,LOW
Software Developer,HR,HR Database,3,18.96,0,1,1,1,0,3.53,1,0.888,8.7,LOW
Contractor,HR,Project Management System,1,14.75,0,1,1,1,1,1.57,1,0.781,10.9,LOW
HR Specialist,IT,GitHub Project Alpha,1,2.77,1,1,1,0,2,13.64,1,0.077,94.1,HIGH
System Administrator,HR,Production Database,4,10.3,0,1,1,0,0,4.48,1,0.713,32.4,MEDIUM
HR Specialist,Product,Production Database,4,12.88,0,0,0,0,0,3.86,1,0.886,68.5,MEDIUM
QA Engineer,Engineering,Project Management System,1,19.07,0,1,1,1,0,3.05,0,0.807,17.3,LOW
HR Specialist,Product,Finance System,3,11.89,0,1,1,0,0,3.93,1,0.655,28.2,LOW
Finance Analyst,IT,Project Management System,1,22.85,1,0,0,1,1,6.69,1,0.587,78.6,HIGH
Product Manager,Finance,HR Database,3,23.88,1,0,1,0,2,8.39,1,0.287,99.1,HIGH
DevOps Engineer,Finance,GitHub Project Alpha,1,22.86,1,0,0,0,0,12.22,1,0.552,98.4,HIGH
System Administrator,HR,HR Database,3,22.5,1,1,0,1,3,10.18,1,0.428,99.3,HIGH
Contractor,HR,Finance System,3,18.61,0,1,1,0,0,3.55,1,0.799,26.4,LOW
System Administrator,HR,Development Server,2,21.42,1,1,0,0,3,3.2,1,0.044,89.7,HIGH
Finance Analyst,HR,Project Management System,1,19.46,0,1,1,1,1,4.72,1,0.665,16.3,LOW
DevOps Engineer,Finance,Project Management System,1,16.95,0,1,1,1,0,0.38,1,0.775,2.0,LOW
Product Manager,Product,Project Management System,1,22.67,1,0,0,1,2,3.08,0,0.179,98.8,HIGH
Software Developer,Product,Admin Panel,4,14.57,0,1,1,0,0,4.75,1,0.835,29.6,LOW
QA Engineer,Engineering,GitHub Project Alpha,1,21.09,1,0,0,1,4,6.55,1,0.24,96.9,HIGH
HR Specialist,HR,Production Database,4,21.57,1,0,0,0,1,10.5,1,0.164,96.3,HIGH
Software Developer,Engineering,GitHub Project Alpha,1,13.82,0,1,0,1,0,0.74,1,0.924,20.5,LOW
System Administrator,Product,HR Database,3,16.84,0,1,0,0,1,4.25,1,0.809,56.5,MEDIUM
Software Developer,IT,Project Management System,1,21.47,1,1,1,1,1,11.46,0,0.153,81.2,HIGH
Contractor,Product,Project Management System,1,9.2,0,1,1,1,0,4.49,1,0.75,5.9,LOW
System Administrator,Product,Project Management System,1,0.99,1,0,0,1,4,9.96,1,0.405,100.0,HIGH
HR Specialist,HR,Production Database,4,7.45,0,1,1,0,0,1.08,1,0.637,31.4,MEDIUM
Software Developer,IT,GitHub Project Alpha,1,21.16,1,0,1,0,1,7.33,1,0.412,86.7,HIGH
Finance Analyst,IT,Production Database,4,14.21,0,1,0,1,1,0.41,1,0.742,37.2,MEDIUM
Contractor,IT,Finance System,3,10.76,0,1,1,0,0,1.28,1,0.638,33.7,MEDIUM
DevOps Engineer,HR,Production Database,4,14.07,0,1,1,0,0,4.33,1,0.991,29.1,LOW
DevOps Engineer,IT,Production Database,4,23.62,1,0,1,1,2,10.94,1,0.2,98.4,HIGH
Software Developer,HR,GitHub Project Alpha,1,12.83,0,1,1,0,1,2.7,1,0.882,29.9,LOW
Contractor,HR,HR Database,3,1.1,1,1,1,1,3,9.03,1,0.152,79.1,HIGH
System Administrator,Product,Development Server,2,18.03,0,1,1,0,0,2.05,1,0.936,26.3,LOW
DevOps Engineer,Finance,HR Database,3,10.03,0,1,1,0,1,2.27,0,0.986,52.3,MEDIUM
Product Manager,Finance,Project Management System,1,18.84,0,1,1,1,0,3.18,1,0.918,1.6,LOW
Finance Analyst,HR,GitHub Project Alpha,1,15.66,0,1,0,0,1,1.98,1,0.852,55.6,MEDIUM
DevOps Engineer,Engineering,Finance System,3,23.0,1,0,0,0,0,8.95,1,0.28,96.8,HIGH
System Administrator,IT,GitHub Project Alpha,1,9.06,0,1,0,0,0,0.76,1,0.609,45.4,MEDIUM
Contractor,Finance,GitHub Project Alpha,1,13.85,0,1,1,0,0,3.81,1,0.793,21.2,LOW
QA Engineer,Engineering,Admin Panel,4,9.67,0,1,1,0,0,2.46,1,0.905,30.7,MEDIUM
Software Developer,Finance,GitHub Project Alpha,1,17.78,0,1,1,0,1,4.82,1,0.856,33.6,MEDIUM
Software Developer,Finance,Development Server,2,14.47,0,1,1,0,0,2.1,1,0.685,26.1,LOW
Software Developer,HR,HR Database,3,8.25,0,1,1,1,0,2.73,1,0.978,5.6,LOW
DevOps Engineer,Finance,Development Server,2,12.72,0,1,1,0,0,2.19,1,0.696,31.8,MEDIUM
DevOps Engineer,IT,Admin Panel,4,22.75,1,0,0,1,4,8.83,0,0.39,100.0,HIGH
DevOps Engineer,Engineering,GitHub Project Alpha,1,3.37,1,1,0,1,0,3.1,1,0.169,45.4,MEDIUM
Product Manager,IT,Admin Panel,4,16.76,0,1,1,1,0,4.95,1,0.86,14.6,LOW
Software Developer,Product,Admin Panel,4,21.42,1,0,0,0,0,6.49,1,0.525,97.7,HIGH
Contractor,IT,Admin Panel,4,2.75,1,0,1,1,4,13.72,1,0.006,98.6,HIGH
Product Manager,Product,Finance System,3,8.24,0,1,1,0,0,2.05,1,0.783,28.4,LOW
Product Manager,Finance,HR Database,3,17.56,0,1,1,0,1,3.23,1,0.993,36.3,MEDIUM
Software Developer,Engineering,Production Database,4,19.76,0,1,1,1,1,3.73,1,0.7,21.6,LOW
Product Manager,Product,Admin Panel,4,15.5,0,1,1,0,1,0.83,1,0.729,44.4,MEDIUM
HR Specialist,IT,Finance System,3,15.4,0,1,1,0,0,3.28,1,0.767,33.4,MEDIUM
Software Developer,Engineering,Project Management System,1,9.05,0,1,1,1,0,4.33,1,0.711,6.9,LOW
Finance Analyst,Finance,Finance System,3,4.75,1,0,0,1,2,9.07,0,0.599,100.0,HIGH
QA Engineer,Engineering,Development Server,2,14.86,0,1,1,1,0,2.61,1,0.688,6.3,LOW
Contractor,Product,GitHub Project Alpha,1,16.82,0,0,1,1,0,4.61,1,0.929,24.9,LOW
HR Specialist,HR,Production Database,4,9.0,0,1,1,0,0,4.24,1,0.842,28.9,LOW
Product Manager,Finance,Admin Panel,4,21.55,1,0,0,0,2,12.03,0,0.424,98.6,HIGH
Product Manager,Finance,GitHub Project Alpha,1,21.18,1,0,0,0,0,7.58,1,0.493,91.5,HIGH
System Administrator,Finance,HR Database,3,8.75,0,1,1,0,0,0.46,1,0.626,29.9,LOW
Software Developer,IT,Project Management System,1,22.98,1,0,1,1,1,12.23,1,0.288,79.0,HIGH
Contractor,Engineering,GitHub Project Alpha,1,10.48,0,1,1,1,0,4.88,1,0.826,0.6,LOW
System Administrator,Finance,Production Database,4,11.79,0,1,1,0,0,4.63,1,0.835,29.9,LOW
System Administrator,Engineering,Project Management System,1,0.8,1,0,0,1,2,10.84,0,0.284,97.1,HIGH
Finance Analyst,HR,Project Management System,1,15.33,0,0,1,1,0,1.88,1,0.631,22.8,LOW
Finance Analyst,HR,HR Database,3,19.27,0,1,1,1,0,3.25,1,0.942,8.5,LOW
System Administrator,HR,GitHub Project Alpha,1,2.37,1,0,1,0,3,3.99,1,0.164,91.7,HIGH
System Administrator,HR,Finance System,3,11.26,0,1,1,0,0,2.01,1,0.977,23.9,LOW
Product Manager,HR,Development Server,2,19.79,0,1,1,0,0,0.73,1,0.967,25.7,LOW
Software Developer,HR,Admin Panel,4,11.98,0,1,1,0,0,1.63,1,0.758,32.7,MEDIUM
DevOps Engineer,IT,Production Database,4,4.93,1,0,0,1,2,12.26,1,0.427,99.4,HIGH
Contractor,Product,HR Database,3,18.5,0,1,1,0,0,4.36,1,0.764,31.8,MEDIUM
Product Manager,Finance,HR Database,3,23.27,1,1,0,0,4,13.73,0,0.46,96.9,HIGH
QA Engineer,IT,HR Database,3,15.66,0,1,1,0,0,0.5,1,0.97,28.5,LOW
System Administrator,Engineering,Admin Panel,4,11.16,0,1,1,0,1,1.85,1,0.992,41.8,MEDIUM
Software Developer,Finance,Admin Panel,4,14.41,0,1,0,0,0,1.24,1,0.605,51.7,MEDIUM
HR Specialist,Product,Production Database,4,21.9,1,1,0,0,2,3.19,1,0.098,92.3,HIGH
Product Manager,Finance,Project Management System,1,15.02,0,1,1,1,0,0.45,1,0.646,3.2,LOW
Finance Analyst,Engineering,Admin Panel,4,13.19,0,1,1,0,1,4.2,1,0.618,42.3,MEDIUM
QA Engineer,Engineering,HR Database,3,9.37,0,1,1,0,0,4.27,1,0.604,27.5,LOW
HR Specialist,Engineering,Admin Panel,4,12.94,0,1,1,0,0,1.16,1,0.959,31.5,MEDIUM
DevOps Engineer,Engineering,Finance System,3,13.52,0,1,1,0,1,1.17,1,0.651,37.1,MEDIUM
QA Engineer,Product,Development Server,2,23.15,1,0,0,0,3,10.27,1,0.257,100.0,HIGH
Software Developer,HR,Production Database,4,2.66,1,0,0,0,5,3.56,1,0.423,100.0,HIGH
System Administrator,HR,Finance System,3,19.94,0,1,1,0,1,4.38,1,0.609,38.3,MEDIUM
Software Developer,HR,HR Database,3,23.53,1,0,1,1,4,5.99,1,0.033,89.4,HIGH
DevOps Engineer,IT,Development Server,2,9.2,0,1,1,0,0,0.49,1,0.706,28.4,LOW
Finance Analyst,Product,Development Server,2,22.94,1,1,0,0,1,13.61,1,0.197,100.0,HIGH
Contractor,IT,GitHub Project Alpha,1,11.58,0,1,1,0,0,4.27,1,0.969,25.6,LOW
Contractor,Engineering,HR Database,3,10.98,0,1,1,0,0,3.21,1,0.64,33.3,MEDIUM
QA Engineer,Finance,Production Database,4,16.02,0,0,1,0,0,0.54,1,0.668,51.2,MEDIUM
Product Manager,Finance,Finance System,3,17.04,0,1,1,1,0,2.85,1,0.619,8.8,LOW
Contractor,Finance,Production Database,4,17.16,0,1,1,0,0,4.72,1,0.677,29.8,LOW
HR Specialist,IT,Development Server,2,1.31,1,0,0,0,5,7.28,1,0.379,100.0,HIGH
DevOps Engineer,Product,Finance System,3,14.09,0,0,1,0,0,2.16,1,0.763,51.9,MEDIUM
Product Manager,HR,Finance System,3,21.53,1,0,0,0,4,11.93,1,0.596,100.0,HIGH
QA Engineer,IT,GitHub Project Alpha,1,19.06,0,0,0,0,1,0.8,1,0.887,71.8,HIGH
Contractor,Product,Production Database,4,23.21,1,0,0,0,4,10.96,1,0.093,100.0,HIGH
System Administrator,Finance,Admin Panel,4,12.94,0,1,1,0,0,1.32,1,0.611,31.2,MEDIUM
System Administrator,HR,Project Management System,1,22.21,1,1,1,1,4,9.73,1,0.302,77.3,HIGH
System Administrator,Product,Production Database,4,16.43,0,1,1,0,0,4.82,1,0.899,34.1,MEDIUM
Finance Analyst,Engineering,Development Server,2,23.47,1,1,0,1,3,12.55,1,0.479,100.0,HIGH
Contractor,Product,Development Server,2,15.74,0,1,1,0,0,3.12,1,0.669,27.3,LOW
System Administrator,HR,Project Management System,1,8.04,0,1,1,1,1,0.72,1,0.739,11.4,LOW
HR Specialist,Engineering,Admin Panel,4,21.72,1,0,0,0,5,4.25,0,0.03,100.0,HIGH
DevOps Engineer,IT,GitHub Project Alpha,1,1.74,1,0,0,0,4,13.5,1,0.219,99.5,HIGH
Finance Analyst,Engineering,Production Database,4,13.54,0,1,1,1,0,2.3,1,0.842,12.7,LOW
System Administrator,Engineering,HR Database,3,9.01,0,1,1,0,0,4.96,1,0.92,29.5,LOW
System Administrator,Engineering,HR Database,3,2.63,1,0,0,0,3,11.94,1,0.214,100.0,HIGH
Finance Analyst,Product,Project Management System,1,5.88,1,0,0,1,4,8.09,1,0.282,100.0,HIGH
Product Manager,IT,HR Database,3,16.09,0,1,1,0,0,2.59,1,0.752,27.1,LOW
Software Developer,IT,HR Database,3,21.62,1,0,0,0,0,3.49,1,0.302,86.2,HIGH
QA Engineer,Engineering,GitHub Project Alpha,1,18.84,0,1,1,1,1,1.05,1,0.613,14.5,LOW
HR Specialist,IT,Project Management System,1,9.7,0,1,1,1,0,3.69,1,0.946,3.3,LOW
System Administrator,Engineering,Finance System,3,10.56,0,1,1,0,0,2.21,1,0.731,26.7,LOW
Product Manager,HR,Admin Panel,4,7.12,0,1,1,0,0,1.31,1,0.77,33.1,MEDIUM
DevOps Engineer,Finance,Project Management System,1,17.46,0,1,1,1,1,2.56,1,0.877,15.1,LOW
Contractor,IT,Finance System,3,8.3,0,1,1,0,1,3.21,1,0.741,35.5,MEDIUM
Contractor,Engineering,Finance System,3,8.87,0,1,1,0,0,1.22,0,0.837,41.3,MEDIUM
Product Manager,Engineering,Development Server,2,11.75,0,1,1,1,1,1.89,1,0.797,13.7,LOW
Software Developer,Product,Production Database,4,23.62,1,0,0,0,2,4.69,1,0.259,100.0,HIGH
QA Engineer,IT,Development Server,2,2.08,1,1,0,0,4,10.88,0,0.495,96.6,HIGH
Contractor,Finance,Development Server,2,17.01,0,1,1,0,0,4.66,0,0.824,40.3,MEDIUM
Finance Analyst,IT,Finance System,3,21.04,1,0,0,0,1,10.13,1,0.569,100.0,HIGH
HR Specialist,HR,Admin Panel,4,22.18,1,1,1,0,3,3.27,1,0.004,77.0,HIGH
DevOps Engineer,HR,Production Database,4,9.88,0,1,1,0,0,0.86,1,0.748,32.3,MEDIUM
Software Developer,Product,Production Database,4,10.82,0,0,1,0,0,0.29,1,0.754,56.3,MEDIUM
HR Specialist,HR,Finance System,3,2.58,1,1,0,0,0,5.65,0,0.006,92.1,HIGH
DevOps Engineer,IT,Development Server,2,23.3,1,0,0,0,5,11.58,1,0.471,100.0,HIGH
Contractor,Finance,GitHub Project Alpha,1,11.64,0,1,1,0,0,2.28,1,0.679,24.4,LOW
System Administrator,Finance,HR Database,3,7.74,0,1,1,0,0,0.02,1,0.718,32.8,MEDIUM
Contractor,HR,Admin Panel,4,0.4,1,1,1,0,5,3.37,1,0.298,89.3,HIGH
HR Specialist,Finance,Development Server,2,15.79,0,1,1,0,0,4.97,1,0.832,30.2,MEDIUM
System Administrator,Finance,Development Server,2,19.15,0,1,1,0,1,3.03,1,0.688,35.6,MEDIUM
Contractor,Engineering,Admin Panel,4,7.6,0,1,1,0,0,3.15,1,0.604,31.9,MEDIUM
Contractor,Product,Production Database,4,10.64,0,1,1,0,0,2.53,1,0.62,34.0,MEDIUM
QA Engineer,Product,Project Management System,1,21.13,1,0,0,1,4,6.12,1,0.371,100.0,HIGH
DevOps Engineer,Finance,Admin Panel,4,12.2,0,0,1,0,0,1.28,1,0.829,51.1,MEDIUM
DevOps Engineer,IT,Production Database,4,20.0,0,1,1,1,0,2.85,1,0.899,13.9,LOW
Contractor,Engineering,Development Server,2,14.62,0,1,1,1,0,4.28,1,0.996,2.3,LOW
Finance Analyst,HR,Production Database,4,7.59,0,1,1,0,0,3.12,1,0.639,29.6,LOW
Product Manager,IT,Project Management System,1,23.48,1,0,1,1,1,14.2,1,0.497,81.3,HIGH
QA Engineer,HR,Project Management System,1,8.53,0,1,1,1,0,3.16,1,0.743,5.9,LOW
Software Developer,IT,Finance System,3,18.27,0,1,1,0,0,0.38,1,0.685,27.4,LOW
System Administrator,Engineering,Project Management System,1,18.84,0,1,1,1,0,2.19,1,0.793,2.4,LOW
Software Developer,HR,Finance System,3,10.24,0,1,1,0,0,4.43,1,0.927,29.2,LOW
HR Specialist,Engineering,Admin Panel,4,23.37,1,0,0,0,5,8.05,1,0.419,99.1,HIGH
Contractor,IT,Finance System,3,8.6,0,1,1,0,0,1.48,1,0.616,35.0,MEDIUM
Software Developer,HR,Finance System,3,23.92,1,1,0,0,5,4.64,1,0.286,100.0,HIGH
DevOps Engineer,HR,HR Database,3,9.12,0,1,1,1,0,4.62,1,0.93,4.3,LOW
Finance Analyst,Engineering,HR Database,3,7.29,0,1,1,0,0,3.68,1,0.709,33.1,MEDIUM
System Administrator,Finance,Production Database,4,0.0,1,0,1,0,0,3.61,1,0.437,72.5,HIGH
Contractor,HR,GitHub Project Alpha,1,13.04,0,1,0,0,0,1.87,1,0.75,42.0,MEDIUM
Finance Analyst,Finance,Admin Panel,4,7.79,0,1,1,0,0,3.17,1,0.721,32.3,MEDIUM
HR Specialist,Engineering,HR Database,3,5.67,1,0,0,0,0,10.35,1,0.467,98.4,HIGH
DevOps Engineer,IT,HR Database,3,12.5,0,1,1,0,0,3.86,1,0.88,28.4,LOW
System Administrator,Product,Project Management System,1,7.35,0,1,1,1,0,4.83,1,0.901,5.0,LOW
Finance Analyst,HR,Admin Panel,4,21.77,1,0,0,0,4,11.39,1,0.377,97.0,HIGH
HR Specialist,HR,HR Database,3,19.65,0,1,1,1,0,4.77,1,0.855,9.5,LOW
DevOps Engineer,HR,GitHub Project Alpha,1,5.02,1,0,0,0,3,10.64,1,0.435,99.5,HIGH
HR Specialist,Finance,HR Database,3,9.83,0,1,1,0,0,4.17,1,0.709,28.0,LOW
System Administrator,HR,HR Database,3,8.59,0,1,1,1,0,4.65,1,0.826,11.5,LOW
DevOps Engineer,Engineering,Admin Panel,4,15.83,0,1,1,0,1,4.58,1,0.998,37.1,MEDIUM
Contractor,Engineering,Development Server,2,7.86,0,1,1,1,0,4.23,1,0.902,4.4,LOW
Finance Analyst,IT,HR Database,3,23.68,1,0,0,0,2,5.7,1,0.087,100.0,HIGH
Finance Analyst,Engineering,Project Management System,1,16.71,0,1,1,1,0,1.12,1,0.84,4.9,LOW
System Administrator,Engineering,Project Management System,1,17.74,0,1,1,1,0,3.76,1,0.796,1.4,LOW
HR Specialist,IT,Finance System,3,3.5,1,0,0,0,0,3.5,1,0.26,86.2,HIGH
Finance Analyst,Finance,GitHub Project Alpha,1,19.73,0,1,1,0,0,1.91,1,0.951,23.9,LOW
Product Manager,HR,Project Management System,1,5.15,1,1,0,1,5,11.68,1,0.024,100.0,HIGH
Software Developer,IT,Project Management System,1,3.22,1,1,0,1,2,14.93,1,0.472,85.0,HIGH
Finance Analyst,Engineering,GitHub Project Alpha,1,23.71,1,0,1,1,1,7.25,1,0.007,69.0,MEDIUM
HR Specialist,Engineering,Production Database,4,23.5,1,1,0,1,2,5.7,1,0.018,75.1,HIGH
Software Developer,Engineering,Development Server,2,18.65,0,1,1,1,0,3.68,1,0.833,8.1,LOW
Product Manager,HR,Project Management System,1,16.91,0,1,0,1,0,1.45,1,0.945,23.2,LOW
Software Developer,IT,HR Database,3,4.72,1,0,0,0,1,11.88,1,0.309,100.0,HIGH
Product Manager,Engineering,HR Database,3,15.29,0,1,1,0,0,4.6,1,0.953,28.6,LOW
System Administrator,HR,Production Database,4,14.78,0,1,1,0,0,1.48,1,0.815,28.9,LOW
HR Specialist,Engineering,GitHub Project Alpha,1,9.51,0,1,1,1,0,3.67,1,0.764,2.7,LOW
QA Engineer,Product,Admin Panel,4,0.54,1,1,1,0,2,14.15,1,0.283,100.0,HIGH
HR Specialist,IT,HR Database,3,16.7,0,1,1,0,0,2.07,1,0.949,25.6,LOW
QA Engineer,Engineering,HR Database,3,18.86,0,1,1,0,0,1.06,1,0.92,28.6,LOW
Product Manager,Finance,GitHub Project Alpha,1,5.14,1,0,0,0,4,5.63,1,0.36,100.0,HIGH
Finance Analyst,Finance,Project Management System,1,23.04,1,0,1,1,3,11.89,1,0.579,94.8,HIGH
System Administrator,Product,Development Server,2,11.98,0,1,1,0,0,0.94,1,0.808,23.5,LOW
Software Developer,HR,Project Management System,1,13.47,0,1,1,1,0,3.81,1,0.615,8.5,LOW
Contractor,Product,GitHub Project Alpha,1,8.28,0,1,1,1,1,2.17,1,0.941,11.0,LOW
Software Developer,HR,GitHub Project Alpha,1,17.96,0,1,1,0,0,4.33,1,0.694,26.3,LOW
Product Manager,Engineering,Project Management System,1,9.81,0,1,1,1,0,3.83,1,0.953,1.3,LOW
Product Manager,Engineering,HR Database,3,2.7,1,1,0,0,2,11.21,1,0.104,100.0,HIGH
Finance Analyst,Product,Project Management System,1,9.88,0,1,1,1,0,3.5,1,0.88,4.5,LOW
Contractor,Engineering,Production Database,4,17.43,0,1,1,1,0,3.75,1,0.672,13.4,LOW
DevOps Engineer,HR,Project Management System,1,7.62,0,1,1,1,0,0.48,1,0.647,7.9,LOW
System Administrator,Finance,HR Database,3,18.02,0,1,1,0,1,2.93,1,0.707,38.3,MEDIUM
System Administrator,Finance,Production Database,4,19.98,0,1,1,0,0,1.69,1,0.854,34.7,MEDIUM
Finance Analyst,Finance,Finance System,3,10.38,0,1,1,1,0,1.13,1,0.835,5.2,LOW
Finance Analyst,Engineering,Development Server,2,5.45,1,0,1,1,0,8.25,1,0.354,61.4,MEDIUM
Finance Analyst,Engineering,Finance System,3,7.74,0,1,1,0,0,2.16,1,0.982,28.5,LOW
Product Manager,Engineering,HR Database,3,2.58,1,1,0,0,3,12.09,1,0.068,100.0,HIGH
Finance Analyst,Product,Finance System,3,21.69,1,0,1,0,1,10.88,1,0.463,99.5,HIGH
Software Developer,HR,GitHub Project Alpha,1,3.43,1,0,0,0,3,14.88,1,0.074,100.0,HIGH
Contractor,HR,Development Server,2,11.97,0,1,1,0,1,2.13,1,0.736,33.7,MEDIUM
Product Manager,Finance,GitHub Project Alpha,1,7.19,0,1,1,0,1,0.07,1,0.682,36.2,MEDIUM
Contractor,IT,Production Database,4,21.75,1,0,0,1,4,6.99,1,0.307,100.0,HIGH
Contractor,Engineering,Project Management System,1,9.05,0,0,1,1,0,1.31,1,0.867,25.4,LOW
QA Engineer,Product,HR Database,3,23.56,1,0,1,0,5,13.86,1,0.289,100.0,HIGH
DevOps Engineer,Engineering,Project Management System,1,2.39,1,0,1,1,0,7.9,1,0.078,63.2,MEDIUM
Software Developer,HR,Finance System,3,7.18,0,1,1,0,1,1.14,1,0.815,36.4,MEDIUM
HR Specialist,Engineering,HR Database,3,2.45,1,1,0,0,3,7.3,1,0.125,100.0,HIGH
Software Developer,Engineering,Development Server,2,23.32,1,0,0,1,5,8.83,1,0.511,100.0,HIGH
Software Developer,HR,Project Management System,1,14.51,0,1,1,1,0,1.18,1,0.613,10.3,LOW
HR Specialist,Product,Project Management System,1,23.95,1,0,0,1,3,12.67,1,0.145,100.0,HIGH
DevOps Engineer,HR,Development Server,2,19.65,0,1,1,0,0,4.58,1,0.852,26.1,LOW
Software Developer,Product,Production Database,4,23.23,1,1,0,0,3,5.36,1,0.563,92.5,HIGH
Contractor,Finance,Production Database,4,8.59,0,1,1,0,0,4.6,1,0.906,31.5,MEDIUM
QA Engineer,Finance,GitHub Project Alpha,1,22.08,1,1,0,0,4,7.41,1,0.1,96.2,HIGH
DevOps Engineer,Product,Development Server,2,7.98,0,1,1,0,0,4.67,1,0.777,24.9,LOW
Product Manager,Engineering,HR Database,3,16.66,0,1,1,0,0,0.61,1,0.629,28.9,LOW
HR Specialist,Finance,Admin Panel,4,10.43,0,1,1,0,0,0.37,1,0.615,35.2,MEDIUM
HR Specialist,HR,Production Database,4,17.0,0,1,1,0,1,4.14,1,0.927,42.1,MEDIUM
HR Specialist,IT,Production Database,4,23.33,1,0,0,1,2,10.11,1,0.518,100.0,HIGH
Finance Analyst,Product,Project Management System,1,9.15,0,1,1,1,1,4.13,1,0.91,12.7,LOW
HR Specialist,IT,Production Database,4,18.89,0,1,1,1,1,4.84,1,0.749,22.3,LOW
QA Engineer,Finance,Production Database,4,2.21,1,0,0,0,3,6.14,1,0.302,100.0,HIGH
Finance Analyst,HR,Production Database,4,16.23,0,1,1,0,0,3.77,1,0.981,32.2,MEDIUM
Software Developer,Engineering,GitHub Project Alpha,1,15.63,0,1,1,1,0,0.76,1,0.941,1.7,LOW
Software Developer,IT,GitHub Project Alpha,1,17.2,0,1,1,0,0,4.58,1,0.683,22.3,LOW
Finance Analyst,IT,Project Management System,1,10.99,0,1,1,1,0,0.33,1,0.933,2.7,LOW
Contractor,HR,HR Database,3,23.22,1,0,0,1,5,4.49,1,0.148,99.1,HIGH
Contractor,HR,GitHub Project Alpha,1,0.58,1,0,0,0,2,12.74,1,0.099,100.0,HIGH
HR Specialist,Engineering,Finance System,3,17.06,0,1,1,0,1,4.02,1,0.807,34.8,MEDIUM
System Administrator,IT,Finance System,3,2.04,1,1,0,0,0,14.43,1,0.576,97.0,HIGH
System Administrator,Engineering,GitHub Project Alpha,1,12.89,0,0,1,1,0,3.12,1,0.633,29.4,LOW
HR Specialist,Product,HR Database,3,2.16,1,0,0,0,1,7.81,1,0.02,98.0,HIGH
Product Manager,IT,Project Management System,1,18.37,0,1,1,1,0,2.21,1,0.682,2.0,LOW
Contractor,Engineering,Admin Panel,4,22.42,1,0,0,0,2,14.79,1,0.261,99.0,HIGH
Product Manager,IT,Development Server,2,23.15,1,1,0,0,4,12.33,0,0.407,97.6,HIGH
HR Specialist,HR,Admin Panel,4,5.53,1,0,0,0,3,10.69,1,0.234,100.0,HIGH
Contractor,HR,GitHub Project Alpha,1,19.43,0,1,1,0,0,1.45,1,0.732,22.2,LOW
System Administrator,IT,Project Management System,1,5.84,1,0,1,1,5,12.98,1,0.205,100.0,HIGH
Software Developer,IT,Admin Panel,4,11.73,0,1,1,1,1,1.97,1,0.658,18.3,LOW
DevOps Engineer,IT,Production Database,4,12.36,0,1,1,1,0,1.11,1,0.671,16.2,LOW
Software Developer,HR,Production Database,4,9.31,0,1,1,0,0,4.07,1,0.977,30.2,MEDIUM
Contractor,IT,GitHub Project Alpha,1,2.6,1,0,0,0,3,10.68,1,0.36,97.0,HIGH
DevOps Engineer,Engineering,GitHub Project Alpha,1,12.24,0,1,1,1,0,1.4,1,0.991,6.0,LOW
Contractor,Engineering,Project Management System,1,14.37,0,1,1,1,1,1.33,1,0.777,16.7,LOW
Finance Analyst,Engineering,Finance System,3,17.85,0,1,1,0,0,2.4,1,0.629,29.5,LOW
DevOps Engineer,HR,Project Management System,1,21.48,1,1,0,1,5,3.94,1,0.021,88.0,HIGH
Finance Analyst,IT,Production Database,4,22.97,1,1,0,1,5,6.18,1,0.2,100.0,HIGH
System Administrator,Product,Project Management System,1,8.33,0,1,1,1,0,3.43,1,0.863,4.9,LOW
Product Manager,Product,Finance System,3,19.15,0,1,1,0,0,1.44,1,0.935,26.2,LOW
System Administrator,Product,Development Server,2,17.86,0,1,0,0,1,2.13,1,0.702,58.2,MEDIUM
Contractor,IT,HR Database,3,18.43,0,0,1,0,0,2.64,1,0.625,54.0,MEDIUM
DevOps Engineer,IT,HR Database,3,8.1,0,1,1,0,0,4.41,1,0.924,29.1,LOW
Finance Analyst,Product,Production Database,4,11.27,0,1,1,0,0,2.92,1,0.632,36.4,MEDIUM
QA Engineer,Finance,HR Database,3,12.45,0,1,1,0,0,1.02,1,0.948,25.6,LOW
QA Engineer,HR,HR Database,3,11.26,0,1,1,1,0,2.45,1,0.905,11.4,LOW
Product Manager,IT,Project Management System,1,17.71,0,1,1,1,0,3.41,1,0.729,9.0,LOW
Product Manager,IT,HR Database,3,23.44,1,0,1,0,4,12.93,0,0.042,99.2,HIGH
Contractor,HR,Development Server,2,7.8,0,1,1,0,0,4.17,1,0.953,23.0,LOW
QA Engineer,Finance,Production Database,4,19.53,0,1,1,0,0,1.55,1,0.725,29.7,LOW
System Administrator,Engineering,Finance System,3,9.68,0,1,1,0,1,3.09,1,0.935,34.0,MEDIUM
DevOps Engineer,Engineering,Project Management System,1,10.2,0,1,1,1,0,0.34,1,0.971,1.4,LOW
HR Specialist,Engineering,HR Database,3,2.81,1,0,0,0,1,4.5,1,0.427,98.8,HIGH
Product Manager,Engineering,Development Server,2,21.61,1,0,1,1,1,14.54,1,0.045,86.8,HIGH
Software Developer,Finance,HR Database,3,9.44,0,1,1,0,0,1.74,1,0.94,27.3,LOW
DevOps Engineer,Product,Production Database,4,3.39,1,0,0,0,3,10.12,1,0.162,97.5,HIGH
QA Engineer,IT,GitHub Project Alpha,1,13.38,0,1,1,0,0,0.14,1,0.723,22.4,LOW
Finance Analyst,IT,GitHub Project Alpha,1,4.17,1,1,0,0,0,4.29,1,0.037,68.4,MEDIUM
System Administrator,Finance,Development Server,2,11.33,0,1,1,0,1,0.51,1,0.856,35.7,MEDIUM
DevOps Engineer,Finance,Finance System,3,2.53,1,0,1,1,0,10.16,1,0.501,72.8,HIGH
Software Developer,Finance,Finance System,3,18.71,0,1,1,1,1,4.79,1,0.618,17.4,LOW
QA Engineer,IT,HR Database,3,21.14,1,1,1,0,0,8.98,1,0.492,64.9,MEDIUM
System Administrator,Product,Production Database,4,13.53,0,0,1,0,1,2.57,1,0.714,57.5,MEDIUM
DevOps Engineer,Product,GitHub Project Alpha,1,11.87,0,1,1,1,0,3.51,1,0.998,2.7,LOW
Contractor,Finance,GitHub Project Alpha,1,4.96,1,0,0,0,3,5.27,0,0.413,98.6,HIGH
System Administrator,HR,HR Database,3,19.16,0,1,1,1,0,3.68,1,0.661,12.2,LOW
HR Specialist,IT,Project Management System,1,23.78,1,1,1,1,0,12.26,1,0.256,51.3,MEDIUM
Contractor,IT,Development Server,2,9.23,0,1,1,0,0,1.76,1,0.66,25.3,LOW
HR Specialist,Finance,GitHub Project Alpha,1,13.96,0,1,1,0,0,1.84,1,0.861,24.1,LOW
HR Specialist,HR,Admin Panel,4,22.36,1,1,0,0,4,9.03,1,0.585,100.0,HIGH
Software Developer,Engineering,GitHub Project Alpha,1,8.17,0,1,1,1,1,2.35,1,0.777,9.3,LOW
QA Engineer,Product,GitHub Project Alpha,1,17.82,0,1,1,1,0,2.55,1,0.943,0.9,LOW
DevOps Engineer,HR,Production Database,4,14.15,0,1,1,0,1,3.21,1,0.723,37.6,MEDIUM
System Administrator,Finance,HR Database,3,10.27,0,1,1,0,0,4.71,1,0.706,32.6,MEDIUM
Contractor,Finance,Project Management System,1,21.38,1,0,0,1,2,10.2,1,0.105,100.0,HIGH
HR Specialist,Product,GitHub Project Alpha,1,17.54,0,1,1,1,0,4.35,1,0.656,8.3,LOW
Product Manager,Engineering,Admin Panel,4,12.4,0,1,1,0,0,1.82,1,0.947,28.9,LOW
QA Engineer,HR,Production Database,4,9.23,0,1,1,0,0,1.44,1,0.862,34.9,MEDIUM
Product Manager,Product,Development Server,2,4.89,1,0,0,0,5,8.8,1,0.336,100.0,HIGH
QA Engineer,Finance,Production Database,4,7.62,0,1,1,0,0,0.32,1,0.902,31.3,MEDIUM
HR Specialist,Finance,Project Management System,1,18.96,0,1,1,1,0,2.37,1,0.813,6.0,LOW
DevOps Engineer,IT,Finance System,3,9.9,0,1,1,0,1,3.97,1,0.877,38.3,MEDIUM
QA Engineer,Product,Finance System,3,22.78,1,0,0,0,4,10.58,1,0.191,100.0,HIGH
HR Specialist,Engineering,GitHub Project Alpha,1,22.37,1,1,0,1,4,7.38,1,0.39,87.9,HIGH
HR Specialist,Product,HR Database,3,16.1,0,1,1,0,0,1.27,1,0.634,30.6,MEDIUM
QA Engineer,Finance,GitHub Project Alpha,1,11.98,0,1,1,0,1,4.98,1,0.865,31.7,MEDIUM
Product Manager,Product,Admin Panel,4,8.35,0,1,1,0,0,1.85,1,0.909,32.5,MEDIUM
QA Engineer,Engineering,Production Database,4,9.72,0,1,1,1,1,3.43,1,0.976,18.0,LOW
Contractor,Product,HR Database,3,10.28,0,0,1,0,0,0.69,1,0.914,50.4,MEDIUM
HR Specialist,Finance,Project Management System,1,23.04,1,0,0,1,3,10.6,0,0.135,100.0,HIGH
QA Engineer,Product,Finance System,3,5.14,1,0,1,0,0,12.04,0,0.492,99.9,HIGH
Finance Analyst,Product,HR Database,3,17.67,0,1,1,0,0,4.04,1,0.869,29.2,LOW
HR Specialist,Product,Finance System,3,19.72,0,1,1,0,1,4.88,1,0.655,42.9,MEDIUM
Finance Analyst,HR,Production Database,4,10.93,0,1,1,0,0,0.2,1,0.804,31.4,MEDIUM
Contractor,HR,Project Management System,1,16.22,0,1,1,1,0,3.09,1,0.824,3.9,LOW
QA Engineer,HR,Development Server,2,12.43,0,1,1,0,0,2.0,1,0.98,23.3,LOW
Product Manager,IT,Production Database,4,10.45,0,1,1,1,0,0.74,1,0.995,12.8,LOW
QA Engineer,Engineering,GitHub Project Alpha,1,19.1,0,1,1,1,1,1.35,1,0.695,13.9,LOW
Software Developer,Engineering,Production Database,4,3.83,1,0,0,1,0,12.53,1,0.473,97.8,HIGH
HR Specialist,Product,HR Database,3,13.95,0,1,0,0,0,3.31,1,0.797,49.3,MEDIUM
DevOps Engineer,IT,Admin Panel,4,17.33,0,1,1,1,0,2.26,1,0.63,17.2,LOW
Contractor,IT,Development Server,2,21.57,1,0,1,0,3,14.73,1,0.144,98.4,HIGH
Product Manager,Engineering,Production Database,4,7.22,0,1,1,1,1,2.64,1,0.622,20.1,LOW
DevOps Engineer,Engineering,Finance System,3,4.56,1,0,1,0,4,14.54,1,0.44,100.0,HIGH
DevOps Engineer,Product,Production Database,4,8.53,0,1,1,0,0,0.87,1,0.7,36.8,MEDIUM
HR Specialist,HR,Project Management System,1,14.45,0,1,1,1,0,2.69,1,0.692,6.9,LOW
DevOps Engineer,IT,Finance System,3,8.89,0,1,1,0,0,1.29,1,0.841,29.4,LOW
HR Specialist,IT,Production Database,4,11.48,0,1,1,1,0,3.9,1,0.983,13.1,LOW
DevOps Engineer,Product,Admin Panel,4,9.92,0,1,1,0,0,4.34,1,0.669,35.1,MEDIUM
System Administrator,Engineering,Project Management System,1,5.91,1,0,1,1,4,14.3,1,0.023,97.7,HIGH
HR Specialist,Finance,Production Database,4,5.38,1,0,0,0,4,8.89,1,0.068,100.0,HIGH
System Administrator,Product,Project Management System,1,2.38,1,0,0,1,3,11.58,1,0.51,100.0,HIGH
Software Developer,IT,HR Database,3,14.64,0,1,1,0,0,1.29,1,0.946,31.5,MEDIUM
Product Manager,Product,Production Database,4,4.41,1,0,0,0,1,9.44,1,0.523,100.0,HIGH
Contractor,HR,Production Database,4,2.84,1,0,0,0,5,11.87,0,0.505,99.8,HIGH
Finance Analyst,HR,Admin Panel,4,7.22,0,1,1,0,0,1.92,1,0.908,26.9,LOW
System Administrator,Finance,Production Database,4,1.26,1,1,0,0,4,3.03,1,0.305,96.9,HIGH
QA Engineer,HR,Production Database,4,4.61,1,1,1,0,2,11.41,1,0.202,100.0,HIGH
Finance Analyst,IT,Project Management System,1,14.09,0,0,0,1,0,3.52,1,0.602,42.8,MEDIUM
Software Developer,Finance,Finance System,3,11.83,0,1,1,1,0,1.1,1,0.944,11.3,LOW
DevOps Engineer,Finance,Admin Panel,4,17.59,0,1,1,0,0,4.55,1,0.997,27.3,LOW
System Administrator,IT,Project Management System,1,22.24,1,0,1,1,3,6.73,1,0.353,73.3,HIGH
HR Specialist,HR,HR Database,3,23.53,1,0,1,1,3,9.3,1,0.599,89.6,HIGH
Product Manager,Product,HR Database,3,21.34,1,0,0,0,5,5.89,1,0.203,96.1,HIGH
Product Manager,Product,Finance System,3,21.51,1,0,0,0,3,3.2,1,0.068,97.3,HIGH
Software Developer,IT,Admin Panel,4,9.96,0,1,1,1,0,2.76,1,0.72,9.4,LOW
DevOps Engineer,Engineering,Finance System,3,7.26,0,1,1,0,1,2.99,1,0.699,42.1,MEDIUM
DevOps Engineer,IT,Development Server,2,8.07,0,1,1,0,0,1.55,1,0.668,26.2,LOW
Product Manager,IT,HR Database,3,7.94,0,1,1,0,0,3.29,1,0.764,33.5,MEDIUM
QA Engineer,Engineering,GitHub Project Alpha,1,12.05,0,1,1,1,1,3.81,1,0.77,14.4,LOW
QA Engineer,HR,Project Management System,1,14.41,0,1,1,1,1,1.54,1,0.725,9.5,LOW
HR Specialist,Product,Project Management System,1,18.2,0,1,1,1,0,3.08,1,0.622,4.7,LOW
System Administrator,IT,HR Database,3,14.0,0,1,1,0,0,2.02,1,0.621,35.2,MEDIUM
QA Engineer,HR,Development Server,2,14.09,0,1,1,0,0,2.36,1,0.858,22.7,LOW
System Administrator,Product,Production Database,4,13.92,0,1,1,0,0,2.06,0,0.971,46.5,MEDIUM
DevOps Engineer,Engineering,HR Database,3,22.96,1,0,0,0,1,7.89,1,0.258,100.0,HIGH
Product Manager,HR,Finance System,3,19.47,0,1,1,0,0,3.98,1,0.959,24.2,LOW
DevOps Engineer,Product,Finance System,3,8.86,0,1,1,0,0,2.32,1,0.762,29.6,LOW
Product Manager,HR,Development Server,2,23.64,1,0,0,0,2,9.98,1,0.018,97.9,HIGH
HR Specialist,Finance,Admin Panel,4,9.13,0,1,1,0,1,4.22,1,0.756,39.8,MEDIUM
Contractor,IT,Finance System,3,13.8,0,0,1,0,0,1.13,1,0.914,51.8,MEDIUM
Finance Analyst,HR,HR Database,3,12.55,0,0,1,1,1,1.67,1,0.71,39.7,MEDIUM
Contractor,Product,Finance System,3,13.44,0,1,1,0,0,2.94,1,0.749,27.3,LOW
DevOps Engineer,HR,Finance System,3,7.36,0,0,1,0,0,4.18,0,0.914,60.0,MEDIUM
Finance Analyst,Engineering,Development Server,2,22.23,1,0,0,1,4,13.68,1,0.417,100.0,HIGH
Product Manager,IT,GitHub Project Alpha,1,15.8,0,1,1,0,0,2.64,1,0.762,23.2,LOW
Product Manager,HR,Project Management System,1,12.2,0,1,0,1,0,3.64,1,0.981,22.4,LOW
System Administrator,IT,GitHub Project Alpha,1,0.81,1,0,0,0,0,8.87,1,0.221,100.0,HIGH
Software Developer,Product,Admin Panel,4,9.72,0,1,1,0,0,2.99,1,0.726,36.0,MEDIUM
Product Manager,Engineering,Admin Panel,4,14.54,0,1,1,0,0,1.64,1,0.989,28.0,LOW
System Administrator,Engineering,GitHub Project Alpha,1,8.03,0,1,0,1,1,0.21,1,0.605,36.4,MEDIUM
Product Manager,HR,Admin Panel,4,17.43,0,1,1,0,1,1.44,1,0.935,35.2,MEDIUM
Finance Analyst,IT,HR Database,3,22.16,1,0,0,0,5,4.86,0,0.169,100.0,HIGH
QA Engineer,Engineering,HR Database,3,21.75,1,0,0,0,3,6.99,0,0.556,100.0,HIGH
HR Specialist,Product,Production Database,4,12.88,0,1,1,0,0,0.29,1,0.721,34.5,MEDIUM
Software Developer,Finance,Project Management System,1,13.31,0,1,0,1,0,1.46,1,0.68,27.7,LOW
Contractor,Product,Admin Panel,4,13.07,0,1,1,0,0,3.16,1,0.873,34.5,MEDIUM
Software Developer,Finance,GitHub Project Alpha,1,11.44,0,0,1,0,0,0.13,1,0.732,48.2,MEDIUM
Software Developer,Finance,GitHub Project Alpha,1,16.25,0,1,1,0,0,3.03,1,0.893,20.0,LOW
HR Specialist,IT,GitHub Project Alpha,1,8.79,0,1,1,0,0,1.47,1,0.773,25.0,LOW
Finance Analyst,Engineering,HR Database,3,3.67,1,0,0,0,2,9.39,0,0.267,100.0,HIGH
QA Engineer,Finance,Production Database,4,11.56,0,0,1,0,0,2.4,1,0.86,48.1,MEDIUM
DevOps Engineer,HR,Production Database,4,21.78,1,0,0,0,5,7.56,0,0.045,100.0,HIGH
Contractor,Product,Finance System,3,15.96,0,1,1,0,0,2.25,1,0.932,26.6,LOW
Product Manager,Engineering,Development Server,2,13.19,0,1,1,1,0,2.26,1,0.959,9.1,LOW
QA Engineer,HR,GitHub Project Alpha,1,9.36,0,1,1,0,0,0.9,1,0.658,22.1,LOW
QA Engineer,Engineering,Project Management System,1,13.46,0,1,1,1,0,2.18,1,0.797,8.4,LOW
Software Developer,Engineering,Development Server,2,13.71,0,1,1,1,1,0.88,1,0.705,12.4,LOW
Finance Analyst,Product,Production Database,4,17.66,0,0,1,0,1,5.0,1,0.949,62.0,MEDIUM
Software Developer,Finance,Admin Panel,4,23.97,1,1,1,0,0,12.35,1,0.518,83.1,HIGH
QA Engineer,Finance,Admin Panel,4,21.88,1,0,0,0,1,3.65,1,0.082,100.0,HIGH
QA Engineer,Product,Admin Panel,4,3.8,1,1,0,0,4,3.75,1,0.576,99.1,HIGH
QA Engineer,Product,Development Server,2,8.71,0,1,0,0,1,3.6,1,0.962,49.7,MEDIUM
HR Specialist,IT,Project Management System,1,21.42,1,0,0,1,2,3.84,0,0.565,96.1,HIGH
Software Developer,Engineering,Admin Panel,4,15.63,0,1,0,0,0,2.6,1,0.654,55.4,MEDIUM
HR Specialist,Engineering,GitHub Project Alpha,1,21.04,1,0,0,1,1,14.0,1,0.308,100.0,HIGH
Finance Analyst,Finance,Production Database,4,9.51,0,0,1,0,1,1.23,1,0.678,63.4,MEDIUM
QA Engineer,Engineering,Finance System,3,9.46,0,1,1,0,1,2.92,1,0.948,39.8,MEDIUM
Software Developer,Product,HR Database,3,9.62,0,1,1,0,0,2.31,1,0.632,30.0,MEDIUM
System Administrator,Product,Admin Panel,4,7.81,0,1,0,0,0,2.4,1,0.973,52.4,MEDIUM
Contractor,Product,Project Management System,1,11.1,0,1,1,1,0,4.02,1,0.69,7.6,LOW
Product Manager,HR,Finance System,3,8.52,0,1,1,0,0,2.38,1,0.695,32.7,MEDIUM
Product Manager,HR,Development Server,2,16.92,0,1,1,0,0,1.85,1,0.669,27.8,LOW
Product Manager,IT,Project Management System,1,13.76,0,1,1,1,0,0.19,1,0.829,4.5,LOW
Finance Analyst,Engineering,Finance System,3,19.39,0,1,1,0,0,1.91,1,0.6,28.3,LOW
HR Specialist,IT,Admin Panel,4,8.3,0,0,1,1,0,3.09,1,0.682,31.1,MEDIUM
Finance Analyst,Engineering,GitHub Project Alpha,1,2.12,1,0,0,1,5,3.95,1,0.105,99.0,HIGH
Product Manager,IT,Production Database,4,0.59,1,0,0,1,2,8.18,1,0.32,100.0,HIGH
Finance Analyst,HR,Admin Panel,4,4.59,1,0,0,0,3,11.59,1,0.136,97.0,HIGH
QA Engineer,HR,Finance System,3,11.16,0,1,0,0,1,2.59,1,0.981,52.3,MEDIUM
DevOps Engineer,Finance,GitHub Project Alpha,1,16.01,0,1,1,0,0,2.67,1,0.907,25.8,LOW
Product Manager,HR,Project Management System,1,16.78,0,1,1,1,1,1.39,1,0.75,14.1,LOW
Product Manager,Finance,Production Database,4,7.71,0,1,1,0,0,2.39,1,0.675,33.6,MEDIUM
Software Developer,IT,Finance System,3,19.29,0,1,1,0,0,2.97,1,0.926,30.8,MEDIUM
Product Manager,Engineering,Production Database,4,1.04,1,0,0,1,4,11.2,0,0.439,99.3,HIGH
System Administrator,Finance,Admin Panel,4,22.45,1,0,0,0,3,14.35,1,0.003,96.7,HIGH
Product Manager,IT,Admin Panel,4,5.58,1,0,0,1,5,9.62,1,0.097,99.5,HIGH
DevOps Engineer,Product,Admin Panel,4,19.66,0,1,1,0,0,1.99,1,0.648,31.4,MEDIUM
Software Developer,Finance,Development Server,2,9.95,0,1,1,0,1,3.85,1,0.833,32.6,MEDIUM
DevOps Engineer,Product,Project Management System,1,10.6,0,1,1,1,0,0.06,1,0.642,8.6,LOW
Finance Analyst,Finance,Production Database,4,16.01,0,1,1,0,0,0.97,1,0.915,34.0,MEDIUM
HR Specialist,HR,Project Management System,1,4.13,1,0,0,1,4,13.9,1,0.46,96.9,HIGH
DevOps Engineer,IT,Development Server,2,4.41,1,0,0,0,1,6.65,1,0.229,100.0,HIGH
Product Manager,Engineering,Development Server,2,18.34,0,1,1,1,0,0.32,1,0.88,3.9,LOW
System Administrator,HR,Admin Panel,4,13.48,0,1,1,0,1,3.57,1,0.909,38.6,MEDIUM
Software Developer,IT,HR Database,3,0.53,1,0,0,0,2,3.13,1,0.448,100.0,HIGH
HR Specialist,Engineering,Finance System,3,11.7,0,1,1,0,0,3.02,1,0.723,30.7,MEDIUM
Product Manager,IT,Finance System,3,12.87,0,1,1,0,0,1.32,1,0.96,25.2,LOW
HR Specialist,Engineering,Production Database,4,17.77,0,1,1,1,1,4.25,1,0.697,23.2,LOW
QA Engineer,IT,HR Database,3,10.45,0,1,1,0,0,4.23,1,0.74,31.7,MEDIUM
Software Developer,Product,Project Management System,1,22.02,1,0,0,1,0,14.63,1,0.17,93.2,HIGH
Product Manager,Product,HR Database,3,4.94,1,0,0,0,3,4.36,1,0.448,98.8,HIGH
DevOps Engineer,Engineering,GitHub Project Alpha,1,14.86,0,1,1,1,0,2.12,1,0.783,5.5,LOW
Product Manager,Finance,Admin Panel,4,13.43,0,1,1,0,0,2.67,1,0.822,30.7,MEDIUM
DevOps Engineer,IT,Production Database,4,2.41,1,0,0,1,3,6.81,1,0.277,98.7,HIGH
Product Manager,Engineering,Project Management System,1,11.67,0,1,1,1,0,2.53,1,0.692,5.0,LOW
QA Engineer,IT,GitHub Project Alpha,1,10.05,0,0,1,0,0,0.37,1,0.723,45.9,MEDIUM
System Administrator,IT,Development Server,2,3.87,1,1,0,0,4,9.06,1,0.1,97.6,HIGH
Product Manager,IT,GitHub Project Alpha,1,10.87,0,1,1,0,0,3.52,1,0.72,28.0,LOW
HR Specialist,Engineering,Project Management System,1,7.39,0,1,0,1,0,3.05,1,0.773,23.6,LOW
Software Developer,Engineering,Development Server,2,22.92,1,0,0,1,2,7.04,1,0.003,93.1,HIGH
System Administrator,Engineering,Project Management System,1,9.85,0,1,1,1,0,3.59,1,0.642,6.2,LOW
HR Specialist,Product,Production Database,4,15.18,0,1,1,0,0,4.06,1,0.84,28.9,LOW
Finance Analyst,HR,Finance System,3,14.02,0,1,1,0,0,0.42,1,0.99,31.3,MEDIUM
Contractor,IT,Production Database,4,16.14,0,1,1,1,1,1.73,1,0.907,14.9,LOW
DevOps Engineer,HR,Development Server,2,7.46,0,1,0,0,0,3.94,1,0.981,42.2,MEDIUM
HR Specialist,Finance,HR Database,3,11.79,0,1,1,0,1,1.7,1,0.63,37.9,MEDIUM
Finance Analyst,Finance,GitHub Project Alpha,1,4.59,1,0,0,0,2,13.07,1,0.298,99.7,HIGH
Finance Analyst,Finance,Development Server,2,17.61,0,1,1,0,1,0.11,1,0.873,37.4,MEDIUM
DevOps Engineer,IT,HR Database,3,0.88,1,1,0,0,5,9.48,1,0.177,100.0,HIGH
QA Engineer,HR,GitHub Project Alpha,1,22.12,1,0,1,0,1,8.89,0,0.53,100.0,HIGH
Software Developer,Engineering,Admin Panel,4,4.62,1,1,0,0,0,12.31,1,0.35,100.0,HIGH
Product Manager,Engineering,HR Database,3,23.48,1,0,0,0,5,13.02,1,0.348,96.8,HIGH
Contractor,IT,Admin Panel,4,13.97,0,1,1,1,0,0.7,1,0.666,13.9,LOW
System Administrator,Finance,Admin Panel,4,15.44,0,1,0,0,0,4.77,1,0.698,50.8,MEDIUM
System Administrator,Finance,GitHub Project Alpha,1,19.46,0,1,1,0,0,3.31,1,0.934,22.6,LOW
Software Developer,IT,HR Database,3,18.04,0,1,1,0,1,0.91,1,0.738,40.0,MEDIUM
DevOps Engineer,Finance,Production Database,4,8.19,0,1,0,0,0,2.24,1,0.717,51.8,MEDIUM
Software Developer,Finance,HR Database,3,3.13,1,0,0,0,0,3.29,1,0.184,92.7,HIGH
System Administrator,Engineering,GitHub Project Alpha,1,17.46,0,1,1,1,1,1.16,1,0.703,14.1,LOW
Contractor,Product,Development Server,2,13.65,0,1,1,0,1,0.54,1,0.756,35.4,MEDIUM
HR Specialist,Product,HR Database,3,12.12,0,1,1,0,0,3.82,1,0.749,29.6,LOW
QA Engineer,Finance,Finance System,3,18.56,0,1,1,1,0,1.3,1,0.948,7.1,LOW
Product Manager,IT,Development Server,2,17.59,0,1,1,0,0,0.55,1,0.612,28.8,LOW
Software Developer,Engineering,Production Database,4,18.04,0,1,1,1,0,1.28,1,0.972,12.4,LOW
Finance Analyst,Engineering,Admin Panel,4,11.13,0,1,1,0,0,2.63,1,0.899,28.6,LOW
QA Engineer,IT,Finance System,3,15.59,0,1,1,0,0,3.63,1,0.631,27.8,LOW
Contractor,Finance,Finance System,3,9.21,0,1,1,1,0,0.78,1,0.985,6.1,LOW
Contractor,Finance,Finance System,3,11.65,0,1,1,1,0,0.59,1,0.881,7.5,LOW
Contractor,HR,HR Database,3,14.42,0,1,1,1,0,4.07,1,0.603,12.4,LOW
Finance Analyst,Finance,Project Management System,1,9.42,0,1,1,1,0,0.6,1,0.821,0.5,LOW
Finance Analyst,Product,Finance System,3,14.63,0,1,1,0,1,4.11,1,0.742,36.6,MEDIUM
QA Engineer,HR,Development Server,2,4.7,1,1,0,0,4,4.61,1,0.548,96.2,HIGH
DevOps Engineer,HR,Project Management System,1,17.43,0,1,1,1,0,4.03,1,0.943,1.7,LOW
System Administrator,IT,Development Server,2,21.68,1,0,1,0,5,10.75,1,0.319,98.1,HIGH
System Administrator,Engineering,Production Database,4,8.01,0,1,1,1,0,1.53,1,0.92,8.7,LOW
HR Specialist,HR,Project Management System,1,17.94,0,1,1,1,0,1.64,1,0.737,3.8,LOW
Finance Analyst,Finance,Development Server,2,16.43,0,0,1,0,0,1.61,1,0.617,46.0,MEDIUM
HR Specialist,HR,Admin Panel,4,12.42,0,1,1,0,0,0.97,1,0.983,33.4,MEDIUM
HR Specialist,Engineering,GitHub Project Alpha,1,15.78,0,1,1,1,0,4.53,1,0.844,3.8,LOW
QA Engineer,Product,HR Database,3,15.42,0,1,1,0,0,0.61,1,0.692,30.3,MEDIUM
DevOps Engineer,HR,Admin Panel,4,16.38,0,1,1,0,0,2.86,1,0.717,35.9,MEDIUM
Finance Analyst,Finance,Project Management System,1,7.97,0,1,0,1,0,0.33,1,0.812,28.2,LOW
Product Manager,Engineering,Project Management System,1,17.67,0,1,1,1,0,3.53,1,0.775,7.3,LOW
HR Specialist,Finance,GitHub Project Alpha,1,19.42,0,1,1,0,0,4.1,1,0.962,22.4,LOW
Software Developer,Engineering,GitHub Project Alpha,1,14.61,0,1,1,1,1,1.05,1,0.604,14.5,LOW
Finance Analyst,Product,Finance System,3,7.16,0,1,1,0,0,1.56,1,0.703,33.9,MEDIUM
Software Developer,Finance,Production Database,4,13.35,0,1,0,0,0,3.02,1,0.62,56.8,MEDIUM
Contractor,Finance,Development Server,2,12.53,0,1,1,0,0,0.98,1,0.761,24.2,LOW
QA Engineer,Product,Admin Panel,4,8.14,0,1,1,0,0,0.64,1,0.968,30.9,MEDIUM
Finance Analyst,Product,GitHub Project Alpha,1,3.31,1,0,0,1,3,12.75,1,0.392,100.0,HIGH
Finance Analyst,IT,Production Database,4,23.61,1,0,0,1,4,14.75,1,0.275,100.0,HIGH
Software Developer,Finance,Development Server,2,8.3,0,1,1,0,0,4.38,1,0.655,31.7,MEDIUM
Finance Analyst,Finance,GitHub Project Alpha,1,22.7,1,0,0,0,3,12.64,1,0.318,99.7,HIGH
Software Developer,Engineering,Production Database,4,14.38,0,1,1,1,0,2.66,1,0.692,11.6,LOW
Contractor,IT,HR Database,3,16.31,0,1,1,0,0,1.67,1,0.912,26.1,LOW
Contractor,HR,Production Database,4,10.69,0,1,1,0,0,4.42,1,0.777,32.3,MEDIUM
System Administrator,IT,GitHub Project Alpha,1,10.25,0,1,1,0,0,2.37,1,0.874,26.1,LOW
QA Engineer,Engineering,Production Database,4,19.76,0,1,1,1,0,1.87,1,0.806,10.0,LOW
Product Manager,IT,Finance System,3,11.99,0,1,1,0,0,3.81,1,0.767,31.9,MEDIUM
DevOps Engineer,HR,Development Server,2,14.88,0,1,1,0,0,3.09,1,0.68,24.8,LOW
HR Specialist,IT,Finance System,3,15.93,0,1,1,0,0,0.09,1,0.905,28.2,LOW
QA Engineer,Product,Production Database,4,16.34,0,1,1,0,0,1.19,0,0.655,46.7,MEDIUM
DevOps Engineer,IT,Admin Panel,4,14.96,0,1,1,1,0,4.04,1,0.882,10.1,LOW
Finance Analyst,Engineering,GitHub Project Alpha,1,8.2,0,1,1,1,0,2.33,1,0.736,3.7,LOW
QA Engineer,Product,Admin Panel,4,9.5,0,1,1,0,0,0.47,1,0.928,27.4,LOW
Software Developer,Engineering,Admin Panel,4,18.73,0,1,0,0,1,3.63,1,0.726,64.6,MEDIUM
Software Developer,HR,Admin Panel,4,12.18,0,1,0,0,0,4.93,0,0.687,68.1,MEDIUM
Contractor,IT,HR Database,3,11.3,0,0,1,0,0,1.03,1,0.998,43.6,MEDIUM
DevOps Engineer,HR,GitHub Project Alpha,1,12.89,0,1,1,0,0,0.03,1,0.977,22.6,LOW
DevOps Engineer,HR,Admin Panel,4,15.55,0,1,1,0,1,1.75,1,0.741,44.2,MEDIUM
Contractor,HR,Production Database,4,0.49,1,0,1,0,4,4.4,1,0.112,100.0,HIGH
Software Developer,HR,HR Database,3,23.14,1,0,0,1,0,14.83,1,0.251,100.0,HIGH
Product Manager,HR,Project Management System,1,13.76,0,1,1,1,0,4.94,1,0.949,6.9,LOW
DevOps Engineer,HR,Admin Panel,4,16.36,0,1,1,0,1,4.4,1,0.658,43.7,MEDIUM
Finance Analyst,Product,Admin Panel,4,1.69,1,0,1,0,5,7.87,1,0.407,100.0,HIGH
HR Specialist,HR,HR Database,3,15.43,0,1,1,1,0,4.9,1,0.699,12.9,LOW
DevOps Engineer,Product,Admin Panel,4,2.08,1,1,1,0,3,4.01,1,0.512,73.7,HIGH
Contractor,Product,Finance System,3,15.04,0,1,1,0,0,0.69,1,0.635,29.5,LOW
Product Manager,Product,Production Database,4,14.26,0,1,1,0,0,4.82,1,0.714,35.5,MEDIUM
Software Developer,IT,Admin Panel,4,7.64,0,1,1,1,0,0.43,1,0.792,13.3,LOW
QA Engineer,Engineering,Finance System,3,18.48,0,1,1,0,0,2.84,1,0.907,29.0,LOW
QA Engineer,HR,Production Database,4,23.48,1,0,0,0,0,3.33,1,0.037,95.6,HIGH
HR Specialist,IT,Project Management System,1,0.52,1,0,1,1,1,9.21,1,0.264,73.0,HIGH
Product Manager,IT,Production Database,4,10.57,0,1,1,1,0,4.1,1,0.982,7.7,LOW
Software Developer,Engineering,GitHub Project Alpha,1,10.33,0,1,1,1,0,2.68,1,0.802,6.1,LOW
Contractor,IT,Project Management System,1,13.46,0,1,1,1,0,4.19,1,0.74,7.3,LOW
Software Developer,Product,HR Database,3,23.07,1,0,0,0,2,4.48,1,0.244,99.6,HIGH
QA Engineer,Product,HR Database,3,8.06,0,1,1,0,0,4.15,1,0.783,30.8,MEDIUM
QA Engineer,Engineering,Development Server,2,13.88,0,1,1,1,0,2.74,1,0.829,10.1,LOW
QA Engineer,IT,Development Server,2,9.59,0,1,1,0,0,3.2,1,0.998,23.1,LOW
Finance Analyst,Product,Project Management System,1,23.63,1,0,1,1,1,12.39,1,0.116,83.3,HIGH
Finance Analyst,IT,Admin Panel,4,17.38,0,1,1,1,0,2.18,1,0.973,13.1,LOW
HR Specialist,Finance,Project Management System,1,0.87,1,0,0,1,2,9.02,1,0.515,96.7,HIGH
Finance Analyst,Product,HR Database,3,21.92,1,0,1,0,4,10.35,0,0.381,99.3,HIGH
Finance Analyst,HR,GitHub Project Alpha,1,18.82,0,1,1,0,0,1.93,1,0.799,23.8,LOW
QA Engineer,Product,HR Database,3,21.39,1,1,0,0,4,10.71,0,0.524,100.0,HIGH
Contractor,HR,GitHub Project Alpha,1,10.93,0,1,1,0,0,0.91,1,0.618,27.8,LOW
Product Manager,IT,Admin Panel,4,21.59,1,1,0,1,0,14.34,1,0.126,82.4,HIGH
HR Specialist,Engineering,Admin Panel,4,8.29,0,1,1,0,0,1.69,1,0.888,28.9,LOW
HR Specialist,HR,Production Database,4,10.83,0,1,1,0,1,4.3,1,0.978,39.2,MEDIUM
System Administrator,Finance,HR Database,3,15.31,0,1,1,0,0,3.45,1,0.663,30.0,LOW
Finance Analyst,Product,Development Server,2,11.32,0,1,1,0,0,0.89,1,0.866,24.6,LOW
Finance Analyst,Engineering,Admin Panel,4,11.33,0,1,0,0,0,3.26,1,0.834,49.2,MEDIUM
QA Engineer,Finance,Admin Panel,4,19.34,0,1,1,0,0,3.44,1,0.658,33.9,MEDIUM
System Administrator,HR,HR Database,3,3.58,1,0,0,1,3,13.92,1,0.467,100.0,HIGH
QA Engineer,Finance,HR Database,3,19.11,0,1,1,0,0,4.5,1,0.904,27.9,LOW
HR Specialist,Engineering,Admin Panel,4,14.81,0,1,1,0,0,2.22,1,0.916,33.3,MEDIUM
QA Engineer,Product,GitHub Project Alpha,1,17.16,0,1,0,1,0,4.65,1,0.616,25.6,LOW
Product Manager,Product,Development Server,2,18.69,0,1,1,0,0,2.13,1,0.958,21.9,LOW
DevOps Engineer,Finance,Admin Panel,4,19.33,0,0,1,0,0,4.26,1,0.762,54.2,MEDIUM
QA Engineer,Product,GitHub Project Alpha,1,11.58,0,1,1,1,0,0.66,1,0.991,5.1,LOW
Product Manager,Finance,Production Database,4,14.2,0,1,1,0,0,4.26,0,0.941,48.4,MEDIUM
Software Developer,Engineering,Admin Panel,4,23.44,1,0,1,0,1,11.08,1,0.379,99.6,HIGH
Contractor,HR,GitHub Project Alpha,1,7.26,0,1,0,0,0,4.59,1,0.791,47.8,MEDIUM
Finance Analyst,HR,Admin Panel,4,19.64,0,1,1,0,0,3.9,0,0.924,49.2,MEDIUM
Software Developer,Product,Production Database,4,15.8,0,1,1,0,0,0.22,1,0.931,29.0,LOW
Software Developer,IT,Finance System,3,23.25,1,0,0,0,5,5.74,1,0.329,100.0,HIGH
QA Engineer,Engineering,Production Database,4,18.47,0,1,1,1,0,0.81,1,0.633,12.4,LOW
HR Specialist,IT,Finance System,3,9.87,0,1,1,0,1,2.24,1,0.653,41.6,MEDIUM
Contractor,Finance,Project Management System,1,8.96,0,1,1,1,0,0.77,1,0.894,4.6,LOW
Product Manager,Engineering,Admin Panel,4,8.66,0,1,1,0,0,4.72,1,0.946,33.0,MEDIUM
Product Manager,HR,Finance System,3,18.39,0,1,1,0,1,4.17,1,0.747,36.7,MEDIUM
Product Manager,Engineering,Admin Panel,4,12.98,0,1,0,0,0,2.25,1,0.863,51.0,MEDIUM
Contractor,Engineering,GitHub Project Alpha,1,2.94,1,0,0,1,5,6.91,1,0.088,96.6,HIGH
Software Developer,Product,GitHub Project Alpha,1,14.01,0,1,1,1,0,3.11,1,0.991,0.6,LOW
Finance Analyst,Product,Admin Panel,4,8.38,0,1,0,0,0,4.11,1,0.921,47.6,MEDIUM
QA Engineer,Engineering,Project Management System,1,22.77,1,1,1,1,0,11.11,1,0.531,48.5,MEDIUM
System Administrator,Product,Production Database,4,11.59,0,1,1,0,0,2.54,1,0.955,27.3,LOW
Finance Analyst,IT,GitHub Project Alpha,1,13.42,0,1,1,0,1,0.36,1,0.691,34.7,MEDIUM
Finance Analyst,Engineering,Finance System,3,0.33,1,1,0,0,1,11.88,1,0.094,100.0,HIGH
System Administrator,IT,Production Database,4,23.23,1,0,0,1,0,4.21,1,0.134,72.6,HIGH
DevOps Engineer,Engineering,GitHub Project Alpha,1,8.36,0,0,1,1,1,4.59,1,0.738,30.6,MEDIUM
HR Specialist,IT,Admin Panel,4,9.65,0,1,1,1,0,0.04,1,0.914,12.0,LOW
Product Manager,IT,GitHub Project Alpha,1,10.9,0,1,1,0,0,2.57,1,0.738,21.5,LOW
HR Specialist,IT,GitHub Project Alpha,1,23.64,1,0,0,0,4,8.48,0,0.202,97.0,HIGH
Contractor,Finance,Finance System,3,11.31,0,0,1,1,0,3.94,1,0.766,27.9,LOW
Contractor,HR,Development Server,2,12.23,0,1,1,0,1,4.97,1,0.698,39.7,MEDIUM
QA Engineer,HR,Admin Panel,4,13.84,0,1,0,0,0,3.23,1,0.883,53.2,MEDIUM
DevOps Engineer,Engineering,GitHub Project Alpha,1,14.22,0,1,1,1,0,3.78,1,0.993,0.0,LOW
Software Developer,HR,GitHub Project Alpha,1,2.87,1,0,0,0,5,7.22,1,0.109,96.9,HIGH
System Administrator,IT,Project Management System,1,15.91,0,1,1,1,0,0.06,1,0.761,8.2,LOW
QA Engineer,HR,Finance System,3,22.94,1,0,0,0,5,11.58,1,0.166,100.0,HIGH
Product Manager,HR,HR Database,3,17.65,0,1,1,1,0,2.87,1,0.796,9.2,LOW
DevOps Engineer,HR,Finance System,3,18.36,0,1,1,0,0,3.43,1,0.709,32.3,MEDIUM
Software Developer,Engineering,Finance System,3,17.95,0,1,1,0,0,1.96,1,0.624,30.8,MEDIUM
QA Engineer,IT,Production Database,4,21.79,1,0,0,1,1,13.52,0,0.1,100.0,HIGH
Software Developer,Product,GitHub Project Alpha,1,10.85,0,1,0,1,0,4.14,1,0.663,29.5,LOW
Contractor,Product,Finance System,3,9.41,0,1,1,0,0,1.45,1,0.621,33.0,MEDIUM
Product Manager,Engineering,Admin Panel,4,19.33,0,1,1,0,0,1.05,1,0.685,36.5,MEDIUM
Software Developer,Engineering,Finance System,3,23.62,1,0,0,0,5,12.77,0,0.129,96.6,HIGH
System Administrator,HR,Finance System,3,12.6,0,1,1,0,0,0.58,1,0.84,32.7,MEDIUM
Software Developer,HR,GitHub Project Alpha,1,17.39,0,1,1,0,1,0.8,1,0.741,36.5,MEDIUM
HR Specialist,HR,HR Database,3,12.01,0,1,1,1,0,1.66,1,0.754,6.2,LOW
HR Specialist,HR,Development Server,2,12.25,0,1,1,0,0,1.76,1,0.94,24.9,LOW
DevOps Engineer,HR,Development Server,2,22.81,1,0,0,0,2,12.63,1,0.162,100.0,HIGH
Product Manager,Product,GitHub Project Alpha,1,11.03,0,1,0,1,0,3.2,1,0.89,23.4,LOW
HR Specialist,Engineering,Finance System,3,0.67,1,0,1,0,1,8.82,1,0.211,96.3,HIGH
QA Engineer,IT,Development Server,2,12.14,0,1,1,0,0,0.04,1,0.876,27.5,LOW
System Administrator,Engineering,Development Server,2,4.32,1,0,0,1,5,14.81,1,0.196,100.0,HIGH
Contractor,Finance,Finance System,3,14.47,0,1,1,1,0,2.64,1,0.961,10.3,LOW
Product Manager,Finance,HR Database,3,14.26,0,0,1,0,0,0.21,1,0.616,49.1,MEDIUM
Contractor,Finance,GitHub Project Alpha,1,22.62,1,0,0,0,0,9.58,0,0.585,100.0,HIGH
QA Engineer,Finance,Development Server,2,17.37,0,0,0,0,0,1.49,1,0.604,65.1,MEDIUM
System Administrator,Product,HR Database,3,13.5,0,1,1,0,0,3.84,1,0.672,33.4,MEDIUM
Contractor,Product,Development Server,2,18.78,0,1,1,0,0,4.21,1,0.92,29.2,LOW
DevOps Engineer,Engineering,Admin Panel,4,10.43,0,1,1,0,1,4.66,1,0.718,37.4,MEDIUM
Finance Analyst,Finance,GitHub Project Alpha,1,13.4,0,1,1,0,0,0.83,1,0.631,27.5,LOW
QA Engineer,HR,Production Database,4,19.93,0,1,1,0,1,1.86,1,0.942,37.1,MEDIUM
DevOps Engineer,IT,GitHub Project Alpha,1,19.85,0,1,1,0,1,2.69,1,0.767,35.0,MEDIUM
System Administrator,HR,Development Server,2,23.33,1,0,0,0,5,7.09,0,0.445,98.3,HIGH
Product Manager,Product,Development Server,2,11.93,0,1,1,0,0,3.73,1,0.749,24.9,LOW
QA Engineer,Product,Finance System,3,8.41,0,1,1,0,1,1.07,1,0.645,35.3,MEDIUM
Contractor,HR,GitHub Project Alpha,1,3.63,1,0,1,0,3,5.49,1,0.363,86.5,HIGH
Software Developer,Engineering,Admin Panel,4,17.38,0,1,1,0,0,1.84,1,0.714,31.0,MEDIUM
QA Engineer,HR,HR Database,3,17.53,0,1,1,1,0,2.34,1,0.906,7.5,LOW
System Administrator,Engineering,Project Management System,1,23.67,1,1,0,1,3,6.61,1,0.132,78.5,HIGH
Finance Analyst,Product,Project Management System,1,7.86,0,1,1,1,0,1.62,1,0.641,4.0,LOW
HR Specialist,IT,Production Database,4,4.04,1,0,0,1,4,11.37,1,0.432,97.0,HIGH
QA Engineer,Finance,Project Management System,1,17.56,0,1,1,1,0,3.32,1,0.612,9.1,LOW
QA Engineer,HR,Admin Panel,4,22.48,1,1,1,0,1,10.77,1,0.276,86.6,HIGH
Finance Analyst,Product,GitHub Project Alpha,1,16.63,0,1,1,1,0,0.61,1,0.773,7.8,LOW
Product Manager,Product,GitHub Project Alpha,1,17.07,0,1,1,1,0,2.91,1,0.855,6.7,LOW
HR Specialist,Product,HR Database,3,9.89,0,1,0,0,0,0.98,1,0.845,46.9,MEDIUM
DevOps Engineer,Finance,Project Management System,1,8.17,0,1,1,1,0,1.16,1,0.974,0.0,LOW
Contractor,HR,Admin Panel,4,11.8,0,1,1,0,0,4.99,1,0.628,31.0,MEDIUM
Contractor,HR,Project Management System,1,3.47,1,1,0,1,2,13.37,1,0.554,91.0,HIGH
HR Specialist,Finance,Admin Panel,4,15.81,0,1,1,0,0,2.05,1,0.825,31.9,MEDIUM
Contractor,Finance,Development Server,2,22.79,1,0,0,0,3,11.38,1,0.105,97.4,HIGH
DevOps Engineer,Finance,GitHub Project Alpha,1,1.37,1,0,1,0,0,14.05,0,0.405,100.0,HIGH
Software Developer,IT,HR Database,3,19.47,0,1,1,0,1,4.66,1,0.851,39.6,MEDIUM
Contractor,Product,HR Database,3,15.29,0,1,1,0,1,4.64,1,0.63,41.4,MEDIUM
Contractor,Engineering,GitHub Project Alpha,1,19.9,0,1,0,1,0,4.34,1,0.817,27.3,LOW
QA Engineer,IT,HR Database,3,4.28,1,0,0,0,0,3.46,1,0.07,89.7,HIGH
System Administrator,Product,GitHub Project Alpha,1,10.31,0,1,1,1,0,1.36,1,0.714,8.6,LOW
HR Specialist,IT,Development Server,2,2.17,1,0,0,0,2,14.04,1,0.274,100.0,HIGH
System Administrator,Product,HR Database,3,19.03,0,1,0,0,0,4.29,1,0.707,48.0,MEDIUM
System Administrator,HR,Production Database,4,10.45,0,1,1,0,0,2.5,1,0.87,30.6,MEDIUM
Product Manager,HR,Finance System,3,15.92,0,0,0,0,0,1.47,1,0.647,74.1,HIGH
System Administrator,Finance,Finance System,3,0.39,1,0,0,1,5,14.69,1,0.069,100.0,HIGH
DevOps Engineer,HR,GitHub Project Alpha,1,13.65,0,1,1,0,0,4.35,1,0.815,25.2,LOW
Contractor,Product,GitHub Project Alpha,1,17.44,0,1,1,1,1,0.93,1,0.74,14.1,LOW
Finance Analyst,Engineering,HR Database,3,16.07,0,1,1,0,0,4.64,1,0.808,33.4,MEDIUM
Software Developer,Finance,Admin Panel,4,19.18,0,1,1,0,0,2.23,1,0.637,30.7,MEDIUM
QA Engineer,Finance,HR Database,3,5.88,1,0,0,0,0,10.16,1,0.316,100.0,HIGH
DevOps Engineer,HR,Project Management System,1,14.65,0,1,1,1,0,2.65,1,0.974,2.4,LOW
QA Engineer,Finance,Production Database,4,13.75,0,1,1,0,1,0.31,1,0.974,35.3,MEDIUM
Finance Analyst,Engineering,HR Database,3,23.18,1,0,0,0,0,5.18,1,0.542,86.1,HIGH
Software Developer,Finance,Admin Panel,4,4.73,1,0,0,0,4,8.43,1,0.162,96.6,HIGH
Product Manager,Product,Admin Panel,4,9.43,0,0,1,0,0,2.95,0,0.798,63.3,MEDIUM
System Administrator,Engineering,GitHub Project Alpha,1,11.24,0,1,1,1,0,1.94,1,0.635,6.2,LOW
Contractor,HR,HR Database,3,11.17,0,1,1,1,0,1.34,1,0.957,8.6,LOW
DevOps Engineer,HR,Finance System,3,17.47,0,1,1,0,0,2.8,1,0.868,32.3,MEDIUM
Product Manager,Engineering,Admin Panel,4,16.27,0,1,1,0,0,1.49,1,0.967,31.3,MEDIUM
Software Developer,Engineering,Development Server,2,11.92,0,1,1,1,0,2.83,1,0.887,9.6,LOW
Contractor,Product,Production Database,4,13.4,0,1,1,0,0,2.93,1,0.992,28.3,LOW
System Administrator,Finance,Development Server,2,16.81,0,1,1,0,0,4.69,1,0.959,23.9,LOW
HR Specialist,Engineering,Production Database,4,8.11,0,0,1,1,0,4.77,1,0.915,31.2,MEDIUM
DevOps Engineer,Product,GitHub Project Alpha,1,15.73,0,1,1,1,0,3.65,1,0.832,7.6,LOW
QA Engineer,Engineering,Finance System,3,23.73,1,0,1,0,2,6.89,1,0.351,98.0,HIGH
HR Specialist,IT,Admin Panel,4,21.85,1,0,1,1,3,3.22,1,0.188,74.5,HIGH
Contractor,HR,Project Management System,1,19.21,0,1,1,1,0,2.67,1,0.897,2.9,LOW
System Administrator,Product,Admin Panel,4,23.66,1,0,0,0,3,4.39,0,0.277,100.0,HIGH
Contractor,IT,Project Management System,1,16.45,0,1,1,1,0,1.67,1,0.704,1.7,LOW
Product Manager,HR,GitHub Project Alpha,1,17.28,0,1,1,0,0,2.18,1,0.793,27.0,LOW
Finance Analyst,Product,HR Database,3,22.93,1,0,0,0,0,11.67,1,0.408,99.0,HIGH
Finance Analyst,IT,Production Database,4,1.34,1,0,0,1,1,4.45,1,0.327,83.0,HIGH
Product Manager,Finance,Finance System,3,17.65,0,1,1,1,1,0.52,1,0.648,19.5,LOW
Software Developer,Finance,Admin Panel,4,19.12,0,1,1,0,0,2.21,1,0.788,34.8,MEDIUM
Contractor,Engineering,Project Management System,1,1.54,1,0,0,1,4,6.97,1,0.503,100.0,HIGH
Product Manager,Engineering,Admin Panel,4,9.71,0,1,1,0,0,2.21,1,0.84,29.5,LOW
QA Engineer,HR,Production Database,4,11.73,0,1,1,0,0,2.07,1,0.918,32.4,MEDIUM
Product Manager,Finance,Admin Panel,4,13.28,0,1,1,0,0,1.63,1,0.825,31.3,MEDIUM
Contractor,HR,Development Server,2,11.66,0,1,1,0,0,2.81,1,0.674,30.4,MEDIUM
Product Manager,Product,HR Database,3,2.7,1,0,0,0,1,13.88,1,0.568,97.1,HIGH
Product Manager,HR,Project Management System,1,8.75,0,1,1,1,0,0.77,1,0.897,5.9,LOW
DevOps Engineer,Engineering,Production Database,4,15.46,0,1,1,1,1,1.69,1,0.7,19.0,LOW
Product Manager,Engineering,Admin Panel,4,17.27,0,1,1,0,0,2.99,1,0.925,32.3,MEDIUM
Finance Analyst,Finance,Finance System,3,21.11,1,0,0,1,3,8.05,1,0.539,100.0,HIGH
DevOps Engineer,IT,GitHub Project Alpha,1,8.14,0,1,1,0,0,2.41,1,0.71,27.2,LOW
Contractor,IT,Finance System,3,12.1,0,1,1,0,0,2.58,1,0.742,27.6,LOW
DevOps Engineer,Finance,GitHub Project Alpha,1,14.78,0,1,1,0,1,0.41,1,0.907,32.9,MEDIUM
Contractor,HR,Project Management System,1,1.31,1,0,0,1,0,3.06,1,0.271,62.4,MEDIUM
System Administrator,Finance,Development Server,2,16.11,0,1,1,0,0,4.28,1,0.88,23.3,LOW
QA Engineer,IT,Admin Panel,4,19.62,0,1,1,1,0,3.44,0,0.766,30.1,MEDIUM
Software Developer,Engineering,Development Server,2,23.61,1,1,0,1,0,4.62,1,0.398,42.6,MEDIUM
System Administrator,HR,Development Server,2,17.11,0,1,1,0,0,2.54,1,0.755,30.4,MEDIUM
Software Developer,Engineering,Production Database,4,12.1,0,0,0,1,0,0.13,1,0.783,52.8,MEDIUM
Product Manager,IT,GitHub Project Alpha,1,9.62,0,1,1,0,1,1.28,1,0.842,33.2,MEDIUM
System Administrator,Engineering,GitHub Project Alpha,1,14.22,0,1,1,1,1,2.09,1,0.969,7.9,LOW
Software Developer,Product,HR Database,3,1.1,1,1,0,0,4,14.39,1,0.276,100.0,HIGH
Software Developer,Engineering,Production Database,4,16.28,0,1,1,1,0,1.24,1,0.74,12.8,LOW
QA Engineer,HR,HR Database,3,2.05,1,0,0,1,5,4.57,0,0.473,100.0,HIGH
Software Developer,Finance,Production Database,4,8.49,0,1,1,0,0,1.24,1,0.645,35.0,MEDIUM
Finance Analyst,Product,Admin Panel,4,15.72,0,1,1,0,0,3.69,1,0.727,29.8,LOW
Software Developer,Product,Admin Panel,4,22.59,1,1,0,0,5,8.15,1,0.056,100.0,HIGH
HR Specialist,IT,GitHub Project Alpha,1,21.1,1,0,1,0,0,7.37,1,0.482,75.5,HIGH
DevOps Engineer,Product,GitHub Project Alpha,1,7.32,0,1,1,1,0,3.63,1,0.935,5.8,LOW
DevOps Engineer,Product,HR Database,3,5.02,1,1,0,0,3,14.74,1,0.519,100.0,HIGH
DevOps Engineer,Product,Admin Panel,4,13.95,0,1,1,0,0,3.1,1,0.877,27.7,LOW
HR Specialist,Product,Production Database,4,15.52,0,0,1,0,0,3.5,1,0.607,54.4,MEDIUM
Contractor,HR,Project Management System,1,23.9,1,1,0,1,3,9.09,1,0.203,86.8,HIGH
System Administrator,IT,HR Database,3,9.29,0,1,1,0,1,2.58,1,0.917,32.5,MEDIUM
Contractor,Product,Production Database,4,2.42,1,0,0,0,0,8.32,1,0.367,99.6,HIGH
Software Developer,Engineering,Development Server,2,8.33,0,1,1,1,0,4.92,1,0.75,9.8,LOW
Finance Analyst,Product,Admin Panel,4,14.36,0,0,1,0,1,0.69,1,0.604,63.6,MEDIUM
DevOps Engineer,HR,Project Management System,1,14.17,0,1,1,1,0,1.17,1,0.7,9.1,LOW
Contractor,HR,Production Database,4,22.07,1,1,1,0,1,9.19,1,0.185,84.0,HIGH
Software Developer,Engineering,Finance System,3,17.33,0,1,1,0,0,2.54,1,0.812,32.9,MEDIUM
Contractor,HR,HR Database,3,7.08,0,1,1,1,0,3.88,1,0.874,5.1,LOW
QA Engineer,Engineering,Production Database,4,4.18,1,0,1,1,2,10.03,1,0.198,97.9,HIGH
System Administrator,HR,GitHub Project Alpha,1,22.17,1,0,0,0,2,4.68,1,0.001,100.0,HIGH
System Administrator,Finance,Finance System,3,22.41,1,0,0,1,5,11.8,1,0.491,97.6,HIGH
Product Manager,Product,Admin Panel,4,5.12,1,0,1,0,0,12.75,1,0.103,96.4,HIGH
QA Engineer,Engineering,Project Management System,1,23.2,1,0,0,1,5,7.52,1,0.302,100.0,HIGH
HR Specialist,Product,Development Server,2,0.3,1,1,0,0,3,11.24,1,0.002,96.5,HIGH
DevOps Engineer,HR,Finance System,3,18.32,0,0,1,0,1,0.72,1,0.856,60.2,MEDIUM
QA Engineer,HR,GitHub Project Alpha,1,23.27,1,0,0,0,4,7.4,1,0.405,100.0,HIGH
Software Developer,Product,Development Server,2,3.34,1,0,0,0,5,5.22,1,0.198,98.7,HIGH
Finance Analyst,IT,Finance System,3,10.55,0,1,1,0,0,3.05,1,0.616,33.0,MEDIUM
System Administrator,HR,GitHub Project Alpha,1,10.41,0,1,1,0,1,0.85,1,0.672,30.0,LOW
Product Manager,HR,GitHub Project Alpha,1,19.52,0,1,1,0,0,0.16,1,0.736,27.2,LOW
Contractor,Product,GitHub Project Alpha,1,14.62,0,1,1,1,0,3.06,1,0.995,0.3,LOW
HR Specialist,IT,Project Management System,1,22.33,1,1,0,1,0,4.72,1,0.319,46.5,MEDIUM
Product Manager,HR,Project Management System,1,17.41,0,1,1,1,0,3.41,1,0.603,9.8,LOW
Software Developer,Engineering,Production Database,4,0.73,1,0,0,1,5,10.44,1,0.136,100.0,HIGH
Software Developer,Engineering,Project Management System,1,15.97,0,1,1,1,0,3.79,1,0.779,6.0,LOW
QA Engineer,Product,Production Database,4,17.32,0,1,0,0,1,2.64,1,0.927,60.5,MEDIUM
Finance Analyst,Engineering,Project Management System,1,12.0,0,1,1,1,0,2.0,1,0.848,7.1,LOW
QA Engineer,Engineering,Production Database,4,8.27,0,1,1,1,0,3.34,1,0.803,11.2,LOW
System Administrator,Finance,Admin Panel,4,13.88,0,1,1,0,1,0.57,1,0.963,35.1,MEDIUM
QA Engineer,Finance,Project Management System,1,22.82,1,0,0,1,0,14.55,1,0.122,97.6,HIGH
QA Engineer,Engineering,Project Management System,1,21.04,1,0,0,1,1,5.09,0,0.271,87.5,HIGH
Product Manager,Product,Admin Panel,4,16.46,0,0,1,0,1,1.15,1,0.662,59.7,MEDIUM
HR Specialist,IT,Project Management System,1,19.01,0,1,1,1,0,4.99,1,0.654,5.1,LOW
DevOps Engineer,Product,GitHub Project Alpha,1,13.78,0,1,1,1,0,4.13,1,0.748,7.9,LOW
System Administrator,Product,Production Database,4,2.7,1,1,0,0,5,4.9,0,0.03,97.6,HIGH
Software Developer,Engineering,GitHub Project Alpha,1,11.84,0,1,1,1,0,2.29,1,0.813,1.2,LOW
System Administrator,Finance,GitHub Project Alpha,1,15.34,0,0,1,0,0,0.86,0,0.601,63.9,MEDIUM
DevOps Engineer,Engineering,Admin Panel,4,12.4,0,1,1,0,0,2.25,1,0.77,29.1,LOW
Contractor,Finance,Project Management System,1,0.8,1,0,1,1,2,9.68,1,0.464,79.2,HIGH
QA Engineer,Engineering,Project Management System,1,18.04,0,1,1,1,0,0.82,1,0.688,4.4,LOW
System Administrator,Finance,Admin Panel,4,22.62,1,0,0,0,0,7.05,1,0.298,96.8,HIGH
QA Engineer,HR,HR Database,3,7.26,0,1,1,1,0,3.61,1,0.958,4.8,LOW
DevOps Engineer,IT,Finance System,3,7.63,0,1,1,0,0,3.1,1,0.912,24.8,LOW
Software Developer,Product,Project Management System,1,9.5,0,1,1,1,0,2.42,1,0.712,2.4,LOW
DevOps Engineer,Finance,Finance System,3,11.32,0,1,1,1,0,3.39,1,0.611,8.5,LOW
Software Developer,IT,HR Database,3,23.64,1,0,0,0,4,9.35,1,0.096,99.5,HIGH
QA Engineer,Engineering,HR Database,3,16.44,0,1,1,0,0,0.7,1,0.619,27.8,LOW
System Administrator,HR,GitHub Project Alpha,1,3.89,1,0,0,0,2,10.04,1,0.389,99.7,HIGH
HR Specialist,Engineering,Admin Panel,4,7.77,0,1,1,0,0,0.29,1,0.831,31.0,MEDIUM
QA Engineer,Product,Admin Panel,4,21.17,1,1,0,0,0,14.1,1,0.044,100.0,HIGH
Finance Analyst,IT,Project Management System,1,21.37,1,0,0,1,4,7.75,1,0.101,100.0,HIGH
DevOps Engineer,HR,Development Server,2,12.14,0,1,1,0,0,0.54,1,0.673,27.3,LOW
QA Engineer,Finance,HR Database,3,21.55,1,0,1,0,3,7.41,1,0.548,100.0,HIGH
System Administrator,IT,Development Server,2,1.77,1,0,0,0,0,13.08,1,0.34,100.0,HIGH
Product Manager,Engineering,Development Server,2,13.66,0,1,1,1,0,0.91,1,0.921,3.0,LOW
Product Manager,IT,Production Database,4,7.45,0,1,1,1,1,3.18,1,0.847,20.3,LOW
HR Specialist,Finance,GitHub Project Alpha,1,18.42,0,1,1,0,0,1.1,1,0.674,26.8,LOW
Product Manager,HR,HR Database,3,23.8,1,0,0,1,1,9.63,0,0.252,96.4,HIGH
QA Engineer,Product,Admin Panel,4,21.49,1,0,0,0,3,8.42,1,0.328,100.0,HIGH
System Administrator,Engineering,GitHub Project Alpha,1,7.78,0,1,1,1,0,1.19,1,0.875,3.9,LOW
Contractor,Engineering,Finance System,3,3.91,1,0,0,0,1,5.39,1,0.438,98.9,HIGH
System Administrator,Product,HR Database,3,7.19,0,1,1,0,0,4.31,1,0.68,28.4,LOW
Contractor,IT,Project Management System,1,23.47,1,1,0,1,0,10.28,1,0.599,69.5,MEDIUM
DevOps Engineer,HR,Production Database,4,18.18,0,0,0,0,0,2.7,1,0.648,73.3,HIGH
Contractor,HR,Project Management System,1,23.63,1,0,1,1,0,5.19,1,0.27,44.5,MEDIUM
Software Developer,IT,Admin Panel,4,11.98,0,0,1,1,0,1.96,1,0.684,30.2,MEDIUM
Contractor,Finance,Admin Panel,4,18.53,0,1,1,0,0,1.13,1,0.97,30.5,MEDIUM
HR Specialist,HR,Project Management System,1,9.82,0,1,1,1,0,1.56,1,0.684,7.1,LOW
QA Engineer,HR,Project Management System,1,23.79,1,0,0,1,0,10.24,1,0.533,88.0,HIGH
Finance Analyst,HR,Production Database,4,9.88,0,1,1,0,1,0.09,1,0.914,38.4,MEDIUM
Contractor,Engineering,Production Database,4,11.33,0,1,1,1,1,1.45,1,0.673,18.0,LOW
Product Manager,Finance,HR Database,3,3.17,1,1,0,0,2,14.75,1,0.274,100.0,HIGH
Contractor,HR,Finance System,3,3.54,1,0,1,0,1,9.78,1,0.097,97.4,HIGH
System Administrator,Finance,Admin Panel,4,10.46,0,1,1,0,0,3.76,1,0.731,33.0,MEDIUM
Contractor,Engineering,Finance System,3,16.68,0,1,1,0,0,3.71,0,0.927,40.4,MEDIUM
Software Developer,Engineering,Production Database,4,15.01,0,0,1,1,0,0.18,1,0.857,31.1,MEDIUM
QA Engineer,Product,Admin Panel,4,17.5,0,1,1,0,0,3.94,1,0.68,36.8,MEDIUM
QA Engineer,HR,Project Management System,1,9.94,0,1,1,1,0,0.58,1,0.623,4.7,LOW
System Administrator,Finance,HR Database,3,9.59,0,1,1,0,0,1.25,1,0.975,26.0,LOW
DevOps Engineer,Engineering,Project Management System,1,18.59,0,1,1,1,1,2.7,1,0.991,11.2,LOW
Product Manager,IT,Production Database,4,22.52,1,0,0,1,0,13.21,1,0.526,100.0,HIGH
Software Developer,Finance,Project Management System,1,8.1,0,0,1,1,0,4.1,1,0.876,20.4,LOW
Finance Analyst,Engineering,Finance System,3,14.94,0,1,1,0,1,3.1,1,0.797,37.9,MEDIUM
Finance Analyst,IT,GitHub Project Alpha,1,14.84,0,1,1,0,1,4.48,1,0.949,28.4,LOW
Software Developer,Engineering,Development Server,2,10.38,0,1,1,1,0,2.88,1,0.786,6.8,LOW
Product Manager,Product,Admin Panel,4,17.22,0,1,1,0,0,2.61,1,0.679,33.6,MEDIUM
Finance Analyst,IT,GitHub Project Alpha,1,14.84,0,1,1,0,1,3.32,1,0.749,35.0,MEDIUM
Finance Analyst,Finance,GitHub Project Alpha,1,19.43,0,1,1,0,0,1.99,1,0.679,21.8,LOW
Software Developer,Engineering,HR Database,3,3.14,1,0,1,0,0,11.71,1,0.389,100.0,HIGH
QA Engineer,Product,Finance System,3,23.53,1,1,1,0,5,5.31,1,0.564,92.2,HIGH
Product Manager,Product,Finance System,3,9.71,0,1,0,0,0,3.6,1,0.906,46.9,MEDIUM
Product Manager,Finance,GitHub Project Alpha,1,23.08,1,0,0,0,0,13.5,1,0.178,97.6,HIGH
System Administrator,HR,Production Database,4,10.5,0,1,1,0,0,3.98,1,0.737,36.1,MEDIUM
Product Manager,Engineering,Development Server,2,10.58,0,1,1,1,0,0.68,1,0.708,8.0,LOW
DevOps Engineer,HR,Project Management System,1,18.26,0,0,1,1,0,1.84,1,0.98,25.5,LOW
HR Specialist,Finance,Production Database,4,23.26,1,0,0,0,2,13.65,1,0.128,100.0,HIGH
Product Manager,IT,GitHub Project Alpha,1,15.53,0,1,1,0,0,3.29,1,0.655,26.6,LOW
Finance Analyst,IT,GitHub Project Alpha,1,14.58,0,1,1,0,0,3.5,1,0.726,26.1,LOW
Contractor,Product,Production Database,4,18.69,0,1,1,0,0,1.55,1,0.671,33.1,MEDIUM
Product Manager,Finance,Finance System,3,15.52,0,1,1,1,0,1.86,1,0.738,12.0,LOW
Product Manager,Finance,HR Database,3,0.1,1,0,0,0,3,4.12,1,0.306,98.8,HIGH
DevOps Engineer,Product,HR Database,3,11.73,0,1,1,0,1,3.58,1,0.683,35.0,MEDIUM
QA Engineer,Product,Finance System,3,21.91,1,1,1,0,2,9.73,1,0.041,90.6,HIGH
HR Specialist,HR,Finance System,3,11.69,0,0,1,0,0,2.94,1,0.9,44.6,MEDIUM
Contractor,Finance,Finance System,3,9.29,0,1,1,1,0,1.69,1,0.823,7.3,LOW
Contractor,Product,GitHub Project Alpha,1,21.01,1,0,0,1,5,8.11,1,0.352,100.0,HIGH
HR Specialist,Product,Development Server,2,13.54,0,1,1,0,0,0.47,1,0.883,28.6,LOW
QA Engineer,Finance,Project Management System,1,7.49,0,0,0,1,0,1.05,1,0.97,44.8,MEDIUM
Product Manager,Product,Admin Panel,4,12.76,0,1,1,0,0,2.31,1,0.774,28.7,LOW
Product Manager,IT,Project Management System,1,19.79,0,1,1,1,0,1.95,1,0.733,7.4,LOW
DevOps Engineer,Engineering,Finance System,3,3.7,1,0,0,0,0,5.51,1,0.229,95.5,HIGH
QA Engineer,IT,Development Server,2,15.97,0,1,1,0,1,0.93,1,0.778,39.1,MEDIUM
System Administrator,IT,Finance System,3,16.85,0,1,1,0,0,1.14,1,0.663,32.8,MEDIUM
Product Manager,Finance,GitHub Project Alpha,1,22.96,1,0,0,0,0,14.16,1,0.521,100.0,HIGH
QA Engineer,Product,Finance System,3,10.91,0,1,1,0,0,4.32,1,0.898,28.6,LOW
HR Specialist,Finance,Finance System,3,19.58,0,1,1,1,0,1.37,1,0.611,10.6,LOW
Software Developer,Finance,Development Server,2,18.0,0,1,1,0,0,0.55,1,0.676,26.0,LOW
Software Developer,IT,Admin Panel,4,22.57,1,1,1,1,5,6.2,0,0.468,88.8,HIGH
Contractor,Engineering,Project Management System,1,8.82,0,1,1,1,1,2.55,1,0.977,9.8,LOW
Software Developer,Finance,Admin Panel,4,5.44,1,0,1,0,5,4.47,0,0.466,97.7,HIGH
Product Manager,Product,Production Database,4,22.38,1,0,0,0,2,10.29,1,0.357,99.8,HIGH
QA Engineer,Engineering,Admin Panel,4,11.0,0,1,1,0,0,0.8,1,0.882,29.3,LOW
System Administrator,HR,Finance System,3,2.64,1,0,0,0,0,11.54,1,0.346,100.0,HIGH
System Administrator,IT,HR Database,3,7.11,0,1,1,0,0,3.62,1,0.727,27.7,LOW
Product Manager,IT,GitHub Project Alpha,1,18.62,0,1,0,0,0,1.02,1,0.752,48.0,MEDIUM
Software Developer,IT,Admin Panel,4,23.53,1,1,0,1,5,8.48,1,0.568,100.0,HIGH
System Administrator,IT,HR Database,3,13.7,0,1,1,0,0,0.86,1,0.62,32.2,MEDIUM
Software Developer,Finance,Production Database,4,16.24,0,0,1,0,0,1.62,1,0.817,55.0,MEDIUM
Finance Analyst,Product,Production Database,4,9.34,0,1,1,0,0,1.05,1,0.78,35.2,MEDIUM
Contractor,Engineering,Production Database,4,17.71,0,1,1,1,0,1.84,1,0.713,12.0,LOW
QA Engineer,Product,Admin Panel,4,2.78,1,1,0,0,5,6.91,1,0.331,99.4,HIGH
DevOps Engineer,Finance,Admin Panel,4,0.07,1,0,1,0,3,6.04,1,0.519,97.6,HIGH
DevOps Engineer,Finance,Admin Panel,4,19.28,0,1,1,0,0,1.01,1,0.901,31.8,MEDIUM
DevOps Engineer,Product,Project Management System,1,7.31,0,1,1,1,0,0.7,1,0.943,0.3,LOW
Software Developer,Product,GitHub Project Alpha,1,14.78,0,1,1,1,0,4.93,1,0.885,5.7,LOW
System Administrator,Product,Admin Panel,4,1.17,1,1,0,0,2,6.62,1,0.024,99.5,HIGH
QA Engineer,IT,HR Database,3,8.74,0,1,1,0,0,2.03,1,0.814,29.6,LOW
QA Engineer,Engineering,Development Server,2,13.43,0,1,1,1,0,2.85,1,0.673,5.5,LOW
DevOps Engineer,Product,Production Database,4,8.58,0,1,1,0,0,3.59,1,0.914,27.8,LOW
Software Developer,Engineering,Admin Panel,4,13.11,0,1,1,0,1,4.16,1,0.865,39.5,MEDIUM
Finance Analyst,HR,Finance System,3,22.5,1,0,1,0,1,5.82,1,0.217,79.6,HIGH
QA Engineer,Engineering,Finance System,3,12.33,0,1,1,0,0,4.11,1,0.955,25.1,LOW
QA Engineer,Engineering,Finance System,3,22.31,1,0,0,0,5,12.64,1,0.127,97.8,HIGH
Contractor,Product,HR Database,3,8.59,0,1,1,0,0,4.17,1,0.909,25.6,LOW
Product Manager,Finance,HR Database,3,8.95,0,1,1,0,0,2.61,1,0.991,29.6,LOW
Contractor,Finance,Finance System,3,2.23,1,0,0,1,1,12.35,1,0.424,100.0,HIGH
Contractor,IT,HR Database,3,4.88,1,0,0,0,0,11.06,1,0.429,99.9,HIGH
HR Specialist,Finance,GitHub Project Alpha,1,12.4,0,1,1,0,0,1.56,1,0.884,26.8,LOW
QA Engineer,HR,Production Database,4,3.04,1,0,0,0,3,3.32,1,0.547,99.7,HIGH
HR Specialist,IT,Admin Panel,4,15.3,0,1,1,1,0,1.71,1,0.677,9.4,LOW
System Administrator,Engineering,GitHub Project Alpha,1,3.58,1,0,0,1,1,14.01,1,0.486,96.4,HIGH
Product Manager,Finance,Project Management System,1,9.26,0,0,1,1,0,3.54,1,0.71,27.9,LOW
Product Manager,IT,Project Management System,1,14.4,0,1,1,1,1,2.0,1,0.611,10.4,LOW
Product Manager,Finance,Development Server,2,11.15,0,1,1,0,0,1.78,1,0.757,23.6,LOW
System Administrator,HR,Project Management System,1,12.02,0,1,1,1,1,1.46,1,0.677,17.4,LOW
Finance Analyst,HR,Project Management System,1,13.3,0,1,1,1,1,4.87,1,0.934,14.2,LOW
HR Specialist,HR,Finance System,3,16.74,0,1,1,0,0,3.69,1,0.805,29.4,LOW
Software Developer,Finance,HR Database,3,9.96,0,1,1,0,0,2.92,1,0.738,26.5,LOW
DevOps Engineer,Engineering,Finance System,3,9.08,0,0,1,0,0,0.07,1,0.828,47.7,MEDIUM
HR Specialist,IT,Production Database,4,13.62,0,1,1,1,1,0.43,1,0.926,18.8,LOW
Contractor,IT,Project Management System,1,0.67,1,0,0,1,1,9.34,1,0.541,93.6,HIGH
Contractor,Engineering,Development Server,2,16.99,0,1,1,1,0,3.38,1,0.739,7.0,LOW
Product Manager,Engineering,GitHub Project Alpha,1,18.77,0,1,1,1,0,2.76,1,0.769,2.5,LOW
HR Specialist,IT,Finance System,3,10.37,0,1,0,0,0,2.02,1,0.995,51.1,MEDIUM
Product Manager,Finance,Production Database,4,18.34,0,1,1,0,0,0.98,1,0.969,30.6,MEDIUM
Product Manager,IT,Finance System,3,15.78,0,1,0,0,0,2.0,1,0.807,53.3,MEDIUM
Software Developer,Product,Project Management System,1,13.29,0,1,1,1,0,1.14,1,0.957,5.7,LOW
Product Manager,Product,Production Database,4,7.38,0,1,0,0,0,0.7,1,0.802,49.4,MEDIUM
HR Specialist,Engineering,HR Database,3,4.59,1,0,0,0,2,9.5,1,0.314,100.0,HIGH
Finance Analyst,IT,GitHub Project Alpha,1,18.34,0,1,1,0,0,2.23,1,0.885,22.4,LOW
QA Engineer,Product,Finance System,3,11.57,0,1,1,0,0,3.35,1,0.799,29.1,LOW
Contractor,Finance,Admin Panel,4,10.29,0,0,1,0,0,1.94,1,0.982,49.9,MEDIUM
System Administrator,IT,Finance System,3,23.09,1,1,0,0,2,14.83,1,0.156,100.0,HIGH
DevOps Engineer,Finance,Development Server,2,9.52,0,1,1,0,0,2.89,0,0.718,44.4,MEDIUM
Finance Analyst,Engineering,Admin Panel,4,14.79,0,1,1,0,1,4.06,1,0.647,45.2,MEDIUM
System Administrator,HR,Finance System,3,18.17,0,0,1,0,0,3.96,1,0.898,50.9,MEDIUM
Finance Analyst,IT,Finance System,3,23.72,1,0,0,0,4,5.38,1,0.475,100.0,HIGH
Finance Analyst,IT,Development Server,2,18.41,0,1,1,0,0,0.7,1,0.634,26.1,LOW
System Administrator,IT,Development Server,2,19.12,0,1,0,0,0,4.95,1,0.653,50.8,MEDIUM
DevOps Engineer,Engineering,Production Database,4,12.19,0,1,1,1,1,3.09,1,0.858,22.7,LOW
Software Developer,HR,Finance System,3,3.97,1,0,0,0,1,5.56,0,0.448,100.0,HIGH
Software Developer,IT,Project Management System,1,2.84,1,0,1,1,1,6.41,1,0.287,62.3,MEDIUM
Software Developer,Product,Development Server,2,10.77,0,0,1,0,0,4.91,1,0.937,47.5,MEDIUM
Finance Analyst,Product,Admin Panel,4,17.81,0,0,1,0,1,1.71,1,0.666,62.6,MEDIUM
QA Engineer,IT,Finance System,3,21.89,1,0,0,0,5,6.32,1,0.29,100.0,HIGH
DevOps Engineer,Finance,Development Server,2,19.87,0,1,1,0,0,2.47,1,0.669,24.4,LOW
HR Specialist,Engineering,Project Management System,1,18.26,0,1,1,1,0,4.95,1,0.676,3.3,LOW
Contractor,Product,Development Server,2,16.29,0,1,1,0,0,1.9,1,0.737,26.6,LOW
Contractor,IT,GitHub Project Alpha,1,19.06,0,1,1,0,0,1.6,1,0.795,25.7,LOW
Contractor,HR,Admin Panel,4,21.57,1,0,0,0,3,13.71,1,0.517,100.0,HIGH
QA Engineer,HR,HR Database,3,14.74,0,1,1,1,0,4.87,1,0.88,11.9,LOW
QA Engineer,Engineering,HR Database,3,10.4,0,1,1,0,0,3.44,1,0.972,24.6,LOW
DevOps Engineer,Product,Admin Panel,4,16.78,0,1,1,0,0,3.65,1,0.869,32.6,MEDIUM
DevOps Engineer,Product,GitHub Project Alpha,1,1.56,1,0,0,1,2,3.24,0,0.353,92.1,HIGH
Finance Analyst,Product,Production Database,4,11.17,0,1,1,0,0,4.69,1,0.608,31.6,MEDIUM
HR Specialist,Finance,Production Database,4,16.88,0,1,1,0,0,3.33,1,0.672,33.2,MEDIUM
Finance Analyst,Engineering,Project Management System,1,19.82,0,1,1,1,0,2.28,1,0.627,2.5,LOW
System Administrator,Product,Finance System,3,9.01,0,1,1,0,0,3.46,1,0.995,25.4,LOW
QA Engineer,Product,Finance System,3,22.16,1,1,1,0,0,7.41,1,0.143,66.0,MEDIUM
Product Manager,HR,GitHub Project Alpha,1,9.96,0,1,1,0,0,3.26,1,0.868,23.8,LOW
Contractor,Finance,Development Server,2,15.0,0,1,1,0,1,2.02,1,0.694,36.0,MEDIUM
System Administrator,Engineering,Development Server,2,8.9,0,1,1,1,0,4.6,1,0.911,6.5,LOW
HR Specialist,Product,GitHub Project Alpha,1,13.07,0,1,1,1,1,2.66,1,0.937,9.2,LOW
HR Specialist,HR,Production Database,4,21.18,1,0,0,0,5,5.4,1,0.335,96.7,HIGH
HR Specialist,Product,Finance System,3,4.81,1,0,0,0,3,5.11,1,0.308,100.0,HIGH
QA Engineer,Product,Admin Panel,4,15.81,0,1,1,0,0,4.93,1,0.639,31.5,MEDIUM
Contractor,HR,Development Server,2,1.16,1,0,0,0,5,6.22,0,0.347,100.0,HIGH
Software Developer,Finance,Production Database,4,21.69,1,0,0,0,3,3.11,0,0.04,100.0,HIGH
System Administrator,Engineering,GitHub Project Alpha,1,19.48,0,0,1,1,0,1.62,1,0.677,25.6,LOW
DevOps Engineer,Product,Finance System,3,22.43,1,0,1,0,4,3.41,1,0.248,99.5,HIGH
Software Developer,HR,Development Server,2,18.14,0,1,1,0,0,1.09,1,0.605,32.4,MEDIUM
Product Manager,Finance,Development Server,2,21.54,1,0,0,0,3,13.81,1,0.597,99.3,HIGH
QA Engineer,HR,Finance System,3,21.92,1,0,1,0,4,7.84,1,0.394,96.5,HIGH
DevOps Engineer,HR,Admin Panel,4,23.21,1,0,0,0,2,5.84,1,0.013,100.0,HIGH
System Administrator,Finance,Project Management System,1,4.34,1,0,0,1,3,14.73,1,0.338,100.0,HIGH
System Administrator,HR,GitHub Project Alpha,1,1.25,1,0,0,0,1,7.33,0,0.398,100.0,HIGH
System Administrator,Product,Project Management System,1,22.72,1,0,1,1,0,13.38,1,0.204,79.4,HIGH
DevOps Engineer,IT,Finance System,3,18.66,0,1,1,0,0,1.24,1,0.882,30.9,MEDIUM
System Administrator,Product,Finance System,3,12.05,0,0,1,0,0,3.49,1,0.694,49.7,MEDIUM
Finance Analyst,HR,Production Database,4,12.72,0,1,1,0,1,3.14,1,0.92,37.4,MEDIUM
QA Engineer,HR,GitHub Project Alpha,1,13.62,0,1,1,0,0,0.1,1,0.733,21.5,LOW
HR Specialist,Finance,Development Server,2,3.25,1,1,0,0,3,7.87,0,0.36,99.4,HIGH
HR Specialist,IT,Production Database,4,19.95,0,1,1,1,0,3.81,1,0.61,17.6,LOW
QA Engineer,IT,Admin Panel,4,15.49,0,1,1,1,0,0.13,1,0.653,15.3,LOW
HR Specialist,IT,Admin Panel,4,4.4,1,1,1,1,4,7.14,1,0.486,70.6,HIGH
Contractor,Product,HR Database,3,15.29,0,1,1,0,0,4.89,1,0.614,33.8,MEDIUM
QA Engineer,Product,GitHub Project Alpha,1,13.37,0,1,1,1,0,0.84,1,0.77,8.6,LOW
Product Manager,Finance,Finance System,3,9.72,0,1,1,1,1,4.69,1,0.782,19.5,LOW
DevOps Engineer,Product,GitHub Project Alpha,1,2.66,1,1,0,1,0,5.34,1,0.061,46.6,MEDIUM
Product Manager,Finance,Development Server,2,21.12,1,0,0,0,0,3.34,1,0.014,87.7,HIGH
Contractor,Product,GitHub Project Alpha,1,17.41,0,1,1,1,0,1.23,1,0.799,1.0,LOW
HR Specialist,Engineering,Development Server,2,23.19,1,0,0,1,5,13.85,1,0.144,98.4,HIGH
DevOps Engineer,HR,Development Server,2,4.75,1,0,1,0,3,13.52,0,0.426,97.8,HIGH
Software Developer,IT,GitHub Project Alpha,1,16.06,0,1,1,0,0,0.22,1,0.812,27.9,LOW
DevOps Engineer,Engineering,Admin Panel,4,17.82,0,1,1,0,1,3.39,1,0.823,39.5,MEDIUM
HR Specialist,Engineering,HR Database,3,23.64,1,0,1,0,3,3.66,0,0.251,100.0,HIGH
System Administrator,IT,Project Management System,1,12.93,0,1,1,1,0,0.51,1,0.666,4.5,LOW
Product Manager,HR,Finance System,3,23.96,1,0,0,0,3,9.55,1,0.343,99.1,HIGH
HR Specialist,Product,Development Server,2,3.14,1,1,0,0,2,12.25,1,0.49,100.0,HIGH
DevOps Engineer,HR,GitHub Project Alpha,1,8.87,0,1,1,0,0,0.73,1,0.695,21.7,LOW
QA Engineer,Product,Project Management System,1,21.31,1,0,0,1,4,10.96,1,0.11,98.0,HIGH
QA Engineer,IT,HR Database,3,0.2,1,0,0,0,1,5.84,1,0.171,97.3,HIGH
HR Specialist,IT,GitHub Project Alpha,1,15.28,0,0,0,0,1,3.33,1,0.841,73.7,HIGH
Finance Analyst,IT,Production Database,4,21.11,1,0,1,1,2,10.73,1,0.59,94.1,HIGH
HR Specialist,IT,Production Database,4,15.88,0,1,1,1,0,0.34,1,0.785,15.0,LOW
System Administrator,Finance,Production Database,4,11.26,0,1,1,0,0,2.2,1,0.886,27.7,LOW
Software Developer,HR,Production Database,4,18.3,0,1,1,0,0,0.67,1,0.798,31.4,MEDIUM
QA Engineer,IT,HR Database,3,15.85,0,1,1,0,0,4.03,1,0.981,26.8,LOW
Software Developer,Product,Development Server,2,11.17,0,1,1,0,1,4.36,1,0.826,34.0,MEDIUM
Software Developer,HR,Finance System,3,4.22,1,0,0,0,1,6.01,1,0.418,99.3,HIGH
Finance Analyst,Engineering,Project Management System,1,7.52,0,1,0,1,0,4.39,1,0.612,28.5,LOW
Finance Analyst,HR,Admin Panel,4,12.95,0,1,1,0,0,2.99,1,0.992,28.3,LOW
Finance Analyst,Engineering,Admin Panel,4,10.38,0,0,1,0,0,0.55,1,0.952,53.1,MEDIUM
Software Developer,HR,HR Database,3,12.95,0,1,0,1,0,0.42,1,0.826,29.6,LOW
QA Engineer,IT,Development Server,2,21.08,1,0,0,0,3,12.04,1,0.362,100.0,HIGH
HR Specialist,HR,Admin Panel,4,13.33,0,1,1,0,0,1.08,1,0.655,35.5,MEDIUM
DevOps Engineer,Engineering,Finance System,3,21.04,1,1,0,0,3,4.1,1,0.295,92.8,HIGH
Product Manager,Engineering,GitHub Project Alpha,1,13.76,0,1,1,1,0,2.93,1,0.646,6.9,LOW
QA Engineer,IT,HR Database,3,12.31,0,1,0,0,0,2.36,1,0.663,53.3,MEDIUM
Product Manager,IT,Production Database,4,17.83,0,1,1,1,0,4.86,1,0.966,7.4,LOW
Contractor,Finance,Development Server,2,7.24,0,1,1,0,0,1.4,1,0.944,29.3,LOW
DevOps Engineer,IT,Production Database,4,3.58,1,0,1,1,2,14.31,1,0.504,92.2,HIGH
System Administrator,Finance,Admin Panel,4,11.08,0,1,1,0,0,0.8,1,0.812,32.7,MEDIUM
QA Engineer,Engineering,Production Database,4,19.61,0,1,1,1,0,1.17,1,0.917,8.5,LOW
Contractor,Engineering,Development Server,2,8.76,0,1,1,1,0,1.34,1,0.936,8.3,LOW
DevOps Engineer,Product,Admin Panel,4,7.13,0,1,1,0,0,3.98,1,0.902,34.4,MEDIUM
HR Specialist,Product,Project Management System,1,8.09,0,1,1,1,0,1.8,1,0.661,2.6,LOW
DevOps Engineer,Finance,Finance System,3,9.49,0,1,1,1,1,4.25,1,0.862,15.0,LOW
Finance Analyst,Engineering,Finance System,3,21.28,1,1,0,0,3,13.2,1,0.433,100.0,HIGH
QA Engineer,IT,Admin Panel,4,0.34,1,0,1,1,0,12.52,1,0.122,87.2,HIGH
DevOps Engineer,Product,Finance System,3,8.78,0,1,1,0,0,2.48,1,0.752,26.5,LOW
Product Manager,Engineering,Project Management System,1,23.03,1,0,0,1,4,11.45,1,0.385,100.0,HIGH
Finance Analyst,Engineering,Development Server,2,9.96,0,1,1,1,0,1.36,1,0.87,3.6,LOW
Finance Analyst,HR,HR Database,3,9.65,0,1,1,1,0,3.96,1,0.646,12.9,LOW
QA Engineer,Engineering,Production Database,4,13.09,0,1,1,1,0,0.83,1,0.735,13.8,LOW
Product Manager,IT,Project Management System,1,4.73,1,0,0,1,3,4.76,1,0.497,90.1,HIGH
System Administrator,Finance,HR Database,3,22.57,1,0,0,0,1,5.13,1,0.342,98.9,HIGH
Contractor,IT,Production Database,4,19.49,0,0,1,1,0,4.07,1,0.705,34.8,MEDIUM
QA Engineer,IT,HR Database,3,16.01,0,1,1,0,0,1.72,1,0.968,27.0,LOW
Finance Analyst,Finance,Production Database,4,15.45,0,1,1,0,0,0.21,1,0.821,30.5,MEDIUM
Contractor,Product,HR Database,3,18.53,0,1,1,0,0,3.7,1,0.781,25.7,LOW
QA Engineer,IT,HR Database,3,22.73,1,0,1,0,3,13.17,1,0.448,100.0,HIGH
Finance Analyst,HR,Finance System,3,10.31,0,1,1,0,0,0.27,1,0.993,27.3,LOW
System Administrator,Engineering,HR Database,3,18.5,0,1,1,0,1,2.27,1,0.803,35.1,MEDIUM
DevOps Engineer,Product,HR Database,3,8.84,0,1,1,0,0,2.18,1,0.882,32.2,MEDIUM
Software Developer,Engineering,Production Database,4,5.61,1,0,1,1,0,10.17,1,0.136,80.0,HIGH
Contractor,IT,Project Management System,1,16.63,0,1,1,1,0,0.01,1,0.774,4.0,LOW
Product Manager,Finance,GitHub Project Alpha,1,18.59,0,1,1,0,0,2.99,1,0.965,24.8,LOW
DevOps Engineer,Finance,Development Server,2,7.1,0,1,1,0,0,1.48,1,0.827,29.9,LOW
System Administrator,Finance,Admin Panel,4,21.91,1,0,0,0,2,12.9,0,0.563,99.7,HIGH
Product Manager,Finance,Finance System,3,17.51,0,1,1,1,0,3.09,1,0.731,12.9,LOW
System Administrator,Product,GitHub Project Alpha,1,17.29,0,1,1,1,1,3.75,1,0.866,14.8,LOW
Contractor,IT,Project Management System,1,18.39,0,1,1,1,1,4.78,1,0.616,15.1,LOW
System Administrator,Finance,Project Management System,1,19.81,0,1,1,1,0,3.71,1,0.681,3.7,LOW
System Administrator,IT,Project Management System,1,1.39,1,0,0,1,5,11.6,1,0.488,97.5,HIGH
HR Specialist,IT,HR Database,3,9.29,0,1,0,0,0,2.8,1,0.81,50.7,MEDIUM
QA Engineer,Finance,HR Database,3,8.92,0,1,0,0,0,4.52,1,0.613,53.2,MEDIUM
Finance Analyst,Engineering,GitHub Project Alpha,1,21.76,1,0,1,1,0,13.32,0,0.156,90.2,HIGH
HR Specialist,IT,Finance System,3,3.3,1,0,0,0,2,14.77,1,0.054,100.0,HIGH
System Administrator,IT,HR Database,3,7.76,0,1,1,0,0,0.95,1,0.693,27.5,LOW
HR Specialist,Engineering,Finance System,3,5.82,1,1,0,0,0,11.21,1,0.289,100.0,HIGH
HR Specialist,IT,GitHub Project Alpha,1,11.21,0,1,1,0,0,3.81,1,0.67,23.8,LOW
System Administrator,Engineering,GitHub Project Alpha,1,9.66,0,1,0,1,0,2.16,1,0.724,24.1,LOW
HR Specialist,Engineering,Finance System,3,17.32,0,1,1,0,0,2.22,1,0.709,30.3,MEDIUM
Software Developer,IT,Development Server,2,13.89,0,1,1,0,1,0.18,1,0.778,34.0,MEDIUM
DevOps Engineer,Finance,Production Database,4,22.38,1,0,0,0,5,12.42,0,0.531,100.0,HIGH
Product Manager,Product,HR Database,3,13.24,0,1,1,0,0,1.68,1,0.912,26.1,LOW
DevOps Engineer,IT,Admin Panel,4,4.68,1,0,0,1,2,10.44,1,0.43,96.3,HIGH
Software Developer,HR,Production Database,4,0.39,1,1,1,0,2,13.2,1,0.206,100.0,HIGH
Contractor,IT,HR Database,3,18.89,0,1,1,0,1,1.31,1,0.655,39.9,MEDIUM
DevOps Engineer,IT,HR Database,3,11.87,0,1,1,0,0,0.25,1,0.648,30.2,MEDIUM
Finance Analyst,Product,Admin Panel,4,0.05,1,0,0,0,3,13.26,1,0.116,100.0,HIGH
Finance Analyst,Engineering,Project Management System,1,18.38,0,1,1,1,0,4.88,1,0.853,3.6,LOW
System Administrator,IT,Admin Panel,4,9.5,0,1,1,1,0,0.55,1,0.91,14.4,LOW
System Administrator,HR,GitHub Project Alpha,1,17.34,0,0,1,0,0,4.57,1,0.818,45.0,MEDIUM
Software Developer,IT,Finance System,3,0.72,1,1,0,0,5,7.46,1,0.517,100.0,HIGH
Contractor,HR,Production Database,4,10.72,0,1,1,0,0,4.45,1,0.886,31.3,MEDIUM
Software Developer,HR,Production Database,4,13.33,0,0,1,0,0,1.73,1,0.654,56.3,MEDIUM
Finance Analyst,Product,HR Database,3,23.14,1,0,1,0,2,7.77,1,0.097,97.5,HIGH
Product Manager,IT,Project Management System,1,22.46,1,1,0,1,3,3.28,1,0.508,64.9,MEDIUM
Software Developer,Product,HR Database,3,8.14,0,1,1,0,0,3.81,1,0.657,31.6,MEDIUM
Contractor,Engineering,Production Database,4,21.46,1,0,0,1,0,11.57,1,0.497,96.6,HIGH
HR Specialist,HR,Project Management System,1,22.16,1,0,1,1,0,11.42,1,0.415,73.6,HIGH
QA Engineer,Product,GitHub Project Alpha,1,10.07,0,1,1,1,1,0.96,1,0.752,11.9,LOW
Finance Analyst,HR,GitHub Project Alpha,1,22.98,1,1,0,0,1,13.77,0,0.241,98.5,HIGH
HR Specialist,IT,Finance System,3,18.75,0,1,1,0,0,2.47,1,0.768,29.5,LOW
Contractor,IT,HR Database,3,21.94,1,0,0,0,4,13.37,1,0.079,100.0,HIGH
QA Engineer,HR,Finance System,3,9.37,0,0,1,0,0,5.0,1,0.867,51.4,MEDIUM
Contractor,HR,HR Database,3,1.93,1,0,0,1,5,10.63,1,0.555,98.8,HIGH
System Administrator,HR,Project Management System,1,9.78,0,1,1,1,0,3.98,1,0.901,0.4,LOW
Finance Analyst,IT,Project Management System,1,10.2,0,1,1,1,0,2.93,1,0.905,3.3,LOW
Contractor,IT,Development Server,2,13.77,0,1,1,0,0,2.19,1,0.91,24.3,LOW
Contractor,Finance,Production Database,4,15.41,0,1,1,0,0,1.99,1,0.646,33.5,MEDIUM
Product Manager,Finance,Admin Panel,4,23.5,1,0,1,0,2,5.86,1,0.248,89.5,HIGH
Software Developer,IT,GitHub Project Alpha,1,21.68,1,0,0,0,5,8.45,1,0.145,100.0,HIGH
Product Manager,IT,Project Management System,1,23.8,1,0,0,1,3,13.78,1,0.223,100.0,HIGH
QA Engineer,HR,Production Database,4,8.77,0,1,1,0,0,4.25,1,0.697,29.7,LOW
Contractor,Product,Finance System,3,19.97,0,1,1,0,0,3.03,1,0.619,27.5,LOW
DevOps Engineer,Product,HR Database,3,23.46,1,1,0,0,0,7.22,1,0.087,79.0,HIGH
QA Engineer,HR,Production Database,4,14.1,0,1,1,0,0,3.83,1,0.71,29.0,LOW
Finance Analyst,HR,Finance System,3,18.12,0,1,1,0,0,0.9,1,0.841,25.6,LOW
HR Specialist,Finance,GitHub Project Alpha,1,2.13,1,0,0,0,5,10.36,1,0.443,100.0,HIGH
System Administrator,Finance,Project Management System,1,13.38,0,1,1,1,0,2.91,1,0.757,5.7,LOW
System Administrator,HR,HR Database,3,16.86,0,1,1,1,0,3.86,1,0.98,5.9,LOW
Software Developer,Product,Project Management System,1,13.08,0,0,1,1,0,4.22,1,0.875,25.8,LOW
System Administrator,HR,Development Server,2,8.6,0,1,0,0,0,3.43,1,0.75,48.3,MEDIUM
Contractor,HR,GitHub Project Alpha,1,12.91,0,0,1,0,0,3.25,1,0.845,47.7,MEDIUM
HR Specialist,IT,Project Management System,1,15.05,0,1,1,1,1,2.15,1,0.829,8.7,LOW
Software Developer,Product,Finance System,3,19.3,0,1,1,0,0,4.05,1,0.761,33.7,MEDIUM
Product Manager,Finance,Finance System,3,18.26,0,1,1,1,0,2.88,1,0.622,10.6,LOW
System Administrator,HR,Production Database,4,13.92,0,1,1,0,0,2.79,1,0.662,35.9,MEDIUM
System Administrator,Product,Admin Panel,4,13.89,0,1,1,0,0,4.73,1,0.666,29.6,LOW
HR Specialist,HR,Production Database,4,8.38,0,1,1,0,0,0.47,1,0.716,33.7,MEDIUM
Product Manager,Product,Admin Panel,4,22.0,1,1,0,0,4,4.83,1,0.386,100.0,HIGH
System Administrator,HR,Development Server,2,11.92,0,0,1,0,0,1.68,1,0.88,44.8,MEDIUM
Software Developer,Engineering,Production Database,4,15.07,0,1,1,1,0,1.78,1,0.673,14.1,LOW
Contractor,Engineering,Finance System,3,22.36,1,0,1,0,1,14.16,1,0.351,98.4,HIGH
DevOps Engineer,Engineering,GitHub Project Alpha,1,14.68,0,1,1,1,0,0.67,1,0.83,1.4,LOW
Finance Analyst,Product,GitHub Project Alpha,1,0.56,1,0,1,1,5,13.4,1,0.412,100.0,HIGH
Contractor,Engineering,Development Server,2,19.89,0,1,1,1,1,4.58,1,0.825,14.4,LOW
Finance Analyst,HR,Admin Panel,4,18.02,0,1,1,0,0,1.29,1,0.861,32.3,MEDIUM
System Administrator,Product,Admin Panel,4,22.13,1,1,0,0,0,3.61,1,0.051,76.4,HIGH
HR Specialist,Product,Finance System,3,7.63,0,1,1,0,0,1.44,1,0.965,25.7,LOW
Contractor,IT,Production Database,4,23.37,1,0,0,1,3,9.29,1,0.408,100.0,HIGH
Software Developer,Finance,Project Management System,1,14.12,0,1,1,1,0,1.81,1,0.89,5.9,LOW
HR Specialist,Product,Finance System,3,8.42,0,1,1,0,0,4.33,1,0.608,34.6,MEDIUM
System Administrator,Product,HR Database,3,15.21,0,1,1,0,0,2.08,1,0.922,24.9,LOW
Contractor,HR,Project Management System,1,16.66,0,1,1,1,0,1.99,1,0.797,7.7,LOW
Finance Analyst,IT,Admin Panel,4,7.77,0,1,1,1,0,1.81,1,0.648,17.5,LOW
System Administrator,Product,HR Database,3,14.33,0,1,1,0,1,4.56,1,0.626,35.7,MEDIUM
Contractor,Product,HR Database,3,19.94,0,1,1,0,0,1.59,1,0.993,30.5,MEDIUM
Contractor,Product,Finance System,3,23.22,1,0,0,0,3,3.64,1,0.548,97.8,HIGH
QA Engineer,IT,GitHub Project Alpha,1,16.99,0,1,1,0,0,0.04,1,0.925,19.8,LOW
Finance Analyst,Engineering,Admin Panel,4,10.16,0,1,1,0,0,2.17,1,0.864,32.9,MEDIUM
Software Developer,HR,Finance System,3,14.96,0,0,0,0,0,0.08,1,0.878,71.1,HIGH
Product Manager,Product,Project Management System,1,7.28,0,1,1,1,0,3.59,1,0.756,4.0,LOW
Finance Analyst,Product,Development Server,2,1.61,1,0,0,0,4,10.31,1,0.075,100.0,HIGH
HR Specialist,Product,Project Management System,1,10.29,0,1,1,1,0,0.68,1,0.682,5.5,LOW
Software Developer,Engineering,Development Server,2,15.51,0,1,1,1,0,1.99,1,0.675,11.7,LOW
Contractor,Product,Finance System,3,14.88,0,1,1,0,1,2.19,1,0.82,38.9,MEDIUM
Contractor,Product,Project Management System,1,14.82,0,1,1,1,0,3.31,1,0.866,5.6,LOW
Contractor,HR,Finance System,3,9.85,0,1,1,0,1,4.4,1,0.933,36.4,MEDIUM
Product Manager,Finance,GitHub Project Alpha,1,23.01,1,0,0,0,2,7.53,1,0.097,99.9,HIGH
Contractor,IT,Admin Panel,4,10.33,0,0,1,1,0,0.63,1,0.625,32.6,MEDIUM
HR Specialist,Finance,Project Management System,1,1.59,1,1,1,1,3,4.48,1,0.494,48.6,MEDIUM
DevOps Engineer,HR,Finance System,3,8.83,0,1,1,0,0,1.01,1,0.909,25.4,LOW
HR Specialist,Finance,Development Server,2,18.73,0,1,1,0,0,3.65,1,0.696,26.5,LOW
System Administrator,Finance,Finance System,3,13.29,0,1,1,1,0,3.35,1,0.745,8.1,LOW
Product Manager,Product,Admin Panel,4,13.92,0,1,0,0,0,1.0,1,0.891,52.7,MEDIUM
Contractor,HR,Project Management System,1,22.61,1,0,0,1,1,12.98,1,0.004,100.0,HIGH
HR Specialist,IT,Finance System,3,12.16,0,1,1,0,0,3.58,1,0.65,33.1,MEDIUM
Product Manager,HR,Finance System,3,22.65,1,0,0,0,3,5.2,1,0.071,100.0,HIGH
QA Engineer,Finance,Development Server,2,7.99,0,1,1,0,0,1.79,1,0.951,25.4,LOW
DevOps Engineer,Engineering,Development Server,2,23.67,1,0,0,1,3,12.07,1,0.269,100.0,HIGH
Finance Analyst,Product,Finance System,3,18.12,0,1,1,0,0,2.38,1,0.86,25.5,LOW
System Administrator,IT,Production Database,4,2.16,1,0,0,1,0,8.47,1,0.45,90.4,HIGH
System Administrator,Finance,Development Server,2,10.22,0,0,1,0,0,2.4,1,0.892,42.4,MEDIUM
DevOps Engineer,Finance,Admin Panel,4,17.38,0,0,1,0,0,1.05,1,0.997,48.8,MEDIUM
System Administrator,Engineering,HR Database,3,23.15,1,0,0,0,3,6.53,1,0.266,98.1,HIGH
Product Manager,Finance,Production Database,4,11.5,0,1,1,0,1,2.09,1,0.835,37.4,MEDIUM
Software Developer,HR,Finance System,3,8.91,0,0,1,0,0,4.79,1,0.993,45.2,MEDIUM
System Administrator,Product,GitHub Project Alpha,1,10.07,0,0,1,1,0,1.01,0,0.784,37.9,MEDIUM
QA Engineer,Finance,GitHub Project Alpha,1,17.83,0,0,1,0,0,2.08,1,0.891,47.1,MEDIUM
Software Developer,IT,Development Server,2,2.83,1,1,0,0,0,8.41,1,0.198,84.4,HIGH
Contractor,Engineering,HR Database,3,21.22,1,0,0,0,1,10.41,1,0.143,98.6,HIGH
Product Manager,Finance,Admin Panel,4,9.24,0,1,1,0,1,3.5,1,0.716,41.1,MEDIUM
Software Developer,HR,GitHub Project Alpha,1,21.28,1,1,0,0,4,3.28,1,0.308,93.6,HIGH
Software Developer,Engineering,Development Server,2,18.51,0,1,1,1,0,2.54,1,0.8,5.9,LOW
Software Developer,IT,HR Database,3,17.22,0,1,1,0,0,3.33,1,0.704,32.0,MEDIUM
QA Engineer,IT,Project Management System,1,18.06,0,1,1,1,0,2.62,1,0.796,1.1,LOW
HR Specialist,Product,Development Server,2,12.78,0,1,1,0,0,3.17,1,0.741,29.3,LOW
System Administrator,HR,Development Server,2,7.93,0,1,1,0,0,2.51,1,0.618,30.2,MEDIUM
System Administrator,Engineering,Finance System,3,14.83,0,1,1,0,0,0.31,1,0.607,34.1,MEDIUM
Finance Analyst,Finance,Development Server,2,22.75,1,0,0,0,3,8.06,1,0.318,97.8,HIGH
QA Engineer,HR,Project Management System,1,9.48,0,1,0,1,0,2.68,1,0.75,23.6,LOW
Contractor,Engineering,Finance System,3,4.91,1,0,0,0,1,5.62,0,0.208,100.0,HIGH
Software Developer,Finance,HR Database,3,10.19,0,1,1,0,0,1.99,1,0.778,30.2,MEDIUM
HR Specialist,Engineering,Admin Panel,4,12.86,0,1,1,0,0,1.61,1,0.805,35.4,MEDIUM
System Administrator,IT,HR Database,3,7.37,0,1,1,0,0,1.22,1,0.708,29.7,LOW
System Administrator,IT,HR Database,3,5.98,1,0,0,0,2,11.98,1,0.118,100.0,HIGH
Product Manager,Product,Production Database,4,17.75,0,1,0,0,0,0.61,1,0.707,50.4,MEDIUM
DevOps Engineer,Engineering,Admin Panel,4,19.64,0,1,1,0,0,3.07,1,0.899,32.9,MEDIUM
DevOps Engineer,Finance,Production Database,4,7.56,0,1,1,0,0,1.94,0,0.999,48.7,MEDIUM
DevOps Engineer,Finance,Admin Panel,4,12.01,0,1,1,0,0,3.38,1,0.655,34.2,MEDIUM
QA Engineer,IT,Development Server,2,11.13,0,1,1,0,0,3.47,1,0.982,28.5,LOW
Software Developer,Product,Admin Panel,4,9.35,0,1,1,0,0,0.66,1,0.874,32.0,MEDIUM
Product Manager,IT,Admin Panel,4,0.62,1,0,0,1,0,10.43,1,0.152,99.1,HIGH
QA Engineer,IT,Production Database,4,18.07,0,1,1,1,0,1.46,1,0.986,11.5,LOW
DevOps Engineer,HR,Development Server,2,12.78,0,1,1,0,0,0.03,1,0.811,30.2,MEDIUM
QA Engineer,Finance,Project Management System,1,2.21,1,0,0,1,2,8.94,1,0.139,100.0,HIGH
Product Manager,Engineering,Production Database,4,9.69,0,1,0,1,0,4.54,1,0.801,29.3,LOW
Software Developer,HR,Finance System,3,9.57,0,1,1,0,0,1.61,1,0.875,31.4,MEDIUM
Software Developer,IT,Development Server,2,15.63,0,1,0,0,0,3.58,1,0.938,42.8,MEDIUM
DevOps Engineer,Product,Production Database,4,14.43,0,1,1,0,1,1.16,1,0.681,42.4,MEDIUM
Software Developer,Finance,Project Management System,1,11.92,0,1,1,1,0,0.9,1,0.941,2.9,LOW
Finance Analyst,HR,Production Database,4,0.33,1,0,0,0,3,8.12,1,0.54,100.0,HIGH
Software Developer,HR,HR Database,3,16.4,0,1,1,1,0,2.86,1,0.928,4.6,LOW
HR Specialist,Product,GitHub Project Alpha,1,8.41,0,1,1,1,0,0.43,1,0.971,4.7,LOW
Software Developer,Product,GitHub Project Alpha,1,16.65,0,1,0,1,0,4.97,1,0.629,25.2,LOW
HR Specialist,IT,Development Server,2,12.34,0,1,0,0,0,2.36,1,0.755,51.3,MEDIUM
DevOps Engineer,IT,Admin Panel,4,14.64,0,1,1,1,0,4.28,1,0.746,15.7,LOW
Contractor,Product,Admin Panel,4,4.99,1,0,0,0,4,4.54,1,0.583,100.0,HIGH
Contractor,Finance,Project Management System,1,12.5,0,0,0,1,1,3.29,1,0.977,53.1,MEDIUM
DevOps Engineer,Product,HR Database,3,11.47,0,1,1,0,0,3.89,1,0.867,26.8,LOW
System Administrator,HR,HR Database,3,13.19,0,1,1,1,0,3.36,1,0.947,9.1,LOW
Contractor,IT,Finance System,3,11.77,0,0,1,0,1,4.15,1,0.638,55.8,MEDIUM
HR Specialist,Product,Development Server,2,17.47,0,1,1,0,0,4.18,1,0.89,29.7,LOW
System Administrator,Product,Development Server,2,22.03,1,1,0,0,0,5.42,1,0.267,65.6,MEDIUM
Finance Analyst,IT,GitHub Project Alpha,1,14.98,0,1,1,0,0,4.67,1,0.827,21.2,LOW
Contractor,Product,Project Management System,1,8.24,0,1,0,1,0,1.03,1,0.656,23.8,LOW
Product Manager,IT,HR Database,3,17.76,0,1,1,0,0,2.75,1,0.999,28.0,LOW
System Administrator,Engineering,Development Server,2,17.35,0,1,1,1,1,0.41,1,0.818,15.9,LOW
QA Engineer,Product,Admin Panel,4,22.84,1,0,0,0,1,13.03,1,0.098,100.0,HIGH
Product Manager,IT,Admin Panel,4,14.16,0,1,1,1,0,2.37,1,0.652,10.2,LOW
Finance Analyst,Finance,HR Database,3,10.7,0,1,1,0,0,1.36,1,0.891,30.7,MEDIUM
Product Manager,Product,Finance System,3,11.7,0,1,1,0,0,1.94,1,0.932,27.4,LOW
Product Manager,Engineering,Production Database,4,12.25,0,1,1,1,0,1.63,1,0.731,14.3,LOW
Contractor,Product,Production Database,4,18.72,0,0,1,0,1,0.62,1,0.932,60.7,MEDIUM
Contractor,Product,Production Database,4,22.83,1,1,0,0,1,13.31,1,0.456,96.6,HIGH
HR Specialist,Finance,Production Database,4,10.57,0,1,1,0,0,1.22,1,0.918,27.5,LOW
System Administrator,Product,Finance System,3,18.6,0,1,1,0,0,4.33,1,0.636,28.6,LOW
QA Engineer,Product,HR Database,3,23.88,1,0,0,0,2,3.37,1,0.113,99.8,HIGH
Finance Analyst,Product,HR Database,3,21.64,1,0,0,0,1,9.25,1,0.112,96.1,HIGH
QA Engineer,IT,Admin Panel,4,9.87,0,1,1,1,0,4.7,1,0.828,13.4,LOW
Software Developer,Finance,Project Management System,1,22.23,1,0,0,1,0,3.58,1,0.477,65.0,MEDIUM
Product Manager,IT,Project Management System,1,12.53,0,1,1,1,0,3.67,1,0.707,2.2,LOW
Finance Analyst,Finance,Production Database,4,15.05,0,1,0,0,1,1.27,1,0.981,55.2,MEDIUM
Contractor,IT,Project Management System,1,19.86,0,1,1,1,0,1.3,1,0.976,0.0,LOW
Finance Analyst,Finance,Project Management System,1,5.92,1,1,0,1,2,11.31,1,0.417,89.8,HIGH
QA Engineer,Finance,HR Database,3,17.54,0,1,1,0,0,3.5,1,0.752,32.9,MEDIUM
Contractor,IT,Production Database,4,12.58,0,1,1,1,0,0.41,1,0.663,12.6,LOW
HR Specialist,IT,HR Database,3,7.12,0,1,1,0,0,1.68,1,0.95,28.6,LOW
Product Manager,Engineering,Production Database,4,18.98,0,1,1,1,1,3.58,1,0.832,22.6,LOW
Contractor,IT,Finance System,3,3.82,1,1,0,0,5,10.36,1,0.353,99.7,HIGH
DevOps Engineer,IT,Project Management System,1,10.54,0,0,1,1,1,0.38,1,0.631,33.5,MEDIUM
Software Developer,Engineering,Project Management System,1,13.28,0,1,1,1,0,2.92,1,0.826,3.9,LOW
System Administrator,Finance,Project Management System,1,0.0,1,0,0,1,1,6.41,1,0.365,82.4,HIGH
Software Developer,Finance,GitHub Project Alpha,1,9.92,0,1,1,0,0,2.12,1,0.698,23.2,LOW
HR Specialist,IT,Development Server,2,19.0,0,1,1,0,0,3.84,1,0.992,21.2,LOW
Contractor,Product,GitHub Project Alpha,1,15.82,0,1,0,1,1,2.63,1,0.697,34.6,MEDIUM
Finance Analyst,IT,Finance System,3,3.75,1,1,0,0,0,4.68,1,0.575,67.2,MEDIUM
System Administrator,IT,Admin Panel,4,21.13,1,1,1,1,5,6.23,1,0.318,78.5,HIGH
HR Specialist,HR,Finance System,3,16.07,0,1,1,0,0,2.3,1,0.687,30.4,MEDIUM
DevOps Engineer,IT,Production Database,4,11.22,0,1,1,1,1,2.24,1,0.812,19.8,LOW
QA Engineer,Finance,Production Database,4,16.73,0,1,1,0,0,2.93,1,0.745,29.2,LOW
DevOps Engineer,IT,GitHub Project Alpha,1,4.6,1,0,0,0,3,14.26,1,0.239,98.4,HIGH
QA Engineer,HR,Finance System,3,15.34,0,1,1,0,1,1.99,1,0.94,35.9,MEDIUM
Finance Analyst,IT,Project Management System,1,12.29,0,1,1,1,0,4.82,1,0.774,5.9,LOW
Finance Analyst,Engineering,Admin Panel,4,7.33,0,1,1,0,0,4.21,1,0.603,34.7,MEDIUM
Software Developer,Finance,Finance System,3,14.6,0,1,1,1,0,3.3,1,0.815,9.7,LOW
QA Engineer,Finance,HR Database,3,0.79,1,0,1,0,0,14.76,1,0.51,94.0,HIGH
HR Specialist,Finance,Admin Panel,4,8.85,0,1,1,0,0,1.56,1,0.75,32.7,MEDIUM
HR Specialist,Engineering,Finance System,3,18.07,0,1,1,0,0,0.17,1,0.929,31.7,MEDIUM
DevOps Engineer,Product,HR Database,3,23.87,1,0,0,0,0,4.12,0,0.411,100.0,HIGH
Finance Analyst,IT,Production Database,4,17.26,0,1,1,1,1,4.18,1,0.842,23.2,LOW
Software Developer,IT,Admin Panel,4,15.83,0,1,1,1,0,4.56,1,0.692,11.5,LOW
Finance Analyst,Finance,Finance System,3,7.99,0,1,1,1,0,1.98,1,0.887,6.1,LOW
Finance Analyst,IT,Admin Panel,4,7.26,0,1,1,1,0,4.36,1,0.918,7.9,LOW
Contractor,HR,HR Database,3,13.84,0,1,1,1,0,1.07,1,0.979,9.4,LOW
HR Specialist,IT,Project Management System,1,17.51,0,1,1,1,0,3.17,1,0.769,7.8,LOW
Product Manager,IT,Admin Panel,4,18.72,0,1,1,1,0,4.51,1,0.623,16.8,LOW
Product Manager,Engineering,HR Database,3,16.98,0,1,1,0,0,3.86,1,0.692,29.4,LOW
System Administrator,Engineering,Production Database,4,4.42,1,0,0,1,4,5.39,1,0.336,100.0,HIGH
Product Manager,IT,GitHub Project Alpha,1,11.99,0,1,1,0,0,3.03,1,0.847,27.8,LOW
Software Developer,Finance,HR Database,3,21.48,1,0,1,0,0,12.14,1,0.473,95.8,HIGH
Software Developer,IT,Admin Panel,4,18.57,0,1,1,1,0,4.88,1,0.849,10.4,LOW
QA Engineer,IT,Development Server,2,22.7,1,1,0,0,3,14.91,1,0.337,100.0,HIGH
QA Engineer,Engineering,Production Database,4,17.28,0,1,1,1,0,0.86,1,0.884,7.4,LOW
Contractor,Finance,Development Server,2,21.28,1,0,1,0,2,11.24,1,0.105,96.7,HIGH
Finance Analyst,IT,Admin Panel,4,17.54,0,1,1,1,1,2.48,1,0.645,19.3,LOW
DevOps Engineer,Engineering,Production Database,4,13.44,0,0,0,1,0,4.2,1,0.9,48.3,MEDIUM
DevOps Engineer,Engineering,Production Database,4,21.58,1,0,0,1,1,4.95,1,0.579,73.6,HIGH
System Administrator,Engineering,Production Database,4,14.14,0,1,1,1,0,4.56,1,0.804,11.5,LOW
Software Developer,Engineering,Finance System,3,17.12,0,1,1,0,1,2.25,1,0.687,40.7,MEDIUM
Contractor,HR,Production Database,4,3.83,1,1,0,0,0,5.64,1,0.49,70.4,HIGH
HR Specialist,IT,Finance System,3,9.37,0,1,1,0,0,2.31,1,0.909,26.6,LOW
Software Developer,Product,HR Database,3,14.15,0,1,1,0,0,4.63,1,0.934,28.0,LOW
QA Engineer,Engineering,Finance System,3,16.1,0,0,1,0,0,2.93,1,0.956,47.4,MEDIUM
Finance Analyst,Engineering,Development Server,2,12.99,0,1,0,1,0,3.85,1,0.811,23.3,LOW
System Administrator,Engineering,Production Database,4,14.9,0,1,1,1,0,3.17,1,0.669,11.1,LOW
Product Manager,Engineering,Production Database,4,15.05,0,1,1,1,0,3.05,1,0.937,7.2,LOW
Finance Analyst,Engineering,HR Database,3,19.65,0,1,1,0,0,0.56,1,0.736,30.6,MEDIUM
Finance Analyst,Engineering,Admin Panel,4,0.34,1,0,1,0,5,13.29,1,0.46,96.2,HIGH
DevOps Engineer,Product,HR Database,3,2.93,1,0,0,0,1,9.4,1,0.322,98.4,HIGH
DevOps Engineer,HR,Production Database,4,16.25,0,1,1,0,1,2.84,1,0.975,37.9,MEDIUM
DevOps Engineer,Finance,HR Database,3,7.53,0,1,1,0,0,1.55,1,0.725,30.8,MEDIUM
Software Developer,Finance,Finance System,3,9.7,0,1,1,1,0,0.1,1,0.629,9.5,LOW
Product Manager,HR,Project Management System,1,21.98,1,0,0,1,5,5.98,1,0.421,100.0,HIGH
System Administrator,Product,Finance System,3,19.11,0,1,1,0,1,4.89,1,0.945,33.6,MEDIUM
Software Developer,Engineering,HR Database,3,18.24,0,1,1,0,0,3.43,1,0.697,30.4,MEDIUM
Contractor,Product,Finance System,3,10.55,0,0,1,0,0,0.23,1,0.625,52.4,MEDIUM
Contractor,Finance,HR Database,3,3.93,1,0,0,0,5,3.05,0,0.023,100.0,HIGH
Software Developer,Engineering,Project Management System,1,8.64,0,0,1,1,0,0.07,1,0.963,26.1,LOW
Product Manager,Product,Project Management System,1,13.67,0,1,1,1,0,0.38,1,0.997,0.0,LOW
Contractor,HR,HR Database,3,10.45,0,1,1,1,0,3.29,1,0.908,6.5,LOW
Contractor,Engineering,HR Database,3,8.32,0,1,1,0,0,2.6,1,0.684,29.0,LOW
DevOps Engineer,IT,HR Database,3,0.97,1,1,0,0,4,4.43,1,0.089,98.5,HIGH
Software Developer,Engineering,Finance System,3,19.88,0,1,1,0,0,1.01,1,0.67,28.4,LOW
HR Specialist,Finance,Development Server,2,16.15,0,1,1,0,0,4.07,1,0.736,29.3,LOW
Product Manager,Finance,Admin Panel,4,5.55,1,0,1,0,2,7.73,1,0.058,98.8,HIGH
Product Manager,Finance,Development Server,2,23.41,1,0,0,0,2,3.93,1,0.534,99.1,HIGH
Software Developer,Engineering,GitHub Project Alpha,1,22.54,1,0,0,1,1,10.95,0,0.117,100.0,HIGH
DevOps Engineer,HR,HR Database,3,14.96,0,0,1,1,0,1.88,1,0.983,25.7,LOW
QA Engineer,Engineering,Production Database,4,19.29,0,0,1,1,0,4.38,1,0.942,28.0,LOW
DevOps Engineer,Product,GitHub Project Alpha,1,0.99,1,0,0,1,4,10.4,1,0.069,100.0,HIGH
System Administrator,HR,GitHub Project Alpha,1,15.36,0,1,1,0,0,2.25,1,0.764,21.7,LOW
QA Engineer,Finance,Production Database,4,14.65,0,1,1,0,0,1.15,1,0.836,29.9,LOW
System Administrator,IT,Production Database,4,18.42,0,1,1,1,0,2.11,1,0.789,15.6,LOW
QA Engineer,Product,GitHub Project Alpha,1,8.52,0,1,1,1,0,2.72,1,0.843,5.8,LOW
DevOps Engineer,IT,GitHub Project Alpha,1,8.53,0,1,1,0,0,4.73,1,0.747,26.3,LOW
HR Specialist,Finance,Production Database,4,16.61,0,1,0,0,0,3.96,1,0.711,55.1,MEDIUM
Contractor,Engineering,Development Server,2,9.7,0,1,1,1,0,0.83,1,0.79,5.0,LOW
DevOps Engineer,Engineering,Development Server,2,17.89,0,1,1,1,0,4.12,1,0.957,2.9,LOW
Contractor,Engineering,GitHub Project Alpha,1,9.72,0,1,0,1,0,1.26,1,0.742,28.4,LOW
Software Developer,Product,HR Database,3,4.85,1,0,0,0,2,4.89,1,0.144,97.8,HIGH
System Administrator,Product,Production Database,4,3.15,1,0,0,0,3,13.14,1,0.212,100.0,HIGH
Product Manager,Engineering,GitHub Project Alpha,1,5.45,1,1,0,1,4,10.28,1,0.35,99.3,HIGH
System Administrator,Engineering,Development Server,2,22.15,1,1,1,1,1,4.88,1,0.589,34.7,MEDIUM
Product Manager,Product,GitHub Project Alpha,1,19.3,0,1,1,1,0,2.14,1,0.858,7.0,LOW
Finance Analyst,IT,Production Database,4,5.02,1,1,0,1,4,5.62,1,0.094,87.2,HIGH
HR Specialist,Finance,Finance System,3,8.9,0,0,1,1,0,1.1,1,0.607,28.7,LOW
Finance Analyst,Engineering,Finance System,3,22.81,1,0,0,0,0,12.11,1,0.107,100.0,HIGH
Contractor,HR,HR Database,3,15.13,0,1,1,1,0,3.37,0,0.817,21.6,LOW
QA Engineer,HR,HR Database,3,15.55,0,0,1,1,0,4.85,1,0.922,27.0,LOW
Contractor,IT,Project Management System,1,13.21,0,1,1,1,1,4.7,0,0.774,26.2,LOW
Product Manager,Engineering,Finance System,3,3.88,1,0,0,0,5,12.16,1,0.491,100.0,HIGH
QA Engineer,Engineering,GitHub Project Alpha,1,13.48,0,0,1,1,0,1.58,1,0.94,24.7,LOW
Software Developer,IT,Development Server,2,17.81,0,1,0,0,0,4.31,1,0.827,43.3,MEDIUM
Product Manager,Finance,Development Server,2,10.53,0,1,1,0,0,3.96,1,0.853,29.5,LOW
System Administrator,Product,Project Management System,1,11.34,0,1,1,1,0,4.86,1,0.817,7.6,LOW
DevOps Engineer,HR,GitHub Project Alpha,1,18.57,0,1,1,0,0,3.53,1,0.871,26.6,LOW
Product Manager,Product,Production Database,4,19.6,0,1,1,0,0,0.78,1,0.643,32.3,MEDIUM
Finance Analyst,Finance,GitHub Project Alpha,1,10.8,0,1,1,0,0,0.44,1,0.847,24.8,LOW
System Administrator,HR,Production Database,4,15.16,0,1,1,0,0,0.57,1,0.983,29.1,LOW
DevOps Engineer,Finance,Admin Panel,4,11.8,0,1,1,0,1,4.02,1,0.701,38.3,MEDIUM
Finance Analyst,HR,GitHub Project Alpha,1,10.23,0,1,1,0,0,4.28,1,0.612,23.2,LOW
System Administrator,Finance,Admin Panel,4,18.51,0,1,0,0,0,4.28,1,0.972,48.6,MEDIUM
Software Developer,IT,Production Database,4,12.97,0,1,0,1,1,1.81,1,0.861,39.2,MEDIUM
System Administrator,IT,Finance System,3,14.86,0,1,1,0,1,4.79,1,0.873,36.7,MEDIUM
Product Manager,IT,Finance System,3,11.45,0,1,1,0,0,2.49,1,0.883,26.1,LOW
Finance Analyst,Product,Finance System,3,2.47,1,0,0,0,0,6.9,0,0.214,100.0,HIGH
HR Specialist,Finance,Development Server,2,8.84,0,1,1,0,0,2.24,1,0.895,22.2,LOW
Finance Analyst,Finance,Finance System,3,13.68,0,1,1,1,1,3.95,1,0.629,22.2,LOW
QA Engineer,Finance,Project Management System,1,10.65,0,1,1,1,0,3.63,1,0.729,8.6,LOW
Product Manager,IT,Finance System,3,23.59,1,0,0,0,5,9.56,1,0.491,100.0,HIGH
Software Developer,HR,Finance System,3,7.87,0,0,1,0,0,3.16,1,0.854,51.3,MEDIUM
Software Developer,Engineering,Development Server,2,14.28,0,1,1,1,0,2.43,1,0.835,6.4,LOW
QA Engineer,HR,HR Database,3,22.56,1,1,0,1,0,11.22,1,0.367,76.5,HIGH
Software Developer,Product,Development Server,2,10.72,0,1,1,0,1,1.79,1,0.956,31.8,MEDIUM
Contractor,IT,Production Database,4,19.8,0,1,1,1,0,0.08,1,0.722,13.5,LOW
Contractor,Engineering,Project Management System,1,13.9,0,1,1,1,0,0.77,1,0.95,0.8,LOW
System Administrator,Engineering,Finance System,3,4.15,1,0,1,0,4,10.03,1,0.478,99.3,HIGH
Product Manager,Product,Project Management System,1,10.91,0,0,1,1,0,3.87,1,0.777,24.2,LOW
Software Developer,Engineering,GitHub Project Alpha,1,12.59,0,1,1,1,1,4.43,1,0.876,12.1,LOW
HR Specialist,Product,Finance System,3,9.31,0,1,1,0,0,3.98,1,0.733,31.3,MEDIUM
Contractor,IT,Admin Panel,4,15.8,0,1,0,1,0,2.81,1,0.814,30.8,MEDIUM
Finance Analyst,Product,HR Database,3,1.96,1,0,0,0,3,9.15,1,0.098,99.8,HIGH
Contractor,IT,HR Database,3,19.44,0,1,1,0,0,4.9,1,0.619,30.5,MEDIUM
Product Manager,IT,GitHub Project Alpha,1,16.12,0,1,1,0,0,3.04,1,0.814,22.5,LOW
System Administrator,Engineering,HR Database,3,10.53,0,1,1,0,0,1.82,1,0.677,33.0,MEDIUM
Finance Analyst,Finance,HR Database,3,10.93,0,1,1,0,0,4.07,1,0.793,30.9,MEDIUM
DevOps Engineer,IT,Development Server,2,8.39,0,1,1,0,0,2.97,1,0.864,24.6,LOW
Finance Analyst,IT,Production Database,4,17.19,0,1,1,1,0,0.38,1,0.602,16.9,LOW
Contractor,Finance,Admin Panel,4,22.25,1,0,0,0,2,12.24,1,0.551,100.0,HIGH
Contractor,Product,Finance System,3,12.62,0,0,1,0,0,3.07,1,0.637,50.0,MEDIUM
System Administrator,HR,Production Database,4,17.65,0,0,1,0,1,1.98,1,0.774,62.9,MEDIUM
Contractor,Engineering,HR Database,3,10.97,0,1,1,0,0,0.01,1,0.78,26.4,LOW
Software Developer,IT,Admin Panel,4,16.54,0,1,1,1,1,4.21,1,0.986,19.7,LOW
HR Specialist,Finance,Project Management System,1,16.39,0,1,1,1,0,0.66,1,0.927,0.1,LOW
QA Engineer,Product,Project Management System,1,10.03,0,1,1,1,0,0.43,1,0.869,1.2,LOW
HR Specialist,Finance,Project Management System,1,8.69,0,1,1,1,0,2.67,1,0.889,5.9,LOW
Contractor,Product,Production Database,4,7.66,0,1,1,0,0,1.65,1,0.65,29.6,LOW
Finance Analyst,Product,Project Management System,1,16.36,0,1,1,1,0,3.93,1,0.991,6.4,LOW
DevOps Engineer,Product,GitHub Project Alpha,1,7.63,0,1,1,1,0,3.13,1,0.869,1.1,LOW
QA Engineer,Finance,Admin Panel,4,16.16,0,1,0,0,0,1.43,1,0.632,54.8,MEDIUM
HR Specialist,Engineering,Admin Panel,4,17.46,0,1,1,0,1,3.59,1,0.968,41.4,MEDIUM
DevOps Engineer,Engineering,Project Management System,1,21.85,1,1,0,1,0,6.78,1,0.344,55.4,MEDIUM
DevOps Engineer,Engineering,GitHub Project Alpha,1,19.74,0,1,1,1,0,0.83,1,0.732,3.3,LOW
Product Manager,Product,Project Management System,1,12.8,0,1,1,1,1,4.86,1,0.699,10.8,LOW
Contractor,HR,Development Server,2,7.17,0,1,1,0,0,1.31,1,0.657,25.7,LOW
System Administrator,HR,Production Database,4,12.29,0,1,1,0,0,4.31,1,0.708,30.6,MEDIUM
System Administrator,Product,Production Database,4,10.5,0,1,1,0,0,3.1,1,0.714,33.4,MEDIUM
Finance Analyst,Engineering,Admin Panel,4,18.1,0,1,1,0,0,0.64,1,0.73,33.9,MEDIUM
HR Specialist,Product,Development Server,2,11.99,0,1,1,0,0,0.95,1,0.922,22.8,LOW
QA Engineer,Engineering,GitHub Project Alpha,1,19.64,0,1,1,1,0,4.43,1,0.911,0.1,LOW
QA Engineer,Finance,Project Management System,1,7.34,0,1,1,1,0,0.26,1,0.929,5.0,LOW
Product Manager,IT,HR Database,3,18.33,0,1,1,0,0,4.11,0,0.967,42.3,MEDIUM
DevOps Engineer,Engineering,Project Management System,1,0.96,1,0,0,1,5,10.2,1,0.551,100.0,HIGH
Product Manager,Product,Project Management System,1,8.16,0,0,1,1,0,0.79,1,0.712,25.7,LOW
Product Manager,Product,Development Server,2,17.64,0,1,1,0,0,4.56,1,0.919,25.2,LOW
Finance Analyst,Engineering,Development Server,2,9.78,0,1,1,1,0,4.49,1,0.624,11.3,LOW
DevOps Engineer,Finance,Admin Panel,4,3.75,1,0,0,0,5,14.66,1,0.03,100.0,HIGH
DevOps Engineer,HR,Finance System,3,7.27,0,1,1,0,1,3.78,1,0.754,34.4,MEDIUM
Contractor,Finance,GitHub Project Alpha,1,18.4,0,1,1,0,0,2.17,1,0.872,23.0,LOW
HR Specialist,Finance,Development Server,2,17.86,0,1,0,0,0,0.82,1,0.935,45.6,MEDIUM
Contractor,Product,Project Management System,1,21.57,1,0,0,1,3,3.6,1,0.41,87.9,HIGH
Finance Analyst,Finance,Admin Panel,4,19.49,0,1,1,0,0,2.7,1,0.614,35.7,MEDIUM
System Administrator,Product,GitHub Project Alpha,1,9.45,0,1,1,1,0,2.64,1,0.94,2.4,LOW
QA Engineer,Product,GitHub Project Alpha,1,21.22,1,0,0,1,5,8.22,1,0.505,97.2,HIGH
Software Developer,IT,Production Database,4,17.19,0,1,1,1,0,1.69,1,0.992,9.8,LOW
Contractor,IT,Project Management System,1,13.97,0,1,0,1,0,2.75,1,0.916,23.0,LOW
Contractor,IT,HR Database,3,13.46,0,1,0,0,0,1.32,1,0.739,51.5,MEDIUM
Finance Analyst,HR,HR Database,3,11.52,0,1,0,1,0,3.63,1,0.792,28.6,LOW
DevOps Engineer,HR,Production Database,4,21.19,1,1,0,0,0,7.82,1,0.337,81.8,HIGH
Software Developer,Engineering,Admin Panel,4,18.94,0,0,1,0,1,0.7,1,0.645,64.0,MEDIUM
Software Developer,IT,HR Database,3,0.02,1,1,0,0,4,10.88,1,0.297,100.0,HIGH
Product Manager,Finance,Project Management System,1,18.99,0,0,1,1,0,0.54,1,0.76,25.2,LOW
Software Developer,IT,Admin Panel,4,23.56,1,1,1,1,3,12.02,0,0.185,97.5,HIGH
DevOps Engineer,Finance,HR Database,3,9.18,0,1,1,0,0,0.51,1,0.668,31.7,MEDIUM
System Administrator,Engineering,Project Management System,1,8.49,0,1,1,1,0,2.74,1,0.859,0.4,LOW
System Administrator,Finance,HR Database,3,17.73,0,1,1,0,1,4.19,1,0.608,41.4,MEDIUM
DevOps Engineer,Engineering,Finance System,3,3.7,1,1,1,0,1,14.37,1,0.41,86.4,HIGH
Software Developer,Finance,GitHub Project Alpha,1,16.59,0,1,1,0,1,0.26,1,0.678,29.8,LOW
System Administrator,Finance,Project Management System,1,16.93,0,1,1,1,0,1.85,1,0.951,0.0,LOW
Finance Analyst,HR,GitHub Project Alpha,1,16.24,0,1,1,0,0,4.56,1,0.672,29.3,LOW
System Administrator,Product,GitHub Project Alpha,1,18.76,0,1,1,1,1,2.72,1,0.848,12.5,LOW
Software Developer,IT,HR Database,3,4.37,1,1,0,0,4,9.82,0,0.034,100.0,HIGH
HR Specialist,Product,Admin Panel,4,14.07,0,1,1,0,0,3.79,1,0.624,36.2,MEDIUM
Finance Analyst,Finance,Production Database,4,9.54,0,0,1,0,1,0.27,1,0.856,57.0,MEDIUM
System Administrator,HR,Development Server,2,23.25,1,0,0,0,2,7.85,0,0.562,97.9,HIGH
Software Developer,Engineering,Development Server,2,18.23,0,1,1,1,0,0.85,1,0.658,10.0,LOW
DevOps Engineer,HR,HR Database,3,7.88,0,0,1,1,0,4.96,1,0.701,31.3,MEDIUM
Contractor,Engineering,HR Database,3,10.13,0,1,1,0,1,4.38,1,0.703,39.6,MEDIUM
Contractor,Engineering,GitHub Project Alpha,1,12.02,0,1,1,1,0,3.08,1,0.937,0.0,LOW
HR Specialist,Product,Project Management System,1,16.46,0,0,1,1,0,1.4,1,0.678,23.9,LOW
HR Specialist,Product,Production Database,4,12.89,0,1,1,0,0,4.92,1,0.968,33.6,MEDIUM
QA Engineer,Product,Admin Panel,4,18.09,0,1,1,0,0,4.53,1,0.613,31.9,MEDIUM
Product Manager,HR,Development Server,2,11.09,0,1,0,0,0,3.58,1,0.652,51.1,MEDIUM
Product Manager,Finance,Finance System,3,23.78,1,0,0,1,4,13.72,1,0.397,97.6,HIGH
QA Engineer,Finance,Development Server,2,18.97,0,0,1,0,0,0.45,1,0.642,48.7,MEDIUM
HR Specialist,Finance,Finance System,3,11.97,0,1,1,1,0,4.69,1,0.887,8.5,LOW
HR Specialist,IT,GitHub Project Alpha,1,1.77,1,1,0,0,2,13.27,0,0.069,100.0,HIGH
Contractor,Product,Production Database,4,5.79,1,0,0,0,4,4.88,1,0.425,96.8,HIGH
HR Specialist,Product,Project Management System,1,7.99,0,1,1,1,0,0.67,1,0.948,0.3,LOW
Product Manager,Product,Admin Panel,4,10.9,0,1,1,0,0,0.55,1,0.649,32.4,MEDIUM
Finance Analyst,Product,Project Management System,1,7.45,0,1,0,1,0,1.05,1,0.722,27.9,LOW
Contractor,Finance,Development Server,2,22.65,1,0,0,0,2,6.45,1,0.555,97.8,HIGH
Product Manager,IT,Admin Panel,4,22.35,1,0,0,1,2,6.52,1,0.107,96.8,HIGH
Software Developer,IT,Finance System,3,19.26,0,1,1,0,0,3.66,1,0.62,32.8,MEDIUM
DevOps Engineer,Engineering,Production Database,4,19.03,0,0,1,1,0,2.19,1,0.816,32.3,MEDIUM
Contractor,Engineering,Production Database,4,16.84,0,0,1,1,0,4.76,1,0.962,29.0,LOW
HR Specialist,IT,Finance System,3,17.78,0,1,1,0,0,3.39,1,0.691,29.4,LOW
System Administrator,Product,Project Management System,1,9.66,0,1,1,1,0,1.56,1,0.901,4.6,LOW
System Administrator,Product,Finance System,3,18.79,0,1,1,0,0,0.64,1,0.754,29.9,LOW
QA Engineer,Finance,HR Database,3,9.22,0,1,1,0,1,0.63,1,0.833,36.4,MEDIUM
Finance Analyst,Engineering,Development Server,2,19.89,0,1,1,1,0,2.1,1,0.858,4.6,LOW
Product Manager,Finance,GitHub Project Alpha,1,11.2,0,1,1,0,0,4.56,1,0.664,28.0,LOW
Product Manager,HR,HR Database,3,2.45,1,0,0,1,3,10.8,1,0.563,100.0,HIGH
Software Developer,Product,Development Server,2,23.59,1,1,0,0,0,5.32,1,0.178,69.4,MEDIUM
Finance Analyst,Product,Development Server,2,3.98,1,1,0,0,4,6.67,1,0.352,100.0,HIGH
DevOps Engineer,HR,Admin Panel,4,12.29,0,1,1,0,0,3.44,1,0.717,32.9,MEDIUM
Finance Analyst,Engineering,Finance System,3,10.82,0,1,0,0,1,0.45,1,0.987,59.2,MEDIUM
DevOps Engineer,Finance,HR Database,3,21.65,1,0,0,0,4,7.94,1,0.447,99.4,HIGH
HR Specialist,IT,Production Database,4,23.48,1,1,0,1,4,9.37,1,0.314,100.0,HIGH
Finance Analyst,Engineering,Development Server,2,9.55,0,1,1,1,0,1.41,1,0.719,7.1,LOW
Product Manager,IT,Admin Panel,4,18.02,0,1,1,1,0,1.52,1,0.995,11.7,LOW
DevOps Engineer,Product,Admin Panel,4,17.45,0,0,1,0,0,3.66,1,0.649,52.1,MEDIUM
Finance Analyst,Product,Admin Panel,4,3.26,1,0,0,0,1,12.82,0,0.365,100.0,HIGH
QA Engineer,Finance,Production Database,4,9.42,0,1,1,0,0,0.73,1,0.755,35.9,MEDIUM
System Administrator,IT,Project Management System,1,22.54,1,0,1,1,0,14.02,1,0.216,78.8,HIGH
Contractor,Product,Project Management System,1,17.58,0,1,1,1,1,4.71,1,0.87,15.7,LOW
HR Specialist,IT,Finance System,3,18.48,0,1,1,0,0,2.39,1,0.732,26.4,LOW
Software Developer,HR,Development Server,2,18.84,0,1,1,0,0,2.29,1,0.876,23.0,LOW
HR Specialist,Finance,Finance System,3,4.05,1,0,0,1,5,11.77,1,0.515,98.2,HIGH
HR Specialist,HR,Admin Panel,4,18.84,0,1,1,0,0,0.29,1,0.957,29.9,LOW
DevOps Engineer,HR,Production Database,4,14.81,0,1,1,0,0,4.69,1,0.957,31.8,MEDIUM
Finance Analyst,Finance,Development Server,2,12.72,0,1,1,0,0,3.35,1,0.822,23.1,LOW
Contractor,Product,Admin Panel,4,21.42,1,0,1,0,1,13.67,0,0.473,96.3,HIGH
Contractor,Finance,Admin Panel,4,19.14,0,1,1,0,0,0.16,1,0.735,31.9,MEDIUM
Finance Analyst,Engineering,Development Server,2,8.69,0,1,1,1,1,1.52,1,0.728,13.1,LOW
Product Manager,Engineering,Finance System,3,21.17,1,1,0,0,4,13.88,1,0.579,100.0,HIGH
System Administrator,Finance,HR Database,3,19.16,0,1,1,0,0,3.68,1,0.807,28.4,LOW
Product Manager,IT,GitHub Project Alpha,1,13.89,0,1,1,0,0,3.52,1,0.781,24.1,LOW
Product Manager,IT,Project Management System,1,22.06,1,1,0,1,4,5.1,1,0.396,73.0,HIGH
System Administrator,Product,Admin Panel,4,11.17,0,1,1,0,0,4.48,1,0.794,32.6,MEDIUM
Contractor,Finance,GitHub Project Alpha,1,4.49,1,0,1,0,0,10.12,1,0.515,86.7,HIGH
QA Engineer,Engineering,Production Database,4,2.49,1,0,0,1,1,7.34,1,0.478,86.7,HIGH
Finance Analyst,Engineering,Admin Panel,4,16.27,0,1,1,0,0,4.14,1,0.976,27.5,LOW
Product Manager,Finance,HR Database,3,14.81,0,1,0,0,0,1.72,1,0.73,52.5,MEDIUM
System Administrator,IT,Admin Panel,4,8.47,0,1,1,1,0,0.18,1,0.664,14.9,LOW
QA Engineer,Product,Admin Panel,4,15.3,0,1,1,0,0,4.96,1,0.94,31.6,MEDIUM
Product Manager,IT,Production Database,4,10.74,0,1,1,1,0,2.83,1,0.645,13.3,LOW
DevOps Engineer,Finance,Development Server,2,12.57,0,1,1,0,0,0.81,1,0.622,31.7,MEDIUM
Product Manager,IT,Finance System,3,14.48,0,1,1,0,0,3.21,1,0.978,30.6,MEDIUM
Finance Analyst,Finance,Admin Panel,4,22.82,1,0,1,0,2,7.36,1,0.264,100.0,HIGH
Product Manager,Finance,GitHub Project Alpha,1,15.68,0,1,1,0,0,2.78,1,0.641,29.9,LOW
Software Developer,Product,Project Management System,1,11.73,0,1,1,1,1,3.14,1,0.807,14.3,LOW
Contractor,HR,Development Server,2,1.89,1,0,0,0,2,8.06,1,0.058,100.0,HIGH
HR Specialist,IT,Project Management System,1,7.42,0,1,1,1,0,5.0,1,0.801,4.9,LOW
HR Specialist,HR,Admin Panel,4,7.83,0,0,1,0,0,4.97,1,0.646,52.1,MEDIUM
DevOps Engineer,IT,Admin Panel,4,22.47,1,1,0,1,5,4.58,1,0.349,89.1,HIGH
System Administrator,IT,Finance System,3,3.23,1,0,1,0,3,3.54,1,0.133,97.4,HIGH
Product Manager,Engineering,Project Management System,1,14.29,0,1,1,1,0,3.25,1,0.709,2.9,LOW
Finance Analyst,Engineering,Project Management System,1,7.05,0,1,1,1,1,4.56,1,0.825,12.4,LOW
QA Engineer,HR,Admin Panel,4,16.71,0,1,1,0,0,0.9,1,0.911,32.7,MEDIUM
Finance Analyst,HR,Development Server,2,7.45,0,1,1,0,0,3.08,1,0.805,30.9,MEDIUM
Finance Analyst,Engineering,Development Server,2,19.89,0,0,1,1,0,4.73,1,0.997,23.9,LOW
Contractor,Engineering,Project Management System,1,11.34,0,1,0,1,0,0.8,1,0.639,24.0,LOW
HR Specialist,Product,HR Database,3,17.45,0,1,1,0,0,2.0,1,0.823,28.4,LOW
Software Developer,HR,Development Server,2,19.56,0,1,1,0,1,0.67,1,0.851,31.2,MEDIUM
System Administrator,HR,GitHub Project Alpha,1,8.3,0,1,1,0,0,0.16,1,0.951,20.4,LOW
System Administrator,HR,Development Server,2,8.99,0,1,1,0,1,4.47,1,0.92,30.2,MEDIUM
HR Specialist,Engineering,Production Database,4,15.83,0,1,1,1,1,3.82,1,0.779,23.3,LOW
QA Engineer,HR,Finance System,3,9.82,0,0,1,0,1,4.77,1,0.852,54.3,MEDIUM
HR Specialist,HR,GitHub Project Alpha,1,19.55,0,1,1,0,0,1.09,1,0.988,26.2,LOW
HR Specialist,Finance,HR Database,3,10.02,0,1,1,0,0,4.17,1,0.886,30.6,MEDIUM
Product Manager,IT,Project Management System,1,18.4,0,1,1,1,0,4.3,1,0.953,4.1,LOW
Software Developer,Finance,Project Management System,1,21.61,1,0,1,1,1,3.33,1,0.298,53.7,MEDIUM
DevOps Engineer,Product,Finance System,3,16.38,0,1,1,0,0,3.0,1,0.88,27.7,LOW
Contractor,HR,HR Database,3,8.06,0,1,1,1,1,3.97,1,0.728,20.4,LOW
Finance Analyst,Finance,Development Server,2,23.4,1,1,0,0,3,9.1,0,0.008,96.8,HIGH
DevOps Engineer,Engineering,GitHub Project Alpha,1,10.59,0,1,1,1,0,0.34,1,0.729,3.8,LOW
QA Engineer,Finance,Finance System,3,12.8,0,1,1,1,1,0.88,1,0.777,18.1,LOW
Product Manager,Engineering,Finance System,3,16.16,0,1,1,0,0,1.5,1,0.764,31.1,MEDIUM
HR Specialist,HR,Finance System,3,10.34,0,1,1,0,0,1.93,1,0.73,32.2,MEDIUM
System Administrator,Finance,Project Management System,1,12.9,0,0,1,1,1,0.43,1,0.906,33.9,MEDIUM
DevOps Engineer,Engineering,Finance System,3,15.44,0,1,1,0,1,0.24,1,0.61,42.3,MEDIUM
HR Specialist,IT,Finance System,3,23.73,1,0,1,0,0,12.72,1,0.576,100.0,HIGH
Finance Analyst,Finance,Production Database,4,10.87,0,1,1,0,0,3.88,1,0.919,29.7,LOW
Contractor,Product,Development Server,2,9.13,0,1,1,0,0,2.97,1,0.852,24.8,LOW
Finance Analyst,Engineering,Admin Panel,4,18.02,0,1,1,0,0,1.23,1,0.698,33.2,MEDIUM
Software Developer,Product,Finance System,3,14.46,0,0,1,0,0,0.83,1,0.695,48.5,MEDIUM
Finance Analyst,Product,Project Management System,1,23.18,1,1,0,1,5,9.68,0,0.305,98.8,HIGH
HR Specialist,HR,GitHub Project Alpha,1,16.16,0,1,1,0,0,1.87,0,0.967,36.9,MEDIUM
HR Specialist,Engineering,Finance System,3,10.77,0,1,1,0,0,0.54,1,0.828,29.3,LOW
Contractor,IT,Project Management System,1,12.17,0,1,1,1,0,3.98,1,0.992,0.0,LOW
Product Manager,IT,Development Server,2,11.22,0,1,1,0,0,1.58,1,0.922,29.3,LOW
Product Manager,HR,Development Server,2,0.39,1,0,0,0,5,12.73,1,0.382,96.4,HIGH
Product Manager,Engineering,Project Management System,1,23.27,1,0,0,1,3,10.81,1,0.379,97.6,HIGH
Software Developer,Product,Admin Panel,4,8.73,0,1,1,0,1,3.4,1,0.725,36.8,MEDIUM
System Administrator,IT,Development Server,2,5.07,1,0,0,0,5,4.02,1,0.129,100.0,HIGH
System Administrator,Engineering,GitHub Project Alpha,1,19.75,0,1,1,1,0,3.02,1,0.732,7.7,LOW
Contractor,Finance,HR Database,3,9.07,0,1,1,0,0,0.72,1,0.783,30.3,MEDIUM
DevOps Engineer,IT,Development Server,2,8.15,0,1,1,0,0,3.15,1,0.994,24.2,LOW
Contractor,HR,GitHub Project Alpha,1,13.06,0,1,1,0,0,1.15,1,0.686,26.3,LOW
System Administrator,Product,Development Server,2,23.36,1,0,1,0,3,6.49,1,0.33,97.1,HIGH
System Administrator,Finance,Project Management System,1,23.96,1,0,0,1,4,14.75,1,0.478,97.4,HIGH
QA Engineer,IT,Admin Panel,4,3.58,1,0,0,1,5,3.42,0,0.323,99.8,HIGH
Software Developer,Engineering,Development Server,2,11.1,0,1,1,1,0,0.34,1,0.875,3.2,LOW
Product Manager,Engineering,Development Server,2,24.0,1,0,1,1,5,11.31,1,0.037,97.1,HIGH
Finance Analyst,Finance,GitHub Project Alpha,1,15.48,0,1,1,0,0,4.81,1,0.678,22.5,LOW
Contractor,IT,GitHub Project Alpha,1,12.29,0,1,1,0,1,0.49,1,0.903,29.7,LOW
Contractor,Engineering,HR Database,3,19.69,0,1,1,0,1,3.35,1,0.704,38.7,MEDIUM
Finance Analyst,Product,Finance System,3,8.22,0,1,0,0,0,4.74,1,0.626,48.5,MEDIUM
DevOps Engineer,Engineering,Production Database,4,19.17,0,1,1,1,1,2.02,1,0.617,19.9,LOW
QA Engineer,IT,Finance System,3,15.35,0,1,1,0,1,1.41,1,0.86,39.8,MEDIUM
Finance Analyst,HR,Development Server,2,18.84,0,1,1,0,0,0.61,1,0.963,23.8,LOW
Finance Analyst,IT,GitHub Project Alpha,1,9.13,0,1,1,0,0,2.24,1,0.716,29.1,LOW
System Administrator,Product,Project Management System,1,17.95,0,0,0,1,1,4.97,1,0.946,51.1,MEDIUM
QA Engineer,HR,Admin Panel,4,18.61,0,1,1,0,1,4.8,1,0.838,36.1,MEDIUM
Software Developer,Engineering,HR Database,3,21.32,1,0,0,0,5,11.98,1,0.278,100.0,HIGH
Contractor,IT,Admin Panel,4,18.42,0,1,1,1,0,3.59,1,0.849,10.1,LOW
System Administrator,Finance,Production Database,4,11.6,0,0,1,0,1,4.54,1,0.959,60.7,MEDIUM
Finance Analyst,Finance,Development Server,2,7.69,0,0,1,0,1,4.18,1,0.789,54.2,MEDIUM
Contractor,Product,Production Database,4,8.32,0,1,1,0,0,4.12,1,0.6,31.4,MEDIUM
HR Specialist,Engineering,Development Server,2,22.02,1,1,0,1,3,4.04,0,0.37,83.6,HIGH
Product Manager,IT,Admin Panel,4,11.14,0,1,1,1,0,2.73,1,0.692,14.8,LOW
Product Manager,Product,Admin Panel,4,12.5,0,1,1,0,1,3.69,1,0.842,39.0,MEDIUM
QA Engineer,Product,Development Server,2,13.53,0,1,1,0,0,4.04,1,0.99,28.5,LOW
HR Specialist,Engineering,Admin Panel,4,16.13,0,1,1,0,0,0.46,1,0.905,33.4,MEDIUM
Software Developer,Product,GitHub Project Alpha,1,5.18,1,0,1,1,0,12.41,1,0.594,68.0,MEDIUM
Product Manager,Product,Development Server,2,5.88,1,0,1,0,3,14.88,1,0.239,100.0,HIGH
DevOps Engineer,Engineering,HR Database,3,15.56,0,1,1,0,0,2.09,1,0.614,32.4,MEDIUM
HR Specialist,HR,GitHub Project Alpha,1,13.61,0,1,0,0,0,0.95,1,0.649,44.3,MEDIUM
Contractor,Engineering,Production Database,4,12.85,0,1,1,1,0,2.8,1,0.813,13.4,LOW
Finance Analyst,Product,Finance System,3,15.6,0,1,1,0,1,3.06,1,0.604,36.3,MEDIUM
DevOps Engineer,Engineering,Project Management System,1,19.25,0,1,1,1,0,2.33,1,0.824,4.8,LOW
HR Specialist,Finance,Production Database,4,11.56,0,1,1,0,0,0.68,1,0.843,32.2,MEDIUM
Software Developer,Finance,Development Server,2,8.15,0,1,1,0,0,2.0,1,0.81,24.4,LOW
DevOps Engineer,IT,Production Database,4,23.51,1,1,0,1,2,13.05,1,0.147,100.0,HIGH
DevOps Engineer,Product,Finance System,3,1.62,1,0,0,0,3,5.31,0,0.525,99.0,HIGH
System Administrator,Finance,Finance System,3,15.21,0,1,1,1,0,4.55,1,0.653,10.0,LOW
HR Specialist,HR,HR Database,3,9.65,0,1,1,1,0,1.0,1,0.687,13.4,LOW
HR Specialist,HR,HR Database,3,22.53,1,1,0,1,0,13.98,1,0.438,80.7,HIGH
Software Developer,HR,Development Server,2,9.49,0,0,1,0,0,2.23,1,0.958,49.1,MEDIUM
DevOps Engineer,HR,Production Database,4,22.06,1,0,1,0,2,13.53,1,0.134,98.1,HIGH
Product Manager,Product,Project Management System,1,18.13,0,1,1,1,1,2.5,1,0.778,15.3,LOW
DevOps Engineer,IT,Production Database,4,13.39,0,1,1,1,1,3.13,1,0.803,20.5,LOW
Product Manager,HR,Development Server,2,12.32,0,1,1,0,0,1.72,1,0.689,31.2,MEDIUM
DevOps Engineer,Product,Finance System,3,7.84,0,1,1,0,0,4.32,1,0.667,33.9,MEDIUM
Contractor,HR,Project Management System,1,4.44,1,1,0,1,2,8.02,0,0.308,92.8,HIGH
DevOps Engineer,Product,HR Database,3,12.46,0,1,1,0,0,0.17,1,0.821,31.0,MEDIUM
Finance Analyst,Engineering,Finance System,3,15.52,0,1,1,0,0,4.48,1,0.904,28.6,LOW
QA Engineer,Product,Admin Panel,4,8.6,0,1,1,0,0,4.59,1,0.924,33.5,MEDIUM
DevOps Engineer,IT,HR Database,3,5.64,1,0,0,0,2,7.98,1,0.458,96.8,HIGH
Finance Analyst,Product,GitHub Project Alpha,1,11.64,0,1,1,1,1,4.84,1,0.642,11.3,LOW
System Administrator,Engineering,HR Database,3,15.16,0,1,1,0,0,0.93,1,0.789,26.5,LOW
Contractor,Product,GitHub Project Alpha,1,19.22,0,1,1,1,0,2.37,1,0.794,5.4,LOW
Software Developer,IT,HR Database,3,11.78,0,1,1,0,0,0.6,1,0.794,28.5,LOW
Software Developer,IT,Development Server,2,8.35,0,1,1,0,0,3.62,1,1.0,24.9,LOW
DevOps Engineer,HR,Admin Panel,4,19.43,0,1,1,0,0,2.79,1,0.901,33.5,MEDIUM
Software Developer,IT,Admin Panel,4,19.83,0,1,1,1,0,2.71,1,0.69,13.3,LOW
Product Manager,IT,Development Server,2,12.52,0,1,1,0,0,3.72,1,0.782,27.2,LOW
DevOps Engineer,Product,Finance System,3,19.3,0,1,1,0,0,0.03,1,0.695,33.9,MEDIUM
DevOps Engineer,Finance,Development Server,2,21.66,1,0,0,0,0,4.45,1,0.491,88.1,HIGH
Contractor,IT,Admin Panel,4,22.79,1,0,0,1,3,13.17,0,0.083,97.6,HIGH
Contractor,HR,Finance System,3,12.58,0,1,1,0,0,2.06,1,0.838,31.7,MEDIUM
Product Manager,IT,Admin Panel,4,10.58,0,1,1,1,0,4.72,1,0.793,15.8,LOW
DevOps Engineer,Engineering,Production Database,4,17.7,0,1,1,1,0,4.76,1,0.88,12.8,LOW
HR Specialist,Engineering,GitHub Project Alpha,1,16.05,0,1,0,1,0,4.5,1,0.789,27.4,LOW
HR Specialist,Finance,Project Management System,1,10.3,0,1,1,1,0,3.82,1,0.628,6.0,LOW
QA Engineer,Product,Production Database,4,19.74,0,1,0,0,1,3.21,1,0.874,61.4,MEDIUM
System Administrator,IT,Admin Panel,4,9.63,0,1,1,1,0,3.67,1,0.955,14.2,LOW
DevOps Engineer,Engineering,Production Database,4,10.9,0,1,0,1,0,1.71,1,0.981,29.5,LOW
DevOps Engineer,HR,Development Server,2,15.14,0,1,1,0,0,3.39,1,0.913,26.1,LOW
DevOps Engineer,HR,HR Database,3,8.52,0,1,1,1,1,2.53,1,0.777,21.1,LOW
System Administrator,IT,Admin Panel,4,9.08,0,0,1,1,1,1.6,1,0.656,43.9,MEDIUM
Software Developer,Finance,Project Management System,1,18.1,0,1,1,1,0,0.24,1,0.623,4.5,LOW
HR Specialist,Engineering,Finance System,3,19.34,0,1,1,0,0,1.4,1,0.624,29.0,LOW
HR Specialist,Engineering,GitHub Project Alpha,1,5.62,1,0,0,1,0,10.32,1,0.097,90.7,HIGH
DevOps Engineer,HR,GitHub Project Alpha,1,18.67,0,1,1,0,0,4.38,1,0.741,24.6,LOW
QA Engineer,Product,Project Management System,1,8.76,0,1,0,1,0,3.26,1,0.76,25.0,LOW
Product Manager,HR,HR Database,3,1.76,1,0,0,1,4,13.96,1,0.182,100.0,HIGH
DevOps Engineer,Product,Development Server,2,13.76,0,1,1,0,0,0.41,0,0.907,44.9,MEDIUM
Contractor,IT,GitHub Project Alpha,1,2.97,1,0,0,0,0,10.48,1,0.092,100.0,HIGH
Contractor,Product,Production Database,4,8.57,0,1,0,0,1,4.9,1,0.858,58.8,MEDIUM
DevOps Engineer,IT,Production Database,4,7.27,0,1,0,1,0,1.66,1,0.993,26.7,LOW
System Administrator,Product,HR Database,3,8.83,0,1,1,0,0,0.76,1,0.632,30.4,MEDIUM
System Administrator,Finance,Production Database,4,12.77,0,0,1,0,0,2.81,1,0.94,46.7,MEDIUM
System Administrator,Finance,Project Management System,1,10.22,0,1,1,1,0,1.18,1,0.601,3.7,LOW
HR Specialist,Finance,HR Database,3,15.31,0,1,1,0,0,4.33,1,0.742,27.3,LOW
Software Developer,Engineering,Production Database,4,0.69,1,1,0,1,0,4.57,1,0.084,51.2,MEDIUM
Product Manager,HR,Development Server,2,9.24,0,1,1,0,0,2.28,1,0.607,31.2,MEDIUM
HR Specialist,HR,GitHub Project Alpha,1,19.91,0,1,1,0,0,1.79,1,0.625,29.9,LOW
Product Manager,Engineering,Finance System,3,8.9,0,1,1,0,0,0.25,1,0.884,25.2,LOW
Finance Analyst,Finance,HR Database,3,17.69,0,1,1,0,0,3.45,1,0.938,29.0,LOW
DevOps Engineer,Engineering,Project Management System,1,11.19,0,1,1,1,0,2.28,1,0.752,1.1,LOW
Contractor,Finance,Project Management System,1,13.27,0,1,1,1,0,1.79,1,0.885,7.2,LOW
QA Engineer,Finance,Production Database,4,21.13,1,0,0,0,1,9.14,1,0.28,100.0,HIGH
DevOps Engineer,IT,Admin Panel,4,2.98,1,0,0,1,0,14.43,1,0.438,100.0,HIGH
Contractor,IT,Development Server,2,21.1,1,0,0,0,5,5.81,1,0.301,100.0,HIGH
Contractor,IT,Project Management System,1,7.42,0,1,1,1,0,2.1,1,0.861,3.4,LOW
Finance Analyst,Engineering,GitHub Project Alpha,1,9.33,0,1,1,1,0,1.94,1,0.706,8.9,LOW
QA Engineer,IT,Finance System,3,19.35,0,1,1,0,0,4.1,1,0.711,30.5,MEDIUM
Product Manager,Finance,GitHub Project Alpha,1,15.45,0,1,1,0,0,3.58,1,0.813,20.6,LOW
DevOps Engineer,Product,Finance System,3,15.89,0,1,1,0,0,2.07,1,0.646,30.6,MEDIUM
Finance Analyst,Engineering,Production Database,4,13.65,0,1,1,1,0,2.51,1,0.947,12.2,LOW
Contractor,Engineering,GitHub Project Alpha,1,9.24,0,1,1,1,0,4.13,1,0.987,0.0,LOW
QA Engineer,Product,HR Database,3,18.34,0,1,1,0,0,1.17,1,0.757,30.8,MEDIUM
QA Engineer,Engineering,Production Database,4,1.88,1,0,0,1,3,4.68,1,0.266,96.4,HIGH
Software Developer,Engineering,Finance System,3,21.74,1,0,1,0,1,11.06,1,0.025,97.7,HIGH
DevOps Engineer,IT,Admin Panel,4,2.49,1,0,1,1,0,13.84,1,0.239,82.9,HIGH
HR Specialist,Product,Production Database,4,22.7,1,0,1,0,2,7.87,1,0.518,100.0,HIGH
System Administrator,Finance,Development Server,2,8.34,0,1,1,0,0,4.55,1,0.924,25.0,LOW
DevOps Engineer,Engineering,Production Database,4,21.84,1,0,0,1,5,8.52,0,0.305,100.0,HIGH
DevOps Engineer,Engineering,Project Management System,1,17.01,0,1,1,1,0,1.07,1,0.927,7.1,LOW
Product Manager,Finance,HR Database,3,21.18,1,0,0,0,0,5.9,1,0.485,94.8,HIGH
Product Manager,Product,GitHub Project Alpha,1,8.32,0,1,1,1,1,0.39,1,0.677,11.8,LOW
Product Manager,Product,Production Database,4,23.96,1,0,0,0,5,3.09,1,0.354,100.0,HIGH
Finance Analyst,IT,Development Server,2,10.07,0,1,0,0,0,1.49,1,0.636,49.1,MEDIUM
Software Developer,Product,GitHub Project Alpha,1,21.59,1,0,0,1,3,10.06,1,0.117,99.3,HIGH
System Administrator,Engineering,Development Server,2,15.39,0,1,1,1,0,4.48,1,0.958,5.6,LOW
System Administrator,HR,Admin Panel,4,9.52,0,1,1,0,0,4.59,1,0.945,34.4,MEDIUM
HR Specialist,Product,Development Server,2,4.86,1,0,1,0,1,11.39,1,0.555,98.5,HIGH
Product Manager,Engineering,GitHub Project Alpha,1,13.5,0,1,1,1,0,4.46,1,0.958,1.2,LOW
System Administrator,Engineering,Project Management System,1,11.17,0,1,1,1,0,2.88,1,0.693,8.1,LOW
HR Specialist,IT,Project Management System,1,13.99,0,1,1,1,0,3.1,1,0.893,5.2,LOW
System Administrator,IT,GitHub Project Alpha,1,22.02,1,0,0,0,1,11.42,1,0.29,99.6,HIGH
System Administrator,IT,Production Database,4,23.49,1,0,0,1,5,3.25,1,0.473,98.2,HIGH
System Administrator,HR,GitHub Project Alpha,1,19.16,0,1,1,0,0,3.52,1,0.861,21.4,LOW
Product Manager,IT,Admin Panel,4,4.34,1,0,0,1,5,6.14,1,0.336,100.0,HIGH
Contractor,Engineering,Development Server,2,13.33,0,1,1,1,1,0.12,1,0.855,13.7,LOW
HR Specialist,IT,Finance System,3,13.58,0,1,1,0,1,3.81,1,0.843,34.6,MEDIUM
HR Specialist,Engineering,GitHub Project Alpha,1,21.42,1,0,0,1,3,7.0,0,0.307,100.0,HIGH
System Administrator,IT,Development Server,2,23.53,1,1,1,0,1,8.99,0,0.447,88.0,HIGH
Finance Analyst,Finance,Production Database,4,22.01,1,0,1,0,5,4.11,1,0.566,99.8,HIGH
QA Engineer,IT,HR Database,3,11.22,0,1,1,0,0,3.9,1,0.947,25.8,LOW
Finance Analyst,Engineering,Project Management System,1,16.38,0,1,0,1,0,3.54,1,0.706,27.3,LOW
DevOps Engineer,Finance,GitHub Project Alpha,1,19.82,0,1,1,0,0,0.81,1,0.841,21.1,LOW
Contractor,IT,Admin Panel,4,18.61,0,1,1,1,0,0.76,1,0.625,9.8,LOW
System Administrator,Finance,HR Database,3,15.55,0,1,1,0,1,0.74,1,0.713,35.0,MEDIUM
Product Manager,Finance,GitHub Project Alpha,1,13.98,0,1,1,0,1,3.59,1,0.776,29.5,LOW
Finance Analyst,Product,Finance System,3,21.89,1,0,0,0,1,9.18,1,0.289,100.0,HIGH
QA Engineer,Finance,GitHub Project Alpha,1,22.33,1,0,0,0,0,4.78,1,0.156,82.4,HIGH
Contractor,HR,HR Database,3,17.29,0,1,1,1,1,0.61,1,0.62,17.5,LOW
Contractor,Finance,Project Management System,1,15.92,0,1,1,1,0,3.26,1,0.759,2.6,LOW
System Administrator,Product,Production Database,4,12.5,0,1,1,0,0,2.54,1,0.9,27.2,LOW
Software Developer,Product,HR Database,3,19.49,0,1,0,0,0,2.38,1,0.675,51.8,MEDIUM
Contractor,Engineering,Production Database,4,12.62,0,1,0,1,0,4.57,1,0.723,29.3,LOW
Product Manager,Engineering,Production Database,4,21.47,1,0,0,1,1,7.42,1,0.459,90.7,HIGH
Contractor,Product,Admin Panel,4,4.12,1,0,0,0,1,11.59,1,0.059,100.0,HIGH
Finance Analyst,Finance,GitHub Project Alpha,1,10.15,0,1,1,0,0,1.96,1,0.958,22.5,LOW
System Administrator,Product,Project Management System,1,5.3,1,0,0,1,1,11.16,1,0.133,96.1,HIGH
Finance Analyst,Product,Production Database,4,10.19,0,1,1,0,0,2.7,1,0.94,27.1,LOW
Product Manager,Product,GitHub Project Alpha,1,3.28,1,0,1,1,3,7.61,0,0.175,96.3,HIGH
DevOps Engineer,Product,Project Management System,1,12.23,0,1,0,1,0,4.51,1,0.889,22.4,LOW
HR Specialist,Finance,HR Database,3,19.43,0,1,1,0,0,2.67,1,0.738,30.0,LOW
Contractor,Engineering,HR Database,3,16.79,0,1,1,0,0,2.68,1,0.791,32.0,MEDIUM
DevOps Engineer,HR,GitHub Project Alpha,1,10.86,0,1,1,0,0,1.53,1,0.689,23.1,LOW
QA Engineer,Engineering,Finance System,3,12.23,0,1,1,0,0,2.01,1,0.757,27.2,LOW
Product Manager,HR,Production Database,4,8.24,0,1,1,0,0,3.92,1,0.995,29.9,LOW
Contractor,HR,Finance System,3,22.65,1,1,0,0,3,12.84,1,0.4,100.0,HIGH
Contractor,Product,HR Database,3,23.05,1,0,0,0,3,14.63,1,0.252,98.1,HIGH
Contractor,HR,HR Database,3,12.17,0,1,1,1,0,2.49,1,0.774,12.3,LOW
Contractor,Engineering,Admin Panel,4,11.64,0,1,1,0,0,0.03,1,0.645,35.9,MEDIUM
Software Developer,Product,Development Server,2,22.04,1,0,0,0,5,14.6,1,0.526,100.0,HIGH
Product Manager,IT,Development Server,2,8.87,0,1,1,0,0,3.53,1,0.786,28.0,LOW
HR Specialist,HR,Admin Panel,4,13.7,0,1,1,0,0,1.92,1,0.835,33.2,MEDIUM
Software Developer,Product,Admin Panel,4,15.03,0,1,1,0,0,1.86,1,0.885,34.9,MEDIUM
System Administrator,Product,Development Server,2,11.35,0,1,1,0,0,3.83,1,0.861,27.6,LOW
QA Engineer,Product,Admin Panel,4,15.84,0,1,1,0,1,4.76,1,0.816,38.6,MEDIUM
Finance Analyst,HR,GitHub Project Alpha,1,22.23,1,0,0,0,2,9.83,1,0.391,97.5,HIGH
Product Manager,Product,GitHub Project Alpha,1,16.32,0,1,1,1,0,0.02,1,0.676,6.7,LOW
QA Engineer,IT,Admin Panel,4,17.39,0,1,1,1,0,3.2,1,0.842,13.6,LOW
Product Manager,Product,HR Database,3,15.84,0,1,1,0,0,0.52,1,0.848,31.6,MEDIUM
QA Engineer,Product,GitHub Project Alpha,1,11.14,0,1,1,1,0,3.84,1,0.772,7.4,LOW
DevOps Engineer,Product,Finance System,3,14.14,0,1,1,0,0,1.16,1,0.796,31.2,MEDIUM
System Administrator,HR,Development Server,2,22.75,1,1,0,0,4,10.49,1,0.542,100.0,HIGH
Contractor,HR,Project Management System,1,8.31,0,1,1,1,0,2.64,1,0.971,1.3,LOW
Product Manager,Product,Development Server,2,18.17,0,1,0,0,0,2.88,1,0.701,44.4,MEDIUM
Product Manager,Engineering,Finance System,3,9.21,0,1,1,0,0,2.52,1,0.852,29.3,LOW
DevOps Engineer,HR,Project Management System,1,10.49,0,1,1,1,0,0.64,1,0.868,6.2,LOW
Finance Analyst,Product,Production Database,4,7.62,0,1,1,0,0,4.46,1,0.925,31.0,MEDIUM
System Administrator,Product,HR Database,3,10.34,0,1,1,0,0,4.67,1,0.754,31.5,MEDIUM
Finance Analyst,Finance,Admin Panel,4,19.95,0,0,1,0,0,1.85,1,0.629,50.2,MEDIUM
DevOps Engineer,Finance,Project Management System,1,23.66,1,0,0,1,1,5.49,1,0.379,72.8,HIGH
Finance Analyst,Finance,HR Database,3,16.87,0,1,1,0,0,2.42,1,0.673,30.1,MEDIUM
Product Manager,Finance,Finance System,3,10.36,0,1,1,1,0,1.34,1,0.925,11.4,LOW
DevOps Engineer,IT,Production Database,4,23.39,1,0,1,1,4,9.3,1,0.067,100.0,HIGH
System Administrator,HR,GitHub Project Alpha,1,16.34,0,1,1,0,0,2.81,1,0.668,26.5,LOW
Finance Analyst,Product,Development Server,2,23.01,1,1,0,0,5,11.3,1,0.5,100.0,HIGH
Finance Analyst,Finance,Project Management System,1,14.21,0,1,1,1,0,4.68,1,0.818,1.8,LOW
QA Engineer,IT,Finance System,3,1.91,1,1,0,0,1,9.09,1,0.496,93.3,HIGH
Finance Analyst,HR,Admin Panel,4,23.62,1,1,0,0,1,6.8,0,0.485,97.3,HIGH
HR Specialist,Product,Admin Panel,4,10.84,0,1,0,0,0,2.03,1,0.782,51.3,MEDIUM
HR Specialist,IT,Project Management System,1,23.5,1,0,0,1,0,11.91,1,0.55,93.5,HIGH
Contractor,Engineering,Production Database,4,22.65,1,0,0,1,1,3.97,1,0.378,77.3,HIGH
Finance Analyst,Product,HR Database,3,16.0,0,1,1,0,0,2.02,1,0.921,24.8,LOW
Software Developer,Engineering,Project Management System,1,13.96,0,1,1,1,0,3.01,1,0.647,8.7,LOW
Contractor,Engineering,Admin Panel,4,22.47,1,0,0,0,3,8.38,1,0.491,96.2,HIGH
DevOps Engineer,Finance,Admin Panel,4,23.91,1,0,0,0,4,9.48,1,0.229,100.0,HIGH
System Administrator,Engineering,Production Database,4,10.69,0,1,1,1,1,2.64,1,0.601,24.4,LOW
Contractor,Finance,Project Management System,1,14.79,0,1,1,1,0,0.16,1,0.976,0.9,LOW
DevOps Engineer,IT,Admin Panel,4,4.58,1,0,0,1,5,4.01,1,0.288,100.0,HIGH
Product Manager,HR,Development Server,2,9.0,0,1,1,0,0,3.18,1,0.832,29.6,LOW
Finance Analyst,Product,Admin Panel,4,7.62,0,1,1,0,0,1.02,1,0.749,32.4,MEDIUM
HR Specialist,Product,GitHub Project Alpha,1,11.89,0,1,1,1,0,4.54,1,0.815,4.6,LOW
Contractor,IT,GitHub Project Alpha,1,19.81,0,1,1,0,0,2.63,1,0.618,26.1,LOW
HR Specialist,Finance,Development Server,2,17.86,0,1,1,0,0,2.67,1,0.983,28.2,LOW
Contractor,IT,HR Database,3,21.41,1,1,0,0,0,12.23,0,0.111,99.4,HIGH
DevOps Engineer,IT,Production Database,4,17.25,0,1,0,1,0,4.91,1,0.971,31.0,MEDIUM
Contractor,HR,Development Server,2,10.06,0,1,1,0,0,4.04,1,0.765,24.5,LOW
HR Specialist,IT,Development Server,2,19.03,0,1,1,0,0,0.02,1,0.651,28.7,LOW
QA Engineer,Finance,Finance System,3,8.82,0,1,0,1,0,2.03,1,0.877,30.4,MEDIUM
System Administrator,Product,GitHub Project Alpha,1,22.79,1,0,1,1,2,9.45,1,0.331,78.5,HIGH
Software Developer,IT,GitHub Project Alpha,1,0.33,1,0,1,0,1,7.93,1,0.48,81.9,HIGH
Product Manager,HR,Admin Panel,4,7.5,0,1,1,0,0,0.38,1,0.623,37.4,MEDIUM
Contractor,IT,Admin Panel,4,11.59,0,1,1,1,1,3.57,1,0.881,17.4,LOW
Software Developer,Engineering,GitHub Project Alpha,1,16.45,0,1,1,1,0,0.24,1,0.967,4.1,LOW
Product Manager,Finance,Development Server,2,15.44,0,1,1,0,1,0.7,1,0.783,32.0,MEDIUM
Contractor,Product,Finance System,3,14.42,0,1,0,0,0,3.54,1,0.974,49.5,MEDIUM
HR Specialist,IT,Production Database,4,9.76,0,1,1,1,1,4.43,1,0.933,22.4,LOW
DevOps Engineer,Engineering,Development Server,2,2.11,1,0,0,1,3,8.31,1,0.572,100.0,HIGH
HR Specialist,IT,Production Database,4,9.41,0,1,1,1,0,2.28,1,0.823,12.0,LOW
Finance Analyst,Finance,Project Management System,1,16.73,0,1,1,1,0,2.9,1,0.705,7.7,LOW
System Administrator,Product,Admin Panel,4,14.32,0,1,0,0,0,3.59,1,0.935,52.0,MEDIUM
System Administrator,HR,Project Management System,1,1.94,1,1,1,1,3,7.73,1,0.206,66.8,MEDIUM
HR Specialist,Engineering,Project Management System,1,18.64,0,1,1,1,0,2.76,1,0.996,5.7,LOW
HR Specialist,IT,HR Database,3,16.85,0,0,1,0,0,0.34,1,0.745,50.3,MEDIUM
Software Developer,Engineering,Admin Panel,4,18.31,0,1,1,0,1,4.96,1,0.718,37.6,MEDIUM
System Administrator,IT,GitHub Project Alpha,1,22.45,1,0,0,0,2,11.88,1,0.39,99.2,HIGH
Contractor,Finance,Project Management System,1,17.95,0,1,1,1,1,1.0,1,0.722,10.8,LOW
Product Manager,Finance,Project Management System,1,22.87,1,0,0,1,0,5.55,1,0.269,66.3,MEDIUM
HR Specialist,Finance,Project Management System,1,14.01,0,0,1,1,0,3.43,1,0.806,20.5,LOW
DevOps Engineer,Product,HR Database,3,11.14,0,0,1,0,0,0.09,1,0.75,49.0,MEDIUM
Software Developer,Finance,Finance System,3,17.23,0,1,1,1,0,2.7,1,0.696,13.0,LOW
QA Engineer,Engineering,HR Database,3,21.39,1,0,0,0,1,10.26,1,0.48,97.3,HIGH
HR Specialist,IT,Project Management System,1,9.16,0,1,1,1,0,2.87,1,0.96,0.3,LOW
System Administrator,HR,GitHub Project Alpha,1,8.53,0,1,1,0,0,3.75,1,0.877,21.2,LOW
Product Manager,Product,Admin Panel,4,13.07,0,1,1,0,0,2.55,1,0.879,29.6,LOW
System Administrator,IT,Admin Panel,4,21.6,1,0,0,1,4,8.32,1,0.117,100.0,HIGH
HR Specialist,Product,Production Database,4,9.4,0,1,1,0,0,2.72,1,0.666,31.9,MEDIUM
HR Specialist,Product,Admin Panel,4,12.47,0,1,1,0,0,0.53,1,0.95,31.6,MEDIUM
QA Engineer,IT,Admin Panel,4,8.6,0,1,1,1,0,1.21,1,0.978,9.3,LOW
Product Manager,Finance,Development Server,2,17.73,0,1,0,0,1,3.33,1,0.688,57.2,MEDIUM
Software Developer,Product,Development Server,2,12.76,0,0,1,0,0,1.18,1,0.6,46.9,MEDIUM
HR Specialist,Product,Project Management System,1,11.28,0,1,1,1,0,2.18,1,0.604,7.9,LOW
HR Specialist,Product,Admin Panel,4,7.87,0,0,1,0,0,0.38,1,0.709,51.4,MEDIUM
HR Specialist,Engineering,Admin Panel,4,17.49,0,1,1,0,0,3.71,1,0.666,31.0,MEDIUM
Software Developer,HR,Finance System,3,21.32,1,0,1,0,4,3.79,1,0.484,99.5,HIGH
System Administrator,IT,Admin Panel,4,15.09,0,1,1,1,0,4.91,1,0.607,13.4,LOW
Contractor,HR,Development Server,2,16.01,0,1,1,0,0,4.49,1,0.707,29.5,LOW
Finance Analyst,Finance,HR Database,3,4.03,1,0,0,0,1,11.96,1,0.068,100.0,HIGH
HR Specialist,Product,HR Database,3,17.58,0,1,0,0,1,4.58,1,0.947,58.4,MEDIUM
Software Developer,IT,GitHub Project Alpha,1,19.16,0,1,1,0,0,0.13,1,0.965,21.6,LOW
Finance Analyst,IT,HR Database,3,15.79,0,0,1,0,0,3.36,1,0.798,49.0,MEDIUM
HR Specialist,IT,Finance System,3,15.07,0,1,1,0,1,1.26,1,0.946,34.3,MEDIUM
QA Engineer,HR,Development Server,2,11.74,0,1,1,0,0,2.75,1,0.713,24.5,LOW
HR Specialist,HR,HR Database,3,23.09,1,0,0,1,1,10.3,1,0.591,100.0,HIGH
Product Manager,Engineering,Finance System,3,23.72,1,1,1,0,0,11.47,0,0.225,97.5,HIGH
QA Engineer,IT,Project Management System,1,7.99,0,1,1,1,0,3.03,1,0.873,0.0,LOW
Finance Analyst,Engineering,Project Management System,1,21.59,1,1,0,1,4,14.75,1,0.109,100.0,HIGH
Software Developer,Engineering,Admin Panel,4,21.47,1,1,0,0,4,14.24,1,0.03,100.0,HIGH
HR Specialist,Product,Production Database,4,21.34,1,0,1,0,0,5.38,1,0.159,76.6,HIGH
Software Developer,Engineering,Development Server,2,12.34,0,1,1,1,0,4.17,1,0.877,5.8,LOW
Product Manager,HR,Production Database,4,15.3,0,1,1,0,0,2.99,1,0.658,37.2,MEDIUM
HR Specialist,HR,Development Server,2,17.17,0,1,1,0,0,3.52,1,0.707,27.7,LOW
HR Specialist,Finance,GitHub Project Alpha,1,14.13,0,1,1,0,0,1.06,1,0.723,26.3,LOW
Finance Analyst,Product,HR Database,3,19.33,0,1,1,0,0,3.61,1,0.876,27.4,LOW
QA Engineer,Finance,Project Management System,1,5.6,1,0,0,1,3,5.9,1,0.557,89.8,HIGH
Software Developer,Engineering,Project Management System,1,18.02,0,1,1,1,0,0.86,1,0.713,4.7,LOW
Product Manager,IT,Project Management System,1,9.87,0,1,0,1,0,4.54,1,0.876,22.2,LOW
HR Specialist,Product,HR Database,3,17.29,0,1,1,0,0,0.13,1,0.955,24.6,LOW
Finance Analyst,HR,Project Management System,1,14.7,0,1,1,1,0,2.06,1,0.701,4.3,LOW
Finance Analyst,Engineering,Production Database,4,19.07,0,1,1,1,0,3.46,1,0.766,14.7,LOW
System Administrator,Product,Project Management System,1,18.92,0,1,1,1,0,4.93,1,0.996,2.7,LOW
DevOps Engineer,Product,HR Database,3,9.88,0,1,1,0,0,2.85,1,0.666,30.6,MEDIUM
System Administrator,IT,Production Database,4,21.06,1,0,0,1,2,11.81,1,0.251,97.7,HIGH
Product Manager,IT,Finance System,3,12.38,0,1,1,0,0,4.83,1,0.802,25.5,LOW
HR Specialist,HR,Project Management System,1,11.99,0,0,1,1,1,1.19,1,0.908,27.7,LOW
QA Engineer,Product,HR Database,3,19.65,0,1,1,0,0,3.04,0,0.657,42.6,MEDIUM
DevOps Engineer,Product,Development Server,2,19.01,0,1,1,0,0,0.18,1,0.718,27.7,LOW
Product Manager,Engineering,Finance System,3,14.73,0,1,1,0,1,0.64,1,0.801,37.9,MEDIUM
DevOps Engineer,Product,Production Database,4,16.43,0,1,1,0,0,2.79,1,0.987,29.8,LOW
HR Specialist,IT,Project Management System,1,9.04,0,1,1,1,0,3.22,1,0.763,8.3,LOW
Product Manager,Finance,GitHub Project Alpha,1,18.39,0,1,1,0,0,1.63,1,0.657,28.1,LOW
Finance Analyst,Engineering,HR Database,3,18.8,0,1,1,0,0,2.28,1,0.822,26.4,LOW
HR Specialist,Finance,Development Server,2,22.78,1,0,1,0,3,11.58,0,0.317,97.4,HIGH
Product Manager,HR,Project Management System,1,2.48,1,0,0,1,0,6.62,1,0.114,71.5,HIGH
System Administrator,HR,Development Server,2,16.83,0,1,1,0,0,0.06,1,0.903,23.0,LOW
DevOps Engineer,HR,Development Server,2,16.59,0,1,1,0,1,0.57,1,0.646,33.4,MEDIUM
Software Developer,Product,Development Server,2,5.17,1,0,0,0,3,9.95,1,0.53,100.0,HIGH
HR Specialist,Finance,HR Database,3,9.86,0,1,1,0,1,2.15,1,0.684,37.8,MEDIUM
Product Manager,Finance,GitHub Project Alpha,1,16.43,0,1,1,0,0,3.5,1,0.729,24.2,LOW
System Administrator,Product,Admin Panel,4,21.06,1,0,0,0,5,7.54,1,0.434,100.0,HIGH
Product Manager,IT,HR Database,3,9.9,0,1,1,0,0,2.68,1,0.897,30.9,MEDIUM
DevOps Engineer,Product,Admin Panel,4,1.69,1,1,1,0,2,5.9,0,0.246,91.3,HIGH
Product Manager,Finance,GitHub Project Alpha,1,9.23,0,1,1,0,0,3.84,1,0.894,24.9,LOW
Finance Analyst,Engineering,GitHub Project Alpha,1,21.63,1,1,0,1,0,13.42,1,0.575,72.6,HIGH
HR Specialist,Engineering,Production Database,4,12.45,0,1,1,1,0,1.86,1,0.89,12.6,LOW
Product Manager,HR,HR Database,3,17.33,0,1,1,1,0,0.24,1,0.66,9.6,LOW
Finance Analyst,Engineering,Project Management System,1,3.53,1,0,0,1,2,6.49,1,0.201,89.5,HIGH
Product Manager,IT,GitHub Project Alpha,1,5.28,1,0,1,0,3,7.92,1,0.258,96.5,HIGH
Finance Analyst,Product,Finance System,3,2.75,1,0,0,0,4,8.65,1,0.52,100.0,HIGH
Product Manager,IT,Development Server,2,12.75,0,1,1,0,0,4.62,1,0.604,30.0,MEDIUM
System Administrator,Product,Project Management System,1,15.01,0,1,1,1,0,4.86,1,0.898,6.3,LOW
Product Manager,HR,Production Database,4,13.7,0,1,1,0,0,2.81,1,0.626,32.6,MEDIUM
Product Manager,Finance,HR Database,3,13.13,0,1,1,0,0,2.77,1,0.746,32.4,MEDIUM
DevOps Engineer,Product,Finance System,3,14.67,0,1,1,0,0,0.7,1,0.743,30.9,MEDIUM
DevOps Engineer,Product,Production Database,4,8.52,0,1,1,0,1,4.22,1,0.987,35.5,MEDIUM
DevOps Engineer,Finance,Production Database,4,23.63,1,0,0,0,2,5.25,1,0.079,97.6,HIGH
DevOps Engineer,Product,HR Database,3,19.59,0,0,1,0,0,0.19,1,0.837,51.3,MEDIUM
Software Developer,IT,HR Database,3,7.63,0,0,1,0,0,2.63,1,0.738,54.1,MEDIUM
Software Developer,Engineering,Admin Panel,4,18.33,0,1,1,0,0,2.68,1,0.915,32.3,MEDIUM
DevOps Engineer,Product,Project Management System,1,18.81,0,1,1,1,0,1.44,1,0.773,4.7,LOW
Finance Analyst,Engineering,Project Management System,1,7.73,0,1,1,1,0,4.76,1,0.89,5.3,LOW
Software Developer,Finance,HR Database,3,5.93,1,1,0,0,1,14.93,0,0.362,98.9,HIGH
HR Specialist,Finance,Development Server,2,18.2,0,1,1,0,0,1.93,1,0.932,29.7,LOW
DevOps Engineer,Product,Admin Panel,4,17.56,0,1,1,0,0,0.79,1,0.749,33.5,MEDIUM
QA Engineer,IT,Development Server,2,12.65,0,1,1,0,0,2.59,1,0.843,25.2,LOW
Software Developer,HR,Finance System,3,11.22,0,1,0,0,0,3.89,1,0.781,46.8,MEDIUM
DevOps Engineer,Product,GitHub Project Alpha,1,15.33,0,1,1,1,0,0.18,1,0.682,5.1,LOW
Contractor,IT,Admin Panel,4,3.66,1,0,0,1,2,5.57,1,0.11,88.9,HIGH
QA Engineer,Product,HR Database,3,11.95,0,1,1,0,1,0.08,1,0.879,35.5,MEDIUM
HR Specialist,Product,Finance System,3,11.56,0,1,1,0,0,2.21,0,0.81,44.1,MEDIUM
DevOps Engineer,HR,Project Management System,1,0.87,1,1,0,1,0,12.26,1,0.376,74.9,HIGH
HR Specialist,IT,Admin Panel,4,16.89,0,1,1,1,0,3.27,1,0.994,13.4,LOW
QA Engineer,Engineering,Development Server,2,0.26,1,0,1,1,3,9.45,1,0.473,88.4,HIGH
Product Manager,HR,Development Server,2,16.76,0,1,1,0,0,3.66,1,0.996,21.9,LOW
Product Manager,HR,Finance System,3,13.22,0,0,1,0,0,3.22,1,0.808,50.8,MEDIUM
QA Engineer,HR,Project Management System,1,11.5,0,1,1,1,0,0.87,1,0.905,0.0,LOW
System Administrator,Finance,Finance System,3,21.71,1,0,0,1,4,11.94,1,0.299,96.4,HIGH
Finance Analyst,Engineering,GitHub Project Alpha,1,7.14,0,1,1,1,0,2.23,1,0.98,0.3,LOW
Software Developer,Engineering,HR Database,3,14.06,0,1,1,0,0,1.68,1,0.784,30.1,MEDIUM
Software Developer,HR,Admin Panel,4,21.97,1,1,1,0,4,14.39,0,0.546,100.0,HIGH
Finance Analyst,Product,Admin Panel,4,22.38,1,1,0,0,5,13.34,1,0.528,100.0,HIGH
Product Manager,Finance,Finance System,3,21.23,1,0,0,1,2,3.79,0,0.304,100.0,HIGH
DevOps Engineer,HR,Development Server,2,16.11,0,1,1,0,0,3.3,1,0.883,23.4,LOW
DevOps Engineer,HR,GitHub Project Alpha,1,7.16,0,1,0,0,0,0.56,1,0.969,44.9,MEDIUM
QA Engineer,IT,Admin Panel,4,19.33,0,1,1,1,1,0.02,1,0.853,21.2,LOW
QA Engineer,HR,Finance System,3,13.1,0,1,1,0,0,2.22,1,0.89,27.2,LOW
System Administrator,Finance,Finance System,3,15.94,0,1,1,1,1,4.02,1,0.808,14.7,LOW
System Administrator,Finance,Admin Panel,4,14.02,0,1,1,0,0,0.12,1,0.93,26.8,LOW
Contractor,HR,Admin Panel,4,10.43,0,1,1,0,1,1.75,1,0.892,41.6,MEDIUM
Product Manager,HR,Development Server,2,4.67,1,0,0,0,2,14.88,1,0.451,97.2,HIGH
Contractor,HR,Project Management System,1,7.89,0,1,1,1,1,2.29,1,0.653,13.3,LOW
Product Manager,IT,Project Management System,1,21.87,1,1,0,1,0,9.85,1,0.351,65.2,MEDIUM
HR Specialist,HR,Project Management System,1,23.59,1,0,0,1,4,7.4,0,0.157,100.0,HIGH
Product Manager,Product,Admin Panel,4,8.96,0,1,1,0,0,3.54,1,0.837,30.4,MEDIUM
Finance Analyst,HR,Project Management System,1,19.75,0,1,1,1,1,1.56,1,0.759,13.2,LOW
Contractor,Product,Production Database,4,10.9,0,1,1,0,0,3.31,0,0.603,45.1,MEDIUM
HR Specialist,HR,Admin Panel,4,12.22,0,0,0,0,1,3.27,1,0.798,76.5,HIGH
Contractor,Finance,Admin Panel,4,14.25,0,1,1,0,0,1.98,1,0.681,29.2,LOW
Finance Analyst,Engineering,Development Server,2,11.59,0,1,1,1,0,4.27,1,0.91,5.8,LOW
Contractor,IT,Development Server,2,21.32,1,1,0,0,1,4.02,1,0.502,75.5,HIGH
HR Specialist,IT,Project Management System,1,16.4,0,1,1,1,0,0.42,1,0.957,2.0,LOW
System Administrator,IT,Production Database,4,8.99,0,1,1,1,0,3.96,1,0.892,14.2,LOW
System Administrator,HR,Project Management System,1,16.49,0,1,1,1,0,1.53,1,0.867,0.1,LOW
HR Specialist,Engineering,Production Database,4,15.0,0,1,1,1,0,4.89,1,0.919,14.4,LOW
Finance Analyst,IT,Development Server,2,15.86,0,0,0,0,0,1.28,1,0.925,64.6,MEDIUM
HR Specialist,HR,GitHub Project Alpha,1,16.61,0,1,1,0,0,0.28,1,0.948,22.5,LOW
Finance Analyst,IT,Development Server,2,19.18,0,1,1,0,0,3.26,1,0.678,26.5,LOW
HR Specialist,HR,Development Server,2,21.19,1,0,0,0,3,5.09,1,0.482,100.0,HIGH
Contractor,Engineering,Admin Panel,4,11.86,0,1,1,0,0,2.63,1,0.79,35.5,MEDIUM
System Administrator,Engineering,Admin Panel,4,9.4,0,1,1,0,0,4.22,1,0.888,32.8,MEDIUM
Software Developer,Finance,Project Management System,1,5.77,1,0,1,1,3,6.93,0,0.496,93.4,HIGH
Product Manager,HR,Production Database,4,17.22,0,1,1,0,0,3.43,1,0.751,31.7,MEDIUM
Product Manager,Engineering,GitHub Project Alpha,1,11.18,0,1,1,1,0,3.58,1,0.676,4.6,LOW
Finance Analyst,IT,Project Management System,1,23.46,1,0,1,1,2,10.0,1,0.218,84.1,HIGH
Software Developer,IT,Production Database,4,11.64,0,1,1,1,0,1.97,1,0.91,11.4,LOW
HR Specialist,Engineering,Development Server,2,16.03,0,1,1,1,1,2.75,1,0.949,15.2,LOW
HR Specialist,Finance,Admin Panel,4,7.01,0,1,1,0,0,3.9,1,0.775,28.6,LOW
Finance Analyst,IT,GitHub Project Alpha,1,9.86,0,1,1,0,1,4.62,0,0.951,47.7,MEDIUM
System Administrator,IT,Project Management System,1,16.04,0,1,1,1,1,0.01,1,0.974,12.7,LOW
Finance Analyst,IT,Admin Panel,4,10.89,0,1,1,1,0,1.1,1,0.729,13.1,LOW
System Administrator,HR,HR Database,3,16.71,0,1,1,1,0,1.98,1,0.986,9.2,LOW
Software Developer,Engineering,Production Database,4,7.05,0,1,1,1,0,2.39,1,0.996,13.6,LOW
Software Developer,IT,HR Database,3,17.69,0,1,1,0,0,3.23,1,0.766,33.3,MEDIUM
QA Engineer,Finance,Project Management System,1,15.64,0,0,1,1,0,3.94,1,0.779,26.9,LOW
Finance Analyst,Finance,Finance System,3,11.56,0,1,1,1,1,2.89,1,0.778,19.3,LOW
System Administrator,Engineering,Development Server,2,12.14,0,1,1,1,1,0.28,1,0.912,14.3,LOW
Product Manager,Finance,Admin Panel,4,14.26,0,1,1,0,0,3.49,1,0.932,27.5,LOW
Product Manager,IT,Finance System,3,17.61,0,1,0,0,0,4.07,1,0.744,48.7,MEDIUM
Software Developer,Finance,Admin Panel,4,16.3,0,1,1,0,1,1.79,1,0.899,41.7,MEDIUM
Contractor,Engineering,GitHub Project Alpha,1,5.16,1,0,1,1,2,14.49,1,0.049,90.4,HIGH
Contractor,IT,Development Server,2,5.81,1,0,1,0,0,4.45,1,0.031,71.9,HIGH
Finance Analyst,Engineering,GitHub Project Alpha,1,14.54,0,1,1,1,0,0.43,1,0.662,2.9,LOW
Software Developer,IT,Admin Panel,4,23.64,1,0,0,1,5,7.18,1,0.374,100.0,HIGH
QA Engineer,Finance,Finance System,3,5.36,1,0,1,1,3,5.45,0,0.033,93.2,HIGH
QA Engineer,Product,Production Database,4,16.36,0,1,1,0,0,3.66,1,0.878,33.0,MEDIUM
Product Manager,Engineering,Finance System,3,1.01,1,0,0,0,0,11.99,1,0.448,96.8,HIGH
DevOps Engineer,Product,Production Database,4,12.16,0,1,1,0,0,0.2,1,0.716,33.7,MEDIUM
System Administrator,IT,GitHub Project Alpha,1,22.89,1,1,0,0,1,14.94,1,0.309,96.9,HIGH
QA Engineer,HR,Project Management System,1,9.69,0,0,1,1,0,3.57,1,0.716,21.6,LOW
DevOps Engineer,Product,Production Database,4,10.23,0,0,1,0,0,0.17,1,0.711,55.5,MEDIUM
HR Specialist,HR,Development Server,2,9.11,0,1,1,0,0,4.12,1,0.782,29.4,LOW
HR Specialist,IT,GitHub Project Alpha,1,10.36,0,1,1,0,1,4.17,1,0.635,32.7,MEDIUM
Finance Analyst,Engineering,Admin Panel,4,21.39,1,0,1,0,0,14.04,1,0.136,98.9,HIGH
QA Engineer,Finance,Admin Panel,4,18.28,0,1,1,0,0,0.48,1,0.927,32.7,MEDIUM
Finance Analyst,Finance,Finance System,3,1.08,1,0,0,1,4,3.02,0,0.012,100.0,HIGH
Contractor,Finance,Development Server,2,14.81,0,1,1,0,0,0.33,1,0.951,26.6,LOW
Software Developer,IT,Finance System,3,16.65,0,1,1,0,0,3.07,1,0.828,30.1,MEDIUM
Contractor,HR,Production Database,4,1.97,1,0,0,0,5,7.48,1,0.563,100.0,HIGH
System Administrator,HR,GitHub Project Alpha,1,22.08,1,0,0,0,3,9.86,1,0.164,100.0,HIGH
Contractor,Product,Development Server,2,10.02,0,1,1,0,0,4.25,1,0.945,26.0,LOW
System Administrator,HR,Project Management System,1,14.99,0,1,0,1,0,4.84,1,0.638,29.4,LOW
QA Engineer,Finance,Admin Panel,4,10.94,0,1,1,0,0,0.18,1,0.647,37.4,MEDIUM
Finance Analyst,Product,Production Database,4,11.94,0,1,1,0,0,0.39,1,0.76,29.4,LOW
QA Engineer,Engineering,GitHub Project Alpha,1,8.06,0,0,1,1,1,2.91,1,0.857,28.8,LOW
DevOps Engineer,HR,Development Server,2,21.89,1,1,0,0,2,8.44,1,0.155,100.0,HIGH
Contractor,Engineering,Production Database,4,8.44,0,1,1,1,0,2.2,1,0.868,7.8,LOW
DevOps Engineer,Finance,GitHub Project Alpha,1,7.33,0,1,1,0,0,2.6,1,0.618,23.5,LOW
System Administrator,Engineering,Production Database,4,12.63,0,1,1,1,1,2.71,1,0.843,22.5,LOW
Contractor,Product,Admin Panel,4,11.82,0,1,1,0,0,3.49,1,0.616,32.3,MEDIUM
HR Specialist,Engineering,Development Server,2,5.5,1,0,0,1,2,8.9,0,0.371,100.0,HIGH
QA Engineer,Engineering,HR Database,3,9.57,0,1,1,0,0,1.28,1,0.839,30.9,MEDIUM
DevOps Engineer,HR,HR Database,3,14.63,0,1,1,1,1,0.53,1,0.788,18.7,LOW
System Administrator,Engineering,Development Server,2,7.92,0,1,1,1,0,2.91,1,0.615,8.6,LOW
HR Specialist,IT,HR Database,3,19.13,0,1,1,0,0,1.56,1,0.893,32.4,MEDIUM
Product Manager,Product,Development Server,2,13.93,0,1,1,0,0,2.06,1,0.641,28.2,LOW
Contractor,HR,Finance System,3,16.28,0,1,1,0,0,0.99,1,0.764,29.0,LOW
Product Manager,IT,Production Database,4,17.34,0,0,1,1,0,4.34,1,0.706,31.4,MEDIUM
DevOps Engineer,Engineering,Development Server,2,21.63,1,0,0,1,5,7.12,1,0.542,99.6,HIGH
Product Manager,HR,Finance System,3,17.86,0,1,1,0,0,1.68,1,0.987,31.6,MEDIUM
Software Developer,Product,Finance System,3,3.49,1,0,0,0,2,6.77,1,0.342,100.0,HIGH
HR Specialist,HR,HR Database,3,15.67,0,1,1,1,0,1.59,1,0.852,12.6,LOW
DevOps Engineer,HR,GitHub Project Alpha,1,10.28,0,1,1,0,0,3.07,1,0.873,22.2,LOW
Finance Analyst,Engineering,Development Server,2,21.84,1,1,0,1,2,11.07,1,0.353,92.6,HIGH
DevOps Engineer,HR,Admin Panel,4,5.5,1,0,0,0,4,8.99,0,0.15,97.6,HIGH
Product Manager,Product,Finance System,3,17.54,0,0,1,0,0,3.53,1,0.882,46.4,MEDIUM
QA Engineer,Product,Development Server,2,13.94,0,1,1,0,0,3.88,1,0.857,22.7,LOW
Product Manager,Product,Finance System,3,18.14,0,1,1,0,0,3.61,1,0.868,30.4,MEDIUM
System Administrator,Engineering,GitHub Project Alpha,1,15.08,0,1,1,1,0,3.9,1,0.756,7.9,LOW
DevOps Engineer,Finance,Development Server,2,14.53,0,1,1,0,0,2.39,1,0.708,26.9,LOW
QA Engineer,HR,Admin Panel,4,21.48,1,0,0,0,4,11.38,1,0.002,98.3,HIGH
Contractor,Product,Finance System,3,9.25,0,1,1,0,0,2.75,1,0.839,32.9,MEDIUM
System Administrator,Product,GitHub Project Alpha,1,7.53,0,1,1,1,1,4.61,1,0.748,13.0,LOW
Product Manager,HR,Project Management System,1,4.03,1,1,1,1,1,11.69,1,0.193,63.0,MEDIUM
Software Developer,IT,Finance System,3,21.51,1,0,0,0,3,9.44,1,0.072,100.0,HIGH
DevOps Engineer,IT,Development Server,2,18.19,0,0,1,0,0,0.74,1,0.763,50.2,MEDIUM
Software Developer,HR,GitHub Project Alpha,1,23.93,1,0,0,0,3,14.82,1,0.206,96.8,HIGH
HR Specialist,Product,Development Server,2,13.94,0,1,1,0,0,3.41,1,0.802,29.0,LOW
QA Engineer,IT,Project Management System,1,10.41,0,1,1,1,0,4.02,1,0.98,0.0,LOW
Contractor,HR,Development Server,2,11.67,0,1,1,0,0,3.14,1,0.734,29.6,LOW
System Administrator,HR,Development Server,2,5.6,1,0,1,0,2,13.78,1,0.422,99.8,HIGH
QA Engineer,Engineering,Development Server,2,19.09,0,1,1,1,1,0.28,1,0.876,16.9,LOW
Software Developer,Finance,Project Management System,1,12.69,0,1,1,1,0,0.79,1,0.872,5.3,LOW
HR Specialist,HR,HR Database,3,8.23,0,1,1,1,0,1.84,1,0.695,8.4,LOW
HR Specialist,IT,Development Server,2,18.84,0,1,1,0,0,1.03,1,0.958,29.2,LOW
Finance Analyst,HR,HR Database,3,11.8,0,1,1,1,0,4.79,1,0.904,10.6,LOW
HR Specialist,Product,Project Management System,1,23.8,1,0,0,1,1,10.68,1,0.252,100.0,HIGH
QA Engineer,IT,Development Server,2,10.87,0,1,1,0,0,1.47,1,0.953,22.1,LOW
Finance Analyst,HR,Project Management System,1,17.16,0,1,1,1,1,3.48,1,0.616,12.2,LOW
DevOps Engineer,IT,Project Management System,1,11.83,0,1,1,1,0,3.57,1,0.932,6.5,LOW
Contractor,HR,Finance System,3,4.4,1,1,1,0,3,7.23,1,0.387,80.9,HIGH
Contractor,IT,GitHub Project Alpha,1,4.43,1,1,1,0,3,9.76,1,0.098,98.3,HIGH
DevOps Engineer,Product,Admin Panel,4,19.06,0,1,1,0,0,4.53,1,0.844,27.9,LOW
Contractor,HR,Project Management System,1,21.88,1,0,0,1,5,9.6,1,0.426,96.9,HIGH
DevOps Engineer,IT,Development Server,2,16.66,0,1,1,0,0,0.1,1,0.723,28.5,LOW
Software Developer,HR,HR Database,3,22.03,1,1,1,1,3,12.39,0,0.186,100.0,HIGH
DevOps Engineer,Engineering,Finance System,3,22.28,1,0,0,0,2,6.4,1,0.5,100.0,HIGH
DevOps Engineer,Engineering,Development Server,2,7.73,0,0,1,1,1,2.61,1,0.939,36.8,MEDIUM
HR Specialist,Finance,Finance System,3,15.02,0,1,1,1,0,3.42,1,0.92,11.5,LOW
Contractor,Product,Production Database,4,10.96,0,1,1,0,0,0.35,1,0.771,33.4,MEDIUM
System Administrator,HR,GitHub Project Alpha,1,12.69,0,1,1,0,0,4.47,1,0.767,24.5,LOW
Contractor,Engineering,GitHub Project Alpha,1,2.13,1,0,1,1,5,3.21,1,0.455,85.9,HIGH
System Administrator,Engineering,Project Management System,1,3.38,1,0,0,1,0,10.56,1,0.024,95.7,HIGH
QA Engineer,Engineering,HR Database,3,9.35,0,1,1,0,0,2.77,1,0.916,30.8,MEDIUM
Contractor,Engineering,Project Management System,1,16.45,0,1,0,1,0,0.21,1,0.688,29.0,LOW
HR Specialist,IT,Admin Panel,4,9.32,0,1,1,1,0,2.71,1,0.657,14.7,LOW
Product Manager,Product,Project Management System,1,22.91,1,0,0,1,2,12.17,1,0.229,100.0,HIGH
HR Specialist,Product,Development Server,2,3.47,1,0,0,0,3,11.26,1,0.365,97.2,HIGH
QA Engineer,Engineering,Development Server,2,15.04,0,1,1,1,0,4.45,1,0.608,9.0,LOW
Contractor,IT,Production Database,4,15.13,0,1,0,1,0,3.47,1,0.887,29.2,LOW
Software Developer,IT,GitHub Project Alpha,1,11.96,0,1,1,0,0,2.2,1,0.792,27.9,LOW
Product Manager,Product,HR Database,3,8.13,0,1,1,0,0,0.97,1,0.623,32.0,MEDIUM
Product Manager,Finance,HR Database,3,9.76,0,1,1,0,0,4.5,1,0.915,25.2,LOW
HR Specialist,HR,Production Database,4,13.93,0,1,1,0,0,1.61,1,0.774,32.5,MEDIUM
System Administrator,Product,HR Database,3,12.89,0,1,1,0,1,2.64,1,0.777,34.3,MEDIUM
DevOps Engineer,HR,HR Database,3,22.47,1,0,0,1,1,7.16,0,0.579,100.0,HIGH
Product Manager,Product,GitHub Project Alpha,1,18.2,0,1,1,1,0,3.65,1,0.844,6.4,LOW
Contractor,Product,Project Management System,1,9.9,0,1,1,1,0,4.39,1,0.979,6.0,LOW
Finance Analyst,Engineering,Admin Panel,4,23.29,1,0,1,0,3,6.63,1,0.252,96.5,HIGH
Product Manager,Engineering,Project Management System,1,15.91,0,1,1,1,0,2.88,1,0.881,5.0,LOW
Software Developer,Engineering,Production Database,4,18.59,0,1,1,1,0,1.51,1,0.758,13.6,LOW
Contractor,Engineering,Development Server,2,7.17,0,1,1,1,0,1.16,1,0.875,3.8,LOW
System Administrator,IT,HR Database,3,22.75,1,0,0,0,4,11.3,1,0.478,99.7,HIGH
HR Specialist,Product,Finance System,3,8.01,0,1,0,0,1,2.17,1,0.807,57.9,MEDIUM
DevOps Engineer,Finance,Production Database,4,14.0,0,1,1,0,0,1.79,1,0.984,26.6,LOW
Software Developer,Product,Admin Panel,4,14.35,0,0,1,0,1,4.03,1,0.932,56.8,MEDIUM
Software Developer,Engineering,Project Management System,1,9.62,0,1,1,1,0,1.44,1,0.937,7.1,LOW
Product Manager,IT,HR Database,3,19.42,0,1,1,0,0,2.64,1,0.869,31.3,MEDIUM
Contractor,Finance,Development Server,2,3.42,1,1,0,0,3,3.32,1,0.512,86.8,HIGH
System Administrator,Engineering,Development Server,2,19.1,0,1,1,1,0,2.54,1,0.913,4.0,LOW
QA Engineer,Finance,GitHub Project Alpha,1,19.78,0,1,1,0,0,2.99,1,0.727,27.2,LOW
System Administrator,IT,GitHub Project Alpha,1,3.51,1,0,0,0,2,3.84,1,0.099,97.1,HIGH
Contractor,HR,Admin Panel,4,12.42,0,1,1,0,1,3.5,1,0.655,39.8,MEDIUM
Contractor,HR,Project Management System,1,12.3,0,1,1,1,0,0.47,1,0.866,0.8,LOW
QA Engineer,Product,Finance System,3,11.45,0,1,1,0,0,0.2,1,0.847,28.9,LOW
Finance Analyst,Engineering,Admin Panel,4,19.4,0,1,1,0,0,4.79,1,0.775,34.1,MEDIUM
Software Developer,HR,Project Management System,1,8.3,0,1,1,1,0,5.0,1,0.986,0.0,LOW
Contractor,HR,GitHub Project Alpha,1,19.57,0,1,0,0,1,0.56,1,0.607,51.8,MEDIUM
Product Manager,Product,HR Database,3,19.57,0,1,0,0,0,2.46,1,0.745,50.0,MEDIUM
HR Specialist,HR,Admin Panel,4,22.97,1,0,0,0,2,8.4,1,0.292,99.6,HIGH
HR Specialist,Product,Project Management System,1,8.0,0,0,1,1,1,4.23,1,0.813,35.1,MEDIUM
Finance Analyst,HR,Production Database,4,19.69,0,1,1,0,1,3.73,1,0.853,37.4,MEDIUM
Contractor,Engineering,HR Database,3,8.67,0,1,1,0,0,3.16,1,0.881,30.1,MEDIUM
System Administrator,IT,Admin Panel,4,15.63,0,1,1,1,0,4.55,1,0.674,11.8,LOW
Software Developer,Finance,HR Database,3,11.26,0,1,0,0,1,0.66,1,0.616,59.1,MEDIUM
System Administrator,IT,Project Management System,1,9.27,0,0,1,1,0,1.74,1,0.876,20.2,LOW
DevOps Engineer,Finance,Finance System,3,9.7,0,1,1,1,0,4.16,1,0.968,11.2,LOW
Contractor,Finance,HR Database,3,15.4,0,0,1,0,0,3.22,1,0.893,49.2,MEDIUM
HR Specialist,IT,HR Database,3,18.72,0,1,1,0,0,1.26,0,0.672,45.2,MEDIUM
Product Manager,IT,GitHub Project Alpha,1,7.05,0,1,1,0,0,3.75,1,0.993,23.4,LOW
Finance Analyst,Engineering,Production Database,4,18.46,0,1,0,1,0,2.36,1,0.947,30.0,MEDIUM
Product Manager,Product,Finance System,3,9.2,0,1,1,0,0,0.38,1,0.678,29.2,LOW
DevOps Engineer,IT,Finance System,3,17.24,0,0,1,0,1,0.44,1,0.737,56.7,MEDIUM
QA Engineer,Finance,Project Management System,1,4.66,1,0,0,1,4,7.47,1,0.462,96.8,HIGH
Product Manager,Engineering,GitHub Project Alpha,1,1.78,1,0,1,1,1,4.76,1,0.222,51.9,MEDIUM
Product Manager,IT,Production Database,4,19.28,0,1,1,1,1,0.13,1,0.813,21.3,LOW
DevOps Engineer,Product,HR Database,3,3.08,1,0,0,0,2,8.57,1,0.152,100.0,HIGH
System Administrator,Finance,Admin Panel,4,4.44,1,0,0,0,3,3.06,1,0.564,100.0,HIGH
System Administrator,Product,Admin Panel,4,22.1,1,0,0,0,4,9.85,1,0.341,100.0,HIGH
Finance Analyst,IT,GitHub Project Alpha,1,19.41,0,1,1,0,0,1.97,1,0.736,27.8,LOW
HR Specialist,Product,Project Management System,1,2.83,1,1,1,1,3,9.56,1,0.32,69.4,MEDIUM
QA Engineer,IT,GitHub Project Alpha,1,15.69,0,1,1,0,0,2.57,1,0.88,27.3,LOW
System Administrator,Finance,Development Server,2,17.1,0,1,1,0,0,1.56,1,0.843,25.3,LOW
HR Specialist,Product,Admin Panel,4,15.95,0,1,1,0,0,4.64,1,0.897,27.9,LOW
Product Manager,IT,Development Server,2,17.2,0,1,1,0,0,0.84,1,0.609,26.3,LOW
Software Developer,HR,HR Database,3,18.69,0,1,1,1,0,3.1,1,0.714,10.8,LOW
DevOps Engineer,Finance,GitHub Project Alpha,1,3.12,1,0,0,0,3,7.63,1,0.261,98.2,HIGH
System Administrator,Product,Project Management System,1,12.16,0,1,1,1,0,3.23,1,0.824,1.8,LOW
DevOps Engineer,HR,HR Database,3,8.68,0,0,1,1,1,3.66,1,0.649,40.7,MEDIUM
DevOps Engineer,IT,HR Database,3,2.92,1,0,0,0,5,6.24,1,0.538,96.9,HIGH
HR Specialist,IT,Admin Panel,4,10.03,0,1,1,1,0,3.71,1,0.758,11.8,LOW
DevOps Engineer,Engineering,Project Management System,1,15.5,0,1,1,1,0,4.2,1,0.908,3.6,LOW
DevOps Engineer,HR,Development Server,2,7.29,0,1,1,0,1,3.11,1,0.686,36.9,MEDIUM
Software Developer,IT,Project Management System,1,12.46,0,1,1,1,0,3.3,1,0.904,5.5,LOW
HR Specialist,Finance,Production Database,4,9.97,0,1,1,0,0,1.25,1,0.984,31.6,MEDIUM
HR Specialist,IT,HR Database,3,22.21,1,1,0,0,1,14.67,1,0.561,100.0,HIGH
QA Engineer,HR,GitHub Project Alpha,1,16.8,0,1,1,0,1,1.93,1,0.617,32.9,MEDIUM
Software Developer,Engineering,Development Server,2,13.53,0,1,0,1,0,4.52,1,0.699,28.3,LOW
QA Engineer,IT,HR Database,3,4.98,1,0,0,0,0,13.11,1,0.563,96.2,HIGH
Software Developer,Engineering,HR Database,3,22.42,1,0,0,0,0,10.43,1,0.245,100.0,HIGH
Finance Analyst,IT,Admin Panel,4,15.65,0,0,0,1,0,2.33,1,0.775,51.6,MEDIUM
Product Manager,Engineering,GitHub Project Alpha,1,16.65,0,1,1,1,1,0.48,1,0.835,13.4,LOW
DevOps Engineer,HR,Production Database,4,14.0,0,1,1,0,0,3.63,1,0.872,31.7,MEDIUM
DevOps Engineer,Engineering,Project Management System,1,19.38,0,1,1,1,0,2.78,1,0.724,3.5,LOW
QA Engineer,Finance,Development Server,2,8.93,0,1,1,0,0,3.79,1,0.948,23.6,LOW
Software Developer,Product,GitHub Project Alpha,1,10.48,0,1,1,1,0,2.68,1,0.764,1.8,LOW
System Administrator,Product,Production Database,4,15.03,0,1,0,0,0,2.43,1,0.9,51.5,MEDIUM
System Administrator,Engineering,GitHub Project Alpha,1,14.73,0,1,1,1,0,2.33,1,0.833,3.5,LOW
QA Engineer,Engineering,Admin Panel,4,14.62,0,1,1,0,0,3.36,1,0.681,30.0,MEDIUM
Product Manager,Engineering,Finance System,3,21.45,1,0,0,0,4,9.45,1,0.263,100.0,HIGH
QA Engineer,Engineering,Production Database,4,23.47,1,0,0,1,2,5.62,1,0.429,92.0,HIGH
System Administrator,HR,Finance System,3,17.6,0,1,1,0,0,3.34,1,0.944,27.1,LOW
HR Specialist,Product,Admin Panel,4,7.6,0,1,1,0,1,3.88,1,0.984,38.2,MEDIUM
Finance Analyst,Product,Finance System,3,12.99,0,1,1,0,0,1.8,1,0.742,30.0,MEDIUM
Software Developer,Finance,Finance System,3,22.36,1,0,1,1,3,8.07,1,0.282,89.0,HIGH
Finance Analyst,Finance,Admin Panel,4,11.3,0,1,1,0,0,1.14,1,0.684,36.6,MEDIUM
Product Manager,Finance,Finance System,3,22.39,1,0,1,1,5,4.14,1,0.343,87.4,HIGH
QA Engineer,HR,HR Database,3,10.69,0,1,1,1,0,4.5,1,0.963,8.7,LOW
DevOps Engineer,Product,Production Database,4,1.2,1,0,0,0,4,14.27,0,0.58,96.1,HIGH
QA Engineer,Finance,Finance System,3,4.38,1,0,1,1,0,6.32,1,0.377,52.8,MEDIUM
Finance Analyst,Product,Admin Panel,4,8.67,0,1,1,0,0,0.32,1,0.771,34.0,MEDIUM
Finance Analyst,Finance,Production Database,4,2.88,1,0,1,0,3,12.16,1,0.49,99.6,HIGH
System Administrator,Product,Project Management System,1,0.26,1,0,0,1,1,12.78,1,0.267,100.0,HIGH
Contractor,Finance,Project Management System,1,7.71,0,1,1,1,0,4.81,1,0.833,5.2,LOW
Finance Analyst,Engineering,Production Database,4,12.45,0,1,1,1,0,4.34,1,0.906,9.0,LOW
System Administrator,Finance,Admin Panel,4,15.03,0,1,1,0,0,2.52,1,0.894,27.8,LOW
QA Engineer,Engineering,Production Database,4,19.28,0,1,1,1,0,4.02,1,0.959,8.8,LOW
Product Manager,Engineering,GitHub Project Alpha,1,18.52,0,1,1,1,0,2.12,1,0.946,2.8,LOW
System Administrator,Engineering,Admin Panel,4,1.41,1,0,0,0,4,3.58,1,0.415,100.0,HIGH
Finance Analyst,Finance,Production Database,4,2.18,1,1,0,0,5,7.73,1,0.498,100.0,HIGH
DevOps Engineer,HR,Production Database,4,22.82,1,0,1,0,1,6.62,1,0.109,86.1,HIGH
Finance Analyst,Product,GitHub Project Alpha,1,0.48,1,0,1,1,3,9.94,1,0.419,89.3,HIGH
Software Developer,Finance,Project Management System,1,9.6,0,1,1,1,0,2.45,1,0.706,8.0,LOW
Contractor,IT,HR Database,3,13.69,0,1,1,0,1,0.6,1,0.912,34.3,MEDIUM
Contractor,HR,GitHub Project Alpha,1,5.15,1,0,0,0,4,13.13,1,0.427,100.0,HIGH
DevOps Engineer,HR,Development Server,2,1.59,1,1,1,0,5,8.31,1,0.527,100.0,HIGH
Product Manager,Finance,GitHub Project Alpha,1,8.25,0,1,1,0,0,0.55,1,0.645,28.0,LOW
Software Developer,Product,Project Management System,1,17.87,0,1,1,1,0,4.55,1,0.708,3.5,LOW
QA Engineer,Product,HR Database,3,8.76,0,1,1,0,0,4.2,1,0.687,28.5,LOW
HR Specialist,Product,Development Server,2,9.93,0,1,1,0,0,3.5,0,0.607,41.3,MEDIUM
Product Manager,Engineering,HR Database,3,23.63,1,1,0,0,2,10.1,1,0.179,97.7,HIGH
Software Developer,HR,HR Database,3,5.72,1,1,0,1,2,4.61,1,0.441,62.8,MEDIUM
Contractor,Engineering,Project Management System,1,23.8,1,0,0,1,5,4.75,1,0.284,99.6,HIGH
DevOps Engineer,Finance,Finance System,3,17.99,0,1,1,1,1,4.22,1,0.881,14.0,LOW
DevOps Engineer,HR,HR Database,3,12.85,0,1,1,1,0,2.58,1,0.657,14.9,LOW
Software Developer,HR,Development Server,2,22.15,1,0,1,0,0,9.26,1,0.121,89.4,HIGH
System Administrator,Finance,Project Management System,1,23.96,1,0,0,1,2,11.15,0,0.591,100.0,HIGH
System Administrator,Engineering,Project Management System,1,18.44,0,1,1,1,1,1.8,1,0.732,12.9,LOW
Product Manager,Finance,HR Database,3,10.11,0,1,1,0,0,4.12,1,0.695,34.0,MEDIUM
Finance Analyst,IT,Project Management System,1,12.92,0,0,1,1,0,4.01,1,0.707,22.9,LOW
Product Manager,Engineering,Admin Panel,4,17.87,0,1,1,0,0,4.6,1,0.906,30.6,MEDIUM
Software Developer,Engineering,Production Database,4,21.81,1,0,0,1,2,12.67,1,0.337,99.1,HIGH
HR Specialist,Finance,Admin Panel,4,14.71,0,1,0,0,0,1.85,1,0.874,53.9,MEDIUM
Finance Analyst,Finance,Finance System,3,8.41,0,1,1,1,0,4.02,1,0.778,11.9,LOW
HR Specialist,IT,Development Server,2,10.31,0,1,1,0,0,2.88,1,0.6,28.0,LOW
DevOps Engineer,Engineering,Development Server,2,19.18,0,1,1,1,0,1.18,1,0.979,6.7,LOW
DevOps Engineer,Product,HR Database,3,17.66,0,1,1,0,0,2.57,1,0.679,30.7,MEDIUM
System Administrator,IT,Production Database,4,13.11,0,1,1,1,0,0.6,1,0.918,11.5,LOW
QA Engineer,IT,Development Server,2,19.86,0,0,1,0,0,3.16,1,0.893,44.4,MEDIUM
HR Specialist,Engineering,HR Database,3,9.0,0,1,1,0,1,2.2,1,0.729,35.9,MEDIUM
Finance Analyst,Product,GitHub Project Alpha,1,14.09,0,1,1,1,1,0.93,1,0.706,13.9,LOW
QA Engineer,Product,Project Management System,1,12.36,0,1,1,1,0,4.38,1,0.832,7.8,LOW
System Administrator,Finance,HR Database,3,16.29,0,1,1,0,0,1.49,1,0.954,31.3,MEDIUM
HR Specialist,Engineering,Production Database,4,9.41,0,0,1,1,0,2.36,1,0.796,29.4,LOW
HR Specialist,HR,Development Server,2,21.31,1,0,0,0,3,6.61,0,0.525,98.3,HIGH
DevOps Engineer,Product,Production Database,4,11.38,0,1,0,0,0,1.86,1,0.945,54.4,MEDIUM
QA Engineer,HR,GitHub Project Alpha,1,10.04,0,1,1,0,0,0.49,1,0.947,22.0,LOW
Finance Analyst,HR,Development Server,2,17.45,0,1,1,0,0,4.69,1,0.95,23.2,LOW
Finance Analyst,IT,Production Database,4,8.71,0,1,1,1,0,4.44,1,0.772,15.9,LOW
Finance Analyst,HR,Development Server,2,13.13,0,0,1,0,0,2.15,1,0.925,45.5,MEDIUM
Product Manager,Engineering,Admin Panel,4,11.23,0,0,1,0,0,3.2,1,0.603,56.7,MEDIUM
Product Manager,HR,Project Management System,1,15.89,0,1,1,1,0,0.35,1,0.835,3.2,LOW
System Administrator,HR,Production Database,4,21.59,1,0,1,0,0,9.37,1,0.078,92.1,HIGH
Software Developer,HR,Production Database,4,3.22,1,1,1,0,1,5.39,1,0.078,64.6,MEDIUM
QA Engineer,HR,Finance System,3,18.42,0,1,1,0,0,1.99,1,0.882,30.6,MEDIUM
Product Manager,HR,Project Management System,1,16.91,0,1,1,1,0,1.5,1,0.865,3.3,LOW
System Administrator,Finance,HR Database,3,16.53,0,1,1,0,0,1.72,1,0.863,30.3,MEDIUM
Software Developer,Engineering,Production Database,4,8.94,0,1,1,1,0,4.16,1,0.978,9.3,LOW
Software Developer,Product,GitHub Project Alpha,1,17.99,0,1,1,1,0,1.63,1,0.618,6.1,LOW
Contractor,HR,GitHub Project Alpha,1,9.0,0,1,1,0,1,1.67,1,0.851,35.4,MEDIUM
Software Developer,Finance,Finance System,3,9.67,0,1,1,1,0,1.11,1,0.958,5.8,LOW
Product Manager,HR,Development Server,2,14.91,0,1,1,0,0,0.66,1,0.925,22.9,LOW
Contractor,IT,Project Management System,1,22.45,1,1,0,1,2,4.22,1,0.493,60.7,MEDIUM
HR Specialist,Engineering,Development Server,2,18.87,0,1,1,1,0,0.87,1,0.739,4.2,LOW
Finance Analyst,Finance,Finance System,3,23.59,1,0,1,1,4,12.95,1,0.217,100.0,HIGH
Finance Analyst,Finance,Development Server,2,3.49,1,0,0,0,3,9.13,1,0.011,100.0,HIGH
DevOps Engineer,Finance,Finance System,3,21.08,1,1,0,1,4,4.49,1,0.471,83.3,HIGH
System Administrator,IT,Development Server,2,21.3,1,0,0,0,4,7.72,0,0.158,99.5,HIGH
QA Engineer,Finance,HR Database,3,21.16,1,0,0,0,0,9.74,1,0.188,97.6,HIGH
Finance Analyst,HR,Development Server,2,23.19,1,0,1,0,5,9.04,1,0.515,100.0,HIGH
Software Developer,HR,Admin Panel,4,15.73,0,1,1,0,0,3.83,1,0.942,32.3,MEDIUM
System Administrator,HR,Development Server,2,10.71,0,1,1,0,0,2.58,1,0.884,22.9,LOW
QA Engineer,Engineering,HR Database,3,8.19,0,1,1,0,0,0.71,1,0.914,25.9,LOW
QA Engineer,Finance,Finance System,3,8.65,0,1,1,1,1,2.44,1,0.848,18.0,LOW
HR Specialist,Engineering,Production Database,4,21.46,1,0,1,1,4,6.47,1,0.393,92.1,HIGH
System Administrator,Engineering,Finance System,3,1.78,1,1,0,0,4,4.46,1,0.121,97.9,HIGH
System Administrator,Engineering,Development Server,2,14.46,0,1,1,1,0,2.9,1,0.742,10.3,LOW
QA Engineer,IT,Project Management System,1,8.53,0,1,0,1,0,3.63,1,0.744,27.6,LOW
HR Specialist,HR,Production Database,4,9.28,0,1,1,0,0,0.36,1,0.922,34.3,MEDIUM
Software Developer,HR,GitHub Project Alpha,1,13.56,0,1,1,0,0,4.03,1,0.709,27.4,LOW
DevOps Engineer,Engineering,GitHub Project Alpha,1,23.38,1,0,1,1,1,7.4,1,0.233,65.6,MEDIUM
QA Engineer,Product,HR Database,3,14.15,0,1,1,0,0,3.78,1,0.65,34.1,MEDIUM
DevOps Engineer,Engineering,Production Database,4,9.04,0,1,1,1,0,4.26,1,0.819,15.2,LOW
HR Specialist,Engineering,Finance System,3,10.51,0,1,0,0,0,4.36,1,0.863,46.1,MEDIUM
HR Specialist,HR,Admin Panel,4,9.49,0,1,1,0,1,2.22,1,0.651,43.2,MEDIUM
System Administrator,IT,GitHub Project Alpha,1,14.79,0,1,1,0,0,2.82,1,0.648,22.4,LOW
System Administrator,Product,Development Server,2,8.68,0,1,1,0,0,4.4,1,0.84,27.6,LOW
QA Engineer,HR,Admin Panel,4,16.03,0,0,1,0,0,0.63,1,0.821,55.7,MEDIUM
DevOps Engineer,IT,GitHub Project Alpha,1,3.87,1,1,0,0,2,14.98,1,0.201,99.5,HIGH
Product Manager,IT,GitHub Project Alpha,1,21.92,1,0,0,0,5,7.92,1,0.053,100.0,HIGH
QA Engineer,Finance,Project Management System,1,23.62,1,0,0,1,0,14.04,1,0.001,100.0,HIGH
Contractor,Finance,Production Database,4,13.03,0,1,1,0,0,2.96,1,0.996,33.1,MEDIUM
Contractor,Engineering,GitHub Project Alpha,1,18.06,0,1,1,1,0,4.91,1,0.65,3.7,LOW
Finance Analyst,HR,Development Server,2,11.73,0,1,1,0,1,4.08,1,0.9,34.9,MEDIUM
DevOps Engineer,IT,Admin Panel,4,21.6,1,0,0,1,0,7.18,1,0.115,85.3,HIGH
QA Engineer,Product,Admin Panel,4,9.02,0,1,1,0,0,4.8,1,0.95,31.3,MEDIUM
HR Specialist,IT,Finance System,3,16.79,0,1,1,0,0,1.74,1,0.771,29.2,LOW
Product Manager,IT,GitHub Project Alpha,1,11.15,0,1,1,0,1,1.3,1,0.975,32.6,MEDIUM
Finance Analyst,Finance,Finance System,3,0.7,1,0,0,1,1,14.2,1,0.051,100.0,HIGH
DevOps Engineer,HR,Finance System,3,7.02,0,1,1,0,0,4.28,1,0.827,31.4,MEDIUM
Contractor,Finance,Admin Panel,4,16.46,0,1,1,0,0,2.98,1,0.85,31.2,MEDIUM
Contractor,HR,HR Database,3,21.88,1,0,0,1,1,10.69,1,0.017,100.0,HIGH
Product Manager,IT,Admin Panel,4,22.06,1,0,1,1,2,6.03,1,0.313,76.1,HIGH
Contractor,HR,Production Database,4,1.86,1,0,0,0,2,5.08,1,0.234,100.0,HIGH
DevOps Engineer,Engineering,HR Database,3,2.29,1,0,0,0,4,10.29,1,0.14,100.0,HIGH
Software Developer,Finance,Development Server,2,23.34,1,0,0,0,2,13.97,1,0.515,99.8,HIGH
System Administrator,Finance,HR Database,3,13.57,0,1,1,0,0,3.94,1,0.703,27.9,LOW
Software Developer,Finance,Finance System,3,14.05,0,1,1,1,0,0.54,1,0.904,8.4,LOW
Finance Analyst,Engineering,Development Server,2,12.87,0,1,1,1,0,1.17,1,0.677,6.8,LOW
QA Engineer,Finance,Finance System,3,12.76,0,1,1,1,0,2.67,1,0.8,6.4,LOW
Product Manager,Finance,GitHub Project Alpha,1,19.38,0,1,1,0,0,4.59,1,0.609,27.9,LOW
Software Developer,Finance,Finance System,3,22.08,1,0,0,1,4,14.51,1,0.034,97.5,HIGH
DevOps Engineer,Product,Finance System,3,23.3,1,1,1,0,3,12.24,0,0.198,98.2,HIGH
QA Engineer,IT,HR Database,3,21.91,1,1,0,0,2,9.58,1,0.476,98.8,HIGH
QA Engineer,Finance,GitHub Project Alpha,1,19.35,0,1,1,0,0,0.8,1,0.834,23.5,LOW
Contractor,Product,HR Database,3,12.66,0,1,1,0,0,1.77,1,0.918,30.4,MEDIUM
System Administrator,Finance,HR Database,3,11.14,0,1,1,0,0,2.47,1,0.88,27.8,LOW
Finance Analyst,Finance,Finance System,3,23.57,1,0,0,1,2,12.82,0,0.234,99.6,HIGH
Contractor,HR,Project Management System,1,8.33,0,1,1,1,1,0.43,1,0.831,8.2,LOW
HR Specialist,Finance,Admin Panel,4,17.47,0,1,1,0,1,1.88,1,0.679,38.5,MEDIUM
Product Manager,Engineering,HR Database,3,12.05,0,0,1,0,0,0.13,1,0.724,51.5,MEDIUM
QA Engineer,Engineering,GitHub Project Alpha,1,8.13,0,1,1,1,1,0.25,1,0.792,14.5,LOW
Finance Analyst,Finance,Development Server,2,23.09,1,0,0,0,1,11.62,1,0.028,96.1,HIGH
QA Engineer,Engineering,Admin Panel,4,9.96,0,1,1,0,0,1.47,1,0.641,34.9,MEDIUM
DevOps Engineer,IT,Admin Panel,4,23.12,1,0,1,1,3,13.49,1,0.098,100.0,HIGH
Software Developer,IT,Development Server,2,10.87,0,1,1,0,0,2.16,1,0.684,28.8,LOW
Product Manager,Finance,Admin Panel,4,12.93,0,1,1,0,0,2.27,1,0.739,30.9,MEDIUM
Product Manager,Engineering,Admin Panel,4,7.84,0,1,1,0,0,3.5,1,0.809,34.1,MEDIUM
HR Specialist,Finance,Development Server,2,7.11,0,0,1,0,0,4.99,1,0.896,45.2,MEDIUM
HR Specialist,Engineering,Production Database,4,13.6,0,1,1,1,0,3.6,1,0.789,13.0,LOW
DevOps Engineer,Engineering,GitHub Project Alpha,1,8.05,0,1,1,1,0,4.07,1,0.954,0.0,LOW
Contractor,Product,GitHub Project Alpha,1,13.15,0,1,1,1,0,1.31,1,0.88,3.9,LOW
Product Manager,Finance,Production Database,4,14.81,0,1,1,0,0,0.14,0,0.853,48.7,MEDIUM
DevOps Engineer,HR,Production Database,4,12.23,0,1,1,0,0,2.09,1,0.748,33.2,MEDIUM
Software Developer,Product,GitHub Project Alpha,1,13.37,0,0,1,1,1,1.91,1,0.631,31.7,MEDIUM
QA Engineer,Product,Development Server,2,4.32,1,0,0,0,0,10.81,1,0.547,97.7,HIGH
Software Developer,Finance,Project Management System,1,1.56,1,0,0,1,1,14.8,1,0.35,100.0,HIGH
DevOps Engineer,Finance,GitHub Project Alpha,1,12.87,0,1,1,0,1,4.48,1,0.746,34.1,MEDIUM
Finance Analyst,Engineering,Admin Panel,4,22.41,1,0,0,0,0,14.83,1,0.361,97.5,HIGH
Finance Analyst,Product,HR Database,3,13.75,0,1,1,0,0,0.07,1,0.663,32.2,MEDIUM
Product Manager,Product,Finance System,3,21.52,1,1,0,0,3,10.38,1,0.447,96.0,HIGH
DevOps Engineer,Finance,Project Management System,1,10.06,0,1,0,1,0,2.29,1,0.872,22.1,LOW
HR Specialist,HR,Finance System,3,7.89,0,1,1,0,0,0.55,1,0.896,29.5,LOW
System Administrator,Finance,Finance System,3,18.51,0,1,1,1,0,1.1,1,0.933,12.2,LOW
Product Manager,Engineering,Finance System,3,17.61,0,1,0,0,0,4.08,1,0.823,50.2,MEDIUM
DevOps Engineer,Engineering,Project Management System,1,17.34,0,1,1,1,0,3.5,1,0.986,5.1,LOW
DevOps Engineer,Finance,Production Database,4,23.39,1,1,1,0,4,5.17,1,0.531,79.9,HIGH
Finance Analyst,Engineering,GitHub Project Alpha,1,9.02,0,1,1,1,0,1.75,1,0.92,6.8,LOW
Finance Analyst,Finance,Development Server,2,16.36,0,1,1,0,0,3.09,1,0.617,32.3,MEDIUM
HR Specialist,IT,Project Management System,1,19.64,0,1,1,1,1,3.78,1,0.96,10.8,LOW
DevOps Engineer,Engineering,Finance System,3,23.13,1,0,0,0,3,12.75,1,0.45,100.0,HIGH
HR Specialist,Finance,Admin Panel,4,3.33,1,1,0,0,0,8.01,1,0.27,84.9,HIGH
Finance Analyst,Engineering,Admin Panel,4,0.18,1,0,0,0,5,9.74,1,0.579,100.0,HIGH
DevOps Engineer,Product,Development Server,2,9.55,0,1,1,0,1,0.73,1,0.962,37.2,MEDIUM
System Administrator,Product,Finance System,3,11.0,0,1,1,0,0,3.9,1,0.609,28.0,LOW
Contractor,Engineering,Project Management System,1,0.16,1,0,0,1,5,13.65,1,0.403,100.0,HIGH
Software Developer,Product,Finance System,3,13.33,0,1,1,0,1,0.45,1,0.929,38.0,MEDIUM
Finance Analyst,IT,Production Database,4,2.94,1,0,0,1,2,4.07,1,0.429,85.6,HIGH
Product Manager,Engineering,Finance System,3,18.34,0,1,1,0,0,3.62,1,0.696,29.1,LOW
Software Developer,IT,Project Management System,1,9.19,0,1,1,1,1,3.97,1,0.649,16.1,LOW
Contractor,Product,Development Server,2,13.39,0,1,0,0,0,3.42,1,0.638,45.0,MEDIUM
Contractor,Engineering,HR Database,3,7.71,0,1,1,0,0,0.34,1,0.632,33.0,MEDIUM
Contractor,Finance,Development Server,2,21.89,1,0,1,0,3,9.31,0,0.105,100.0,HIGH
Contractor,Finance,Project Management System,1,3.9,1,0,0,1,5,3.63,1,0.225,100.0,HIGH
HR Specialist,HR,HR Database,3,0.3,1,0,0,1,3,11.56,1,0.029,97.8,HIGH
Product Manager,IT,HR Database,3,1.99,1,1,1,0,0,11.13,1,0.508,77.6,HIGH
DevOps Engineer,IT,GitHub Project Alpha,1,3.05,1,0,0,0,4,4.54,1,0.445,98.6,HIGH
Contractor,Engineering,GitHub Project Alpha,1,13.59,0,1,1,1,0,0.39,1,0.963,5.6,LOW
System Administrator,IT,Production Database,4,12.61,0,1,1,1,1,1.19,1,0.978,18.4,LOW
Software Developer,Finance,HR Database,3,22.51,1,0,0,0,1,5.83,1,0.288,100.0,HIGH
DevOps Engineer,HR,Project Management System,1,11.08,0,1,1,1,0,0.3,1,0.687,5.8,LOW
DevOps Engineer,Engineering,Production Database,4,3.06,1,1,0,1,4,11.2,1,0.068,100.0,HIGH
Contractor,IT,Production Database,4,18.62,0,1,1,1,0,2.86,1,0.616,12.6,LOW
Product Manager,Finance,GitHub Project Alpha,1,5.4,1,0,0,0,4,6.73,1,0.589,98.5,HIGH
DevOps Engineer,HR,Production Database,4,7.71,0,1,1,0,0,4.22,1,0.626,31.4,MEDIUM
QA Engineer,Engineering,Admin Panel,4,18.12,0,1,1,0,1,4.25,1,0.634,41.3,MEDIUM
Software Developer,HR,HR Database,3,17.2,0,1,1,1,0,3.71,1,0.709,13.9,LOW
DevOps Engineer,IT,HR Database,3,8.61,0,1,1,0,0,1.82,1,0.613,28.4,LOW
HR Specialist,IT,Finance System,3,8.48,0,1,1,0,1,0.22,1,0.613,37.8,MEDIUM
System Administrator,Product,Production Database,4,3.37,1,0,0,0,3,5.05,1,0.196,100.0,HIGH
HR Specialist,IT,Admin Panel,4,18.05,0,1,0,1,0,2.33,1,0.643,29.7,LOW
System Administrator,Finance,Project Management System,1,9.63,0,1,1,1,0,1.03,1,0.641,5.0,LOW
Finance Analyst,Product,Project Management System,1,15.65,0,1,1,1,0,3.21,1,0.787,2.4,LOW
Software Developer,Engineering,Development Server,2,23.28,1,0,1,1,2,7.14,1,0.466,68.8,MEDIUM
DevOps Engineer,HR,Development Server,2,10.92,0,1,1,0,1,2.77,1,0.648,36.0,MEDIUM
System Administrator,HR,Development Server,2,16.3,0,1,1,0,1,3.3,1,0.637,38.7,MEDIUM
QA Engineer,HR,Admin Panel,4,13.49,0,0,1,0,0,4.91,1,0.993,53.0,MEDIUM
Contractor,Engineering,Admin Panel,4,14.54,0,1,1,0,0,1.61,1,0.878,31.5,MEDIUM
System Administrator,Product,Project Management System,1,21.57,1,0,0,1,5,11.72,1,0.022,100.0,HIGH
Contractor,Product,Production Database,4,8.59,0,1,1,0,1,4.12,1,0.906,35.6,MEDIUM
DevOps Engineer,Finance,GitHub Project Alpha,1,19.76,0,1,1,0,1,4.11,1,0.733,33.1,MEDIUM
Finance Analyst,Product,HR Database,3,21.02,1,0,0,0,5,4.74,1,0.406,100.0,HIGH
DevOps Engineer,Engineering,HR Database,3,17.65,0,1,1,0,0,0.68,1,0.748,31.3,MEDIUM
DevOps Engineer,IT,Production Database,4,2.2,1,0,0,1,2,11.04,1,0.329,98.1,HIGH
QA Engineer,HR,Admin Panel,4,19.28,0,1,1,0,0,3.72,1,0.794,28.6,LOW
Product Manager,Product,Development Server,2,13.58,0,1,1,0,1,1.87,1,0.887,30.8,MEDIUM
DevOps Engineer,IT,GitHub Project Alpha,1,15.19,0,1,1,0,0,3.05,1,0.712,24.5,LOW
QA Engineer,Product,Development Server,2,19.49,0,1,1,0,0,2.63,1,0.811,28.4,LOW
Product Manager,Engineering,HR Database,3,19.56,0,1,1,0,0,2.08,1,0.968,29.0,LOW
Finance Analyst,IT,Development Server,2,0.16,1,0,0,0,0,4.34,1,0.397,83.3,HIGH
DevOps Engineer,Finance,GitHub Project Alpha,1,13.72,0,1,1,0,0,3.04,1,0.947,24.7,LOW
Contractor,Product,Admin Panel,4,21.74,1,0,0,0,4,7.19,1,0.005,100.0,HIGH
Finance Analyst,Engineering,GitHub Project Alpha,1,12.13,0,1,0,1,0,0.96,1,0.786,25.6,LOW
Finance Analyst,Product,GitHub Project Alpha,1,12.29,0,1,0,1,0,1.09,1,0.821,23.4,LOW
System Administrator,Finance,Project Management System,1,7.37,0,1,1,1,0,3.06,1,0.707,3.7,LOW
System Administrator,Product,Development Server,2,15.69,0,1,1,0,1,4.56,1,0.849,37.3,MEDIUM
Finance Analyst,HR,HR Database,3,12.4,0,1,1,1,0,3.34,1,0.91,10.5,LOW
System Administrator,Finance,Finance System,3,17.41,0,1,0,1,0,3.28,1,0.779,25.9,LOW
Finance Analyst,Finance,Finance System,3,4.85,1,1,0,1,4,11.25,1,0.173,98.3,HIGH
Product Manager,Finance,GitHub Project Alpha,1,17.09,0,1,0,0,0,2.76,1,0.714,42.7,MEDIUM
Product Manager,Product,Admin Panel,4,15.5,0,1,1,0,1,3.13,1,0.637,44.6,MEDIUM
Software Developer,Product,Project Management System,1,14.22,0,1,1,1,0,2.29,1,0.644,8.7,LOW
HR Specialist,Engineering,Development Server,2,9.88,0,1,1,1,0,0.19,1,0.987,6.1,LOW
DevOps Engineer,IT,Production Database,4,16.99,0,1,1,1,0,3.29,1,0.621,16.8,LOW
DevOps Engineer,HR,HR Database,3,9.99,0,1,1,1,0,2.22,1,0.729,7.9,LOW
Product Manager,Product,Development Server,2,7.5,0,1,1,0,0,2.97,1,0.832,28.4,LOW
HR Specialist,IT,Development Server,2,21.43,1,0,0,0,3,11.73,0,0.073,99.4,HIGH
Finance Analyst,Product,Admin Panel,4,11.77,0,1,1,0,0,0.55,1,0.905,32.7,MEDIUM
Contractor,HR,Project Management System,1,23.45,1,0,0,1,4,8.66,1,0.137,100.0,HIGH
QA Engineer,HR,Development Server,2,3.54,1,1,0,0,3,5.87,1,0.474,93.6,HIGH
Finance Analyst,Engineering,Admin Panel,4,1.69,1,0,0,0,5,6.86,1,0.564,97.1,HIGH
DevOps Engineer,Finance,Development Server,2,14.34,0,1,1,0,1,0.99,1,0.713,37.2,MEDIUM
QA Engineer,Engineering,Development Server,2,16.44,0,1,1,1,1,4.9,1,0.707,13.5,LOW
HR Specialist,Finance,GitHub Project Alpha,1,7.66,0,1,0,0,0,1.91,1,0.702,47.7,MEDIUM
HR Specialist,Engineering,GitHub Project Alpha,1,16.24,0,1,1,1,0,4.52,1,0.699,5.0,LOW
Software Developer,Finance,Production Database,4,2.29,1,1,0,0,0,11.49,1,0.047,96.4,HIGH
Finance Analyst,Engineering,Development Server,2,15.33,0,1,1,1,0,1.07,1,0.601,5.5,LOW
System Administrator,IT,Project Management System,1,14.84,0,1,1,1,1,0.64,1,0.912,13.9,LOW
System Administrator,Product,HR Database,3,10.93,0,0,1,0,0,4.45,1,0.841,50.6,MEDIUM
System Administrator,IT,Production Database,4,0.59,1,0,0,1,5,3.56,1,0.025,100.0,HIGH
DevOps Engineer,Finance,HR Database,3,18.03,0,1,1,0,0,2.32,1,0.802,30.3,MEDIUM
Software Developer,Finance,Admin Panel,4,16.73,0,1,1,0,1,3.04,1,0.92,36.6,MEDIUM
HR Specialist,HR,Project Management System,1,16.19,0,1,0,1,0,1.33,1,0.796,26.3,LOW
DevOps Engineer,Engineering,HR Database,3,21.7,1,0,0,0,1,8.86,1,0.058,100.0,HIGH
DevOps Engineer,IT,GitHub Project Alpha,1,22.25,1,0,0,0,1,6.22,1,0.076,99.7,HIGH
DevOps Engineer,IT,Finance System,3,12.61,0,1,1,0,0,0.31,1,0.671,32.9,MEDIUM
System Administrator,Product,Project Management System,1,19.43,0,1,1,1,0,4.7,1,0.76,7.2,LOW
DevOps Engineer,HR,Finance System,3,7.43,0,1,1,0,0,4.34,1,0.681,31.2,MEDIUM
Contractor,Engineering,Admin Panel,4,18.74,0,1,1,0,0,0.69,1,0.994,31.8,MEDIUM
Contractor,IT,Finance System,3,23.09,1,0,1,0,2,5.69,0,0.482,96.0,HIGH
Software Developer,IT,Development Server,2,7.01,0,1,1,0,0,4.84,1,0.775,23.4,LOW
Product Manager,IT,GitHub Project Alpha,1,9.35,0,1,1,0,0,2.69,1,0.784,24.9,LOW
Finance Analyst,Engineering,GitHub Project Alpha,1,0.65,1,0,1,1,4,5.76,1,0.254,81.1,HIGH
QA Engineer,Finance,GitHub Project Alpha,1,13.14,0,1,1,0,1,1.12,1,0.798,29.4,LOW
Contractor,Finance,HR Database,3,10.69,0,1,1,0,0,2.25,1,0.647,32.1,MEDIUM
Contractor,Finance,HR Database,3,22.36,1,1,0,0,2,8.67,1,0.209,100.0,HIGH
System Administrator,Product,Admin Panel,4,16.09,0,1,1,0,0,2.29,1,0.647,34.9,MEDIUM
Product Manager,Finance,Admin Panel,4,22.49,1,0,1,0,4,9.93,1,0.06,96.4,HIGH
Product Manager,Product,Production Database,4,3.75,1,0,0,0,2,5.21,1,0.298,100.0,HIGH
Finance Analyst,Engineering,Project Management System,1,13.02,0,1,1,1,0,2.04,1,0.703,8.3,LOW
QA Engineer,IT,Finance System,3,14.52,0,1,1,0,0,0.45,1,0.983,27.1,LOW
Contractor,Product,Production Database,4,7.51,0,1,1,0,0,3.19,1,0.955,28.3,LOW
Finance Analyst,Finance,Admin Panel,4,19.81,0,0,1,0,1,1.4,1,0.683,64.0,MEDIUM
Finance Analyst,Finance,Finance System,3,9.23,0,0,1,1,0,2.05,1,0.825,25.6,LOW
Product Manager,HR,HR Database,3,14.3,0,1,1,1,0,1.13,1,0.979,7.8,LOW
Contractor,HR,Project Management System,1,12.26,0,1,1,1,0,1.84,1,0.839,5.1,LOW
Contractor,HR,Development Server,2,2.19,1,1,1,0,4,14.86,1,0.44,100.0,HIGH
Contractor,IT,Development Server,2,8.9,0,1,0,0,0,3.43,1,0.721,46.8,MEDIUM
Software Developer,IT,HR Database,3,5.54,1,0,0,0,2,10.23,1,0.377,98.2,HIGH
Finance Analyst,IT,HR Database,3,23.07,1,1,0,0,5,13.08,0,0.501,98.3,HIGH
Software Developer,IT,HR Database,3,15.51,0,1,1,0,0,4.46,1,0.882,30.3,MEDIUM
Finance Analyst,Finance,Admin Panel,4,13.87,0,1,0,0,0,0.72,1,0.977,50.4,MEDIUM
HR Specialist,HR,Production Database,4,14.14,0,1,1,0,0,1.05,1,0.694,35.0,MEDIUM
DevOps Engineer,Finance,Admin Panel,4,2.02,1,0,1,0,4,11.96,1,0.505,100.0,HIGH
System Administrator,IT,Development Server,2,5.24,1,0,0,0,5,10.54,1,0.462,100.0,HIGH
Product Manager,Engineering,Production Database,4,17.98,0,1,1,1,0,1.54,1,0.987,10.6,LOW
DevOps Engineer,Product,HR Database,3,19.01,0,0,1,0,0,3.54,1,0.779,50.5,MEDIUM
Product Manager,Product,Admin Panel,4,19.17,0,1,1,0,0,1.11,1,0.911,30.0,LOW
QA Engineer,IT,HR Database,3,5.87,1,0,0,0,3,10.91,1,0.39,100.0,HIGH
System Administrator,IT,Production Database,4,2.51,1,0,0,1,2,4.18,1,0.353,86.6,HIGH
System Administrator,IT,Finance System,3,7.5,0,1,1,0,0,1.1,1,0.685,30.2,MEDIUM
Finance Analyst,Product,HR Database,3,16.25,0,0,1,0,0,2.23,1,0.688,51.1,MEDIUM
DevOps Engineer,HR,Production Database,4,15.54,0,1,1,0,0,2.6,1,0.667,29.9,LOW
System Administrator,Finance,Production Database,4,1.83,1,0,0,0,0,14.41,1,0.57,100.0,HIGH
DevOps Engineer,IT,HR Database,3,16.91,0,1,1,0,0,1.67,1,0.847,29.6,LOW
Finance Analyst,Finance,Project Management System,1,10.17,0,1,1,1,1,1.6,1,0.915,9.9,LOW
HR Specialist,Engineering,Admin Panel,4,14.61,0,1,1,0,0,3.74,1,0.608,31.8,MEDIUM
Finance Analyst,Finance,Finance System,3,19.17,0,1,1,1,0,3.38,1,0.768,12.6,LOW
Contractor,Product,GitHub Project Alpha,1,17.99,0,1,1,1,1,4.45,1,0.916,13.7,LOW
Software Developer,Finance,HR Database,3,22.69,1,0,0,0,1,7.6,0,0.101,97.3,HIGH
Product Manager,IT,GitHub Project Alpha,1,11.02,0,1,1,0,0,1.46,1,0.834,22.1,LOW
QA Engineer,HR,Finance System,3,18.17,0,1,1,0,0,4.9,1,0.634,30.7,MEDIUM
Product Manager,HR,Project Management System,1,8.6,0,1,1,1,0,3.84,1,0.789,3.0,LOW
Contractor,Product,Finance System,3,11.44,0,1,0,0,1,1.45,1,0.79,57.1,MEDIUM
Contractor,Finance,Development Server,2,9.11,0,1,1,0,0,1.78,1,0.699,29.5,LOW
Finance Analyst,Product,Admin Panel,4,13.89,0,1,1,0,0,1.1,1,0.801,35.1,MEDIUM
Finance Analyst,Engineering,Development Server,2,14.55,0,1,1,1,0,3.54,1,0.732,4.5,LOW
Software Developer,HR,GitHub Project Alpha,1,9.12,0,1,1,0,0,2.71,1,0.654,24.7,LOW
Software Developer,IT,GitHub Project Alpha,1,21.17,1,0,1,0,2,11.37,1,0.172,100.0,HIGH
HR Specialist,Finance,GitHub Project Alpha,1,5.22,1,1,0,0,2,9.17,1,0.295,98.2,HIGH
DevOps Engineer,Finance,Admin Panel,4,11.25,0,1,1,0,0,4.33,1,0.83,28.5,LOW
Contractor,Product,Development Server,2,13.3,0,1,1,0,0,0.25,1,0.76,26.4,LOW
HR Specialist,Finance,Production Database,4,3.64,1,0,1,0,3,11.74,1,0.209,100.0,HIGH
DevOps Engineer,Finance,Production Database,4,2.3,1,0,0,0,2,14.92,1,0.002,98.6,HIGH
DevOps Engineer,HR,GitHub Project Alpha,1,13.84,0,1,1,0,0,2.92,1,0.944,21.1,LOW
HR Specialist,Product,Production Database,4,9.28,0,1,1,0,1,4.67,1,0.796,36.9,MEDIUM
Contractor,Engineering,Production Database,4,13.86,0,1,1,1,0,2.47,1,0.822,15.2,LOW
QA Engineer,Finance,Project Management System,1,12.68,0,1,1,1,0,1.76,1,0.627,9.2,LOW
Software Developer,IT,Development Server,2,21.3,1,1,0,0,1,11.14,1,0.506,100.0,HIGH
DevOps Engineer,HR,Production Database,4,22.89,1,1,0,0,2,4.11,1,0.491,88.3,HIGH
QA Engineer,HR,Finance System,3,12.98,0,1,1,0,0,3.36,1,0.964,30.6,MEDIUM
Software Developer,Product,Production Database,4,7.76,0,1,1,0,0,3.89,1,0.653,35.9,MEDIUM
DevOps Engineer,IT,GitHub Project Alpha,1,5.37,1,0,0,0,2,14.1,1,0.002,96.1,HIGH
Product Manager,Finance,Development Server,2,22.24,1,1,0,0,1,14.63,1,0.25,99.9,HIGH
Contractor,Engineering,Development Server,2,23.16,1,0,0,1,4,4.29,1,0.141,99.1,HIGH
System Administrator,Engineering,Production Database,4,19.11,0,1,0,1,0,3.17,1,0.77,34.6,MEDIUM
QA Engineer,IT,Finance System,3,14.34,0,1,1,0,0,0.19,1,0.689,33.9,MEDIUM
Software Developer,Engineering,Finance System,3,10.96,0,1,1,0,1,0.99,1,0.8,38.2,MEDIUM
Software Developer,IT,Development Server,2,11.62,0,1,1,0,0,2.19,0,0.68,46.4,MEDIUM
QA Engineer,HR,HR Database,3,22.75,1,0,1,1,5,10.17,1,0.525,97.8,HIGH
System Administrator,Engineering,Development Server,2,12.25,0,1,1,1,0,4.86,1,0.844,7.9,LOW
Contractor,Product,Development Server,2,4.19,1,0,0,0,3,4.74,1,0.489,100.0,HIGH
System Administrator,Product,Finance System,3,23.2,1,0,1,0,3,7.39,1,0.311,96.4,HIGH
Product Manager,HR,GitHub Project Alpha,1,9.7,0,1,1,0,0,4.38,1,0.722,24.7,LOW
Software Developer,Product,HR Database,3,2.02,1,1,0,0,4,9.82,1,0.059,100.0,HIGH
DevOps Engineer,Finance,Production Database,4,14.66,0,1,1,0,0,4.32,1,0.759,34.8,MEDIUM
Contractor,Product,Admin Panel,4,9.65,0,1,1,0,0,4.87,1,0.811,33.7,MEDIUM
Product Manager,IT,Development Server,2,21.74,1,1,0,0,3,5.82,1,0.371,93.4,HIGH
Software Developer,Engineering,GitHub Project Alpha,1,8.96,0,1,1,1,0,3.59,1,0.634,3.0,LOW
DevOps Engineer,HR,HR Database,3,21.49,1,0,1,1,1,3.97,0,0.063,76.1,HIGH
Finance Analyst,Product,Project Management System,1,11.4,0,1,1,1,0,0.37,1,0.783,1.0,LOW
DevOps Engineer,Engineering,Admin Panel,4,17.22,0,1,1,0,0,1.97,1,0.708,29.2,LOW
HR Specialist,Product,Project Management System,1,0.01,1,1,0,1,4,12.8,1,0.165,100.0,HIGH
Contractor,IT,HR Database,3,23.43,1,1,0,0,3,8.49,1,0.533,99.2,HIGH
DevOps Engineer,Engineering,Admin Panel,4,10.37,0,1,1,0,1,1.27,1,0.626,37.9,MEDIUM
Finance Analyst,Product,Project Management System,1,15.7,0,1,1,1,0,3.18,1,0.723,2.8,LOW
HR Specialist,Engineering,Development Server,2,7.24,0,0,1,1,0,0.89,1,0.693,31.2,MEDIUM
Product Manager,HR,HR Database,3,23.23,1,0,1,1,4,3.12,1,0.161,81.2,HIGH
Finance Analyst,Finance,Finance System,3,23.84,1,1,1,1,4,4.38,1,0.443,64.0,MEDIUM
Finance Analyst,Engineering,Project Management System,1,13.58,0,1,1,1,0,2.31,1,0.895,0.0,LOW
DevOps Engineer,Engineering,GitHub Project Alpha,1,11.02,0,1,1,1,0,2.3,1,0.668,6.7,LOW
Finance Analyst,IT,Admin Panel,4,11.21,0,1,1,1,0,3.67,1,0.801,13.2,LOW
DevOps Engineer,IT,Development Server,2,7.74,0,1,1,0,0,2.75,1,0.661,25.4,LOW
Software Developer,Product,Project Management System,1,17.48,0,1,1,1,1,4.81,1,0.754,14.5,LOW
Contractor,Product,Finance System,3,19.37,0,1,1,0,1,4.93,1,0.946,33.3,MEDIUM
Finance Analyst,Finance,Project Management System,1,12.96,0,0,1,1,0,4.3,1,0.653,26.2,LOW
System Administrator,HR,Production Database,4,21.93,1,0,0,0,5,11.88,1,0.325,97.4,HIGH
Software Developer,HR,Development Server,2,9.12,0,1,1,0,0,4.53,1,0.907,22.8,LOW
Finance Analyst,HR,Production Database,4,15.2,0,1,1,0,0,3.14,1,0.827,33.8,MEDIUM
Software Developer,HR,Finance System,3,11.4,0,1,1,0,0,2.07,1,0.978,25.4,LOW
Contractor,Product,GitHub Project Alpha,1,22.06,1,0,0,1,4,14.14,1,0.287,97.0,HIGH
Contractor,Finance,Finance System,3,2.67,1,1,1,1,2,8.56,1,0.311,61.3,MEDIUM
HR Specialist,HR,Development Server,2,9.09,0,0,1,0,0,1.62,1,0.762,50.6,MEDIUM
HR Specialist,Engineering,Admin Panel,4,18.33,0,1,1,0,1,1.27,1,0.824,43.1,MEDIUM
DevOps Engineer,Finance,Finance System,3,18.46,0,1,0,1,0,3.87,1,0.702,27.8,LOW
Software Developer,HR,Finance System,3,15.79,0,1,1,0,0,1.06,1,0.799,32.7,MEDIUM
QA Engineer,Finance,Finance System,3,9.31,0,1,1,1,0,4.81,1,0.974,8.9,LOW
System Administrator,Product,Production Database,4,12.4,0,1,1,0,0,1.91,1,0.658,36.3,MEDIUM
QA Engineer,IT,Production Database,4,0.41,1,1,0,1,5,3.46,1,0.437,89.1,HIGH
Contractor,Engineering,GitHub Project Alpha,1,19.74,0,1,1,1,0,3.93,1,0.773,8.6,LOW
Contractor,Product,Production Database,4,1.37,1,0,0,0,4,9.6,1,0.359,97.1,HIGH
DevOps Engineer,Engineering,Finance System,3,16.52,0,0,1,0,0,0.16,1,0.888,46.7,MEDIUM
HR Specialist,IT,Project Management System,1,11.88,0,1,0,1,0,0.46,1,0.713,28.1,LOW
QA Engineer,Engineering,Production Database,4,9.61,0,1,1,1,0,0.02,1,0.748,11.2,LOW
Software Developer,Engineering,Project Management System,1,2.46,1,0,0,1,2,6.78,1,0.47,86.7,HIGH
DevOps Engineer,Product,Development Server,2,4.12,1,1,0,0,3,3.88,0,0.31,98.9,HIGH
QA Engineer,Engineering,Production Database,4,17.32,0,1,1,1,0,0.5,1,0.652,10.0,LOW
HR Specialist,Product,Finance System,3,14.82,0,1,1,0,0,3.13,1,0.966,31.6,MEDIUM
DevOps Engineer,IT,Finance System,3,10.77,0,1,1,0,0,2.5,1,0.618,30.2,MEDIUM
HR Specialist,Finance,Production Database,4,22.16,1,0,0,0,0,5.44,1,0.125,94.7,HIGH
Software Developer,Engineering,GitHub Project Alpha,1,16.96,0,1,1,1,1,0.85,1,0.649,10.7,LOW
DevOps Engineer,Finance,Finance System,3,5.45,1,0,0,1,0,12.3,1,0.295,96.7,HIGH
Finance Analyst,Engineering,GitHub Project Alpha,1,21.01,1,0,0,1,0,10.32,1,0.392,92.7,HIGH
HR Specialist,HR,Admin Panel,4,15.35,0,0,1,0,1,0.18,1,0.7,59.8,MEDIUM
DevOps Engineer,Product,Project Management System,1,11.67,0,1,1,1,0,3.16,1,0.645,6.5,LOW
Product Manager,IT,HR Database,3,9.79,0,1,1,0,1,3.48,1,0.814,33.9,MEDIUM
HR Specialist,HR,Development Server,2,12.09,0,1,0,0,0,0.11,1,0.72,50.2,MEDIUM
QA Engineer,Engineering,GitHub Project Alpha,1,5.67,1,1,0,1,0,11.38,0,0.383,87.0,HIGH
QA Engineer,HR,HR Database,3,18.78,0,1,1,1,0,4.13,1,0.97,10.6,LOW
Software Developer,Product,Project Management System,1,1.51,1,0,1,1,3,13.52,1,0.047,100.0,HIGH
Contractor,Finance,Development Server,2,0.64,1,0,0,0,0,7.56,1,0.003,100.0,HIGH
Contractor,HR,Admin Panel,4,11.4,0,1,1,0,0,0.25,1,0.924,29.4,LOW
Product Manager,Engineering,Project Management System,1,9.62,0,1,0,1,0,4.29,1,0.772,21.8,LOW
Finance Analyst,Product,Development Server,2,16.36,0,0,1,0,0,3.64,1,0.829,48.2,MEDIUM
Finance Analyst,HR,Production Database,4,21.81,1,1,0,0,4,7.25,0,0.158,100.0,HIGH
Product Manager,IT,Production Database,4,19.11,0,1,1,1,0,0.29,1,0.721,9.0,LOW
Software Developer,HR,Project Management System,1,19.37,0,1,1,1,0,4.9,1,0.861,2.0,LOW
Product Manager,Product,GitHub Project Alpha,1,19.42,0,0,0,1,0,3.65,1,0.718,48.1,MEDIUM
Contractor,Engineering,HR Database,3,22.15,1,0,0,0,0,11.05,0,0.187,98.8,HIGH
QA Engineer,IT,Admin Panel,4,11.83,0,1,1,1,0,1.12,1,0.866,14.4,LOW
Software Developer,HR,Production Database,4,16.87,0,1,1,0,0,2.48,1,0.836,28.2,LOW
Finance Analyst,Product,Finance System,3,22.71,1,0,1,0,4,12.59,1,0.455,100.0,HIGH
System Administrator,IT,Admin Panel,4,13.97,0,1,1,1,0,2.84,1,0.76,12.7,LOW
Contractor,Product,Production Database,4,8.41,0,1,1,0,0,2.0,1,0.615,32.3,MEDIUM
Contractor,Finance,Project Management System,1,9.62,0,1,1,1,1,3.27,1,0.613,17.4,LOW
Finance Analyst,Finance,Production Database,4,17.97,0,0,1,0,0,0.08,1,0.793,53.4,MEDIUM
QA Engineer,Engineering,HR Database,3,1.9,1,0,0,0,2,10.91,1,0.149,100.0,HIGH
Contractor,Product,Finance System,3,3.69,1,0,0,0,4,11.17,1,0.292,100.0,HIGH
Contractor,IT,Project Management System,1,15.45,0,1,1,1,0,3.38,1,0.62,3.1,LOW
System Administrator,HR,GitHub Project Alpha,1,17.24,0,1,1,0,0,0.47,1,0.617,29.2,LOW
DevOps Engineer,Finance,Development Server,2,17.02,0,1,1,0,0,4.99,1,0.826,28.3,LOW
HR Specialist,IT,GitHub Project Alpha,1,7.56,0,1,1,0,0,2.89,1,0.946,20.5,LOW
Finance Analyst,HR,Finance System,3,4.82,1,0,0,0,5,10.71,1,0.392,99.3,HIGH
Software Developer,Finance,Admin Panel,4,18.79,0,1,1,0,0,0.67,1,0.997,32.7,MEDIUM
Finance Analyst,Product,GitHub Project Alpha,1,4.95,1,0,1,1,5,5.33,1,0.548,81.9,HIGH
Contractor,Product,Finance System,3,12.63,0,1,1,0,0,3.33,1,0.996,30.8,MEDIUM
Contractor,Finance,HR Database,3,16.96,0,1,1,0,0,3.95,1,0.691,31.2,MEDIUM
System Administrator,HR,Finance System,3,8.65,0,1,1,0,0,3.18,1,0.766,33.0,MEDIUM
HR Specialist,HR,GitHub Project Alpha,1,21.93,1,0,1,0,5,6.63,1,0.508,100.0,HIGH
Software Developer,HR,Finance System,3,19.53,0,1,1,0,0,0.99,1,0.772,32.1,MEDIUM
DevOps Engineer,Product,Finance System,3,9.57,0,1,1,0,0,2.17,1,0.791,31.0,MEDIUM
Contractor,Product,Finance System,3,1.27,1,1,1,0,4,11.75,1,0.346,98.7,HIGH
QA Engineer,IT,Finance System,3,16.09,0,0,1,0,0,3.62,1,0.641,49.3,MEDIUM
DevOps Engineer,Finance,Development Server,2,14.74,0,1,1,0,1,2.32,0,0.993,49.6,MEDIUM
DevOps Engineer,Product,GitHub Project Alpha,1,7.73,0,1,1,1,1,1.02,1,0.664,17.3,LOW
Contractor,Engineering,Development Server,2,19.17,0,1,1,1,0,0.45,1,0.631,5.8,LOW
DevOps Engineer,Finance,GitHub Project Alpha,1,8.38,0,1,1,0,1,1.44,1,0.909,28.9,LOW
Software Developer,Engineering,Production Database,4,9.83,0,1,1,1,1,3.96,1,0.959,14.5,LOW
HR Specialist,IT,Finance System,3,18.78,0,1,1,0,0,4.15,1,0.851,32.3,MEDIUM
Software Developer,Engineering,Production Database,4,2.0,1,1,0,1,1,13.37,1,0.119,94.1,HIGH
Finance Analyst,Finance,Admin Panel,4,10.43,0,1,1,0,0,3.85,1,0.706,30.9,MEDIUM
Finance Analyst,Product,Admin Panel,4,11.28,0,1,1,0,0,2.73,1,0.634,31.4,MEDIUM
Software Developer,IT,Development Server,2,7.61,0,1,1,0,0,0.08,1,0.715,26.8,LOW
Finance Analyst,Engineering,Finance System,3,22.5,1,0,0,0,0,11.52,1,0.031,96.4,HIGH
Contractor,HR,Production Database,4,12.52,0,1,1,0,0,2.16,1,0.794,34.2,MEDIUM
Contractor,Product,HR Database,3,8.92,0,1,1,0,1,1.55,1,0.784,41.0,MEDIUM
QA Engineer,Engineering,Project Management System,1,23.03,1,0,1,1,2,6.12,1,0.474,64.1,MEDIUM
Product Manager,Product,Admin Panel,4,2.41,1,0,0,0,1,10.18,1,0.438,99.2,HIGH
Software Developer,IT,GitHub Project Alpha,1,22.43,1,0,0,0,4,5.6,1,0.271,99.6,HIGH
Product Manager,HR,HR Database,3,12.53,0,0,1,1,0,1.52,1,0.989,29.7,LOW
Product Manager,IT,Project Management System,1,19.99,0,1,1,1,0,4.91,1,0.643,6.1,LOW
DevOps Engineer,IT,GitHub Project Alpha,1,22.18,1,0,0,0,2,6.53,1,0.453,98.6,HIGH
System Administrator,Finance,Development Server,2,22.81,1,0,0,0,5,6.77,1,0.597,98.4,HIGH
HR Specialist,Product,Project Management System,1,17.64,0,1,1,1,0,0.3,1,0.657,2.9,LOW
DevOps Engineer,Product,Finance System,3,21.71,1,1,0,0,2,12.18,1,0.5,100.0,HIGH
QA Engineer,Finance,GitHub Project Alpha,1,9.31,0,1,1,0,0,2.96,1,0.883,25.8,LOW
Finance Analyst,HR,Development Server,2,1.45,1,0,0,0,5,14.61,1,0.042,100.0,HIGH
HR Specialist,HR,Development Server,2,17.74,0,1,1,0,0,3.09,1,0.938,28.1,LOW
Finance Analyst,Engineering,Finance System,3,12.68,0,1,0,0,0,0.95,1,0.919,51.5,MEDIUM
DevOps Engineer,Product,Production Database,4,5.07,1,0,0,0,1,12.12,1,0.579,100.0,HIGH
DevOps Engineer,Product,Project Management System,1,21.51,1,0,1,1,4,14.4,0,0.241,96.4,HIGH
HR Specialist,HR,Project Management System,1,16.3,0,1,1,1,1,2.8,1,0.841,13.1,LOW
System Administrator,Engineering,Production Database,4,17.35,0,1,1,1,0,1.01,1,0.987,13.0,LOW
QA Engineer,Product,HR Database,3,21.48,1,1,0,0,4,11.58,1,0.256,100.0,HIGH
Finance Analyst,HR,Development Server,2,14.28,0,1,1,0,0,1.62,1,0.896,29.9,LOW
System Administrator,Engineering,GitHub Project Alpha,1,14.83,0,1,0,1,0,4.68,1,0.914,23.4,LOW
System Administrator,Finance,Development Server,2,18.64,0,1,0,0,1,2.01,1,0.996,55.7,MEDIUM
QA Engineer,Product,GitHub Project Alpha,1,17.42,0,1,1,1,0,3.98,1,0.958,5.0,LOW
QA Engineer,Engineering,Project Management System,1,10.86,0,1,1,1,0,3.53,1,0.82,6.8,LOW
Contractor,Finance,Production Database,4,17.32,0,1,1,0,0,1.95,1,0.639,33.5,MEDIUM
QA Engineer,HR,HR Database,3,13.93,0,0,1,1,0,1.73,1,0.974,27.0,LOW
Finance Analyst,HR,Admin Panel,4,17.1,0,1,1,0,0,2.14,1,0.916,33.3,MEDIUM
System Administrator,HR,Admin Panel,4,10.61,0,1,1,0,1,2.57,1,0.6,39.6,MEDIUM
Software Developer,IT,Development Server,2,22.95,1,1,0,0,2,5.27,0,0.304,100.0,HIGH
Product Manager,HR,GitHub Project Alpha,1,2.11,1,0,0,0,1,6.31,1,0.322,95.9,HIGH
Finance Analyst,HR,Development Server,2,15.7,0,1,1,0,0,3.14,1,0.731,27.9,LOW
QA Engineer,HR,Production Database,4,12.08,0,1,1,0,1,1.16,1,0.933,38.6,MEDIUM
DevOps Engineer,Engineering,Development Server,2,22.71,1,0,0,1,0,5.58,1,0.295,70.9,HIGH
System Administrator,IT,Admin Panel,4,18.36,0,1,0,1,0,2.9,1,0.669,36.5,MEDIUM
Finance Analyst,Engineering,GitHub Project Alpha,1,22.92,1,0,0,1,2,11.57,1,0.09,100.0,HIGH
System Administrator,HR,Finance System,3,19.97,0,1,1,0,0,2.15,1,0.882,28.4,LOW
DevOps Engineer,Product,Admin Panel,4,21.62,1,1,0,0,4,6.05,1,0.49,97.5,HIGH
Product Manager,HR,Production Database,4,16.25,0,1,1,0,1,2.82,1,0.669,38.4,MEDIUM
Software Developer,Engineering,Finance System,3,2.77,1,0,0,0,0,7.34,1,0.003,100.0,HIGH
Contractor,Engineering,Admin Panel,4,18.27,0,1,1,0,0,0.67,1,0.718,33.1,MEDIUM
Contractor,Engineering,HR Database,3,18.75,0,1,1,0,1,2.96,1,0.931,32.4,MEDIUM
System Administrator,Product,Finance System,3,2.43,1,1,0,0,2,13.43,1,0.141,100.0,HIGH
System Administrator,Engineering,HR Database,3,12.68,0,1,1,0,0,3.77,1,0.874,25.1,LOW
Finance Analyst,IT,Production Database,4,16.88,0,1,1,1,0,2.39,1,0.904,8.4,LOW
Finance Analyst,HR,Production Database,4,8.85,0,1,0,0,0,3.22,1,0.646,56.3,MEDIUM
Software Developer,Finance,Production Database,4,13.7,0,0,0,0,0,1.05,1,0.659,69.4,MEDIUM
Product Manager,HR,Project Management System,1,8.21,0,1,1,1,0,2.61,1,0.99,2.5,LOW
Finance Analyst,Engineering,Finance System,3,14.22,0,1,0,0,0,0.48,1,0.982,50.8,MEDIUM
Finance Analyst,Engineering,HR Database,3,10.97,0,1,1,0,1,4.65,0,0.679,51.4,MEDIUM
Software Developer,Engineering,Finance System,3,2.66,1,0,0,0,3,11.31,1,0.543,99.6,HIGH
DevOps Engineer,IT,Production Database,4,7.14,0,1,1,1,0,2.0,1,0.811,12.4,LOW
Contractor,Product,GitHub Project Alpha,1,4.28,1,1,0,1,0,7.92,1,0.233,59.7,MEDIUM
Contractor,Product,Finance System,3,21.79,1,1,0,0,0,12.65,1,0.025,100.0,HIGH
Finance Analyst,Engineering,GitHub Project Alpha,1,15.42,0,0,1,1,0,1.7,1,0.641,29.8,LOW
QA Engineer,IT,Production Database,4,15.38,0,0,1,1,0,2.77,1,0.766,33.6,MEDIUM
DevOps Engineer,HR,GitHub Project Alpha,1,11.21,0,1,1,0,0,0.3,1,0.683,22.3,LOW
Finance Analyst,IT,Admin Panel,4,7.16,0,1,1,1,1,3.71,1,0.873,18.9,LOW
HR Specialist,Finance,Project Management System,1,8.26,0,1,0,1,0,3.8,1,0.71,27.4,LOW
QA Engineer,IT,Admin Panel,4,10.57,0,1,0,1,0,4.88,1,0.939,31.5,MEDIUM
Software Developer,Engineering,GitHub Project Alpha,1,23.1,1,1,0,1,0,3.83,1,0.308,44.9,MEDIUM
Product Manager,Product,Project Management System,1,14.95,0,1,1,1,0,3.54,1,0.728,8.3,LOW
QA Engineer,Engineering,GitHub Project Alpha,1,21.43,1,1,0,1,1,13.85,1,0.088,86.7,HIGH
System Administrator,HR,HR Database,3,8.47,0,0,0,1,1,3.71,1,0.928,59.0,MEDIUM
HR Specialist,IT,Finance System,3,21.75,1,0,1,0,2,7.36,1,0.044,99.4,HIGH
Finance Analyst,IT,Finance System,3,11.87,0,1,1,0,0,4.07,1,0.911,28.8,LOW
System Administrator,IT,Admin Panel,4,9.83,0,1,1,1,1,2.58,1,0.638,21.0,LOW
System Administrator,Engineering,Production Database,4,15.67,0,1,1,1,0,3.39,1,0.673,14.7,LOW
Software Developer,Product,Production Database,4,13.55,0,1,1,0,0,3.37,1,0.777,31.2,MEDIUM
QA Engineer,Product,HR Database,3,9.3,0,1,1,0,0,4.3,1,0.675,34.2,MEDIUM
QA Engineer,Engineering,Project Management System,1,13.09,0,0,1,1,0,2.56,1,0.615,25.2,LOW
System Administrator,Engineering,HR Database,3,16.93,0,1,1,0,0,3.45,1,0.775,31.3,MEDIUM
DevOps Engineer,Product,Project Management System,1,22.68,1,0,0,1,3,14.84,0,0.341,98.6,HIGH
Finance Analyst,Product,Admin Panel,4,1.57,1,1,0,0,3,14.45,1,0.165,100.0,HIGH
DevOps Engineer,HR,Production Database,4,15.44,0,1,1,0,0,0.57,0,0.618,48.3,MEDIUM
QA Engineer,IT,Admin Panel,4,1.71,1,0,1,1,1,12.97,1,0.137,95.4,HIGH
QA Engineer,Product,HR Database,3,23.77,1,0,1,0,5,5.9,1,0.543,97.5,HIGH
QA Engineer,IT,Production Database,4,7.47,0,1,1,1,0,1.05,1,0.615,13.4,LOW
DevOps Engineer,Product,Development Server,2,13.06,0,1,1,0,0,0.49,1,0.907,27.9,LOW
Finance Analyst,Engineering,Project Management System,1,19.42,0,1,1,1,0,0.53,1,0.726,5.7,LOW
Software Developer,Finance,Finance System,3,11.32,0,1,1,1,0,2.34,1,0.966,7.1,LOW
Software Developer,Product,Admin Panel,4,19.7,0,0,1,0,0,4.9,1,0.821,54.6,MEDIUM
Finance Analyst,Engineering,Admin Panel,4,21.04,1,1,0,0,0,10.89,0,0.328,99.8,HIGH
DevOps Engineer,Finance,Production Database,4,8.7,0,1,0,0,1,3.8,1,0.908,57.4,MEDIUM
Software Developer,Engineering,Admin Panel,4,8.0,0,1,1,0,0,0.3,0,0.953,41.7,MEDIUM
Finance Analyst,IT,Development Server,2,21.86,1,0,0,0,0,4.5,1,0.263,89.0,HIGH
Finance Analyst,IT,Production Database,4,19.79,0,1,1,1,1,3.37,1,0.853,19.3,LOW
HR Specialist,IT,Finance System,3,19.77,0,1,1,0,0,0.18,1,0.942,24.5,LOW
Contractor,Engineering,Production Database,4,21.15,1,0,0,1,1,5.49,1,0.09,81.7,HIGH
DevOps Engineer,Engineering,Development Server,2,19.3,0,1,1,1,1,2.69,1,0.811,11.7,LOW
Product Manager,Engineering,GitHub Project Alpha,1,10.13,0,1,1,1,0,4.12,1,0.987,4.4,LOW
Software Developer,Product,HR Database,3,1.0,1,0,0,0,2,5.45,1,0.517,97.2,HIGH
System Administrator,HR,GitHub Project Alpha,1,1.0,1,1,1,0,1,12.72,1,0.557,76.4,HIGH
DevOps Engineer,Engineering,Development Server,2,21.54,1,1,0,1,4,5.27,1,0.02,80.4,HIGH
Product Manager,Product,Admin Panel,4,18.13,0,1,1,0,0,3.87,1,0.682,31.8,MEDIUM
QA Engineer,HR,Project Management System,1,11.84,0,1,1,1,0,3.78,1,0.624,2.8,LOW
Contractor,Engineering,Project Management System,1,13.82,0,1,1,1,1,0.27,0,0.971,25.0,LOW
Finance Analyst,IT,Development Server,2,14.74,0,1,1,0,0,2.67,1,0.938,27.6,LOW
Contractor,Engineering,GitHub Project Alpha,1,23.62,1,0,0,1,0,3.65,1,0.099,67.7,MEDIUM
DevOps Engineer,Finance,Finance System,3,21.54,1,0,1,1,0,12.23,1,0.364,82.2,HIGH
QA Engineer,HR,Development Server,2,14.89,0,1,1,0,0,2.35,1,0.74,24.0,LOW
HR Specialist,Product,Finance System,3,11.53,0,0,0,0,1,2.39,1,0.863,74.4,HIGH
Contractor,HR,Project Management System,1,16.24,0,1,1,1,0,3.16,1,0.919,2.7,LOW
Product Manager,HR,HR Database,3,18.4,0,1,1,1,0,3.41,1,0.839,11.4,LOW
QA Engineer,Engineering,GitHub Project Alpha,1,21.64,1,1,1,1,5,13.36,0,0.585,100.0,HIGH
DevOps Engineer,Finance,Project Management System,1,4.32,1,1,0,1,0,9.71,1,0.08,71.4,HIGH
Software Developer,HR,Development Server,2,18.87,0,1,0,0,0,0.32,1,0.86,49.1,MEDIUM
Software Developer,Finance,GitHub Project Alpha,1,1.99,1,1,0,0,1,14.18,1,0.216,100.0,HIGH
Software Developer,HR,Project Management System,1,9.1,0,1,1,1,0,2.52,1,0.765,3.5,LOW
DevOps Engineer,Product,Finance System,3,18.46,0,1,1,0,0,4.65,1,0.616,35.2,MEDIUM
Contractor,Engineering,Production Database,4,15.32,0,1,1,1,0,3.3,1,0.602,14.3,LOW
System Administrator,Engineering,Finance System,3,17.34,0,1,1,0,0,1.03,1,0.978,29.0,LOW
QA Engineer,IT,HR Database,3,23.67,1,0,0,0,1,13.84,0,0.12,100.0,HIGH
DevOps Engineer,Finance,Finance System,3,8.14,0,1,1,1,0,1.65,1,0.965,7.7,LOW
Contractor,Finance,HR Database,3,8.18,0,1,1,0,1,1.35,1,0.82,33.7,MEDIUM
Product Manager,Finance,Development Server,2,23.59,1,0,1,0,2,7.05,0,0.134,100.0,HIGH
DevOps Engineer,Product,Project Management System,1,19.29,0,1,1,1,0,2.65,1,0.729,5.8,LOW
HR Specialist,IT,Admin Panel,4,0.48,1,1,0,1,3,6.26,1,0.356,79.0,HIGH
Contractor,Engineering,HR Database,3,18.18,0,0,1,0,0,3.06,1,0.741,52.5,MEDIUM
Product Manager,IT,Finance System,3,19.24,0,1,1,0,0,1.32,1,0.74,28.8,LOW
HR Specialist,HR,Production Database,4,12.82,0,1,1,0,0,0.5,1,0.739,30.6,MEDIUM
HR Specialist,Engineering,HR Database,3,10.53,0,0,1,0,1,2.48,1,0.977,57.7,MEDIUM
Product Manager,Engineering,Admin Panel,4,22.05,1,0,0,0,3,10.37,0,0.148,99.0,HIGH
Product Manager,HR,Development Server,2,21.35,1,0,0,0,3,8.13,1,0.298,99.7,HIGH
Software Developer,Engineering,Admin Panel,4,12.19,0,1,1,0,0,1.02,1,0.836,31.5,MEDIUM
DevOps Engineer,HR,HR Database,3,4.31,1,1,0,1,2,13.76,1,0.018,99.0,HIGH
Software Developer,Product,Finance System,3,23.55,1,0,1,0,3,11.15,1,0.471,100.0,HIGH
QA Engineer,Product,Project Management System,1,7.57,0,1,1,1,1,3.76,1,0.672,17.3,LOW
Product Manager,Finance,HR Database,3,10.29,0,1,1,0,0,2.79,1,0.757,31.9,MEDIUM
Product Manager,Product,Project Management System,1,4.74,1,0,0,1,4,6.97,0,0.528,100.0,HIGH
DevOps Engineer,IT,Project Management System,1,2.9,1,1,0,1,4,7.93,1,0.461,91.4,HIGH
Software Developer,HR,Finance System,3,0.74,1,0,0,0,1,4.02,0,0.299,100.0,HIGH
Contractor,HR,Finance System,3,19.44,0,1,1,0,0,1.86,1,0.662,30.1,MEDIUM
System Administrator,HR,HR Database,3,8.19,0,0,1,1,0,3.99,0,0.739,46.3,MEDIUM
Product Manager,Engineering,Admin Panel,4,16.23,0,1,1,0,0,3.51,1,0.859,31.6,MEDIUM
System Administrator,HR,Admin Panel,4,12.9,0,1,0,0,0,1.45,1,0.662,52.0,MEDIUM
DevOps Engineer,Engineering,GitHub Project Alpha,1,15.46,0,1,1,1,1,3.61,1,0.693,15.5,LOW
Product Manager,Engineering,Production Database,4,18.38,0,1,0,1,0,4.95,1,0.826,30.8,MEDIUM
Product Manager,IT,Project Management System,1,11.84,0,1,0,1,0,0.8,1,0.998,25.2,LOW
System Administrator,Product,GitHub Project Alpha,1,10.29,0,1,1,1,0,4.57,1,0.932,3.3,LOW
Product Manager,Finance,Development Server,2,17.77,0,1,1,0,0,0.44,1,0.677,29.6,LOW
System Administrator,Engineering,Finance System,3,2.17,1,0,1,0,4,4.07,1,0.292,100.0,HIGH
System Administrator,HR,Project Management System,1,14.1,0,1,1,1,0,4.86,1,0.619,9.9,LOW
DevOps Engineer,IT,HR Database,3,11.73,0,1,1,0,0,0.87,1,0.78,29.6,LOW
DevOps Engineer,Engineering,Development Server,2,23.48,1,0,0,1,4,8.11,1,0.019,99.7,HIGH
QA Engineer,Product,Finance System,3,12.65,0,1,1,0,1,3.53,1,0.901,34.7,MEDIUM
DevOps Engineer,Product,Admin Panel,4,18.92,0,1,1,0,0,0.29,1,0.735,32.8,MEDIUM
DevOps Engineer,IT,Development Server,2,23.14,1,0,0,0,4,6.85,1,0.398,100.0,HIGH
HR Specialist,HR,Finance System,3,12.39,0,1,1,0,0,4.77,1,0.978,30.2,MEDIUM
QA Engineer,Product,Admin Panel,4,17.61,0,1,1,0,1,0.8,1,0.718,39.0,MEDIUM
System Administrator,Engineering,GitHub Project Alpha,1,12.32,0,1,1,1,0,1.39,1,0.681,6.8,LOW
System Administrator,IT,HR Database,3,21.3,1,0,0,0,0,3.82,1,0.072,91.3,HIGH
DevOps Engineer,Finance,Project Management System,1,8.08,0,0,1,1,0,2.07,1,0.648,29.9,LOW
Software Developer,IT,Production Database,4,22.87,1,1,1,1,2,13.71,1,0.39,77.6,HIGH
Product Manager,IT,Development Server,2,21.12,1,1,0,0,3,9.28,1,0.565,100.0,HIGH
DevOps Engineer,IT,Project Management System,1,19.9,0,1,1,1,1,1.4,1,0.792,12.2,LOW
Finance Analyst,Finance,Finance System,3,23.99,1,0,0,1,1,13.59,1,0.554,98.9,HIGH
QA Engineer,IT,GitHub Project Alpha,1,22.36,1,0,0,0,1,5.72,1,0.053,98.2,HIGH
Contractor,IT,Production Database,4,7.45,0,1,1,1,0,2.52,1,0.737,9.7,LOW
Finance Analyst,HR,Development Server,2,21.53,1,0,0,0,5,3.82,1,0.007,96.2,HIGH
Contractor,Finance,HR Database,3,18.35,0,1,1,0,0,1.56,1,0.974,23.9,LOW
HR Specialist,IT,Production Database,4,23.29,1,0,1,1,4,8.08,1,0.426,99.0,HIGH
Product Manager,HR,Admin Panel,4,13.08,0,1,1,0,1,1.7,1,0.889,41.5,MEDIUM
System Administrator,Finance,HR Database,3,7.62,0,1,1,0,0,2.7,1,0.646,28.3,LOW
HR Specialist,Finance,Admin Panel,4,17.18,0,1,1,0,0,3.84,1,0.698,36.7,MEDIUM
System Administrator,HR,HR Database,3,0.87,1,0,1,1,4,12.56,1,0.557,100.0,HIGH
HR Specialist,IT,Development Server,2,7.52,0,1,1,0,0,2.98,1,0.735,24.8,LOW
HR Specialist,HR,Finance System,3,19.76,0,1,1,0,0,2.48,1,0.945,29.7,LOW
Contractor,IT,Admin Panel,4,15.55,0,1,1,1,0,3.55,1,0.648,16.8,LOW
System Administrator,IT,Project Management System,1,7.41,0,1,1,1,0,1.31,1,0.921,5.1,LOW
Product Manager,Product,HR Database,3,11.69,0,1,1,0,0,1.4,1,0.962,25.5,LOW
Contractor,Engineering,Finance System,3,9.94,0,1,1,0,0,2.03,1,0.862,31.4,MEDIUM
Contractor,Product,Admin Panel,4,0.61,1,0,0,0,5,10.55,1,0.344,100.0,HIGH
DevOps Engineer,Finance,GitHub Project Alpha,1,23.96,1,0,1,0,2,11.27,1,0.586,97.2,HIGH
System Administrator,IT,Admin Panel,4,13.87,0,1,1,1,0,2.2,1,0.774,8.7,LOW
Product Manager,Product,HR Database,3,11.79,0,1,1,0,0,1.99,1,0.921,28.0,LOW
System Administrator,Product,GitHub Project Alpha,1,19.5,0,1,1,1,0,4.01,1,0.83,2.3,LOW
Finance Analyst,Engineering,Admin Panel,4,10.26,0,1,1,0,0,4.88,1,0.883,35.1,MEDIUM
Finance Analyst,Engineering,HR Database,3,9.41,0,1,1,0,1,1.35,1,0.857,35.5,MEDIUM
QA Engineer,Engineering,Admin Panel,4,5.56,1,0,0,0,2,13.39,1,0.488,100.0,HIGH
Product Manager,Engineering,GitHub Project Alpha,1,15.44,0,1,1,1,0,0.83,1,0.669,6.1,LOW
Software Developer,Finance,Finance System,3,15.26,0,1,1,1,0,1.14,1,0.926,9.4,LOW
HR Specialist,Product,HR Database,3,1.93,1,0,0,0,2,8.59,1,0.453,96.9,HIGH
Contractor,HR,Admin Panel,4,10.38,0,1,0,0,0,0.85,1,0.847,53.3,MEDIUM
Product Manager,IT,GitHub Project Alpha,1,5.38,1,0,0,0,3,8.18,1,0.591,98.3,HIGH
QA Engineer,Engineering,GitHub Project Alpha,1,21.12,1,0,0,1,3,9.99,1,0.407,97.9,HIGH
HR Specialist,HR,Production Database,4,15.68,0,1,1,0,1,0.4,1,0.618,43.5,MEDIUM
Software Developer,Finance,HR Database,3,19.22,0,1,1,0,0,4.57,1,0.649,30.6,MEDIUM
QA Engineer,HR,GitHub Project Alpha,1,2.13,1,0,0,0,0,9.74,1,0.464,97.0,HIGH
HR Specialist,Finance,Production Database,4,10.89,0,1,1,0,0,1.79,1,0.985,31.8,MEDIUM
Product Manager,Product,Development Server,2,9.37,0,1,0,0,1,2.45,1,0.842,55.0,MEDIUM
System Administrator,Product,GitHub Project Alpha,1,5.23,1,0,0,1,1,5.03,1,0.275,70.2,HIGH
Contractor,Finance,Project Management System,1,0.56,1,0,0,1,3,5.23,1,0.109,94.9,HIGH
Product Manager,Engineering,GitHub Project Alpha,1,19.16,0,0,1,1,1,4.96,1,0.9,35.3,MEDIUM
Product Manager,Finance,GitHub Project Alpha,1,12.01,0,1,0,0,0,2.39,1,0.996,44.2,MEDIUM
System Administrator,HR,Development Server,2,5.87,1,0,0,0,1,10.88,1,0.33,100.0,HIGH
Contractor,Finance,Admin Panel,4,18.42,0,1,1,0,0,3.25,1,0.67,35.6,MEDIUM
HR Specialist,HR,Development Server,2,7.64,0,1,1,0,1,0.42,1,0.817,38.7,MEDIUM
System Administrator,HR,Admin Panel,4,12.56,0,1,1,0,0,1.5,1,0.666,30.6,MEDIUM
Contractor,Product,Development Server,2,4.63,1,0,0,0,0,10.73,1,0.574,97.7,HIGH
Finance Analyst,Finance,GitHub Project Alpha,1,21.92,1,0,0,0,4,13.16,1,0.051,96.6,HIGH
DevOps Engineer,HR,Production Database,4,22.78,1,1,1,0,5,14.65,1,0.537,98.2,HIGH
Product Manager,IT,Project Management System,1,7.18,0,1,1,1,0,4.6,1,0.709,4.7,LOW
Finance Analyst,Engineering,Production Database,4,17.76,0,1,0,1,0,1.87,0,0.865,46.7,MEDIUM
HR Specialist,Finance,Development Server,2,12.84,0,0,1,0,0,1.05,0,0.676,62.6,MEDIUM
Software Developer,IT,GitHub Project Alpha,1,7.63,0,1,1,0,0,0.96,1,0.923,21.7,LOW
System Administrator,Finance,HR Database,3,10.73,0,1,1,0,1,1.84,1,0.699,36.1,MEDIUM
HR Specialist,Product,GitHub Project Alpha,1,8.19,0,1,1,1,0,1.24,1,0.684,7.9,LOW
System Administrator,Finance,GitHub Project Alpha,1,19.07,0,1,1,0,0,1.41,1,0.884,21.9,LOW
HR Specialist,Product,Development Server,2,13.88,0,1,1,0,1,3.41,1,0.711,37.0,MEDIUM
Software Developer,Finance,Admin Panel,4,14.91,0,1,1,0,1,4.38,1,0.8,43.4,MEDIUM
Contractor,IT,Production Database,4,8.63,0,1,1,1,0,2.83,1,0.867,14.9,LOW
Product Manager,Product,HR Database,3,8.06,0,1,1,0,1,4.62,1,0.659,36.5,MEDIUM
System Administrator,IT,Admin Panel,4,9.33,0,1,1,1,1,3.9,1,0.678,23.8,LOW
HR Specialist,HR,Production Database,4,4.84,1,0,0,0,4,14.08,1,0.554,99.2,HIGH
HR Specialist,Product,GitHub Project Alpha,1,15.24,0,1,1,1,0,3.28,1,0.691,2.3,LOW
QA Engineer,Product,Development Server,2,7.55,0,1,1,0,0,0.98,1,0.828,30.3,MEDIUM
DevOps Engineer,Engineering,Project Management System,1,4.6,1,1,0,1,4,3.65,1,0.586,72.1,HIGH
Product Manager,Engineering,Finance System,3,15.77,0,1,0,0,1,3.0,1,0.652,57.2,MEDIUM
Software Developer,HR,HR Database,3,13.01,0,1,1,1,1,3.7,1,0.91,18.2,LOW
DevOps Engineer,IT,Admin Panel,4,8.07,0,1,1,1,1,2.5,1,0.695,20.3,LOW
Software Developer,Engineering,GitHub Project Alpha,1,1.59,1,1,0,1,3,13.37,1,0.507,97.7,HIGH
HR Specialist,Engineering,Finance System,3,19.72,0,1,1,0,0,4.43,1,0.71,31.0,MEDIUM
Software Developer,Product,Admin Panel,4,18.54,0,1,1,0,0,3.27,1,0.847,32.7,MEDIUM
DevOps Engineer,Engineering,Project Management System,1,16.83,0,1,1,1,0,3.24,1,0.914,6.4,LOW
DevOps Engineer,HR,Project Management System,1,10.01,0,1,1,1,0,1.8,1,0.637,2.8,LOW
System Administrator,HR,Development Server,2,18.64,0,1,1,0,0,0.46,1,0.887,27.7,LOW
Contractor,Finance,GitHub Project Alpha,1,15.76,0,1,0,0,0,2.63,1,0.902,41.7,MEDIUM
Software Developer,HR,HR Database,3,11.39,0,1,1,1,0,1.19,1,0.656,8.2,LOW
Software Developer,IT,Admin Panel,4,11.92,0,1,1,1,0,4.17,1,0.819,11.6,LOW
QA Engineer,IT,GitHub Project Alpha,1,12.82,0,1,1,0,0,3.45,1,0.642,27.6,LOW
Contractor,HR,Production Database,4,19.15,0,1,1,0,0,2.38,1,0.931,33.3,MEDIUM
HR Specialist,Engineering,Development Server,2,16.76,0,1,0,1,0,2.06,1,0.703,26.4,LOW
System Administrator,HR,Finance System,3,3.16,1,1,0,0,0,5.75,1,0.384,72.6,HIGH
Software Developer,IT,Admin Panel,4,21.5,1,0,1,1,1,8.09,1,0.332,75.6,HIGH
DevOps Engineer,Product,Development Server,2,9.65,0,1,1,0,1,3.22,1,0.908,30.1,MEDIUM
QA Engineer,Finance,Admin Panel,4,8.23,0,0,1,0,0,2.53,1,0.613,56.8,MEDIUM
HR Specialist,Product,GitHub Project Alpha,1,7.79,0,1,1,1,0,1.47,1,0.852,2.6,LOW
System Administrator,Engineering,HR Database,3,23.35,1,1,0,0,2,4.41,1,0.217,83.2,HIGH
HR Specialist,Product,Project Management System,1,13.11,0,1,1,1,0,3.76,1,0.612,7.8,LOW
HR Specialist,Finance,Admin Panel,4,13.15,0,1,0,0,0,0.62,1,0.614,56.4,MEDIUM
Finance Analyst,HR,Admin Panel,4,8.38,0,1,1,0,0,1.2,1,0.949,29.4,LOW
Software Developer,HR,Finance System,3,13.66,0,1,1,0,1,1.9,1,0.753,36.6,MEDIUM
Software Developer,Engineering,Development Server,2,21.97,1,0,1,1,4,8.4,1,0.6,96.8,HIGH
Finance Analyst,IT,HR Database,3,9.67,0,1,1,0,0,3.91,1,0.78,29.0,LOW
DevOps Engineer,IT,Project Management System,1,4.87,1,1,1,1,4,11.88,1,0.334,86.2,HIGH
Contractor,Engineering,HR Database,3,11.24,0,1,1,0,0,2.71,1,0.913,25.5,LOW
Contractor,Finance,HR Database,3,8.62,0,1,1,0,0,2.48,1,0.773,32.8,MEDIUM
Finance Analyst,Product,Admin Panel,4,9.14,0,1,1,0,0,1.68,1,0.823,28.8,LOW
HR Specialist,HR,Finance System,3,2.82,1,1,0,0,4,4.13,1,0.32,100.0,HIGH
DevOps Engineer,IT,Finance System,3,11.74,0,1,1,0,0,1.08,1,0.796,29.9,LOW
System Administrator,HR,GitHub Project Alpha,1,13.53,0,1,0,0,0,0.08,1,0.771,46.2,MEDIUM
System Administrator,Product,Admin Panel,4,11.29,0,1,1,0,0,4.66,1,0.687,33.4,MEDIUM
Contractor,Product,Development Server,2,12.1,0,1,0,0,0,3.67,1,0.838,49.7,MEDIUM
Product Manager,IT,Finance System,3,16.27,0,1,1,0,0,1.6,1,0.981,25.0,LOW
Software Developer,Product,Admin Panel,4,9.33,0,1,1,0,0,3.04,1,0.977,28.7,LOW
Software Developer,HR,Finance System,3,12.79,0,1,1,0,1,2.09,1,0.713,35.6,MEDIUM
DevOps Engineer,Finance,Development Server,2,13.29,0,1,1,0,1,4.9,1,0.883,31.0,MEDIUM
HR Specialist,IT,Admin Panel,4,21.16,1,0,0,1,4,13.19,1,0.053,100.0,HIGH
Contractor,HR,GitHub Project Alpha,1,8.15,0,1,1,0,0,4.44,1,0.682,24.1,LOW
Software Developer,IT,Project Management System,1,15.12,0,1,1,1,0,2.19,1,0.891,0.3,LOW
Finance Analyst,Finance,Finance System,3,21.92,1,1,0,1,3,12.67,1,0.311,96.8,HIGH
Finance Analyst,HR,Development Server,2,17.06,0,1,1,0,0,1.87,1,0.605,29.1,LOW
DevOps Engineer,Product,GitHub Project Alpha,1,22.19,1,0,1,1,5,10.82,1,0.52,96.4,HIGH
HR Specialist,Engineering,Project Management System,1,14.36,0,1,0,1,1,0.59,1,0.805,35.2,MEDIUM
QA Engineer,IT,Project Management System,1,21.32,1,0,0,1,1,6.11,1,0.07,77.3,HIGH
Contractor,Product,Development Server,2,10.48,0,1,0,0,0,0.97,1,0.865,44.4,MEDIUM
System Administrator,Product,Production Database,4,8.76,0,1,1,0,1,4.46,1,0.757,42.8,MEDIUM
System Administrator,IT,Development Server,2,7.04,0,1,0,0,0,3.94,1,0.96,49.0,MEDIUM
DevOps Engineer,Product,Admin Panel,4,17.87,0,1,1,0,0,0.45,1,0.647,33.6,MEDIUM
Product Manager,Product,Development Server,2,21.47,1,0,0,0,5,3.04,1,0.508,100.0,HIGH
Finance Analyst,IT,Production Database,4,19.67,0,1,1,1,0,4.91,1,0.615,17.7,LOW
HR Specialist,Finance,Project Management System,1,11.67,0,1,1,1,0,0.03,1,0.823,2.3,LOW
Finance Analyst,Finance,Finance System,3,18.86,0,1,1,1,0,2.14,1,0.66,14.4,LOW
Product Manager,Product,HR Database,3,10.36,0,1,1,0,0,0.11,1,0.851,30.1,MEDIUM
QA Engineer,Engineering,HR Database,3,8.84,0,1,1,0,0,1.47,1,0.835,25.4,LOW
Product Manager,Finance,GitHub Project Alpha,1,14.08,0,1,1,0,1,0.22,1,0.947,33.4,MEDIUM
DevOps Engineer,IT,GitHub Project Alpha,1,2.24,1,0,1,0,5,5.04,1,0.253,100.0,HIGH
Product Manager,Product,Development Server,2,11.06,0,1,1,0,0,3.86,1,0.77,27.8,LOW
Software Developer,IT,Development Server,2,17.52,0,1,1,0,0,1.37,1,0.812,30.8,MEDIUM
QA Engineer,HR,Admin Panel,4,22.6,1,1,1,0,4,10.06,0,0.045,99.7,HIGH
QA Engineer,Engineering,HR Database,3,18.43,0,1,1,0,0,2.41,1,0.605,33.8,MEDIUM
Software Developer,IT,Finance System,3,21.52,1,0,0,0,3,6.14,1,0.538,96.1,HIGH
Product Manager,Finance,HR Database,3,21.51,1,0,1,0,4,8.88,1,0.206,97.5,HIGH
Finance Analyst,Finance,Admin Panel,4,3.02,1,0,0,0,4,14.18,1,0.066,96.2,HIGH
System Administrator,Engineering,HR Database,3,9.54,0,1,1,0,1,1.37,0,0.811,50.1,MEDIUM
HR Specialist,HR,Development Server,2,15.9,0,1,1,0,0,3.73,1,0.669,31.7,MEDIUM
HR Specialist,IT,Admin Panel,4,7.7,0,1,1,1,0,4.87,1,0.917,9.6,LOW
Finance Analyst,Engineering,HR Database,3,9.12,0,1,1,0,1,0.28,1,0.837,37.4,MEDIUM
Contractor,Engineering,Development Server,2,11.11,0,1,0,1,1,1.74,1,0.98,36.6,MEDIUM
System Administrator,Finance,Production Database,4,17.77,0,1,1,0,0,4.83,1,0.99,27.6,LOW
Contractor,IT,Finance System,3,19.11,0,1,1,0,1,1.68,1,0.774,34.8,MEDIUM
Software Developer,HR,GitHub Project Alpha,1,15.64,0,1,1,0,0,0.12,1,0.888,26.8,LOW
Finance Analyst,Engineering,Project Management System,1,22.03,1,0,0,1,1,6.46,1,0.54,78.5,HIGH
Contractor,HR,Admin Panel,4,22.68,1,0,0,0,4,10.71,1,0.478,96.7,HIGH
HR Specialist,Finance,Admin Panel,4,16.22,0,1,1,0,0,0.41,1,0.814,31.0,MEDIUM
QA Engineer,Engineering,Production Database,4,8.66,0,1,1,1,0,4.35,1,0.734,15.4,LOW
Contractor,Finance,Development Server,2,13.06,0,1,1,0,1,0.39,1,0.667,36.4,MEDIUM
HR Specialist,Finance,GitHub Project Alpha,1,8.24,0,0,1,0,0,4.67,1,0.742,42.7,MEDIUM
QA Engineer,Engineering,GitHub Project Alpha,1,17.33,0,1,1,1,0,3.95,1,0.801,7.7,LOW
Product Manager,Engineering,Admin Panel,4,17.59,0,1,1,0,0,0.71,1,0.874,29.2,LOW
HR Specialist,IT,HR Database,3,17.96,0,0,1,0,0,2.53,1,0.845,47.1,MEDIUM
DevOps Engineer,HR,Production Database,4,9.99,0,1,1,0,0,1.3,1,0.681,31.0,MEDIUM
QA Engineer,Engineering,Admin Panel,4,7.58,0,1,1,0,0,1.34,1,0.69,31.5,MEDIUM
Product Manager,Product,GitHub Project Alpha,1,19.07,0,1,1,1,1,3.6,1,0.938,8.4,LOW
DevOps Engineer,HR,GitHub Project Alpha,1,18.51,0,1,1,0,0,4.81,1,0.842,23.8,LOW
Finance Analyst,IT,GitHub Project Alpha,1,15.84,0,1,0,0,0,1.59,1,0.763,47.1,MEDIUM
Software Developer,Product,Project Management System,1,8.81,0,0,1,1,0,4.13,1,0.706,23.8,LOW
System Administrator,HR,Development Server,2,23.76,1,0,0,0,1,3.05,1,0.3,93.2,HIGH
DevOps Engineer,IT,Admin Panel,4,19.21,0,1,1,1,0,4.62,1,0.986,12.3,LOW
System Administrator,IT,Finance System,3,4.24,1,0,0,0,4,3.49,1,0.467,97.5,HIGH
Software Developer,Finance,GitHub Project Alpha,1,19.62,0,1,1,0,0,3.04,1,0.892,27.2,LOW
System Administrator,Finance,GitHub Project Alpha,1,5.19,1,0,1,0,4,4.08,1,0.187,93.7,HIGH
Finance Analyst,IT,GitHub Project Alpha,1,1.36,1,0,0,0,1,8.05,1,0.578,100.0,HIGH
Finance Analyst,IT,Project Management System,1,7.71,0,1,1,1,0,0.7,1,0.713,6.6,LOW
DevOps Engineer,Finance,Project Management System,1,11.08,0,1,1,1,0,0.43,1,0.628,6.7,LOW
Software Developer,Product,HR Database,3,16.06,0,1,1,0,0,2.17,1,0.809,32.4,MEDIUM
Software Developer,IT,Development Server,2,1.03,1,1,0,0,1,9.14,0,0.078,100.0,HIGH
HR Specialist,Engineering,HR Database,3,12.65,0,1,1,0,0,4.82,1,0.664,31.8,MEDIUM
Finance Analyst,Engineering,Admin Panel,4,21.97,1,0,0,0,3,6.73,1,0.268,98.5,HIGH
QA Engineer,Engineering,GitHub Project Alpha,1,5.83,1,0,0,1,1,9.55,1,0.273,95.3,HIGH
Software Developer,HR,GitHub Project Alpha,1,10.89,0,1,1,0,1,1.67,1,0.657,35.1,MEDIUM
QA Engineer,HR,HR Database,3,10.27,0,1,1,1,1,0.45,1,0.989,19.0,LOW
HR Specialist,HR,Project Management System,1,19.89,0,1,1,1,1,0.02,1,0.895,8.4,LOW
Contractor,HR,Development Server,2,22.14,1,1,0,0,2,9.16,1,0.339,96.5,HIGH
System Administrator,Finance,Project Management System,1,10.48,0,1,1,1,0,4.78,1,0.79,7.7,LOW
HR Specialist,Engineering,GitHub Project Alpha,1,11.95,0,1,1,1,1,4.29,1,0.984,8.8,LOW
System Administrator,Engineering,Admin Panel,4,3.83,1,1,1,0,2,4.02,1,0.149,68.8,MEDIUM
Finance Analyst,Finance,Project Management System,1,23.14,1,0,0,1,2,13.02,1,0.391,100.0,HIGH
DevOps Engineer,Product,Project Management System,1,19.47,0,1,1,1,0,4.2,1,0.651,8.5,LOW
Software Developer,IT,Project Management System,1,11.13,0,1,1,1,0,0.07,1,0.759,5.2,LOW
DevOps Engineer,HR,Project Management System,1,22.34,1,0,1,1,4,8.09,1,0.423,88.5,HIGH
System Administrator,Finance,GitHub Project Alpha,1,5.71,1,0,0,0,2,9.48,1,0.404,100.0,HIGH
Finance Analyst,Finance,Development Server,2,19.28,0,1,1,0,0,4.5,1,0.928,27.7,LOW
System Administrator,Product,HR Database,3,2.11,1,0,0,0,4,13.01,1,0.434,97.6,HIGH
HR Specialist,HR,HR Database,3,7.84,0,1,1,1,1,1.64,1,0.914,18.8,LOW
HR Specialist,Finance,Admin Panel,4,13.51,0,1,1,0,1,2.22,1,0.83,42.0,MEDIUM
HR Specialist,Finance,GitHub Project Alpha,1,10.92,0,1,1,0,0,0.87,1,0.984,25.0,LOW
Contractor,Engineering,Development Server,2,0.5,1,0,0,1,0,5.96,0,0.299,86.7,HIGH
QA Engineer,Engineering,HR Database,3,21.8,1,1,0,0,3,3.9,1,0.538,94.2,HIGH
Product Manager,Finance,Project Management System,1,10.4,0,1,1,1,0,4.82,1,0.961,2.4,LOW
Product Manager,Finance,Project Management System,1,21.79,1,0,1,1,1,8.47,1,0.507,69.4,MEDIUM
System Administrator,Finance,HR Database,3,10.65,0,0,1,0,0,0.77,1,0.714,50.4,MEDIUM
Finance Analyst,Finance,Project Management System,1,7.1,0,1,1,1,0,3.6,1,0.996,1.5,LOW
System Administrator,Product,Project Management System,1,13.18,0,1,1,1,0,1.6,1,0.703,5.8,LOW
HR Specialist,IT,Project Management System,1,8.36,0,1,1,1,0,3.69,1,0.789,6.1,LOW
Software Developer,IT,Finance System,3,19.04,0,1,1,0,0,3.6,1,0.871,28.9,LOW
Finance Analyst,IT,Admin Panel,4,8.41,0,1,1,1,1,2.21,1,0.813,18.2,LOW
HR Specialist,Product,Development Server,2,8.92,0,1,1,0,0,3.1,1,0.722,28.8,LOW
Product Manager,IT,HR Database,3,2.27,1,0,0,0,5,3.45,1,0.003,99.7,HIGH
Software Developer,Engineering,HR Database,3,4.4,1,0,1,0,1,7.1,1,0.088,89.0,HIGH
Contractor,Engineering,Project Management System,1,8.72,0,0,1,1,0,3.98,1,0.696,22.1,LOW
Finance Analyst,Product,GitHub Project Alpha,1,16.79,0,1,1,1,0,4.84,1,0.997,1.8,LOW
QA Engineer,Engineering,Project Management System,1,10.99,0,1,1,1,0,3.57,1,0.707,1.7,LOW
Contractor,HR,Development Server,2,7.52,0,1,1,0,0,0.53,1,0.641,32.1,MEDIUM
QA Engineer,Product,GitHub Project Alpha,1,10.96,0,1,1,1,0,0.52,1,0.91,7.0,LOW
DevOps Engineer,HR,Finance System,3,9.05,0,1,1,0,0,1.57,1,0.616,30.9,MEDIUM
Contractor,HR,HR Database,3,0.16,1,0,0,1,0,7.14,1,0.081,79.0,HIGH
HR Specialist,Product,Project Management System,1,17.33,0,1,1,1,0,1.89,1,0.871,0.9,LOW
QA Engineer,Finance,Development Server,2,11.56,0,0,1,0,0,3.44,1,0.918,46.3,MEDIUM
Contractor,IT,Development Server,2,23.1,1,1,1,0,2,4.23,1,0.345,61.7,MEDIUM
DevOps Engineer,HR,Production Database,4,22.2,1,0,1,0,2,14.07,1,0.235,96.1,HIGH
DevOps Engineer,HR,Production Database,4,15.94,0,1,1,0,0,3.32,1,0.849,35.2,MEDIUM
Product Manager,IT,Project Management System,1,21.01,1,0,1,1,3,7.47,0,0.384,94.7,HIGH
QA Engineer,IT,Admin Panel,4,18.29,0,1,0,1,0,1.13,1,0.857,28.3,LOW
Product Manager,Finance,GitHub Project Alpha,1,13.76,0,1,0,0,0,4.77,1,0.783,43.0,MEDIUM
Contractor,Finance,HR Database,3,1.35,1,0,0,0,1,10.34,1,0.307,100.0,HIGH
HR Specialist,Product,GitHub Project Alpha,1,13.53,0,0,0,1,0,4.18,1,0.811,44.3,MEDIUM
Product Manager,Product,GitHub Project Alpha,1,4.53,1,1,0,1,2,10.82,1,0.483,84.8,HIGH
System Administrator,Engineering,Finance System,3,13.8,0,1,1,0,0,0.17,1,0.92,29.5,LOW
Finance Analyst,HR,HR Database,3,21.07,1,1,1,1,2,11.63,1,0.164,74.6,HIGH
Software Developer,HR,Development Server,2,10.46,0,1,1,0,0,2.99,1,0.742,30.8,MEDIUM
QA Engineer,Finance,Admin Panel,4,16.34,0,1,1,0,0,3.09,1,0.635,36.4,MEDIUM
Finance Analyst,Finance,Development Server,2,0.26,1,0,0,0,4,7.4,1,0.281,100.0,HIGH
DevOps Engineer,Engineering,Project Management System,1,15.84,0,1,1,1,1,4.16,1,0.635,14.0,LOW
Software Developer,Finance,Production Database,4,4.29,1,1,0,0,2,8.89,1,0.207,97.3,HIGH
Software Developer,IT,GitHub Project Alpha,1,22.95,1,1,0,0,4,13.0,1,0.526,97.7,HIGH
QA Engineer,HR,Admin Panel,4,1.18,1,1,0,0,3,7.23,1,0.107,100.0,HIGH
Contractor,IT,Production Database,4,21.66,1,0,1,1,4,11.86,1,0.237,100.0,HIGH
HR Specialist,IT,Production Database,4,3.32,1,0,0,1,3,7.19,1,0.188,100.0,HIGH
Finance Analyst,HR,HR Database,3,17.88,0,1,1,1,0,4.53,1,0.748,6.5,LOW
HR Specialist,HR,GitHub Project Alpha,1,8.75,0,1,1,0,0,0.64,1,0.833,25.5,LOW
DevOps Engineer,Product,Project Management System,1,2.96,1,0,0,1,2,6.27,1,0.008,91.0,HIGH
HR Specialist,Product,Finance System,3,11.96,0,1,1,0,0,4.5,1,0.867,25.7,LOW
System Administrator,Engineering,Development Server,2,8.73,0,1,1,1,0,1.28,1,0.943,2.3,LOW
System Administrator,HR,Admin Panel,4,23.36,1,0,1,0,2,3.06,1,0.472,90.1,HIGH
Finance Analyst,HR,Finance System,3,23.08,1,0,0,0,2,8.59,1,0.118,100.0,HIGH
DevOps Engineer,Engineering,Production Database,4,17.95,0,1,1,1,0,4.85,1,0.638,17.2,LOW
DevOps Engineer,Engineering,Finance System,3,15.24,0,1,1,0,0,2.17,1,0.906,27.8,LOW
QA Engineer,HR,Finance System,3,18.07,0,1,1,0,0,0.37,1,0.706,32.8,MEDIUM
Contractor,IT,Project Management System,1,19.63,0,0,1,1,0,2.52,1,0.815,27.7,LOW
Software Developer,IT,Development Server,2,16.6,0,1,1,0,0,1.16,1,0.872,29.1,LOW
Contractor,Finance,GitHub Project Alpha,1,19.8,0,1,1,0,1,2.09,0,0.96,48.0,MEDIUM
HR Specialist,IT,Development Server,2,12.44,0,1,1,0,0,4.56,1,0.884,26.6,LOW
HR Specialist,HR,Development Server,2,7.0,0,1,1,0,0,1.58,1,0.779,26.7,LOW
Software Developer,Engineering,HR Database,3,2.63,1,0,0,0,5,4.14,1,0.281,97.1,HIGH
Product Manager,HR,Project Management System,1,7.71,0,1,1,1,0,2.41,1,0.828,4.6,LOW
HR Specialist,IT,Project Management System,1,16.75,0,0,1,1,0,4.13,1,0.87,27.1,LOW
HR Specialist,Finance,Admin Panel,4,10.06,0,1,1,0,1,2.06,1,0.898,40.3,MEDIUM
Software Developer,IT,Production Database,4,7.29,0,1,0,1,0,1.23,1,0.851,34.6,MEDIUM
Contractor,Finance,Production Database,4,14.1,0,1,1,0,0,3.96,1,0.776,30.0,MEDIUM
DevOps Engineer,IT,Development Server,2,15.18,0,1,1,0,0,1.64,1,0.636,29.9,LOW
Product Manager,Product,Development Server,2,23.77,1,0,0,0,0,4.84,1,0.592,83.3,HIGH
Product Manager,Product,Production Database,4,16.26,0,1,1,0,0,4.35,1,0.892,32.1,MEDIUM
Software Developer,Finance,HR Database,3,22.58,1,0,1,0,4,14.67,1,0.58,100.0,HIGH
System Administrator,Product,GitHub Project Alpha,1,23.35,1,0,0,1,3,8.72,1,0.219,96.6,HIGH
Contractor,Product,HR Database,3,15.44,0,1,1,0,1,1.97,1,0.906,38.5,MEDIUM
Finance Analyst,Engineering,Admin Panel,4,3.66,1,0,0,0,1,10.78,1,0.481,97.7,HIGH
Product Manager,Product,Project Management System,1,19.45,0,1,1,1,1,4.79,1,0.902,7.8,LOW
Software Developer,Product,HR Database,3,21.29,1,0,0,0,1,6.71,1,0.102,96.5,HIGH
QA Engineer,Finance,Finance System,3,19.37,0,1,1,1,0,0.06,1,0.665,12.6,LOW
Product Manager,IT,Development Server,2,18.49,0,1,1,0,0,3.95,1,0.917,28.0,LOW
Finance Analyst,Engineering,Admin Panel,4,23.32,1,0,0,0,5,12.23,1,0.515,98.8,HIGH
DevOps Engineer,Finance,HR Database,3,13.43,0,1,1,0,1,0.53,1,0.776,39.2,MEDIUM
QA Engineer,IT,HR Database,3,23.0,1,0,0,0,5,12.45,0,0.323,100.0,HIGH
Contractor,Finance,Admin Panel,4,0.03,1,1,0,0,2,8.63,1,0.334,96.8,HIGH
QA Engineer,Product,Project Management System,1,13.04,0,1,1,1,0,0.98,1,0.959,0.3,LOW
Software Developer,Product,Project Management System,1,13.1,0,0,1,1,0,0.68,1,0.989,26.3,LOW
Finance Analyst,HR,Finance System,3,19.77,0,1,1,0,0,0.11,1,0.902,30.6,MEDIUM
Contractor,IT,Admin Panel,4,14.48,0,1,1,1,0,0.4,1,0.944,11.1,LOW
DevOps Engineer,Product,Development Server,2,10.78,0,1,1,0,0,3.2,1,0.853,30.3,MEDIUM
QA Engineer,Finance,Production Database,4,17.79,0,1,1,0,0,1.26,1,0.868,30.2,MEDIUM
Software Developer,Product,Finance System,3,19.02,0,1,1,0,0,0.4,1,0.793,29.8,LOW
HR Specialist,Engineering,Production Database,4,10.74,0,1,1,1,0,2.27,1,0.883,9.7,LOW
Software Developer,HR,HR Database,3,19.25,0,1,0,1,0,0.13,1,0.635,27.7,LOW
System Administrator,Finance,Admin Panel,4,2.39,1,1,0,0,4,4.56,1,0.289,99.6,HIGH
QA Engineer,HR,HR Database,3,22.73,1,1,0,1,0,9.66,0,0.01,88.7,HIGH
HR Specialist,Product,HR Database,3,15.14,0,0,0,0,1,3.95,1,0.887,80.2,HIGH
Contractor,IT,Production Database,4,15.64,0,0,0,1,0,3.86,1,0.669,50.9,MEDIUM
System Administrator,Finance,HR Database,3,2.95,1,0,1,0,5,6.62,1,0.053,96.1,HIGH
Product Manager,HR,GitHub Project Alpha,1,18.45,0,0,0,0,0,4.55,1,0.919,64.0,MEDIUM
Finance Analyst,Finance,Development Server,2,1.79,1,1,1,0,3,13.67,1,0.162,96.1,HIGH
Software Developer,HR,HR Database,3,18.4,0,0,1,1,0,2.49,1,0.795,25.7,LOW
QA Engineer,HR,Finance System,3,17.55,0,1,1,0,0,3.92,1,0.877,28.7,LOW
DevOps Engineer,Product,Production Database,4,8.74,0,1,1,0,1,3.54,1,0.741,40.5,MEDIUM
Product Manager,Engineering,GitHub Project Alpha,1,2.19,1,0,0,1,4,10.79,1,0.465,100.0,HIGH
HR Specialist,HR,GitHub Project Alpha,1,12.43,0,1,1,0,0,3.03,1,0.645,28.2,LOW
HR Specialist,Product,GitHub Project Alpha,1,22.94,1,1,0,1,2,14.72,1,0.092,90.7,HIGH
Finance Analyst,Finance,GitHub Project Alpha,1,8.38,0,1,1,0,1,0.54,1,0.929,27.9,LOW
QA Engineer,Finance,GitHub Project Alpha,1,3.02,1,0,1,0,5,9.32,1,0.278,98.7,HIGH
HR Specialist,Finance,GitHub Project Alpha,1,8.17,0,1,1,0,0,2.48,1,0.783,25.6,LOW
HR Specialist,IT,Development Server,2,23.28,1,0,1,0,5,10.71,0,0.501,97.8,HIGH
QA Engineer,IT,Production Database,4,15.3,0,1,1,1,0,2.09,1,0.833,9.2,LOW
DevOps Engineer,Finance,Project Management System,1,13.73,0,1,1,1,0,3.2,1,0.904,1.6,LOW
HR Specialist,Product,HR Database,3,10.63,0,1,1,0,0,2.0,1,0.606,33.3,MEDIUM
QA Engineer,IT,Finance System,3,12.79,0,1,1,0,0,3.39,1,0.954,28.0,LOW
Finance Analyst,HR,Production Database,4,10.28,0,1,1,0,0,2.76,1,0.761,32.2,MEDIUM
Finance Analyst,HR,HR Database,3,5.86,1,0,0,1,4,5.61,0,0.017,100.0,HIGH
QA Engineer,IT,HR Database,3,1.01,1,1,0,0,1,10.1,1,0.298,98.0,HIGH
DevOps Engineer,Engineering,Development Server,2,9.83,0,1,1,1,0,2.38,1,0.844,6.0,LOW
QA Engineer,IT,GitHub Project Alpha,1,12.54,0,1,1,0,0,2.45,1,0.818,20.7,LOW
Software Developer,IT,Finance System,3,22.96,1,0,0,0,2,9.13,1,0.509,100.0,HIGH
QA Engineer,IT,Project Management System,1,5.59,1,0,1,1,0,10.76,1,0.037,75.2,HIGH
DevOps Engineer,HR,HR Database,3,0.05,1,0,0,1,5,10.86,1,0.073,100.0,HIGH
QA Engineer,Engineering,Production Database,4,22.37,1,0,0,1,1,14.66,0,0.012,97.8,HIGH
System Administrator,Product,Development Server,2,8.44,0,1,1,0,0,0.43,1,0.835,24.3,LOW
Product Manager,Product,Production Database,4,21.88,1,0,0,0,3,10.73,0,0.51,100.0,HIGH
Contractor,HR,HR Database,3,22.66,1,0,0,1,2,4.74,1,0.44,87.1,HIGH
DevOps Engineer,HR,GitHub Project Alpha,1,18.21,0,1,1,0,0,4.81,1,0.886,26.8,LOW
DevOps Engineer,Engineering,HR Database,3,17.49,0,1,1,0,0,3.65,1,0.738,31.6,MEDIUM
Contractor,Engineering,Development Server,2,11.81,0,1,0,1,0,3.34,1,0.947,26.5,LOW
Product Manager,IT,Development Server,2,10.62,0,1,1,0,0,3.4,1,0.961,27.6,LOW
System Administrator,Engineering,GitHub Project Alpha,1,19.35,0,1,1,1,0,5.0,1,0.772,0.8,LOW
System Administrator,HR,Finance System,3,13.81,0,0,1,0,0,2.32,1,0.659,50.2,MEDIUM
System Administrator,Engineering,HR Database,3,15.1,0,1,1,0,0,2.94,1,0.725,30.7,MEDIUM
Product Manager,HR,Project Management System,1,18.55,0,1,0,1,0,3.97,1,0.909,26.2,LOW
HR Specialist,Engineering,Development Server,2,21.2,1,0,0,1,3,5.98,1,0.085,97.3,HIGH
Contractor,HR,GitHub Project Alpha,1,9.92,0,1,1,0,0,2.96,1,0.619,28.8,LOW
System Administrator,Product,Production Database,4,12.83,0,1,1,0,1,3.29,1,0.628,39.7,MEDIUM
System Administrator,Finance,Admin Panel,4,9.21,0,1,0,0,0,4.83,1,0.727,53.0,MEDIUM
Contractor,Finance,Admin Panel,4,18.14,0,0,1,0,0,0.94,1,0.733,52.6,MEDIUM
System Administrator,Finance,Production Database,4,15.86,0,1,1,0,1,2.19,1,0.939,38.1,MEDIUM
Product Manager,HR,Admin Panel,4,4.72,1,0,1,0,0,11.03,1,0.429,98.6,HIGH
Product Manager,IT,HR Database,3,21.75,1,0,0,0,1,14.72,1,0.329,100.0,HIGH
Product Manager,IT,Development Server,2,15.27,0,1,1,0,0,3.29,1,0.71,29.0,LOW
HR Specialist,IT,Finance System,3,15.27,0,0,0,0,0,2.84,1,0.768,72.1,HIGH
System Administrator,IT,Finance System,3,8.36,0,1,1,0,0,4.94,1,0.781,25.7,LOW
Contractor,Product,HR Database,3,1.89,1,1,1,0,2,3.63,0,0.041,83.3,HIGH
System Administrator,Engineering,Project Management System,1,7.77,0,1,1,1,1,0.8,1,0.862,10.0,LOW
Software Developer,Engineering,Project Management System,1,4.65,1,0,0,1,2,10.76,1,0.284,100.0,HIGH
HR Specialist,Product,Project Management System,1,16.16,0,1,1,1,0,0.5,1,0.612,4.3,LOW
QA Engineer,IT,Finance System,3,23.67,1,0,0,0,4,7.01,1,0.141,100.0,HIGH
Software Developer,HR,Project Management System,1,8.6,0,1,1,1,1,3.87,1,0.661,13.2,LOW
Contractor,HR,Admin Panel,4,7.33,0,1,1,0,0,4.02,1,0.654,30.5,MEDIUM
Software Developer,Finance,Admin Panel,4,13.06,0,1,1,0,0,4.96,1,0.831,29.5,LOW
DevOps Engineer,Product,HR Database,3,3.04,1,1,0,0,3,11.59,1,0.507,100.0,HIGH
DevOps Engineer,Product,GitHub Project Alpha,1,2.65,1,0,0,1,2,6.89,1,0.376,93.1,HIGH
HR Specialist,HR,GitHub Project Alpha,1,9.46,0,1,1,0,0,4.31,1,0.668,26.0,LOW
System Administrator,Product,Production Database,4,12.62,0,0,1,0,0,4.68,1,0.798,51.8,MEDIUM
DevOps Engineer,Product,Development Server,2,18.57,0,1,1,0,1,3.51,1,0.933,30.6,MEDIUM
HR Specialist,HR,Production Database,4,8.68,0,1,1,0,0,2.58,1,0.706,32.3,MEDIUM
Product Manager,Finance,Development Server,2,13.52,0,1,1,0,1,4.47,1,0.662,36.0,MEDIUM
Software Developer,IT,Project Management System,1,11.22,0,1,1,1,0,3.9,1,0.668,7.4,LOW
HR Specialist,Engineering,GitHub Project Alpha,1,11.77,0,0,1,1,1,3.88,1,0.974,32.2,MEDIUM
Finance Analyst,HR,GitHub Project Alpha,1,19.06,0,1,1,0,1,3.48,1,0.641,31.1,MEDIUM
HR Specialist,Engineering,Project Management System,1,1.29,1,1,0,1,3,5.44,1,0.369,73.2,HIGH
Contractor,Product,HR Database,3,17.41,0,1,1,0,0,0.96,1,0.998,27.0,LOW
Software Developer,Engineering,Project Management System,1,14.37,0,1,1,1,1,3.69,1,0.819,10.7,LOW
Product Manager,Product,Admin Panel,4,10.49,0,1,1,0,0,4.79,1,0.824,35.4,MEDIUM
Product Manager,IT,Finance System,3,13.92,0,1,1,0,0,3.89,1,0.794,28.7,LOW
Contractor,Product,Development Server,2,9.8,0,1,1,0,0,2.69,1,0.621,27.7,LOW
HR Specialist,HR,Development Server,2,9.31,0,1,1,0,1,2.65,1,0.986,33.9,MEDIUM
QA Engineer,Engineering,HR Database,3,7.98,0,1,1,0,0,1.98,1,0.696,33.4,MEDIUM
Finance Analyst,Finance,Admin Panel,4,18.41,0,0,1,0,1,0.56,1,0.898,60.8,MEDIUM
Finance Analyst,HR,Development Server,2,23.56,1,0,0,0,0,5.73,1,0.375,86.4,HIGH
Product Manager,Engineering,Admin Panel,4,17.21,0,1,1,0,1,3.76,1,0.761,40.0,MEDIUM
Software Developer,Engineering,Finance System,3,10.43,0,1,1,0,0,1.27,1,0.786,29.5,LOW
Product Manager,IT,GitHub Project Alpha,1,3.33,1,1,0,0,0,13.15,1,0.584,94.4,HIGH
Finance Analyst,HR,Project Management System,1,8.03,0,1,1,1,1,3.17,1,0.676,14.2,LOW
DevOps Engineer,IT,Development Server,2,19.83,0,1,1,0,0,0.23,1,0.93,28.4,LOW
System Administrator,Engineering,HR Database,3,18.88,0,1,1,0,0,2.65,1,0.682,32.9,MEDIUM
DevOps Engineer,IT,Production Database,4,15.62,0,1,1,1,0,0.01,1,0.766,10.0,LOW
HR Specialist,Product,Project Management System,1,19.83,0,1,1,1,0,1.49,1,0.689,6.5,LOW
DevOps Engineer,Engineering,HR Database,3,8.66,0,1,1,0,0,2.53,1,0.643,31.0,MEDIUM
Software Developer,Engineering,GitHub Project Alpha,1,5.33,1,1,0,1,4,5.33,1,0.328,80.9,HIGH
DevOps Engineer,IT,GitHub Project Alpha,1,12.2,0,1,1,0,0,3.57,1,0.984,23.9,LOW
Software Developer,Finance,HR Database,3,19.01,0,0,1,0,1,4.43,1,0.837,54.7,MEDIUM
QA Engineer,Product,Finance System,3,17.28,0,1,1,0,0,3.12,1,0.643,28.9,LOW
Software Developer,HR,HR Database,3,7.98,0,0,1,1,0,1.08,1,0.955,30.5,MEDIUM
Product Manager,IT,Development Server,2,18.06,0,1,1,0,0,3.68,1,0.759,29.6,LOW
Product Manager,Product,HR Database,3,22.61,1,0,0,0,0,5.83,1,0.038,98.0,HIGH
QA Engineer,IT,Project Management System,1,23.83,1,0,1,1,3,6.5,1,0.134,73.8,HIGH
HR Specialist,Finance,Finance System,3,16.85,0,1,1,1,0,0.0,1,0.978,7.8,LOW
QA Engineer,Product,Admin Panel,4,13.5,0,1,1,0,0,3.1,1,0.86,31.2,MEDIUM
QA Engineer,HR,Project Management System,1,3.54,1,1,0,1,0,11.42,1,0.166,78.5,HIGH
QA Engineer,Engineering,Production Database,4,8.41,0,1,1,1,0,3.36,1,0.799,14.0,LOW
QA Engineer,Finance,Project Management System,1,10.96,0,1,0,1,1,0.66,1,0.912,28.7,LOW
DevOps Engineer,Product,GitHub Project Alpha,1,22.2,1,0,0,1,0,9.61,1,0.419,88.4,HIGH
Software Developer,Finance,Production Database,4,23.45,1,0,0,0,2,5.9,1,0.017,99.9,HIGH
QA Engineer,IT,GitHub Project Alpha,1,18.08,0,1,1,0,0,1.01,1,0.767,24.3,LOW
DevOps Engineer,Product,Project Management System,1,21.02,1,0,0,1,4,14.03,1,0.447,99.8,HIGH
Product Manager,Product,HR Database,3,23.6,1,1,0,0,2,10.2,1,0.428,100.0,HIGH
DevOps Engineer,HR,HR Database,3,9.09,0,1,1,1,1,1.19,1,0.702,18.3,LOW
Product Manager,HR,Finance System,3,17.41,0,1,1,0,0,4.23,1,0.941,30.7,MEDIUM
DevOps Engineer,Engineering,Admin Panel,4,10.44,0,1,1,0,0,1.46,1,0.777,34.2,MEDIUM
Finance Analyst,HR,Finance System,3,18.0,0,0,1,0,0,1.68,1,0.744,47.1,MEDIUM
System Administrator,Finance,Admin Panel,4,14.18,0,1,1,0,0,1.18,1,0.778,28.7,LOW
Software Developer,Product,Production Database,4,7.62,0,1,1,0,0,1.88,1,0.981,30.9,MEDIUM
Product Manager,HR,Production Database,4,22.96,1,0,1,0,5,7.56,1,0.345,100.0,HIGH
Contractor,Product,HR Database,3,22.3,1,0,0,0,1,8.14,1,0.276,100.0,HIGH
Finance Analyst,Engineering,GitHub Project Alpha,1,12.34,0,1,1,1,0,3.9,1,0.819,4.5,LOW
HR Specialist,Engineering,Project Management System,1,7.92,0,1,1,1,1,2.95,1,0.653,16.0,LOW
Contractor,Engineering,Admin Panel,4,23.42,1,0,1,0,4,11.78,1,0.304,100.0,HIGH
Finance Analyst,Engineering,Admin Panel,4,13.78,0,1,0,0,0,4.05,1,0.733,54.9,MEDIUM
System Administrator,HR,GitHub Project Alpha,1,19.45,0,1,1,0,0,0.36,1,0.66,22.9,LOW
System Administrator,HR,HR Database,3,16.9,0,1,1,1,0,0.04,1,0.8,11.6,LOW
Contractor,HR,Admin Panel,4,4.6,1,1,1,0,4,14.09,0,0.466,100.0,HIGH
System Administrator,Product,HR Database,3,1.17,1,0,0,0,1,8.58,1,0.551,100.0,HIGH
DevOps Engineer,Finance,HR Database,3,15.88,0,1,1,0,0,1.07,1,0.816,28.7,LOW
System Administrator,IT,HR Database,3,11.07,0,1,1,0,1,1.18,1,0.944,38.7,MEDIUM
Product Manager,Engineering,Project Management System,1,10.03,0,1,1,1,0,0.15,1,0.929,4.6,LOW
System Administrator,HR,HR Database,3,16.1,0,1,1,1,0,4.71,1,0.815,6.7,LOW
System Administrator,HR,GitHub Project Alpha,1,18.8,0,1,1,0,0,4.87,1,0.637,23.3,LOW
System Administrator,Finance,Finance System,3,18.54,0,1,1,1,0,2.62,1,0.902,5.1,LOW
Product Manager,IT,Production Database,4,12.42,0,1,0,1,0,2.85,1,0.834,32.8,MEDIUM
Contractor,IT,HR Database,3,22.34,1,0,0,0,0,7.53,1,0.204,96.3,HIGH
Finance Analyst,Product,Development Server,2,8.94,0,1,1,0,0,3.3,1,0.652,26.0,LOW
Finance Analyst,Finance,Finance System,3,23.27,1,0,0,1,5,13.11,0,0.336,97.3,HIGH
Software Developer,Product,Development Server,2,17.47,0,1,1,0,0,3.93,1,0.878,24.6,LOW
QA Engineer,HR,Production Database,4,23.66,1,1,0,0,3,12.55,1,0.301,100.0,HIGH
System Administrator,Finance,HR Database,3,18.79,0,1,1,0,0,2.91,1,0.671,32.2,MEDIUM
Finance Analyst,Product,Production Database,4,21.84,1,0,0,0,0,6.92,0,0.068,97.9,HIGH
Contractor,Product,Production Database,4,12.07,0,1,1,0,0,3.53,1,0.62,35.0,MEDIUM
Software Developer,HR,Development Server,2,12.64,0,1,1,0,0,3.14,1,0.924,22.2,LOW
HR Specialist,Engineering,GitHub Project Alpha,1,23.67,1,0,1,1,0,4.44,1,0.149,43.7,MEDIUM
Software Developer,IT,Development Server,2,11.25,0,1,1,0,0,2.4,1,0.759,26.2,LOW
DevOps Engineer,HR,Production Database,4,7.84,0,0,0,0,1,3.85,1,0.833,79.4,HIGH
QA Engineer,Finance,Admin Panel,4,23.84,1,0,0,0,2,6.81,0,0.169,97.8,HIGH
Product Manager,Engineering,Finance System,3,9.81,0,1,1,0,0,3.7,1,0.785,32.3,MEDIUM
Finance Analyst,HR,Development Server,2,18.13,0,1,1,0,0,4.09,1,0.726,24.3,LOW
System Administrator,IT,Production Database,4,8.66,0,1,0,1,0,0.24,1,0.686,29.6,LOW
HR Specialist,Product,Finance System,3,13.62,0,1,1,0,0,4.85,1,0.971,26.9,LOW
DevOps Engineer,Engineering,GitHub Project Alpha,1,16.99,0,1,1,1,1,4.28,1,0.788,12.8,LOW
Product Manager,Engineering,GitHub Project Alpha,1,12.95,0,1,1,1,0,0.55,1,0.651,6.2,LOW
DevOps Engineer,Product,Development Server,2,13.59,0,1,1,0,0,0.5,1,0.941,28.6,LOW
QA Engineer,IT,Development Server,2,23.7,1,0,0,0,4,7.15,1,0.302,98.4,HIGH
Contractor,Product,Finance System,3,17.67,0,1,1,0,1,2.95,1,0.814,40.6,MEDIUM
System Administrator,Product,Production Database,4,21.22,1,1,0,0,0,14.49,1,0.253,99.8,HIGH
System Administrator,HR,Admin Panel,4,8.56,0,1,1,0,0,3.52,1,0.746,34.0,MEDIUM
Finance Analyst,Product,Production Database,4,23.33,1,0,0,0,0,8.82,1,0.092,99.3,HIGH
System Administrator,Finance,Admin Panel,4,21.89,1,0,0,0,4,4.61,1,0.028,100.0,HIGH
Finance Analyst,Product,HR Database,3,10.39,0,1,1,0,1,4.25,1,0.747,40.0,MEDIUM
HR Specialist,Product,Development Server,2,14.75,0,1,1,0,1,3.63,1,0.609,39.7,MEDIUM
DevOps Engineer,Product,HR Database,3,15.9,0,0,0,0,0,4.34,1,0.612,70.3,HIGH
System Administrator,HR,HR Database,3,21.51,1,1,0,1,5,7.15,1,0.359,97.7,HIGH
Finance Analyst,Finance,Finance System,3,4.87,1,0,0,1,1,8.08,1,0.503,89.7,HIGH
DevOps Engineer,Engineering,Development Server,2,22.76,1,0,0,1,2,14.22,1,0.541,100.0,HIGH
Product Manager,IT,Finance System,3,14.08,0,1,1,0,0,0.38,1,0.614,28.9,LOW
Product Manager,Product,Production Database,4,7.66,0,1,1,0,0,2.46,1,0.907,32.9,MEDIUM
DevOps Engineer,IT,Development Server,2,12.89,0,1,1,0,0,3.83,1,0.858,30.2,MEDIUM
Contractor,HR,Project Management System,1,9.42,0,1,1,1,0,0.16,1,0.982,0.0,LOW
HR Specialist,IT,HR Database,3,16.92,0,0,1,0,0,3.03,1,0.94,47.7,MEDIUM
DevOps Engineer,Engineering,GitHub Project Alpha,1,14.42,0,1,1,1,0,2.64,1,0.957,1.3,LOW
QA Engineer,IT,Finance System,3,13.03,0,1,1,0,0,0.16,1,0.758,26.4,LOW
Product Manager,Finance,Development Server,2,15.38,0,1,1,0,1,4.67,0,0.811,49.6,MEDIUM
QA Engineer,IT,Project Management System,1,22.59,1,1,0,1,3,11.49,1,0.424,96.8,HIGH
DevOps Engineer,HR,Admin Panel,4,14.78,0,0,1,0,1,0.28,1,0.725,61.8,MEDIUM
Contractor,Engineering,HR Database,3,16.51,0,1,1,0,0,2.5,1,0.66,32.1,MEDIUM
DevOps Engineer,IT,HR Database,3,15.56,0,1,1,0,0,1.91,1,0.866,27.9,LOW
Finance Analyst,HR,Project Management System,1,7.18,0,1,1,1,0,2.02,1,0.854,7.5,LOW
Software Developer,HR,Development Server,2,8.66,0,1,1,0,1,4.58,1,0.665,39.6,MEDIUM
HR Specialist,HR,Project Management System,1,3.65,1,0,0,1,1,12.74,1,0.561,100.0,HIGH
Contractor,Engineering,Production Database,4,21.05,1,0,1,1,0,8.18,1,0.478,66.2,MEDIUM
QA Engineer,Product,Development Server,2,18.5,0,1,1,0,0,0.97,1,0.732,27.3,LOW
QA Engineer,Product,HR Database,3,8.73,0,1,1,0,0,0.05,1,0.782,32.4,MEDIUM
System Administrator,Product,Production Database,4,8.15,0,1,1,0,0,2.04,1,0.992,33.6,MEDIUM
Contractor,Engineering,Production Database,4,7.09,0,1,1,1,0,2.36,1,0.65,9.9,LOW
HR Specialist,Engineering,HR Database,3,15.49,0,1,1,0,0,4.59,1,0.836,31.9,MEDIUM
QA Engineer,Product,GitHub Project Alpha,1,9.1,0,1,1,1,0,3.3,1,0.752,5.0,LOW
System Administrator,HR,Project Management System,1,15.2,0,1,1,1,0,3.07,1,0.697,8.0,LOW
Finance Analyst,IT,Finance System,3,5.29,1,0,1,0,0,7.33,0,0.001,97.2,HIGH
QA Engineer,Engineering,HR Database,3,3.59,1,0,1,0,2,14.38,1,0.335,100.0,HIGH
QA Engineer,Product,Finance System,3,9.92,0,1,1,0,0,4.09,1,0.768,27.9,LOW
Finance Analyst,IT,Project Management System,1,1.04,1,1,0,1,2,10.81,1,0.086,95.1,HIGH
QA Engineer,Product,Finance System,3,8.91,0,1,1,0,0,0.06,1,0.689,33.2,MEDIUM
Contractor,Finance,Development Server,2,7.17,0,1,1,0,0,0.97,1,0.968,25.4,LOW
Software Developer,IT,Finance System,3,1.83,1,0,1,0,2,9.9,1,0.429,98.3,HIGH
QA Engineer,IT,Project Management System,1,12.19,0,1,1,1,0,3.03,1,0.696,3.6,LOW
DevOps Engineer,Engineering,Production Database,4,15.15,0,1,1,1,0,2.61,1,0.985,7.6,LOW
DevOps Engineer,Product,GitHub Project Alpha,1,22.27,1,1,1,1,1,3.19,1,0.578,31.9,MEDIUM
Contractor,IT,Project Management System,1,2.4,1,0,0,1,4,3.86,1,0.321,98.3,HIGH
QA Engineer,Product,HR Database,3,14.0,0,1,1,0,0,3.17,1,0.669,30.9,MEDIUM
Contractor,Product,Project Management System,1,10.98,0,1,1,1,0,5.0,1,0.908,0.0,LOW
Finance Analyst,Finance,Production Database,4,21.4,1,0,0,0,3,5.57,1,0.455,99.7,HIGH
Product Manager,Product,Admin Panel,4,16.23,0,1,1,0,0,2.63,1,0.999,33.1,MEDIUM
System Administrator,Finance,Finance System,3,8.66,0,1,1,1,1,2.21,1,0.833,13.9,LOW
Product Manager,Product,Production Database,4,10.86,0,1,1,0,0,1.77,1,0.913,28.1,LOW
HR Specialist,Engineering,Development Server,2,9.45,0,1,1,1,1,0.67,1,0.777,16.3,LOW
System Administrator,IT,Project Management System,1,13.93,0,1,0,1,1,1.35,1,0.769,36.1,MEDIUM
System Administrator,Finance,GitHub Project Alpha,1,12.33,0,1,1,0,1,1.2,1,0.807,29.9,LOW
Product Manager,Product,Finance System,3,15.77,0,1,1,0,0,1.57,1,0.625,33.4,MEDIUM
HR Specialist,Engineering,Finance System,3,23.29,1,1,0,0,0,10.69,1,0.328,98.6,HIGH
Product Manager,Finance,Development Server,2,16.97,0,1,1,0,0,0.68,1,0.873,29.3,LOW
Contractor,HR,Production Database,4,21.45,1,0,0,0,4,9.26,1,0.304,100.0,HIGH
QA Engineer,Finance,Production Database,4,14.87,0,1,1,0,0,0.12,1,0.831,33.1,MEDIUM
Contractor,Finance,Finance System,3,21.43,1,0,0,1,5,10.29,1,0.36,98.9,HIGH
Software Developer,Engineering,Project Management System,1,12.62,0,1,1,1,0,4.55,1,0.756,7.8,LOW
Finance Analyst,IT,Project Management System,1,3.74,1,0,0,1,3,10.16,1,0.371,100.0,HIGH
Finance Analyst,Finance,HR Database,3,5.03,1,0,0,0,2,13.22,1,0.35,100.0,HIGH
QA Engineer,Finance,GitHub Project Alpha,1,23.21,1,0,0,0,4,7.81,1,0.068,100.0,HIGH
Contractor,IT,Project Management System,1,13.87,0,1,1,1,0,3.56,0,0.977,16.6,LOW
Finance Analyst,Product,Project Management System,1,8.06,0,1,1,1,0,0.53,1,0.657,7.0,LOW
System Administrator,IT,Development Server,2,0.41,1,1,0,0,4,8.96,1,0.346,96.9,HIGH
System Administrator,HR,HR Database,3,4.34,1,0,0,1,1,4.97,1,0.168,76.4,HIGH
DevOps Engineer,Product,Admin Panel,4,8.48,0,1,1,0,0,4.37,1,0.909,32.1,MEDIUM
Product Manager,Product,GitHub Project Alpha,1,8.32,0,1,1,1,0,0.17,1,0.613,3.6,LOW
Contractor,Product,Admin Panel,4,10.01,0,1,1,0,0,0.42,1,0.658,32.8,MEDIUM
Finance Analyst,HR,Finance System,3,9.61,0,1,1,0,1,1.89,1,0.774,36.1,MEDIUM
QA Engineer,Finance,Admin Panel,4,15.24,0,0,1,0,1,2.63,1,0.8,60.4,MEDIUM
QA Engineer,Product,Admin Panel,4,22.7,1,0,0,0,4,3.56,1,0.422,100.0,HIGH
QA Engineer,HR,Development Server,2,8.02,0,1,1,0,1,3.4,1,0.91,36.4,MEDIUM
HR Specialist,Finance,HR Database,3,16.37,0,1,1,0,0,4.08,1,0.88,25.0,LOW
Software Developer,Engineering,Project Management System,1,0.69,1,0,0,1,4,4.67,1,0.409,97.4,HIGH
DevOps Engineer,IT,GitHub Project Alpha,1,11.41,0,1,1,0,0,4.37,1,0.722,25.4,LOW
Contractor,Engineering,Admin Panel,4,23.96,1,0,0,0,2,13.49,1,0.181,100.0,HIGH
System Administrator,IT,Finance System,3,15.57,0,1,1,0,1,3.66,1,0.645,38.8,MEDIUM
QA Engineer,HR,Admin Panel,4,19.42,0,1,1,0,1,3.28,1,0.704,44.8,MEDIUM
DevOps Engineer,Finance,Production Database,4,8.13,0,1,1,0,0,3.79,1,0.904,29.4,LOW
QA Engineer,Engineering,GitHub Project Alpha,1,21.0,1,1,0,1,1,13.39,0,0.057,96.5,HIGH
Finance Analyst,Product,Production Database,4,7.75,0,1,1,0,0,3.28,1,0.693,31.9,MEDIUM
Software Developer,Product,GitHub Project Alpha,1,9.63,0,0,1,1,0,3.56,1,0.805,28.3,LOW
QA Engineer,HR,Project Management System,1,7.86,0,1,1,1,0,4.07,1,0.833,6.5,LOW
Software Developer,Finance,HR Database,3,13.8,0,1,1,0,0,3.42,1,0.768,29.0,LOW
Finance Analyst,Finance,HR Database,3,8.33,0,1,1,0,0,3.07,1,0.722,28.0,LOW
Finance Analyst,Engineering,GitHub Project Alpha,1,8.82,0,1,1,1,0,0.28,1,0.836,4.6,LOW
Software Developer,Product,Development Server,2,1.46,1,0,1,0,3,5.1,1,0.178,91.4,HIGH
QA Engineer,IT,Development Server,2,3.62,1,1,0,0,4,9.9,1,0.281,99.9,HIGH
Finance Analyst,HR,HR Database,3,3.06,1,1,1,1,2,12.42,1,0.588,71.6,HIGH
QA Engineer,IT,GitHub Project Alpha,1,11.33,0,0,1,0,0,1.25,1,0.905,44.1,MEDIUM
Product Manager,Product,GitHub Project Alpha,1,9.35,0,1,0,1,0,1.65,1,0.664,22.7,LOW
HR Specialist,Product,Admin Panel,4,16.09,0,1,1,0,0,1.96,1,0.967,29.8,LOW
Contractor,Finance,Admin Panel,4,5.6,1,0,1,0,5,11.76,1,0.197,96.9,HIGH
Finance Analyst,Engineering,HR Database,3,9.12,0,1,1,0,1,0.18,1,0.751,37.1,MEDIUM
QA Engineer,HR,Admin Panel,4,12.17,0,1,1,0,0,1.64,1,0.792,33.5,MEDIUM
Contractor,Engineering,HR Database,3,18.51,0,1,1,0,0,0.14,1,0.791,28.3,LOW
System Administrator,Product,Finance System,3,8.44,0,1,1,0,0,4.71,1,0.949,30.0,LOW
Product Manager,IT,HR Database,3,9.58,0,1,1,0,1,3.74,1,0.64,35.6,MEDIUM
DevOps Engineer,HR,GitHub Project Alpha,1,7.5,0,1,0,0,0,2.9,1,0.735,41.6,MEDIUM
Finance Analyst,Finance,GitHub Project Alpha,1,13.42,0,1,1,0,1,3.5,1,0.699,36.1,MEDIUM
Product Manager,Product,Finance System,3,7.31,0,1,1,0,0,2.09,1,0.772,28.4,LOW
System Administrator,Product,Development Server,2,22.59,1,0,0,0,2,13.91,1,0.454,96.2,HIGH
Product Manager,Finance,Development Server,2,18.73,0,1,1,0,0,0.28,1,0.679,25.6,LOW
HR Specialist,IT,Project Management System,1,9.45,0,1,1,1,0,3.13,1,0.692,1.8,LOW
HR Specialist,Engineering,Production Database,4,11.68,0,1,1,1,0,1.82,1,0.938,10.8,LOW
HR Specialist,HR,HR Database,3,16.93,0,1,1,1,0,2.44,1,0.63,13.7,LOW
Product Manager,Product,Development Server,2,17.38,0,1,1,0,0,2.71,1,0.952,22.7,LOW
Finance Analyst,HR,Project Management System,1,15.57,0,1,1,1,0,2.64,1,0.992,0.0,LOW
Finance Analyst,Finance,GitHub Project Alpha,1,1.35,1,1,0,0,3,9.7,0,0.099,97.9,HIGH
Product Manager,Product,HR Database,3,12.84,0,1,0,0,0,0.67,1,0.805,47.3,MEDIUM
Contractor,Product,HR Database,3,14.39,0,0,1,0,0,2.46,1,0.941,48.6,MEDIUM
Software Developer,Finance,Project Management System,1,11.72,0,0,1,1,0,3.74,1,0.954,24.8,LOW
Contractor,Product,Development Server,2,19.47,0,1,1,0,0,0.45,1,0.977,24.8,LOW
QA Engineer,Engineering,Project Management System,1,18.0,0,1,1,1,0,3.31,1,0.936,4.3,LOW
HR Specialist,Finance,Development Server,2,14.03,0,1,1,0,0,3.12,1,0.84,23.7,LOW
Product Manager,IT,Production Database,4,11.27,0,0,1,1,0,2.84,1,0.902,34.9,MEDIUM
Software Developer,IT,GitHub Project Alpha,1,18.43,0,1,1,0,0,1.23,1,0.821,25.6,LOW
Finance Analyst,Engineering,GitHub Project Alpha,1,9.78,0,1,1,1,0,3.31,1,0.698,6.9,LOW
Software Developer,Engineering,Development Server,2,17.43,0,1,1,1,0,3.95,1,0.975,3.4,LOW
Contractor,Product,HR Database,3,7.25,0,1,1,0,1,4.82,1,0.723,39.3,MEDIUM
DevOps Engineer,Finance,GitHub Project Alpha,1,15.38,0,1,1,0,0,1.9,1,0.965,25.4,LOW
Product Manager,Finance,Project Management System,1,19.42,0,1,1,1,0,2.42,1,0.861,6.6,LOW
Product Manager,Finance,Finance System,3,16.87,0,1,1,1,1,3.38,1,0.847,20.1,LOW
Contractor,HR,Project Management System,1,23.86,1,0,0,1,2,8.37,1,0.504,95.3,HIGH
Finance Analyst,Engineering,Production Database,4,13.88,0,1,1,1,0,3.35,1,0.892,7.4,LOW
DevOps Engineer,Engineering,Production Database,4,21.35,1,0,0,1,0,14.85,1,0.052,100.0,HIGH
Product Manager,HR,Admin Panel,4,19.49,0,1,1,0,1,4.65,1,0.939,35.1,MEDIUM
QA Engineer,Engineering,Production Database,4,19.38,0,1,1,1,0,1.0,1,0.69,16.8,LOW
Contractor,Engineering,HR Database,3,22.77,1,0,0,0,1,5.68,1,0.06,96.0,HIGH
Software Developer,Finance,GitHub Project Alpha,1,15.05,0,1,1,0,1,1.94,1,0.951,33.6,MEDIUM
Software Developer,Engineering,Admin Panel,4,21.2,1,0,0,0,5,11.22,1,0.586,96.2,HIGH
Finance Analyst,IT,Production Database,4,2.21,1,1,0,1,4,12.35,1,0.593,100.0,HIGH
HR Specialist,Engineering,Production Database,4,7.5,0,1,1,1,0,4.24,1,0.695,12.7,LOW
System Administrator,Product,Development Server,2,12.4,0,1,1,0,0,4.43,1,0.831,29.9,LOW
Contractor,Product,Finance System,3,16.56,0,1,1,0,0,2.19,1,0.919,30.5,MEDIUM
HR Specialist,Engineering,Finance System,3,23.67,1,1,0,0,4,8.09,0,0.495,97.1,HIGH
DevOps Engineer,HR,Project Management System,1,17.67,0,1,1,1,0,1.48,1,0.949,0.0,LOW
Contractor,HR,Development Server,2,12.26,0,1,1,0,0,1.8,1,0.831,27.8,LOW
System Administrator,IT,Admin Panel,4,13.8,0,1,1,1,0,1.64,1,0.965,13.5,LOW
DevOps Engineer,IT,Project Management System,1,23.41,1,1,1,1,1,4.12,1,0.192,32.1,MEDIUM
Contractor,Product,Development Server,2,8.51,0,1,1,0,0,2.05,1,0.926,28.4,LOW
QA Engineer,HR,Finance System,3,17.78,0,1,1,0,0,1.67,1,0.67,31.5,MEDIUM
QA Engineer,Engineering,GitHub Project Alpha,1,3.12,1,0,0,1,3,4.81,1,0.112,89.0,HIGH
Product Manager,Finance,HR Database,3,14.4,0,1,1,0,0,4.44,1,0.858,25.9,LOW
Finance Analyst,Product,GitHub Project Alpha,1,18.15,0,1,1,1,1,2.86,1,0.882,9.2,LOW
QA Engineer,Finance,Finance System,3,19.82,0,1,1,1,0,3.77,1,0.694,8.9,LOW
System Administrator,Engineering,Project Management System,1,12.98,0,1,1,1,0,2.77,1,0.84,3.5,LOW
System Administrator,IT,Admin Panel,4,15.75,0,1,1,1,0,3.52,1,0.923,7.8,LOW
Contractor,IT,Admin Panel,4,0.59,1,0,1,1,0,11.25,1,0.32,78.1,HIGH
QA Engineer,Product,Project Management System,1,8.61,0,1,1,1,0,3.72,1,0.639,2.7,LOW
DevOps Engineer,HR,Production Database,4,12.62,0,1,1,0,0,0.17,1,0.662,32.7,MEDIUM
Finance Analyst,IT,Admin Panel,4,0.98,1,0,1,1,4,12.03,1,0.45,100.0,HIGH
HR Specialist,IT,HR Database,3,19.51,0,1,1,0,0,1.71,1,0.661,34.6,MEDIUM
Software Developer,IT,HR Database,3,8.37,0,1,1,0,1,2.23,1,0.865,35.1,MEDIUM
Finance Analyst,Engineering,Admin Panel,4,14.79,0,1,0,0,0,4.31,1,0.738,50.0,MEDIUM
Product Manager,HR,Production Database,4,19.46,0,1,1,0,0,1.74,1,0.665,33.0,MEDIUM
Product Manager,IT,GitHub Project Alpha,1,9.16,0,1,0,0,1,0.96,0,0.632,72.1,HIGH
DevOps Engineer,Engineering,Project Management System,1,21.82,1,0,1,1,2,6.58,1,0.515,68.5,MEDIUM
System Administrator,Finance,Production Database,4,16.76,0,1,1,0,1,4.81,1,0.944,39.5,MEDIUM
Product Manager,Product,Project Management System,1,14.37,0,1,1,1,0,1.53,1,0.649,6.0,LOW
DevOps Engineer,Product,Project Management System,1,1.63,1,1,0,1,3,11.15,1,0.313,100.0,HIGH
Software Developer,Engineering,Finance System,3,18.11,0,1,1,0,0,0.72,1,0.62,33.1,MEDIUM
Software Developer,HR,Production Database,4,8.18,0,1,1,0,0,4.11,1,0.764,30.1,MEDIUM
Software Developer,HR,GitHub Project Alpha,1,4.56,1,0,0,0,3,14.28,1,0.198,100.0,HIGH
Finance Analyst,Engineering,GitHub Project Alpha,1,1.58,1,0,0,1,3,13.35,1,0.05,100.0,HIGH
HR Specialist,Engineering,HR Database,3,23.48,1,1,0,0,2,7.66,1,0.023,100.0,HIGH
QA Engineer,IT,Production Database,4,10.76,0,1,1,1,0,1.97,1,0.615,10.3,LOW
Contractor,IT,Project Management System,1,8.96,0,0,0,1,1,1.46,1,0.67,50.1,MEDIUM
Contractor,Engineering,Development Server,2,23.19,1,0,0,1,2,3.6,1,0.582,77.3,HIGH
Software Developer,HR,GitHub Project Alpha,1,15.49,0,1,1,0,0,3.67,1,0.72,22.9,LOW
Finance Analyst,Engineering,GitHub Project Alpha,1,12.79,0,0,1,1,0,1.99,1,0.88,24.9,LOW
Product Manager,Product,HR Database,3,11.8,0,0,1,0,0,1.42,1,0.689,49.3,MEDIUM
System Administrator,Finance,Finance System,3,10.66,0,1,1,1,0,2.28,1,0.699,6.7,LOW
Product Manager,Engineering,Admin Panel,4,22.26,1,1,1,0,2,6.2,1,0.546,74.9,HIGH
System Administrator,IT,HR Database,3,19.43,0,1,1,0,1,1.28,1,0.969,33.5,MEDIUM
DevOps Engineer,Finance,Development Server,2,7.53,0,0,1,0,0,1.15,1,0.958,41.5,MEDIUM
QA Engineer,Engineering,Finance System,3,4.83,1,0,0,0,4,12.78,1,0.376,100.0,HIGH
Product Manager,Engineering,Production Database,4,0.78,1,1,0,1,0,12.56,1,0.073,82.2,HIGH
DevOps Engineer,HR,Project Management System,1,9.07,0,1,1,1,1,4.54,1,0.923,7.4,LOW
QA Engineer,Product,HR Database,3,19.76,0,1,1,0,0,2.24,1,0.827,32.5,MEDIUM
Contractor,Finance,Production Database,4,3.6,1,0,1,0,4,7.09,1,0.064,96.9,HIGH
System Administrator,IT,Production Database,4,14.3,0,1,1,1,1,2.1,1,0.955,17.4,LOW
Contractor,Finance,Finance System,3,23.06,1,0,0,1,2,11.31,0,0.578,100.0,HIGH
Finance Analyst,Engineering,HR Database,3,22.29,1,0,0,0,3,11.17,1,0.112,98.7,HIGH
System Administrator,Engineering,Production Database,4,18.67,0,1,1,1,0,2.71,1,0.96,9.0,LOW
HR Specialist,IT,GitHub Project Alpha,1,19.99,0,1,1,0,0,2.14,1,0.74,28.1,LOW
Product Manager,IT,HR Database,3,12.16,0,1,1,0,0,0.78,1,0.685,30.7,MEDIUM
Software Developer,Finance,Production Database,4,11.23,0,1,1,0,0,1.42,1,0.608,31.9,MEDIUM
Contractor,Product,GitHub Project Alpha,1,10.67,0,1,1,1,1,1.45,1,0.649,15.3,LOW
HR Specialist,HR,Production Database,4,21.08,1,0,0,0,4,6.07,0,0.116,100.0,HIGH
HR Specialist,HR,Production Database,4,11.6,0,1,0,0,0,2.6,1,0.603,56.7,MEDIUM
Finance Analyst,IT,Project Management System,1,17.01,0,1,1,1,0,1.56,1,0.669,8.8,LOW
Software Developer,IT,HR Database,3,1.26,1,1,0,0,3,8.81,1,0.062,98.6,HIGH
DevOps Engineer,HR,Development Server,2,19.29,0,1,1,0,0,1.34,1,0.81,24.5,LOW
HR Specialist,Finance,HR Database,3,23.76,1,1,1,0,0,14.52,0,0.125,98.1,HIGH
Contractor,Product,GitHub Project Alpha,1,23.78,1,1,0,1,5,10.42,1,0.082,100.0,HIGH
Product Manager,IT,Project Management System,1,13.94,0,1,1,1,1,3.82,1,0.66,11.3,LOW
QA Engineer,Product,Development Server,2,14.48,0,1,0,0,0,4.65,1,0.725,50.4,MEDIUM
HR Specialist,Product,Development Server,2,9.12,0,1,1,0,0,4.03,1,0.805,26.3,LOW
System Administrator,Product,GitHub Project Alpha,1,12.09,0,1,1,1,0,0.4,1,0.703,7.8,LOW
Product Manager,HR,Development Server,2,18.94,0,1,1,0,0,4.48,1,0.607,29.3,LOW
Software Developer,HR,Finance System,3,2.28,1,0,0,0,3,3.52,0,0.203,100.0,HIGH
Product Manager,HR,Project Management System,1,23.67,1,0,0,1,0,9.59,1,0.198,86.0,HIGH
Product Manager,Engineering,Production Database,4,3.16,1,0,0,1,5,14.33,1,0.351,100.0,HIGH
Product Manager,Product,Finance System,3,17.95,0,1,1,0,0,4.43,1,0.916,29.2,LOW
HR Specialist,Engineering,Finance System,3,7.62,0,1,1,0,0,0.42,1,0.882,26.4,LOW
QA Engineer,Finance,GitHub Project Alpha,1,22.47,1,0,0,0,1,7.34,1,0.189,100.0,HIGH
Finance Analyst,Product,Production Database,4,10.88,0,1,1,0,0,2.93,1,0.985,27.9,LOW
DevOps Engineer,HR,Production Database,4,11.18,0,1,1,0,1,3.4,1,0.769,43.6,MEDIUM
QA Engineer,Engineering,HR Database,3,12.57,0,1,1,0,0,4.17,1,0.726,30.8,MEDIUM
QA Engineer,IT,Admin Panel,4,15.72,0,1,1,1,0,1.0,1,0.832,10.4,LOW
Contractor,Engineering,Development Server,2,15.26,0,1,1,1,0,4.36,1,0.711,11.1,LOW
DevOps Engineer,Finance,Development Server,2,7.94,0,1,1,0,1,4.86,1,0.965,36.9,MEDIUM
QA Engineer,Product,Admin Panel,4,18.31,0,1,1,0,0,3.21,1,0.637,33.4,MEDIUM
System Administrator,Finance,Production Database,4,12.55,0,1,1,0,0,0.19,1,0.753,35.1,MEDIUM
Contractor,IT,Admin Panel,4,2.0,1,0,0,1,5,10.81,0,0.462,100.0,HIGH
DevOps Engineer,IT,Finance System,3,19.42,0,1,1,0,0,1.86,1,0.649,28.8,LOW
QA Engineer,Finance,Admin Panel,4,8.27,0,1,1,0,0,4.61,1,0.748,33.4,MEDIUM
Contractor,Engineering,Project Management System,1,11.54,0,1,1,1,0,0.94,1,0.724,2.1,LOW
Contractor,Product,Admin Panel,4,17.06,0,1,1,0,1,3.27,1,0.701,41.8,MEDIUM
Product Manager,Finance,HR Database,3,15.01,0,1,1,0,1,1.78,1,0.946,38.5,MEDIUM
System Administrator,HR,Development Server,2,1.68,1,1,0,0,5,13.97,1,0.213,100.0,HIGH
Finance Analyst,Finance,Finance System,3,23.87,1,0,1,1,3,13.1,1,0.362,100.0,HIGH
Finance Analyst,HR,Admin Panel,4,14.91,0,1,1,0,0,3.22,1,0.986,26.8,LOW
HR Specialist,IT,HR Database,3,18.55,0,1,1,0,0,4.59,1,0.654,31.8,MEDIUM
Product Manager,Engineering,GitHub Project Alpha,1,18.51,0,1,1,1,0,1.26,1,0.849,8.0,LOW
HR Specialist,Finance,Development Server,2,13.38,0,1,0,0,0,0.35,1,0.763,48.2,MEDIUM
QA Engineer,HR,Project Management System,1,13.17,0,1,1,1,0,1.11,1,0.977,0.0,LOW
Finance Analyst,Finance,Production Database,4,17.99,0,1,1,0,0,0.76,1,0.605,35.0,MEDIUM
DevOps Engineer,Finance,Development Server,2,12.96,0,1,1,0,0,4.6,1,0.633,32.3,MEDIUM
Product Manager,Product,HR Database,3,11.15,0,1,1,0,1,2.49,1,0.808,35.0,MEDIUM
QA Engineer,IT,GitHub Project Alpha,1,23.94,1,0,1,0,1,5.32,1,0.323,74.5,HIGH
Finance Analyst,IT,GitHub Project Alpha,1,8.32,0,1,1,0,0,4.27,1,0.787,24.6,LOW
Finance Analyst,HR,Finance System,3,21.74,1,0,0,0,0,3.62,1,0.451,86.1,HIGH
QA Engineer,Finance,Admin Panel,4,14.77,0,1,1,0,0,0.72,1,0.74,30.3,MEDIUM
QA Engineer,HR,Admin Panel,4,21.51,1,1,0,0,1,12.55,1,0.006,99.6,HIGH
QA Engineer,HR,HR Database,3,7.41,0,1,1,1,0,1.08,1,0.915,9.6,LOW
Software Developer,Finance,Production Database,4,4.56,1,0,1,0,2,14.4,1,0.38,100.0,HIGH
Contractor,IT,Finance System,3,8.26,0,1,1,0,0,2.23,1,0.907,27.4,LOW
HR Specialist,Product,Admin Panel,4,9.64,0,1,0,0,0,3.31,1,0.832,52.1,MEDIUM
HR Specialist,Engineering,Production Database,4,9.32,0,1,1,1,0,4.1,1,0.822,11.0,LOW
System Administrator,Finance,GitHub Project Alpha,1,10.53,0,1,1,0,0,4.22,1,0.901,21.6,LOW
DevOps Engineer,Product,Project Management System,1,11.09,0,1,1,1,0,0.3,1,0.695,6.8,LOW
Software Developer,HR,Project Management System,1,8.98,0,1,1,1,1,1.34,1,0.801,14.6,LOW
Finance Analyst,HR,Finance System,3,19.74,0,1,1,0,1,0.5,1,0.927,39.2,MEDIUM
HR Specialist,HR,HR Database,3,9.0,0,1,0,1,1,3.78,1,0.639,35.2,MEDIUM
QA Engineer,HR,HR Database,3,11.32,0,1,1,1,0,0.54,1,0.865,5.3,LOW
DevOps Engineer,Engineering,GitHub Project Alpha,1,13.78,0,1,0,1,0,0.13,1,0.721,28.5,LOW
DevOps Engineer,Product,Production Database,4,1.72,1,0,0,0,4,5.02,1,0.159,100.0,HIGH
HR Specialist,IT,GitHub Project Alpha,1,13.03,0,1,1,0,0,2.77,1,0.809,23.5,LOW
HR Specialist,IT,GitHub Project Alpha,1,13.17,0,1,1,0,0,4.64,1,0.938,24.1,LOW
System Administrator,Finance,Finance System,3,16.04,0,1,1,1,0,4.61,1,0.927,9.8,LOW
Finance Analyst,IT,GitHub Project Alpha,1,17.41,0,1,0,0,0,0.69,1,0.748,44.2,MEDIUM
QA Engineer,IT,Admin Panel,4,21.79,1,0,1,1,4,6.15,1,0.003,90.8,HIGH
QA Engineer,Product,GitHub Project Alpha,1,0.06,1,0,1,1,2,13.16,0,0.393,100.0,HIGH
System Administrator,Finance,Production Database,4,14.63,0,1,1,0,0,4.99,1,0.812,35.7,MEDIUM
Contractor,Finance,HR Database,3,2.49,1,0,0,0,0,4.97,1,0.41,85.8,HIGH
Product Manager,IT,Production Database,4,17.09,0,1,0,1,0,3.01,1,0.665,32.6,MEDIUM
Finance Analyst,Engineering,GitHub Project Alpha,1,4.7,1,0,0,1,2,13.63,1,0.061,99.8,HIGH
Finance Analyst,IT,Production Database,4,9.78,0,1,1,1,1,3.17,1,0.978,15.1,LOW
HR Specialist,HR,Admin Panel,4,23.9,1,0,0,0,0,13.3,1,0.515,99.5,HIGH
Contractor,Engineering,Finance System,3,19.3,0,1,1,0,0,4.41,1,0.859,29.1,LOW
Finance Analyst,Engineering,GitHub Project Alpha,1,13.71,0,1,1,1,1,0.89,1,0.973,10.1,LOW
Finance Analyst,Engineering,Finance System,3,22.0,1,1,0,0,2,11.92,1,0.083,100.0,HIGH
Product Manager,Finance,Admin Panel,4,1.88,1,0,0,0,3,4.64,0,0.556,97.0,HIGH
Product Manager,HR,Admin Panel,4,22.21,1,1,0,0,3,14.86,1,0.056,97.5,HIGH
Contractor,HR,Production Database,4,22.57,1,1,0,0,0,14.79,1,0.282,96.4,HIGH
Finance Analyst,IT,Finance System,3,16.34,0,1,1,0,0,0.31,1,0.741,31.9,MEDIUM
Software Developer,Product,Finance System,3,11.52,0,1,1,0,0,3.28,1,0.888,28.8,LOW
QA Engineer,Finance,GitHub Project Alpha,1,1.79,1,0,0,0,1,10.41,1,0.58,100.0,HIGH
Contractor,Product,Development Server,2,21.52,1,0,0,0,0,12.64,1,0.275,100.0,HIGH
Finance Analyst,Engineering,Finance System,3,9.34,0,1,1,0,0,1.77,1,0.616,34.0,MEDIUM
Software Developer,Finance,Production Database,4,10.66,0,1,1,0,0,3.01,1,0.817,35.1,MEDIUM
Software Developer,Product,GitHub Project Alpha,1,17.5,0,1,0,1,0,2.0,1,0.637,25.4,LOW
Product Manager,IT,Admin Panel,4,7.47,0,1,1,1,0,4.72,1,0.937,11.0,LOW
Contractor,IT,Finance System,3,2.54,1,0,0,0,1,6.69,0,0.55,100.0,HIGH
HR Specialist,Engineering,Development Server,2,19.53,0,0,1,1,0,0.43,1,0.964,23.5,LOW
Software Developer,Engineering,Finance System,3,23.13,1,0,0,0,3,6.75,0,0.355,98.6,HIGH
QA Engineer,Engineering,Project Management System,1,17.4,0,1,1,1,0,2.13,1,0.969,3.3,LOW
HR Specialist,Product,Project Management System,1,11.27,0,1,0,1,0,3.53,0,0.808,39.1,MEDIUM
Software Developer,IT,Admin Panel,4,16.37,0,1,1,1,1,1.43,1,0.632,22.0,LOW
DevOps Engineer,Engineering,Development Server,2,10.63,0,1,1,1,1,1.51,1,0.939,15.6,LOW
Contractor,Finance,HR Database,3,15.8,0,1,1,0,1,4.0,1,0.637,37.9,MEDIUM
Finance Analyst,Engineering,Project Management System,1,7.16,0,1,1,1,0,2.2,1,0.689,6.8,LOW
System Administrator,Product,Production Database,4,9.81,0,1,1,0,0,1.25,1,0.815,34.1,MEDIUM
System Administrator,Product,HR Database,3,10.68,0,1,1,0,0,1.66,1,0.72,28.0,LOW
HR Specialist,Finance,GitHub Project Alpha,1,18.6,0,1,1,0,1,1.98,1,0.803,34.9,MEDIUM
Software Developer,Engineering,HR Database,3,22.93,1,1,0,0,5,13.7,1,0.21,100.0,HIGH
DevOps Engineer,Product,Production Database,4,21.9,1,0,0,0,1,8.8,1,0.554,100.0,HIGH
HR Specialist,Engineering,Admin Panel,4,11.86,0,1,1,0,1,0.63,1,0.941,42.3,MEDIUM
HR Specialist,IT,Project Management System,1,14.89,0,1,1,1,0,4.53,1,0.981,3.8,LOW
HR Specialist,HR,GitHub Project Alpha,1,22.95,1,0,1,0,2,5.97,0,0.24,97.1,HIGH
HR Specialist,IT,HR Database,3,14.56,0,1,1,0,1,3.26,1,0.987,36.4,MEDIUM
Software Developer,Product,Finance System,3,18.26,0,1,1,0,0,4.65,1,0.933,29.9,LOW
DevOps Engineer,HR,Project Management System,1,22.0,1,0,0,1,1,6.45,0,0.569,92.3,HIGH
HR Specialist,HR,Production Database,4,19.0,0,1,1,0,0,1.38,1,0.687,34.7,MEDIUM
Product Manager,Finance,Project Management System,1,1.24,1,0,0,1,1,13.88,1,0.091,96.7,HIGH
Software Developer,HR,Admin Panel,4,13.76,0,1,1,0,0,2.11,1,0.901,28.5,LOW
QA Engineer,HR,Project Management System,1,12.71,0,1,1,1,0,0.35,1,0.891,3.3,LOW
DevOps Engineer,Finance,Development Server,2,16.22,0,1,1,0,0,2.19,1,0.851,28.5,LOW
QA Engineer,IT,Production Database,4,14.49,0,1,1,1,1,4.88,1,0.979,21.3,LOW
Software Developer,Finance,Admin Panel,4,7.14,0,0,1,0,1,4.4,1,0.932,57.6,MEDIUM
DevOps Engineer,Finance,Development Server,2,13.17,0,1,1,0,1,3.99,1,0.871,38.1,MEDIUM
DevOps Engineer,Engineering,Finance System,3,10.47,0,1,1,0,0,4.15,1,0.917,30.2,MEDIUM
DevOps Engineer,Engineering,HR Database,3,9.65,0,0,1,0,0,0.19,1,0.913,51.6,MEDIUM
HR Specialist,Product,Finance System,3,2.32,1,1,0,0,3,14.24,1,0.196,97.4,HIGH
DevOps Engineer,HR,Admin Panel,4,8.12,0,1,1,0,1,1.64,1,0.615,39.6,MEDIUM
Product Manager,Finance,Development Server,2,11.92,0,1,1,0,0,2.26,1,0.929,29.0,LOW
QA Engineer,IT,Development Server,2,21.7,1,0,0,0,0,9.87,1,0.567,98.8,HIGH
Product Manager,IT,Finance System,3,2.96,1,1,0,0,2,7.18,1,0.062,99.9,HIGH
Product Manager,HR,Admin Panel,4,10.63,0,1,1,0,1,0.92,1,0.819,37.6,MEDIUM
QA Engineer,Product,Development Server,2,15.05,0,1,1,0,0,0.08,1,0.701,25.2,LOW
Software Developer,Engineering,GitHub Project Alpha,1,22.25,1,1,0,1,4,11.66,1,0.054,96.8,HIGH
HR Specialist,Finance,Development Server,2,8.92,0,1,1,0,0,1.61,1,0.726,30.6,MEDIUM
Software Developer,Product,Admin Panel,4,14.11,0,1,1,0,0,0.15,1,0.832,29.1,LOW
Product Manager,HR,Production Database,4,23.91,1,0,0,0,3,4.45,1,0.54,99.0,HIGH
QA Engineer,Engineering,Project Management System,1,17.4,0,1,1,1,0,2.8,1,0.991,3.3,LOW
System Administrator,Product,Production Database,4,14.64,0,1,1,0,0,4.93,1,0.722,35.9,MEDIUM
HR Specialist,IT,Project Management System,1,1.78,1,0,1,1,2,14.43,1,0.054,94.7,HIGH
HR Specialist,Product,Development Server,2,2.99,1,0,0,0,2,14.55,1,0.341,100.0,HIGH
QA Engineer,Engineering,Admin Panel,4,7.13,0,1,1,0,0,2.58,1,0.963,31.7,MEDIUM
System Administrator,Finance,HR Database,3,16.07,0,1,1,0,1,2.96,1,0.914,36.0,MEDIUM
System Administrator,Engineering,Development Server,2,18.61,0,0,1,1,0,1.59,1,0.803,29.4,LOW
Software Developer,Engineering,Admin Panel,4,21.74,1,0,0,0,4,3.53,1,0.389,100.0,HIGH
Contractor,Finance,Finance System,3,8.28,0,1,0,1,0,1.67,1,0.78,29.7,LOW
Software Developer,Product,Admin Panel,4,22.08,1,1,0,0,2,9.08,1,0.181,100.0,HIGH
DevOps Engineer,IT,Project Management System,1,3.51,1,0,0,1,4,9.16,1,0.068,100.0,HIGH
Product Manager,Finance,Admin Panel,4,23.4,1,1,0,0,1,11.31,1,0.261,100.0,HIGH
System Administrator,Product,Production Database,4,10.23,0,1,1,0,1,4.24,1,0.817,42.9,MEDIUM
System Administrator,Finance,Development Server,2,11.13,0,1,1,0,1,3.39,1,0.627,37.7,MEDIUM
Finance Analyst,HR,Finance System,3,21.56,1,1,0,0,0,6.72,1,0.39,76.4,HIGH
HR Specialist,Product,Admin Panel,4,21.76,1,0,0,0,0,13.99,1,0.166,96.3,HIGH
Finance Analyst,Engineering,Finance System,3,19.31,0,1,1,0,0,4.22,1,0.968,31.5,MEDIUM
HR Specialist,Engineering,Development Server,2,18.82,0,1,1,1,0,0.62,1,0.639,6.7,LOW
Software Developer,HR,Admin Panel,4,8.28,0,1,1,0,0,0.4,1,0.672,32.7,MEDIUM
Contractor,IT,Project Management System,1,11.88,0,1,1,1,1,3.02,1,0.761,9.5,LOW
Contractor,Finance,Project Management System,1,14.87,0,1,1,1,0,1.04,1,0.672,3.7,LOW
HR Specialist,Product,Production Database,4,16.4,0,1,0,0,0,3.41,1,0.95,54.4,MEDIUM
DevOps Engineer,IT,Finance System,3,13.44,0,1,1,0,0,0.77,1,0.751,29.9,LOW
Software Developer,IT,Project Management System,1,14.64,0,0,1,1,0,4.03,1,0.782,22.1,LOW
Product Manager,Finance,HR Database,3,17.77,0,1,1,0,0,4.8,1,0.872,25.1,LOW
QA Engineer,HR,Project Management System,1,11.28,0,1,1,1,1,4.28,1,0.881,9.9,LOW
Product Manager,Engineering,Project Management System,1,16.46,0,1,1,1,0,1.89,1,0.64,7.2,LOW
Software Developer,Product,GitHub Project Alpha,1,8.3,0,1,1,1,0,0.29,1,0.904,5.4,LOW
QA Engineer,Engineering,GitHub Project Alpha,1,19.19,0,1,1,1,0,3.72,1,0.627,5.2,LOW
Contractor,Finance,Production Database,4,12.61,0,1,1,0,1,3.19,1,0.819,39.2,MEDIUM
Contractor,Product,Finance System,3,14.98,0,1,1,0,0,4.67,1,0.82,30.2,MEDIUM
Product Manager,IT,Finance System,3,22.22,1,1,0,0,0,6.03,0,0.153,90.1,HIGH
DevOps Engineer,IT,HR Database,3,23.55,1,1,0,0,4,14.06,1,0.128,100.0,HIGH
Contractor,HR,Production Database,4,9.85,0,1,1,0,0,1.68,1,0.642,37.5,MEDIUM
QA Engineer,Product,Finance System,3,2.63,1,0,0,0,2,4.89,1,0.223,100.0,HIGH
HR Specialist,HR,Finance System,3,19.03,0,1,1,0,0,0.84,1,0.927,25.4,LOW
Finance Analyst,IT,Admin Panel,4,16.97,0,1,1,1,1,0.67,1,0.947,19.3,LOW
Finance Analyst,IT,GitHub Project Alpha,1,19.08,0,0,1,0,0,2.73,1,0.915,44.6,MEDIUM
QA Engineer,IT,HR Database,3,15.31,0,1,1,0,0,3.6,1,0.602,29.0,LOW
Product Manager,HR,Finance System,3,22.62,1,0,0,0,4,6.45,1,0.564,100.0,HIGH
Product Manager,HR,Finance System,3,13.15,0,1,1,0,0,1.47,1,0.944,31.8,MEDIUM
DevOps Engineer,Engineering,HR Database,3,10.06,0,1,1,0,0,3.79,1,0.795,29.0,LOW
Finance Analyst,HR,Admin Panel,4,19.3,0,1,1,0,1,4.04,1,0.9,40.9,MEDIUM
Contractor,IT,Finance System,3,1.27,1,1,0,0,2,11.15,1,0.178,100.0,HIGH
DevOps Engineer,Engineering,Development Server,2,14.81,0,1,1,1,0,3.0,1,0.687,11.4,LOW
Software Developer,Product,Production Database,4,14.94,0,1,1,0,0,3.67,1,0.656,37.4,MEDIUM
Software Developer,Engineering,Development Server,2,12.34,0,1,1,1,0,0.61,1,0.668,10.9,LOW
System Administrator,Engineering,HR Database,3,10.66,0,1,1,0,0,0.09,1,0.716,33.7,MEDIUM
Software Developer,Product,Production Database,4,9.93,0,1,1,0,1,3.54,1,0.638,45.0,MEDIUM
HR Specialist,Finance,Admin Panel,4,4.67,1,0,0,0,5,10.23,1,0.069,100.0,HIGH
Software Developer,Product,Development Server,2,22.36,1,0,0,0,2,7.08,1,0.153,100.0,HIGH
QA Engineer,Product,GitHub Project Alpha,1,3.32,1,0,1,1,0,6.09,1,0.475,49.4,MEDIUM
Software Developer,HR,Development Server,2,22.06,1,0,0,0,4,12.98,0,0.169,98.0,HIGH
QA Engineer,Product,Finance System,3,10.2,0,1,1,0,0,0.77,1,0.856,30.3,MEDIUM
System Administrator,IT,Admin Panel,4,12.37,0,1,1,1,0,3.49,1,0.845,15.1,LOW
HR Specialist,Product,Development Server,2,10.95,0,1,0,0,0,3.58,1,0.665,52.2,MEDIUM
Contractor,Product,Development Server,2,12.58,0,1,1,0,0,3.24,1,0.93,29.4,LOW
Contractor,Product,Finance System,3,7.66,0,1,1,0,0,3.13,1,0.701,34.3,MEDIUM
Product Manager,Product,Production Database,4,23.19,1,0,1,0,1,12.61,1,0.118,100.0,HIGH
Finance Analyst,Engineering,Production Database,4,13.02,0,1,1,1,0,2.57,1,0.737,15.8,LOW
System Administrator,Engineering,Development Server,2,21.36,1,0,0,1,5,14.68,1,0.314,97.7,HIGH
DevOps Engineer,Finance,Development Server,2,13.7,0,1,1,0,0,2.39,1,0.866,29.1,LOW
DevOps Engineer,Engineering,Admin Panel,4,8.86,0,0,1,0,0,1.96,1,0.912,53.8,MEDIUM
Software Developer,Finance,Production Database,4,3.71,1,0,1,0,1,4.17,1,0.545,80.7,HIGH
Contractor,IT,Admin Panel,4,7.25,0,1,1,1,0,2.32,1,0.698,14.7,LOW
DevOps Engineer,Finance,Project Management System,1,22.8,1,0,0,1,2,6.78,1,0.312,89.8,HIGH
HR Specialist,Product,HR Database,3,3.72,1,0,0,0,3,9.02,1,0.561,100.0,HIGH
HR Specialist,Product,Admin Panel,4,10.11,0,1,1,0,0,2.47,1,0.864,28.8,LOW
Contractor,IT,Finance System,3,10.42,0,1,1,0,0,1.34,1,0.951,28.9,LOW
HR Specialist,HR,Finance System,3,18.22,0,1,1,0,0,2.74,1,0.659,28.4,LOW
DevOps Engineer,IT,Admin Panel,4,14.43,0,1,1,1,1,4.32,1,0.604,19.4,LOW
System Administrator,IT,Admin Panel,4,19.29,0,1,1,1,0,4.75,1,0.626,14.1,LOW
Contractor,Finance,Production Database,4,16.5,0,1,1,0,1,0.51,1,0.65,42.5,MEDIUM
Software Developer,Product,Finance System,3,11.5,0,1,1,0,1,2.36,1,0.768,36.5,MEDIUM
System Administrator,Product,Project Management System,1,7.78,0,1,0,1,0,3.2,1,0.938,22.6,LOW
DevOps Engineer,Engineering,Admin Panel,4,15.62,0,1,1,0,1,0.94,1,0.945,38.4,MEDIUM
Software Developer,Finance,Admin Panel,4,3.12,1,0,0,0,4,14.43,0,0.295,100.0,HIGH
Finance Analyst,Finance,Admin Panel,4,13.6,0,1,1,0,0,2.38,1,0.947,32.5,MEDIUM
DevOps Engineer,IT,Production Database,4,14.19,0,1,1,1,0,0.87,1,0.992,12.0,LOW
Software Developer,Finance,GitHub Project Alpha,1,21.82,1,0,0,0,4,10.27,1,0.373,99.8,HIGH
HR Specialist,Product,GitHub Project Alpha,1,4.06,1,0,0,1,1,12.85,1,0.561,100.0,HIGH
Product Manager,HR,Admin Panel,4,10.66,0,1,1,0,0,2.93,1,0.964,29.1,LOW
QA Engineer,IT,Finance System,3,16.15,0,1,1,0,0,4.27,1,0.604,35.3,MEDIUM
System Administrator,IT,HR Database,3,23.55,1,1,0,0,4,13.97,1,0.188,100.0,HIGH
QA Engineer,IT,Production Database,4,19.71,0,1,1,1,0,1.38,1,0.769,14.6,LOW
QA Engineer,HR,HR Database,3,11.34,0,1,0,1,0,1.61,1,0.607,30.4,MEDIUM
Software Developer,HR,Project Management System,1,22.71,1,1,0,1,1,7.07,1,0.049,62.9,MEDIUM
Software Developer,Engineering,GitHub Project Alpha,1,9.2,0,1,1,1,0,0.57,1,0.716,3.5,LOW
System Administrator,HR,Admin Panel,4,2.58,1,1,1,0,1,8.02,1,0.363,75.4,HIGH
Contractor,IT,Finance System,3,1.33,1,0,0,0,3,4.6,1,0.027,96.9,HIGH
Finance Analyst,Finance,Development Server,2,9.68,0,1,1,0,0,3.99,1,0.784,23.5,LOW
Finance Analyst,Engineering,GitHub Project Alpha,1,22.89,1,0,0,1,4,12.47,1,0.409,100.0,HIGH
Contractor,Finance,Production Database,4,13.27,0,1,1,0,0,0.85,1,0.913,30.8,MEDIUM
Software Developer,IT,Development Server,2,12.64,0,1,0,0,0,3.75,1,0.845,43.0,MEDIUM
System Administrator,Product,Admin Panel,4,11.15,0,1,1,0,0,0.47,1,0.702,35.0,MEDIUM
HR Specialist,IT,Finance System,3,10.07,0,1,1,0,0,0.39,1,0.735,27.8,LOW
System Administrator,Finance,GitHub Project Alpha,1,1.15,1,0,1,0,5,7.07,1,0.23,100.0,HIGH
DevOps Engineer,HR,Development Server,2,9.76,0,1,1,0,0,4.34,1,0.773,27.8,LOW
DevOps Engineer,IT,Development Server,2,21.28,1,0,0,0,4,7.64,1,0.461,100.0,HIGH
Product Manager,Engineering,Finance System,3,8.67,0,1,1,0,0,0.42,1,0.812,33.0,MEDIUM
System Administrator,Product,HR Database,3,8.4,0,1,1,0,0,3.73,1,0.732,29.7,LOW
HR Specialist,HR,Development Server,2,9.74,0,1,1,0,0,3.13,1,0.975,22.9,LOW
DevOps Engineer,Product,Admin Panel,4,18.84,0,1,1,0,0,0.0,1,0.932,28.4,LOW
QA Engineer,IT,Admin Panel,4,0.09,1,0,0,1,3,7.1,0,0.105,98.9,HIGH
Finance Analyst,IT,HR Database,3,17.85,0,0,1,0,0,1.98,1,0.712,53.5,MEDIUM
Finance Analyst,IT,Admin Panel,4,8.72,0,1,1,1,0,2.8,1,0.646,14.6,LOW
DevOps Engineer,Finance,Project Management System,1,19.31,0,1,1,1,0,2.64,1,0.914,0.8,LOW
System Administrator,HR,Development Server,2,8.91,0,1,1,0,0,3.53,1,0.743,30.2,MEDIUM
HR Specialist,Product,GitHub Project Alpha,1,21.31,1,0,0,1,4,7.31,1,0.185,96.5,HIGH
System Administrator,IT,Production Database,4,16.18,0,1,1,1,0,3.26,1,0.969,11.6,LOW
Product Manager,Engineering,Project Management System,1,10.93,0,1,1,1,1,2.91,1,0.801,10.6,LOW
System Administrator,HR,HR Database,3,19.34,0,0,1,1,1,2.61,1,0.614,38.7,MEDIUM
QA Engineer,Engineering,Finance System,3,10.8,0,1,1,0,1,2.68,1,0.823,39.7,MEDIUM
Software Developer,Product,Admin Panel,4,8.11,0,1,1,0,0,2.95,1,0.761,30.1,MEDIUM
Contractor,HR,Admin Panel,4,13.74,0,1,1,0,0,1.78,1,0.844,34.9,MEDIUM
HR Specialist,IT,Production Database,4,16.31,0,1,1,1,0,4.55,1,0.69,11.9,LOW
Finance Analyst,IT,GitHub Project Alpha,1,10.98,0,1,0,0,0,0.2,1,0.736,45.6,MEDIUM
Software Developer,Finance,GitHub Project Alpha,1,17.22,0,1,0,0,0,0.07,1,0.822,41.2,MEDIUM
System Administrator,HR,HR Database,3,21.58,1,0,1,1,0,3.8,0,0.151,68.2,MEDIUM
Product Manager,Finance,HR Database,3,17.17,0,0,0,0,0,0.17,1,0.974,64.8,MEDIUM
HR Specialist,Product,Admin Panel,4,16.51,0,1,1,0,0,1.69,1,0.774,30.8,MEDIUM
Contractor,HR,Admin Panel,4,13.05,0,1,1,0,0,4.12,1,0.712,34.0,MEDIUM
Software Developer,HR,Admin Panel,4,12.68,0,1,1,0,0,3.93,1,0.863,31.6,MEDIUM
Product Manager,IT,Development Server,2,2.16,1,0,1,0,3,3.67,1,0.436,88.0,HIGH
System Administrator,Finance,Finance System,3,21.99,1,0,1,1,3,11.62,1,0.27,100.0,HIGH
Software Developer,Product,HR Database,3,9.36,0,1,1,0,0,0.07,1,0.832,26.2,LOW
HR Specialist,Product,GitHub Project Alpha,1,15.36,0,1,1,1,0,2.54,1,0.638,8.6,LOW
Software Developer,Finance,GitHub Project Alpha,1,18.19,0,1,1,0,0,4.6,1,0.905,25.6,LOW
QA Engineer,IT,Development Server,2,15.04,0,1,1,0,0,2.42,1,0.835,28.5,LOW
Product Manager,Finance,HR Database,3,10.29,0,1,0,0,0,2.98,1,0.952,46.6,MEDIUM
HR Specialist,Finance,Admin Panel,4,13.79,0,1,1,0,0,0.99,1,0.814,30.8,MEDIUM
QA Engineer,Product,GitHub Project Alpha,1,14.11,0,1,1,1,0,3.73,1,0.821,7.0,LOW
QA Engineer,Engineering,Production Database,4,5.89,1,0,0,1,3,6.14,1,0.496,99.5,HIGH
Product Manager,IT,Admin Panel,4,23.13,1,0,0,1,1,5.86,1,0.155,87.8,HIGH
Contractor,IT,HR Database,3,11.26,0,1,1,0,0,3.53,1,0.634,32.1,MEDIUM
Contractor,IT,GitHub Project Alpha,1,5.63,1,1,1,0,3,13.72,1,0.469,95.6,HIGH
QA Engineer,Finance,Project Management System,1,14.21,0,1,1,1,0,4.63,1,0.675,3.0,LOW
Software Developer,HR,Admin Panel,4,1.4,1,0,0,0,2,12.25,1,0.14,100.0,HIGH
HR Specialist,IT,GitHub Project Alpha,1,8.88,0,1,1,0,0,4.69,1,0.649,28.7,LOW
QA Engineer,HR,Production Database,4,19.9,0,1,1,0,0,3.94,1,0.605,33.1,MEDIUM
QA Engineer,Finance,GitHub Project Alpha,1,14.79,0,1,1,0,0,1.39,1,0.611,26.0,LOW
DevOps Engineer,IT,Development Server,2,23.63,1,0,0,0,3,5.41,1,0.061,100.0,HIGH
QA Engineer,HR,Admin Panel,4,4.41,1,1,1,0,2,11.71,1,0.009,100.0,HIGH
System Administrator,Product,Admin Panel,4,15.86,0,0,0,0,0,1.81,1,0.715,76.4,HIGH
Product Manager,HR,GitHub Project Alpha,1,22.51,1,0,1,0,1,8.64,1,0.327,94.1,HIGH
DevOps Engineer,Finance,Finance System,3,19.45,0,1,0,1,0,4.32,1,0.836,29.7,LOW
Contractor,Product,HR Database,3,14.82,0,1,1,0,1,3.56,1,0.682,40.5,MEDIUM
Software Developer,Finance,Project Management System,1,8.05,0,1,1,1,0,2.7,1,0.929,1.0,LOW
HR Specialist,Product,HR Database,3,11.3,0,1,1,0,0,1.05,1,0.764,31.8,MEDIUM
QA Engineer,Product,Admin Panel,4,3.93,1,0,0,0,3,12.46,0,0.259,100.0,HIGH
System Administrator,Product,Production Database,4,9.49,0,1,1,0,0,4.31,1,0.917,30.1,MEDIUM
Contractor,IT,Finance System,3,17.45,0,1,1,0,0,3.3,1,0.706,26.7,LOW
Contractor,Engineering,Admin Panel,4,16.2,0,1,1,0,0,3.54,1,0.829,33.9,MEDIUM
DevOps Engineer,Product,Admin Panel,4,19.39,0,1,1,0,0,0.31,1,0.9,34.7,MEDIUM
HR Specialist,HR,Admin Panel,4,13.18,0,1,1,0,0,1.65,1,0.699,29.8,LOW
Contractor,Engineering,Admin Panel,4,13.9,0,1,1,0,1,4.96,1,0.87,40.6,MEDIUM
Contractor,HR,Production Database,4,7.35,0,1,1,0,0,1.83,1,0.908,30.5,MEDIUM
Product Manager,HR,Project Management System,1,7.68,0,1,1,1,0,3.25,1,0.689,4.4,LOW
Finance Analyst,Product,Development Server,2,3.2,1,0,0,0,4,11.1,1,0.339,100.0,HIGH
DevOps Engineer,IT,Production Database,4,10.64,0,1,1,1,0,3.44,1,0.993,9.3,LOW
Finance Analyst,Finance,Finance System,3,14.87,0,1,1,1,0,2.12,1,0.736,10.6,LOW
HR Specialist,Product,GitHub Project Alpha,1,17.64,0,1,1,1,1,0.97,1,0.962,10.9,LOW
Finance Analyst,HR,Development Server,2,23.52,1,0,1,0,0,3.33,1,0.486,68.9,MEDIUM
Software Developer,Engineering,Admin Panel,4,17.13,0,1,1,0,0,3.29,1,0.663,32.0,MEDIUM
Software Developer,IT,Project Management System,1,10.5,0,1,1,1,0,2.89,1,0.743,6.2,LOW
DevOps Engineer,Product,HR Database,3,23.63,1,0,1,0,3,8.54,0,0.455,98.6,HIGH
Contractor,IT,Finance System,3,18.48,0,1,1,0,0,2.63,1,0.953,29.7,LOW
Software Developer,Finance,Development Server,2,19.14,0,1,1,0,1,0.36,1,0.872,37.2,MEDIUM
DevOps Engineer,HR,Project Management System,1,8.06,0,1,1,1,1,1.57,1,0.637,15.4,LOW
Software Developer,IT,Production Database,4,13.46,0,1,0,1,0,4.01,1,0.794,31.8,MEDIUM
QA Engineer,IT,Project Management System,1,13.2,0,1,1,1,0,3.32,1,0.879,5.0,LOW
Finance Analyst,Engineering,HR Database,3,12.47,0,1,0,0,0,0.64,1,0.795,52.3,MEDIUM
Software Developer,HR,Production Database,4,14.78,0,1,1,0,0,0.37,1,0.827,33.0,MEDIUM
DevOps Engineer,Engineering,GitHub Project Alpha,1,14.37,0,1,1,1,1,2.17,1,0.613,13.7,LOW
Product Manager,IT,Project Management System,1,9.5,0,1,1,1,1,2.27,1,0.957,10.6,LOW
Finance Analyst,Product,Project Management System,1,23.14,1,0,0,1,5,4.86,1,0.037,99.4,HIGH
HR Specialist,Engineering,Finance System,3,12.8,0,1,1,0,1,2.4,1,0.972,39.7,MEDIUM
QA Engineer,Finance,GitHub Project Alpha,1,18.91,0,1,1,0,0,4.69,1,0.823,24.7,LOW
HR Specialist,HR,Project Management System,1,8.46,0,1,1,1,0,0.82,1,0.765,7.3,LOW
Software Developer,IT,GitHub Project Alpha,1,13.3,0,1,1,0,0,4.15,1,0.725,25.4,LOW
Product Manager,HR,Development Server,2,21.43,1,1,0,0,5,7.47,1,0.153,100.0,HIGH
Product Manager,Finance,Project Management System,1,23.05,1,0,0,1,1,7.28,1,0.235,87.1,HIGH
HR Specialist,Finance,Development Server,2,4.46,1,0,0,0,4,7.71,1,0.12,100.0,HIGH
Contractor,Product,Development Server,2,17.95,0,1,0,0,0,1.43,1,0.813,46.0,MEDIUM
System Administrator,IT,GitHub Project Alpha,1,10.81,0,1,0,0,1,2.25,1,0.836,51.6,MEDIUM
HR Specialist,Product,HR Database,3,8.88,0,1,1,0,0,4.6,1,0.849,28.7,LOW
Finance Analyst,Finance,Production Database,4,21.43,1,0,0,0,3,7.7,1,0.054,100.0,HIGH
DevOps Engineer,IT,Project Management System,1,14.2,0,1,1,1,1,2.12,1,0.676,10.0,LOW
DevOps Engineer,Finance,Development Server,2,3.63,1,0,0,0,1,8.29,1,0.351,100.0,HIGH
DevOps Engineer,Product,GitHub Project Alpha,1,7.82,0,1,1,1,0,4.33,1,0.753,7.2,LOW
HR Specialist,Engineering,GitHub Project Alpha,1,12.53,0,1,1,1,0,3.05,1,0.866,5.1,LOW
Contractor,IT,HR Database,3,14.3,0,1,1,0,0,0.53,1,0.649,32.9,MEDIUM
HR Specialist,Product,Development Server,2,21.47,1,1,0,0,5,11.83,1,0.118,100.0,HIGH
QA Engineer,Engineering,HR Database,3,12.87,0,1,1,0,1,3.45,1,0.925,32.9,MEDIUM
Software Developer,IT,Finance System,3,17.16,0,1,1,0,0,1.11,1,0.779,27.4,LOW
System Administrator,Engineering,Development Server,2,10.48,0,1,1,1,0,0.62,1,0.618,11.8,LOW
System Administrator,Engineering,Admin Panel,4,9.11,0,1,1,0,0,0.49,1,0.923,29.1,LOW
Product Manager,Finance,Finance System,3,11.1,0,1,0,1,0,0.73,1,0.737,27.0,LOW
Finance Analyst,Product,Development Server,2,21.27,1,0,0,0,3,9.44,1,0.067,99.5,HIGH
System Administrator,HR,GitHub Project Alpha,1,3.96,1,0,0,0,3,4.99,1,0.01,98.1,HIGH
DevOps Engineer,Product,Admin Panel,4,16.78,0,1,0,0,1,0.61,1,0.868,60.0,MEDIUM
Software Developer,HR,Production Database,4,1.28,1,0,0,0,3,7.12,1,0.038,98.6,HIGH
QA Engineer,IT,HR Database,3,19.46,0,1,1,0,0,1.62,1,0.78,28.1,LOW
QA Engineer,Engineering,Finance System,3,7.45,0,1,1,0,0,1.16,1,0.921,31.4,MEDIUM
QA Engineer,Engineering,Finance System,3,14.41,0,1,1,0,0,2.17,1,0.893,25.3,LOW
DevOps Engineer,Product,Project Management System,1,12.54,0,1,1,1,1,3.77,1,0.668,17.5,LOW
DevOps Engineer,Finance,Admin Panel,4,15.67,0,1,1,0,0,1.9,1,0.773,34.6,MEDIUM
QA Engineer,Engineering,GitHub Project Alpha,1,0.01,1,0,1,1,5,6.44,1,0.047,91.7,HIGH
Software Developer,HR,HR Database,3,17.05,0,1,1,1,1,1.02,1,0.633,22.2,LOW
Product Manager,Engineering,Finance System,3,18.68,0,1,0,0,0,0.07,1,0.6,52.4,MEDIUM
HR Specialist,HR,Development Server,2,9.2,0,1,0,0,1,4.44,1,0.626,53.0,MEDIUM
Finance Analyst,Product,Project Management System,1,12.27,0,1,1,1,0,3.03,1,0.745,7.0,LOW
System Administrator,IT,HR Database,3,15.39,0,1,1,0,0,4.02,1,0.728,31.3,MEDIUM
Contractor,Product,Finance System,3,13.74,0,1,0,0,0,4.81,1,0.824,45.9,MEDIUM
Contractor,IT,Finance System,3,14.25,0,1,1,0,0,0.73,1,0.677,30.5,MEDIUM
Product Manager,IT,Project Management System,1,11.44,0,1,0,1,0,1.42,1,0.974,23.6,LOW
System Administrator,Finance,Production Database,4,15.19,0,1,1,0,0,0.13,1,0.731,34.7,MEDIUM
Software Developer,Product,HR Database,3,3.17,1,0,0,0,3,14.91,1,0.089,100.0,HIGH
Contractor,Product,Admin Panel,4,19.54,0,1,1,0,0,2.44,1,0.968,30.0,MEDIUM
HR Specialist,Engineering,Admin Panel,4,9.98,0,1,1,0,0,2.01,1,0.732,33.5,MEDIUM
Product Manager,Product,Project Management System,1,9.22,0,0,1,1,0,0.84,1,0.676,27.4,LOW
HR Specialist,Engineering,Admin Panel,4,16.1,0,1,1,0,0,0.68,1,0.73,35.9,MEDIUM
Software Developer,Engineering,Project Management System,1,11.06,0,1,1,1,0,2.9,1,0.806,0.5,LOW
Product Manager,Product,HR Database,3,23.41,1,0,0,0,3,8.84,1,0.438,100.0,HIGH
Finance Analyst,HR,HR Database,3,2.78,1,0,1,1,4,8.86,0,0.353,99.3,HIGH
Product Manager,Product,Finance System,3,23.8,1,0,0,0,4,6.01,1,0.439,100.0,HIGH
Software Developer,Product,Admin Panel,4,3.62,1,0,0,0,4,12.82,1,0.242,99.2,HIGH
Finance Analyst,Finance,HR Database,3,0.56,1,1,0,0,2,8.26,1,0.168,96.0,HIGH
QA Engineer,HR,Project Management System,1,12.05,0,1,1,1,0,2.15,1,0.738,7.2,LOW
Software Developer,Finance,Development Server,2,11.16,0,1,1,0,0,2.12,1,0.833,25.3,LOW
Contractor,Finance,Finance System,3,9.25,0,1,1,1,0,2.33,1,0.97,8.0,LOW
DevOps Engineer,Product,Development Server,2,17.66,0,1,1,0,0,4.81,1,0.869,25.2,LOW
Contractor,HR,Project Management System,1,18.76,0,1,1,1,0,1.81,1,0.835,2.9,LOW
Finance Analyst,HR,Production Database,4,16.31,0,1,1,0,0,4.79,1,0.874,31.3,MEDIUM
Contractor,Finance,Admin Panel,4,17.31,0,1,1,0,0,1.54,1,0.71,30.3,MEDIUM
Finance Analyst,Finance,HR Database,3,17.38,0,1,1,0,1,1.8,1,0.929,33.6,MEDIUM
Software Developer,IT,Project Management System,1,2.09,1,0,0,1,5,13.2,1,0.553,100.0,HIGH
DevOps Engineer,IT,HR Database,3,7.44,0,1,1,0,0,3.89,1,0.826,28.5,LOW
Software Developer,IT,Finance System,3,18.2,0,1,1,0,0,2.03,1,0.691,28.5,LOW
Contractor,Engineering,HR Database,3,13.48,0,1,1,0,0,4.19,1,0.874,32.2,MEDIUM
Product Manager,HR,GitHub Project Alpha,1,13.54,0,1,1,0,0,4.71,1,0.846,26.2,LOW
Product Manager,Product,HR Database,3,14.95,0,1,1,0,1,1.49,1,0.867,36.3,MEDIUM
QA Engineer,IT,Project Management System,1,15.18,0,1,1,1,0,2.18,1,0.662,8.5,LOW
System Administrator,IT,Production Database,4,9.95,0,0,1,1,0,0.14,1,0.684,35.0,MEDIUM
Product Manager,HR,Production Database,4,23.4,1,1,1,0,2,3.1,0,0.473,78.3,HIGH
Product Manager,Finance,Development Server,2,18.26,0,0,1,0,0,4.71,1,1.0,42.5,MEDIUM
System Administrator,Engineering,Development Server,2,16.74,0,1,1,1,0,2.67,1,0.917,2.8,LOW
Product Manager,IT,GitHub Project Alpha,1,8.16,0,1,1,0,0,2.88,1,0.924,21.3,LOW
Product Manager,Product,Project Management System,1,2.99,1,1,1,1,4,4.32,1,0.131,56.6,MEDIUM
Contractor,Engineering,Production Database,4,8.5,0,1,1,1,1,2.87,1,0.899,21.0,LOW
Product Manager,Finance,Production Database,4,17.23,0,1,1,0,0,3.96,1,1.0,28.6,LOW
DevOps Engineer,Finance,Production Database,4,11.9,0,1,1,0,0,3.21,1,0.633,35.9,MEDIUM
Finance Analyst,IT,Development Server,2,7.68,0,1,1,0,0,3.42,1,0.605,30.3,MEDIUM
Finance Analyst,IT,Admin Panel,4,17.33,0,1,0,1,0,1.25,1,0.975,28.9,LOW
Software Developer,HR,Project Management System,1,15.3,0,1,0,1,0,4.65,1,0.699,26.3,LOW
Product Manager,HR,Project Management System,1,0.5,1,0,0,1,1,13.98,0,0.342,99.5,HIGH
Product Manager,Engineering,HR Database,3,10.72,0,1,1,0,0,4.05,1,0.7,28.5,LOW
Finance Analyst,HR,HR Database,3,18.1,0,1,1,1,0,1.27,1,0.822,13.1,LOW
Software Developer,HR,HR Database,3,18.04,0,1,1,1,0,4.36,1,0.695,7.9,LOW
Contractor,Finance,Production Database,4,22.93,1,0,0,0,1,10.07,0,0.392,97.6,HIGH
HR Specialist,HR,Finance System,3,19.11,0,1,1,0,0,2.57,1,0.641,33.3,MEDIUM
QA Engineer,Finance,Project Management System,1,0.62,1,0,0,1,2,3.1,1,0.451,82.5,HIGH
QA Engineer,IT,Project Management System,1,23.11,1,0,0,1,4,10.77,0,0.53,96.6,HIGH
Software Developer,Product,Development Server,2,7.44,0,1,1,0,0,3.04,1,0.799,28.1,LOW
QA Engineer,Product,HR Database,3,14.83,0,1,1,0,0,3.11,1,0.716,29.6,LOW
Contractor,Product,Finance System,3,22.57,1,1,0,0,4,8.97,1,0.391,100.0,HIGH
Software Developer,HR,GitHub Project Alpha,1,14.08,0,1,0,0,0,1.98,1,0.627,45.1,MEDIUM
System Administrator,Product,Production Database,4,23.98,1,1,0,0,3,14.04,1,0.377,100.0,HIGH
Finance Analyst,Product,Finance System,3,7.92,0,1,1,0,0,4.15,1,0.936,29.6,LOW
Contractor,Engineering,Finance System,3,16.59,0,1,1,0,0,1.62,1,0.685,28.5,LOW
Finance Analyst,HR,Admin Panel,4,0.73,1,0,0,0,4,11.74,1,0.304,100.0,HIGH
HR Specialist,Engineering,GitHub Project Alpha,1,16.05,0,1,1,1,0,0.27,1,0.688,7.8,LOW
Product Manager,HR,Finance System,3,16.17,0,1,1,0,0,1.53,1,0.824,29.5,LOW
Contractor,IT,GitHub Project Alpha,1,16.38,0,1,1,0,0,0.56,1,0.822,22.4,LOW
System Administrator,Engineering,Development Server,2,1.08,1,1,1,1,0,3.77,1,0.032,31.3,MEDIUM
System Administrator,IT,Development Server,2,8.6,0,1,1,0,0,1.77,1,0.896,28.8,LOW
System Administrator,IT,Finance System,3,11.57,0,1,1,0,0,2.1,1,0.755,30.9,MEDIUM
System Administrator,HR,Project Management System,1,8.8,0,1,1,1,0,3.19,1,0.975,1.9,LOW
Finance Analyst,IT,Development Server,2,22.67,1,1,1,0,5,10.45,1,0.281,99.2,HIGH
Software Developer,Finance,Development Server,2,8.16,0,0,1,0,0,0.1,1,0.711,47.0,MEDIUM
DevOps Engineer,Engineering,Project Management System,1,4.38,1,0,0,1,2,11.01,1,0.322,100.0,HIGH
System Administrator,Engineering,Finance System,3,21.51,1,1,0,0,2,4.89,1,0.111,86.1,HIGH
HR Specialist,Product,GitHub Project Alpha,1,8.06,0,1,1,1,0,3.17,1,0.615,8.6,LOW
System Administrator,Finance,Development Server,2,10.83,0,0,1,0,1,2.53,1,0.897,57.5,MEDIUM
QA Engineer,IT,Project Management System,1,21.33,1,0,0,1,0,13.0,1,0.429,90.1,HIGH
Finance Analyst,IT,GitHub Project Alpha,1,14.1,0,1,0,0,0,3.74,1,0.962,41.4,MEDIUM
DevOps Engineer,IT,GitHub Project Alpha,1,15.0,0,1,1,0,0,2.65,1,0.934,19.7,LOW
QA Engineer,IT,GitHub Project Alpha,1,5.32,1,0,0,0,4,9.72,1,0.117,98.8,HIGH
Software Developer,Finance,Development Server,2,19.4,0,1,1,0,0,1.9,1,0.683,26.2,LOW
HR Specialist,IT,Finance System,3,16.45,0,1,1,0,1,0.64,1,0.839,34.3,MEDIUM
Finance Analyst,HR,HR Database,3,17.72,0,1,1,1,0,0.93,1,0.927,8.1,LOW
QA Engineer,Finance,GitHub Project Alpha,1,4.62,1,0,1,0,5,8.75,1,0.073,98.4,HIGH
Finance Analyst,Product,HR Database,3,2.5,1,1,1,0,1,4.49,1,0.361,58.5,MEDIUM
Software Developer,HR,Admin Panel,4,11.19,0,1,0,0,1,2.87,1,0.619,64.7,MEDIUM
Contractor,Engineering,HR Database,3,17.85,0,1,1,0,0,3.21,1,0.992,27.0,LOW
Finance Analyst,HR,HR Database,3,21.05,1,1,0,1,0,12.58,1,0.271,76.9,HIGH
HR Specialist,Engineering,Project Management System,1,22.06,1,0,1,1,3,12.63,1,0.384,100.0,HIGH
System Administrator,Engineering,GitHub Project Alpha,1,19.87,0,1,1,1,0,2.45,1,0.899,5.7,LOW
QA Engineer,Product,GitHub Project Alpha,1,8.01,0,1,1,1,1,0.22,1,0.765,12.3,LOW
Finance Analyst,Finance,GitHub Project Alpha,1,22.34,1,0,1,0,3,12.31,1,0.579,99.9,HIGH
Software Developer,HR,Project Management System,1,17.3,0,1,1,1,0,4.03,1,0.744,6.7,LOW
QA Engineer,Finance,GitHub Project Alpha,1,9.33,0,1,1,0,0,3.77,1,0.895,21.6,LOW
Finance Analyst,Engineering,Finance System,3,21.04,1,0,1,0,3,10.49,1,0.53,100.0,HIGH
HR Specialist,Finance,GitHub Project Alpha,1,9.2,0,1,1,0,0,3.28,1,0.857,27.2,LOW
HR Specialist,Product,Admin Panel,4,11.68,0,1,1,0,0,3.52,1,0.87,30.9,MEDIUM
DevOps Engineer,Product,Finance System,3,0.97,1,0,0,0,1,5.95,1,0.513,100.0,HIGH
HR Specialist,HR,Finance System,3,5.9,1,0,0,0,4,9.97,0,0.077,96.1,HIGH
QA Engineer,IT,GitHub Project Alpha,1,7.46,0,1,1,0,0,3.86,1,0.737,27.8,LOW
QA Engineer,IT,GitHub Project Alpha,1,13.69,0,1,1,0,0,3.51,1,0.916,27.3,LOW
DevOps Engineer,HR,Project Management System,1,17.37,0,1,1,1,0,2.43,1,0.967,3.9,LOW
Finance Analyst,IT,Development Server,2,9.3,0,1,1,0,0,2.52,1,0.727,27.6,LOW
QA Engineer,Finance,Finance System,3,7.96,0,1,0,1,0,2.12,1,0.989,25.0,LOW
Product Manager,Finance,Development Server,2,7.81,0,1,1,0,0,1.99,1,0.765,25.5,LOW
Finance Analyst,HR,Finance System,3,22.29,1,0,1,0,2,6.9,1,0.544,88.6,HIGH
DevOps Engineer,HR,Finance System,3,22.94,1,0,0,0,2,6.81,1,0.281,96.3,HIGH
HR Specialist,HR,GitHub Project Alpha,1,22.79,1,1,0,0,5,4.81,1,0.116,100.0,HIGH
Finance Analyst,HR,Development Server,2,12.37,0,0,0,0,1,2.59,1,0.631,74.3,HIGH
Finance Analyst,HR,Development Server,2,19.06,0,1,1,0,0,0.43,1,0.652,30.5,MEDIUM
DevOps Engineer,Product,Project Management System,1,11.24,0,0,1,1,0,3.69,1,0.701,23.2,LOW
QA Engineer,Product,Admin Panel,4,14.98,0,1,1,0,0,0.35,1,0.892,33.0,MEDIUM
HR Specialist,IT,GitHub Project Alpha,1,8.72,0,1,1,0,0,0.51,1,0.718,21.9,LOW
DevOps Engineer,IT,Project Management System,1,5.78,1,1,1,1,3,6.12,1,0.308,50.4,MEDIUM
Contractor,HR,Development Server,2,13.94,0,1,1,0,1,3.04,1,0.878,30.3,MEDIUM
Product Manager,IT,Project Management System,1,22.25,1,0,0,1,5,9.08,1,0.421,100.0,HIGH
HR Specialist,Product,Admin Panel,4,8.73,0,1,1,0,0,2.81,1,0.66,32.3,MEDIUM
System Administrator,HR,HR Database,3,23.01,1,0,0,1,5,5.05,1,0.148,100.0,HIGH
System Administrator,Finance,Project Management System,1,17.18,0,1,1,1,1,2.54,1,0.763,10.7,LOW
DevOps Engineer,IT,Admin Panel,4,11.86,0,1,1,1,1,3.21,1,0.739,20.3,LOW
QA Engineer,HR,Project Management System,1,9.41,0,0,1,1,0,1.92,1,0.764,26.1,LOW
Product Manager,Finance,Admin Panel,4,12.87,0,1,0,0,0,1.42,1,0.857,55.0,MEDIUM
QA Engineer,IT,Development Server,2,16.25,0,0,1,0,1,0.88,1,0.954,49.7,MEDIUM
HR Specialist,Finance,HR Database,3,23.84,1,0,0,0,0,5.95,0,0.468,100.0,HIGH
Product Manager,Product,GitHub Project Alpha,1,14.25,0,1,1,1,0,0.35,1,0.874,6.2,LOW
DevOps Engineer,Finance,Development Server,2,11.51,0,1,1,0,0,4.0,1,0.74,27.7,LOW
Contractor,HR,Admin Panel,4,10.6,0,1,1,0,0,4.17,1,0.768,30.8,MEDIUM
DevOps Engineer,Product,Finance System,3,4.87,1,1,0,0,2,7.84,1,0.395,100.0,HIGH
Software Developer,Product,Admin Panel,4,10.47,0,1,1,0,0,1.08,1,0.846,30.1,MEDIUM
HR Specialist,IT,Finance System,3,10.62,0,1,1,0,1,0.07,1,0.924,35.4,MEDIUM
DevOps Engineer,Engineering,Development Server,2,18.33,0,1,1,1,0,4.3,1,0.604,7.2,LOW
DevOps Engineer,Finance,Development Server,2,12.03,0,1,1,0,0,2.3,0,0.609,41.1,MEDIUM
QA Engineer,IT,Project Management System,1,18.84,0,1,0,1,0,2.44,1,0.736,22.8,LOW
DevOps Engineer,Product,Production Database,4,18.19,0,1,0,0,1,3.71,1,0.608,65.1,MEDIUM
Product Manager,IT,Production Database,4,16.89,0,1,1,1,0,3.58,1,0.94,8.3,LOW
Contractor,Product,HR Database,3,11.61,0,1,1,0,0,2.9,1,0.936,25.3,LOW
Finance Analyst,IT,Production Database,4,15.96,0,1,1,1,0,0.75,1,0.997,10.3,LOW
Software Developer,HR,Finance System,3,23.28,1,0,1,0,3,5.57,1,0.171,97.8,HIGH
System Administrator,Finance,Project Management System,1,13.01,0,0,1,1,0,4.67,1,0.638,22.6,LOW
HR Specialist,Finance,Admin Panel,4,15.58,0,1,1,0,0,0.3,1,0.896,32.5,MEDIUM
Finance Analyst,HR,Development Server,2,4.62,1,0,1,0,5,7.38,1,0.28,100.0,HIGH
Contractor,HR,Development Server,2,22.52,1,1,0,0,1,12.91,1,0.496,99.9,HIGH
System Administrator,IT,Project Management System,1,14.84,0,0,1,1,0,1.34,1,0.724,23.8,LOW
Contractor,Engineering,Finance System,3,15.57,0,1,0,0,0,2.36,1,0.777,48.6,MEDIUM
DevOps Engineer,Product,Production Database,4,11.5,0,1,1,0,0,4.53,1,0.727,29.1,LOW
QA Engineer,IT,HR Database,3,10.78,0,1,0,0,0,2.96,1,0.644,47.9,MEDIUM
QA Engineer,Product,HR Database,3,0.17,1,0,0,0,2,5.12,1,0.072,100.0,HIGH
System Administrator,Product,Development Server,2,5.63,1,0,0,0,4,11.85,1,0.19,100.0,HIGH
Finance Analyst,HR,GitHub Project Alpha,1,17.86,0,0,1,0,1,2.55,1,0.672,53.8,MEDIUM
Product Manager,Finance,Admin Panel,4,17.28,0,1,1,0,0,2.11,1,0.707,32.6,MEDIUM
QA Engineer,Product,Development Server,2,19.45,0,1,1,0,0,4.41,1,0.988,24.6,LOW
HR Specialist,HR,Finance System,3,23.43,1,1,1,0,4,6.02,0,0.294,100.0,HIGH
Contractor,Finance,Admin Panel,4,21.26,1,0,0,0,5,12.16,1,0.378,100.0,HIGH
QA Engineer,Finance,Development Server,2,9.49,0,1,1,0,0,1.43,1,0.841,28.2,LOW
Finance Analyst,IT,Admin Panel,4,13.3,0,1,1,1,1,4.68,1,0.877,20.1,LOW
Finance Analyst,Finance,Production Database,4,16.09,0,1,1,0,0,1.22,1,0.754,31.2,MEDIUM
Product Manager,Product,Project Management System,1,21.76,1,0,0,1,0,4.45,1,0.094,69.9,MEDIUM
QA Engineer,Finance,Project Management System,1,3.02,1,0,0,1,2,14.3,1,0.477,98.5,HIGH
HR Specialist,Engineering,HR Database,3,10.7,0,1,1,0,0,4.73,1,0.931,24.8,LOW
Software Developer,Finance,Finance System,3,15.0,0,1,1,1,0,4.62,1,0.899,10.5,LOW
Finance Analyst,HR,Development Server,2,18.25,0,1,1,0,0,4.71,1,0.796,24.9,LOW
Software Developer,HR,Finance System,3,8.84,0,1,1,0,0,0.99,1,0.636,34.5,MEDIUM
Finance Analyst,HR,Development Server,2,4.12,1,0,0,0,2,14.78,1,0.125,100.0,HIGH
Finance Analyst,Product,Production Database,4,11.17,0,1,1,0,1,4.11,1,0.756,39.8,MEDIUM
DevOps Engineer,IT,Finance System,3,7.09,0,1,1,0,0,3.72,1,0.789,26.7,LOW
Product Manager,Engineering,GitHub Project Alpha,1,12.31,0,1,1,1,0,1.36,1,0.732,7.6,LOW
Contractor,Engineering,HR Database,3,22.67,1,1,0,0,3,7.51,1,0.584,100.0,HIGH
QA Engineer,Engineering,Production Database,4,21.48,1,0,0,1,4,5.88,1,0.226,100.0,HIGH
DevOps Engineer,Product,Project Management System,1,8.73,0,1,1,1,1,0.02,1,0.928,11.0,LOW
Software Developer,HR,Finance System,3,19.9,0,1,1,0,0,3.46,1,0.995,29.9,LOW
Finance Analyst,Product,Project Management System,1,21.11,1,0,0,1,2,13.05,1,0.457,100.0,HIGH
System Administrator,IT,GitHub Project Alpha,1,21.85,1,0,0,0,5,11.02,0,0.108,100.0,HIGH
System Administrator,Product,Development Server,2,23.83,1,0,0,0,0,8.63,1,0.497,96.3,HIGH
System Administrator,Finance,HR Database,3,10.44,0,1,1,0,0,4.41,1,0.825,30.8,MEDIUM
Product Manager,Product,HR Database,3,10.37,0,0,1,0,0,0.29,1,0.898,48.5,MEDIUM
DevOps Engineer,HR,Production Database,4,7.21,0,1,1,0,1,0.94,1,0.643,45.2,MEDIUM
QA Engineer,Engineering,GitHub Project Alpha,1,3.09,1,0,0,1,5,4.21,1,0.502,98.1,HIGH
Software Developer,Engineering,GitHub Project Alpha,1,20.0,0,1,1,1,1,4.15,1,0.606,16.2,LOW
Contractor,HR,HR Database,3,16.34,0,1,1,1,0,4.64,1,0.95,11.9,LOW
QA Engineer,Finance,HR Database,3,4.87,1,0,0,0,1,10.64,1,0.215,97.3,HIGH
HR Specialist,IT,GitHub Project Alpha,1,19.96,0,1,1,0,0,0.28,1,0.838,25.4,LOW
DevOps Engineer,Finance,Production Database,4,18.71,0,1,1,0,0,4.93,1,0.935,27.2,LOW
QA Engineer,Engineering,Admin Panel,4,1.63,1,1,0,0,5,12.83,1,0.5,98.4,HIGH
Finance Analyst,Finance,HR Database,3,18.4,0,1,1,0,0,4.81,1,0.842,29.9,LOW
Finance Analyst,Product,Production Database,4,13.36,0,1,1,0,0,0.4,1,0.954,26.7,LOW
Finance Analyst,Product,Project Management System,1,21.36,1,0,1,1,4,13.33,1,0.063,97.8,HIGH
Finance Analyst,IT,Production Database,4,3.29,1,0,0,1,2,10.15,0,0.144,99.5,HIGH
System Administrator,IT,HR Database,3,14.57,0,1,1,0,0,4.86,1,0.885,30.0,MEDIUM
Software Developer,Product,Project Management System,1,3.81,1,0,0,1,0,12.67,1,0.151,99.4,HIGH
Software Developer,Finance,Admin Panel,4,9.57,0,1,1,0,1,1.84,1,0.734,38.4,MEDIUM
Contractor,HR,HR Database,3,7.37,0,1,1,1,0,4.26,1,0.72,9.9,LOW
Software Developer,Product,Development Server,2,12.76,0,1,1,0,0,3.54,1,0.905,25.7,LOW
Product Manager,Finance,GitHub Project Alpha,1,17.2,0,1,1,0,0,3.2,1,0.798,26.0,LOW
System Administrator,IT,Admin Panel,4,10.0,0,0,1,1,0,0.51,1,0.656,34.9,MEDIUM
QA Engineer,Product,Finance System,3,18.11,0,1,1,0,0,0.71,1,0.786,31.6,MEDIUM
Product Manager,Engineering,Production Database,4,13.48,0,1,1,1,1,3.84,1,0.937,22.5,LOW
Contractor,Engineering,GitHub Project Alpha,1,12.8,0,1,1,1,0,3.79,1,0.815,1.4,LOW
Finance Analyst,Finance,HR Database,3,15.22,0,1,1,0,1,3.52,1,0.93,34.2,MEDIUM
HR Specialist,Product,Project Management System,1,18.62,0,1,1,1,0,4.75,1,0.656,8.9,LOW
System Administrator,HR,HR Database,3,9.92,0,1,1,1,1,3.72,1,0.707,19.0,LOW
Software Developer,IT,Project Management System,1,13.78,0,0,1,1,0,1.75,1,0.783,27.9,LOW
DevOps Engineer,Finance,HR Database,3,1.63,1,0,0,0,3,10.68,0,0.313,99.6,HIGH
System Administrator,IT,Finance System,3,0.22,1,0,0,0,2,5.29,1,0.205,97.2,HIGH
System Administrator,Engineering,Development Server,2,3.98,1,0,0,1,5,10.15,0,0.515,100.0,HIGH
System Administrator,IT,HR Database,3,14.16,0,1,1,0,0,3.83,1,0.637,34.1,MEDIUM
Finance Analyst,Engineering,Production Database,4,1.3,1,0,1,1,4,10.97,1,0.08,100.0,HIGH
QA Engineer,Finance,Production Database,4,12.08,0,1,1,0,1,4.89,1,0.784,36.3,MEDIUM
System Administrator,HR,Project Management System,1,0.35,1,0,1,1,0,10.56,1,0.332,74.4,HIGH
DevOps Engineer,HR,HR Database,3,12.02,0,1,1,1,0,0.68,1,0.671,8.4,LOW
DevOps Engineer,Engineering,Project Management System,1,7.19,0,1,1,1,0,1.17,1,0.65,3.8,LOW
Contractor,IT,Project Management System,1,18.94,0,1,1,1,0,2.39,1,0.787,0.6,LOW
HR Specialist,Engineering,GitHub Project Alpha,1,9.42,0,1,1,1,1,0.45,1,0.956,8.4,LOW
HR Specialist,IT,GitHub Project Alpha,1,14.32,0,1,1,0,0,0.13,1,0.811,21.1,LOW
QA Engineer,IT,GitHub Project Alpha,1,16.67,0,1,0,0,0,2.81,1,0.691,45.6,MEDIUM
QA Engineer,HR,Finance System,3,13.24,0,1,1,0,0,0.25,1,0.933,29.0,LOW
HR Specialist,Finance,HR Database,3,18.14,0,1,1,0,1,0.95,1,0.965,38.4,MEDIUM
System Administrator,IT,GitHub Project Alpha,1,5.15,1,0,1,0,4,14.41,1,0.284,99.0,HIGH
Product Manager,Product,HR Database,3,21.55,1,0,0,0,4,4.52,0,0.354,99.4,HIGH
Finance Analyst,Finance,Finance System,3,7.96,0,1,1,1,0,2.77,1,0.958,8.2,LOW
Product Manager,IT,Development Server,2,10.41,0,1,1,0,0,0.76,1,0.662,24.5,LOW
Finance Analyst,Engineering,Production Database,4,17.29,0,1,1,1,0,0.77,1,0.676,10.5,LOW
System Administrator,Product,Finance System,3,21.81,1,0,0,0,5,3.83,1,0.546,98.1,HIGH
Finance Analyst,Product,Project Management System,1,11.82,0,1,1,1,0,3.27,1,0.888,2.4,LOW
HR Specialist,Engineering,HR Database,3,16.94,0,1,1,0,0,3.56,1,0.696,27.1,LOW
Product Manager,Engineering,Admin Panel,4,18.31,0,1,1,0,1,0.12,1,0.609,42.0,MEDIUM
Finance Analyst,Engineering,Project Management System,1,14.13,0,1,1,1,0,2.73,1,0.777,6.3,LOW
Product Manager,Product,Admin Panel,4,9.0,0,1,1,0,0,4.27,1,0.875,31.8,MEDIUM
System Administrator,HR,Finance System,3,8.76,0,0,1,0,1,1.25,1,0.732,61.9,MEDIUM
Contractor,IT,Production Database,4,23.75,1,1,0,1,0,13.08,1,0.393,80.8,HIGH
Software Developer,IT,Project Management System,1,18.72,0,1,1,1,1,0.49,1,0.944,11.9,LOW
DevOps Engineer,HR,Admin Panel,4,21.15,1,0,1,0,4,13.63,1,0.04,100.0,HIGH
QA Engineer,Finance,Project Management System,1,16.73,0,1,1,1,0,4.72,1,0.99,1.0,LOW
Finance Analyst,HR,Production Database,4,10.62,0,1,0,0,0,2.41,1,0.672,50.5,MEDIUM
QA Engineer,IT,HR Database,3,10.13,0,1,1,0,0,4.7,1,0.633,29.2,LOW
Contractor,HR,Admin Panel,4,13.18,0,1,1,0,0,3.79,1,0.905,31.8,MEDIUM
DevOps Engineer,Product,Production Database,4,16.17,0,1,1,0,1,1.44,1,0.821,43.8,MEDIUM
Product Manager,Product,Development Server,2,11.06,0,1,1,0,0,1.0,1,0.647,24.8,LOW
System Administrator,Engineering,Admin Panel,4,4.0,1,0,1,0,1,9.78,1,0.448,98.3,HIGH
Product Manager,Engineering,Production Database,4,19.38,0,1,0,1,0,1.34,1,0.6,34.7,MEDIUM
Contractor,Engineering,Admin Panel,4,10.96,0,1,1,0,0,0.17,1,0.791,30.9,MEDIUM
DevOps Engineer,Engineering,Development Server,2,11.49,0,1,1,1,0,1.17,1,0.929,2.4,LOW
DevOps Engineer,IT,Development Server,2,8.3,0,1,1,0,1,2.91,1,0.658,37.3,MEDIUM
System Administrator,IT,Production Database,4,18.1,0,1,1,1,0,2.11,1,0.915,11.8,LOW
Product Manager,IT,HR Database,3,16.69,0,1,1,0,1,0.86,1,0.927,33.0,MEDIUM
Product Manager,HR,Production Database,4,13.79,0,1,0,0,0,3.63,1,0.789,54.9,MEDIUM
Finance Analyst,IT,HR Database,3,14.46,0,1,1,0,0,0.07,1,0.904,27.4,LOW
QA Engineer,HR,GitHub Project Alpha,1,10.66,0,1,1,0,0,2.6,1,0.727,28.2,LOW
DevOps Engineer,Engineering,Development Server,2,8.52,0,1,0,1,1,4.86,1,0.741,38.9,MEDIUM
QA Engineer,Product,Production Database,4,14.29,0,0,1,0,0,1.09,1,0.737,52.2,MEDIUM
QA Engineer,Finance,Admin Panel,4,16.55,0,1,1,0,0,0.03,1,0.958,32.9,MEDIUM
Finance Analyst,Product,HR Database,3,21.87,1,0,0,0,0,7.28,1,0.568,99.9,HIGH
Contractor,Product,Production Database,4,12.06,0,1,1,0,0,4.02,1,0.889,32.4,MEDIUM
System Administrator,Product,Project Management System,1,5.03,1,1,0,1,2,3.51,1,0.409,62.1,MEDIUM
DevOps Engineer,Finance,Project Management System,1,19.21,0,1,1,1,1,4.18,1,0.98,12.1,LOW
Software Developer,Product,Production Database,4,18.17,0,1,1,0,0,4.52,1,0.789,29.2,LOW
QA Engineer,Product,Project Management System,1,1.43,1,0,0,1,3,3.69,0,0.5,97.1,HIGH
DevOps Engineer,Product,Production Database,4,16.17,0,1,1,0,0,2.21,1,0.912,31.3,MEDIUM
Contractor,Finance,Finance System,3,11.64,0,1,1,1,0,1.03,1,0.746,13.2,LOW
DevOps Engineer,IT,Admin Panel,4,3.06,1,0,1,1,3,14.63,1,0.418,100.0,HIGH
Software Developer,HR,Admin Panel,4,9.28,0,1,1,0,0,4.26,1,0.912,27.1,LOW
Software Developer,Finance,Finance System,3,3.49,1,1,0,1,2,6.52,1,0.245,73.3,HIGH
Software Developer,HR,Project Management System,1,14.46,0,1,1,1,0,3.3,1,0.738,6.9,LOW
Finance Analyst,Product,Admin Panel,4,18.8,0,1,1,0,1,0.6,1,0.639,41.7,MEDIUM
HR Specialist,Product,Finance System,3,16.52,0,1,0,0,0,1.92,1,0.703,51.0,MEDIUM
HR Specialist,IT,Project Management System,1,3.11,1,1,0,1,0,5.03,1,0.112,45.4,MEDIUM
Software Developer,Finance,Admin Panel,4,10.07,0,1,1,0,0,3.14,1,0.982,30.9,MEDIUM
Product Manager,Engineering,Admin Panel,4,21.13,1,0,1,0,1,9.67,1,0.429,100.0,HIGH
Product Manager,Engineering,Production Database,4,23.38,1,0,0,1,3,5.47,1,0.552,96.9,HIGH
Software Developer,IT,Finance System,3,15.38,0,1,1,0,0,1.24,1,0.977,28.9,LOW
Software Developer,Product,Finance System,3,11.15,0,0,1,0,1,1.3,1,0.758,58.5,MEDIUM
QA Engineer,Engineering,Production Database,4,4.89,1,0,0,1,3,12.01,1,0.423,98.6,HIGH
DevOps Engineer,Finance,GitHub Project Alpha,1,3.75,1,0,0,0,2,7.63,0,0.545,100.0,HIGH
Finance Analyst,HR,Development Server,2,16.99,0,1,0,0,1,3.72,1,0.835,56.5,MEDIUM
DevOps Engineer,Finance,Project Management System,1,21.0,1,0,1,1,0,6.09,1,0.1,50.1,MEDIUM
DevOps Engineer,Finance,HR Database,3,12.6,0,1,0,0,0,3.73,1,0.609,53.9,MEDIUM
Contractor,Product,GitHub Project Alpha,1,22.57,1,0,1,1,5,5.49,0,0.08,100.0,HIGH
Product Manager,Finance,GitHub Project Alpha,1,9.68,0,1,1,0,0,3.05,1,0.748,21.9,LOW
HR Specialist,IT,Admin Panel,4,15.47,0,1,1,1,0,1.09,1,0.935,9.0,LOW
Product Manager,Engineering,GitHub Project Alpha,1,10.65,0,1,0,1,1,3.29,1,0.744,33.9,MEDIUM
HR Specialist,Finance,Project Management System,1,22.93,1,0,0,1,3,8.46,1,0.531,100.0,HIGH
QA Engineer,Engineering,GitHub Project Alpha,1,21.66,1,0,0,1,3,3.2,0,0.377,98.9,HIGH
System Administrator,Engineering,Production Database,4,16.5,0,1,1,1,0,2.5,1,0.649,13.9,LOW
DevOps Engineer,Product,Admin Panel,4,4.5,1,0,0,0,2,10.6,1,0.134,100.0,HIGH
DevOps Engineer,HR,GitHub Project Alpha,1,19.16,0,1,1,0,0,1.58,1,0.825,26.1,LOW
Contractor,HR,GitHub Project Alpha,1,17.81,0,1,1,0,0,3.83,1,0.924,19.9,LOW
Product Manager,Engineering,Finance System,3,1.24,1,0,0,0,2,3.32,0,0.037,100.0,HIGH
Finance Analyst,Finance,Finance System,3,1.79,1,0,1,1,5,4.24,1,0.124,92.2,HIGH
System Administrator,Finance,Finance System,3,18.97,0,1,1,1,0,1.23,1,0.727,11.9,LOW
Contractor,Engineering,HR Database,3,15.93,0,1,1,0,0,0.2,1,0.814,29.8,LOW
QA Engineer,HR,Finance System,3,17.17,0,1,1,0,0,0.35,1,0.714,33.0,MEDIUM
HR Specialist,Finance,Project Management System,1,2.36,1,1,0,1,5,14.6,1,0.078,98.0,HIGH
Product Manager,Finance,Production Database,4,10.35,0,1,1,0,0,0.46,1,0.991,31.1,MEDIUM
Software Developer,Engineering,Production Database,4,0.47,1,0,0,1,2,9.04,1,0.478,98.3,HIGH
Finance Analyst,HR,Finance System,3,11.06,0,1,1,0,0,1.73,1,0.647,28.8,LOW
Contractor,IT,Admin Panel,4,23.22,1,1,0,1,1,10.22,0,0.437,97.8,HIGH
HR Specialist,HR,HR Database,3,17.19,0,1,1,1,0,3.97,1,0.71,11.3,LOW
System Administrator,Finance,Finance System,3,16.37,0,1,1,1,1,2.82,1,0.759,19.8,LOW
HR Specialist,Engineering,Admin Panel,4,21.3,1,0,1,0,4,10.45,1,0.35,100.0,HIGH
Product Manager,Product,HR Database,3,14.91,0,1,0,0,0,1.23,1,0.988,51.2,MEDIUM
Software Developer,Engineering,Development Server,2,14.61,0,1,1,1,0,1.23,1,0.951,4.0,LOW
DevOps Engineer,Engineering,GitHub Project Alpha,1,4.96,1,1,1,1,0,13.99,1,0.477,53.1,MEDIUM
HR Specialist,Engineering,Finance System,3,18.17,0,1,1,0,1,3.01,1,0.987,33.3,MEDIUM
Product Manager,IT,GitHub Project Alpha,1,9.41,0,1,1,0,0,2.27,1,0.606,23.6,LOW
QA Engineer,Product,Development Server,2,21.95,1,0,1,0,0,4.14,1,0.287,67.6,MEDIUM
Software Developer,Engineering,HR Database,3,15.75,0,1,1,0,0,1.05,1,0.657,30.5,MEDIUM
System Administrator,Engineering,Development Server,2,5.01,1,0,0,1,2,13.63,1,0.149,99.5,HIGH
DevOps Engineer,IT,GitHub Project Alpha,1,21.92,1,1,1,0,4,9.77,1,0.46,95.4,HIGH
Product Manager,HR,GitHub Project Alpha,1,11.03,0,1,1,0,0,1.04,1,0.714,22.1,LOW
HR Specialist,IT,Development Server,2,23.08,1,0,0,0,4,6.56,1,0.572,100.0,HIGH
Product Manager,HR,Admin Panel,4,10.33,0,1,0,0,1,4.28,1,0.921,57.2,MEDIUM
HR Specialist,Product,Project Management System,1,13.25,0,1,0,1,0,4.95,1,0.829,23.8,LOW
DevOps Engineer,Finance,Admin Panel,4,9.57,0,0,1,0,0,4.4,1,0.984,46.6,MEDIUM
QA Engineer,HR,GitHub Project Alpha,1,17.63,0,1,1,0,0,3.0,1,0.746,24.0,LOW
Contractor,IT,Finance System,3,10.86,0,1,1,0,1,2.44,1,0.779,40.7,MEDIUM
Software Developer,Engineering,Admin Panel,4,21.74,1,1,0,0,5,6.39,1,0.38,100.0,HIGH
System Administrator,Engineering,GitHub Project Alpha,1,12.23,0,1,0,1,0,2.27,1,0.877,25.2,LOW
Software Developer,Product,Project Management System,1,18.97,0,1,0,1,0,1.25,1,0.681,26.1,LOW
System Administrator,Product,Admin Panel,4,12.53,0,1,1,0,0,2.95,1,0.834,31.9,MEDIUM
Software Developer,Finance,Admin Panel,4,22.19,1,0,1,0,5,4.45,1,0.284,99.9,HIGH
HR Specialist,Engineering,GitHub Project Alpha,1,15.21,0,1,1,1,0,1.24,1,0.654,3.7,LOW
Software Developer,Product,Project Management System,1,3.88,1,1,0,1,2,10.99,1,0.231,92.5,HIGH
Finance Analyst,Product,Project Management System,1,13.31,0,1,1,1,0,1.67,1,0.874,3.0,LOW
Finance Analyst,HR,Production Database,4,19.16,0,1,1,0,0,0.23,1,0.931,30.3,MEDIUM
Product Manager,Finance,Finance System,3,11.72,0,1,1,1,0,4.88,1,0.794,5.8,LOW
Product Manager,HR,HR Database,3,4.34,1,0,0,1,3,9.15,1,0.246,100.0,HIGH
QA Engineer,IT,Admin Panel,4,18.15,0,1,0,1,0,2.21,1,0.752,34.9,MEDIUM
System Administrator,Engineering,Admin Panel,4,10.17,0,1,1,0,0,1.24,1,0.671,29.9,LOW
Software Developer,Product,Admin Panel,4,12.67,0,1,1,0,0,3.4,1,0.935,27.0,LOW
Contractor,IT,Finance System,3,5.21,1,1,0,0,0,4.96,1,0.38,69.6,MEDIUM
Contractor,Engineering,HR Database,3,21.64,1,0,1,0,0,12.08,1,0.188,96.7,HIGH
QA Engineer,HR,Production Database,4,3.73,1,0,1,0,0,3.67,1,0.257,73.4,HIGH
QA Engineer,Product,Admin Panel,4,17.59,0,1,1,0,0,1.02,1,0.849,28.2,LOW
QA Engineer,Product,GitHub Project Alpha,1,13.34,0,1,1,1,0,2.8,1,0.693,2.7,LOW
Finance Analyst,Product,HR Database,3,7.42,0,1,1,0,0,4.15,1,0.745,31.2,MEDIUM
Product Manager,Product,Admin Panel,4,14.78,0,1,1,0,0,2.72,1,0.775,30.4,MEDIUM
Product Manager,IT,Development Server,2,5.88,1,0,0,0,4,10.73,1,0.534,100.0,HIGH
Software Developer,IT,Project Management System,1,1.85,1,0,0,1,5,6.99,1,0.251,98.6,HIGH
Software Developer,Finance,Finance System,3,22.97,1,0,0,1,1,8.98,1,0.313,95.7,HIGH
Product Manager,Product,Development Server,2,19.56,0,1,1,0,0,0.52,1,0.931,23.6,LOW
Software Developer,HR,HR Database,3,8.42,0,1,1,1,0,3.27,1,0.767,7.2,LOW
QA Engineer,Engineering,Project Management System,1,10.27,0,1,1,1,0,3.09,1,0.698,2.5,LOW
DevOps Engineer,Engineering,Production Database,4,7.17,0,1,1,1,0,1.36,1,0.711,12.7,LOW
Finance Analyst,Engineering,Finance System,3,17.71,0,1,1,0,0,2.09,1,0.975,25.3,LOW
Contractor,Engineering,Production Database,4,15.91,0,1,1,1,0,4.53,1,0.953,7.0,LOW
Software Developer,Engineering,Finance System,3,10.52,0,1,0,0,0,0.64,1,0.632,47.8,MEDIUM
Software Developer,HR,GitHub Project Alpha,1,19.97,0,1,1,0,0,4.8,1,0.752,25.3,LOW
Product Manager,Finance,Project Management System,1,11.47,0,1,1,1,0,4.72,1,0.95,6.0,LOW
Software Developer,HR,Finance System,3,17.22,0,1,1,0,0,1.34,1,0.78,33.6,MEDIUM
Product Manager,IT,Project Management System,1,23.63,1,0,0,1,0,5.41,1,0.405,68.7,MEDIUM
QA Engineer,IT,Finance System,3,18.09,0,1,1,0,0,3.51,0,0.651,48.6,MEDIUM
HR Specialist,Finance,GitHub Project Alpha,1,22.92,1,1,0,0,4,13.34,1,0.425,100.0,HIGH
Product Manager,Engineering,Admin Panel,4,1.02,1,0,0,0,1,14.71,1,0.034,99.9,HIGH
DevOps Engineer,HR,Admin Panel,4,12.18,0,1,1,0,0,3.22,1,0.94,32.3,MEDIUM
System Administrator,Product,Development Server,2,12.65,0,1,1,0,0,2.66,1,0.635,25.7,LOW
Product Manager,Product,Project Management System,1,19.01,0,1,1,1,0,1.85,1,0.877,5.4,LOW
Contractor,Engineering,Development Server,2,11.37,0,1,1,1,0,1.77,1,0.764,4.6,LOW
HR Specialist,IT,Admin Panel,4,13.65,0,1,1,1,1,1.25,1,0.731,17.2,LOW
System Administrator,IT,Project Management System,1,23.54,1,1,0,1,3,8.52,1,0.269,86.5,HIGH
Software Developer,Finance,GitHub Project Alpha,1,11.15,0,1,1,0,0,3.08,1,0.904,24.8,LOW
System Administrator,IT,GitHub Project Alpha,1,11.41,0,1,1,0,1,3.51,1,0.89,29.9,LOW
Software Developer,Finance,Admin Panel,4,13.33,0,1,1,0,0,1.16,1,0.98,27.7,LOW
Product Manager,HR,HR Database,3,2.85,1,0,0,1,2,4.97,1,0.463,81.8,HIGH
Product Manager,IT,GitHub Project Alpha,1,12.43,0,1,1,0,0,2.06,1,0.859,25.2,LOW
Finance Analyst,Product,HR Database,3,5.67,1,1,0,0,1,6.14,1,0.169,84.2,HIGH
Finance Analyst,HR,Production Database,4,4.64,1,0,0,0,0,14.97,0,0.454,100.0,HIGH
Finance Analyst,Engineering,Admin Panel,4,9.08,0,1,1,0,0,0.33,1,0.689,34.6,MEDIUM
Finance Analyst,Product,HR Database,3,13.93,0,1,1,0,0,4.03,1,0.899,25.6,LOW
DevOps Engineer,Product,Finance System,3,21.21,1,0,0,0,2,6.99,1,0.461,100.0,HIGH
HR Specialist,HR,HR Database,3,15.36,0,1,1,1,0,4.16,1,0.758,12.9,LOW
Contractor,Product,Production Database,4,8.65,0,1,1,0,0,0.38,1,0.96,28.6,LOW
QA Engineer,Finance,Finance System,3,4.37,1,0,0,1,3,8.57,1,0.216,99.6,HIGH
Product Manager,Product,Development Server,2,17.93,0,1,1,0,0,4.29,1,0.613,26.5,LOW
Software Developer,Product,Development Server,2,18.24,0,1,1,0,1,0.3,1,0.645,37.3,MEDIUM
DevOps Engineer,HR,Production Database,4,17.77,0,1,1,0,0,1.26,1,0.736,30.5,MEDIUM
Contractor,HR,Admin Panel,4,21.42,1,0,0,0,1,4.32,1,0.185,100.0,HIGH
System Administrator,Finance,GitHub Project Alpha,1,7.22,0,1,1,0,0,1.53,1,0.844,27.7,LOW
DevOps Engineer,IT,Admin Panel,4,8.29,0,1,1,1,0,1.66,1,0.623,13.1,LOW
HR Specialist,Product,Admin Panel,4,7.55,0,1,1,0,0,1.22,1,0.805,33.4,MEDIUM
Software Developer,HR,Production Database,4,11.15,0,1,0,0,0,3.9,1,0.959,49.4,MEDIUM
QA Engineer,Finance,HR Database,3,0.57,1,0,0,0,2,3.76,1,0.025,100.0,HIGH
System Administrator,Engineering,Admin Panel,4,9.46,0,1,0,0,1,2.33,1,0.887,59.2,MEDIUM
System Administrator,Engineering,Production Database,4,22.74,1,0,1,1,2,6.38,1,0.572,73.9,HIGH
Contractor,HR,Finance System,3,13.75,0,1,0,0,0,4.02,1,0.969,43.9,MEDIUM
Software Developer,HR,Development Server,2,22.29,1,0,0,0,1,3.51,1,0.451,94.8,HIGH
DevOps Engineer,HR,Development Server,2,12.03,0,1,1,0,0,1.22,1,0.93,24.7,LOW
Software Developer,HR,GitHub Project Alpha,1,15.52,0,1,1,0,0,0.64,1,0.986,21.0,LOW
HR Specialist,IT,Development Server,2,23.98,1,1,0,0,4,14.35,1,0.095,100.0,HIGH
Contractor,IT,Development Server,2,9.14,0,1,1,0,1,2.99,1,0.728,35.1,MEDIUM
QA Engineer,Product,Finance System,3,13.42,0,1,0,0,0,1.98,1,0.961,48.8,MEDIUM
System Administrator,Finance,Project Management System,1,10.1,0,0,1,1,0,0.9,1,0.982,23.9,LOW
Finance Analyst,HR,GitHub Project Alpha,1,17.3,0,1,1,0,0,4.82,1,0.953,25.4,LOW
HR Specialist,Engineering,GitHub Project Alpha,1,8.07,0,1,1,1,0,3.36,1,0.662,7.6,LOW
HR Specialist,Finance,Development Server,2,18.31,0,1,1,0,0,1.71,1,0.705,24.4,LOW
Finance Analyst,Product,Production Database,4,12.7,0,1,1,0,1,4.23,1,0.702,38.3,MEDIUM
Product Manager,Finance,Project Management System,1,5.24,1,0,0,1,0,13.95,0,0.502,98.2,HIGH
HR Specialist,Engineering,Development Server,2,2.81,1,1,1,1,0,8.9,1,0.348,47.7,MEDIUM
Finance Analyst,Product,Project Management System,1,22.41,1,0,1,1,2,5.32,1,0.076,64.5,MEDIUM
DevOps Engineer,IT,Project Management System,1,5.79,1,1,0,1,1,11.55,1,0.599,81.7,HIGH
Software Developer,Engineering,Project Management System,1,21.65,1,0,0,1,0,9.25,1,0.217,89.1,HIGH
QA Engineer,Finance,Admin Panel,4,13.76,0,0,1,0,0,4.24,1,0.877,53.3,MEDIUM
Finance Analyst,Finance,Development Server,2,10.01,0,1,1,0,0,1.0,0,0.727,39.1,MEDIUM
Contractor,Product,Project Management System,1,8.01,0,1,1,1,1,3.57,1,0.699,17.4,LOW
Product Manager,Product,Admin Panel,4,13.32,0,1,0,0,0,1.73,1,0.631,56.7,MEDIUM
System Administrator,Product,Finance System,3,17.26,0,0,1,0,0,2.18,1,0.74,53.7,MEDIUM
HR Specialist,IT,Project Management System,1,21.31,1,1,0,1,5,4.13,1,0.324,84.0,HIGH
HR Specialist,HR,Admin Panel,4,2.51,1,0,0,0,1,7.9,1,0.322,100.0,HIGH
Contractor,Engineering,Finance System,3,17.81,0,1,1,0,1,2.0,1,0.801,35.5,MEDIUM
QA Engineer,IT,Finance System,3,2.45,1,0,0,0,5,8.92,1,0.023,100.0,HIGH
HR Specialist,IT,GitHub Project Alpha,1,18.63,0,1,0,0,0,4.99,1,0.652,43.4,MEDIUM
Finance Analyst,Product,Development Server,2,21.53,1,1,0,0,2,10.14,1,0.302,97.3,HIGH
DevOps Engineer,Finance,HR Database,3,19.22,0,1,1,0,0,0.84,1,0.803,29.1,LOW
HR Specialist,HR,Admin Panel,4,15.51,0,1,1,0,1,0.41,1,0.723,37.9,MEDIUM
System Administrator,IT,Development Server,2,4.85,1,0,0,0,3,7.93,1,0.246,100.0,HIGH
Product Manager,Product,Production Database,4,7.27,0,1,1,0,0,3.94,1,0.761,34.0,MEDIUM
Contractor,Engineering,GitHub Project Alpha,1,9.34,0,1,1,1,0,2.38,1,0.944,2.2,LOW
DevOps Engineer,IT,GitHub Project Alpha,1,22.47,1,0,1,0,1,5.29,1,0.41,74.3,HIGH
System Administrator,Product,Project Management System,1,11.7,0,1,1,1,0,4.29,1,0.864,1.8,LOW
Finance Analyst,Product,Development Server,2,12.94,0,1,1,0,1,3.46,1,0.913,32.8,MEDIUM
QA Engineer,Engineering,Development Server,2,17.02,0,1,1,1,1,3.18,1,0.808,13.5,LOW
QA Engineer,Finance,Development Server,2,18.23,0,1,1,0,0,1.68,1,0.851,26.1,LOW
Finance Analyst,IT,Finance System,3,10.84,0,1,1,0,0,4.56,1,0.714,32.3,MEDIUM
HR Specialist,Engineering,GitHub Project Alpha,1,0.84,1,1,0,1,0,11.97,1,0.181,72.4,HIGH
System Administrator,Engineering,Finance System,3,10.6,0,1,0,0,0,2.27,1,0.854,49.0,MEDIUM
Contractor,Product,Project Management System,1,15.98,0,1,1,1,0,1.75,1,0.738,8.4,LOW
System Administrator,Engineering,Admin Panel,4,10.72,0,1,1,0,1,0.2,1,0.964,39.4,MEDIUM
QA Engineer,Product,GitHub Project Alpha,1,15.64,0,1,1,1,0,0.19,1,0.695,2.8,LOW
Software Developer,Product,Finance System,3,21.91,1,0,0,0,4,8.73,1,0.108,100.0,HIGH
Finance Analyst,Product,HR Database,3,2.09,1,0,1,0,2,14.64,1,0.438,99.2,HIGH
Contractor,Finance,Project Management System,1,9.75,0,1,1,1,0,3.37,1,0.727,3.9,LOW
Finance Analyst,Product,Admin Panel,4,22.1,1,0,1,0,3,3.6,1,0.41,95.6,HIGH
Finance Analyst,Product,Production Database,4,23.52,1,0,1,0,4,6.67,1,0.448,100.0,HIGH
Finance Analyst,HR,Finance System,3,8.25,0,1,1,0,0,0.46,1,0.712,28.0,LOW
QA Engineer,HR,Production Database,4,23.22,1,0,0,0,3,8.71,1,0.352,96.6,HIGH
DevOps Engineer,Engineering,HR Database,3,18.08,0,0,0,0,0,2.25,1,0.751,72.8,HIGH
Contractor,Product,Production Database,4,23.91,1,0,0,0,4,11.9,1,0.389,99.3,HIGH
Software Developer,IT,Development Server,2,8.66,0,1,1,0,0,3.14,1,0.882,25.4,LOW
Product Manager,HR,Production Database,4,23.57,1,0,0,0,3,6.76,1,0.559,99.2,HIGH
System Administrator,HR,HR Database,3,18.91,0,1,1,1,0,2.15,1,0.924,6.3,LOW
HR Specialist,HR,Finance System,3,10.76,0,1,0,0,0,2.9,1,0.983,50.1,MEDIUM
QA Engineer,IT,Finance System,3,19.08,0,1,1,0,1,0.38,1,0.721,39.3,MEDIUM
HR Specialist,Engineering,Finance System,3,18.45,0,1,1,0,0,2.26,1,0.88,30.7,MEDIUM
Finance Analyst,Finance,Development Server,2,13.66,0,1,1,0,0,3.28,1,0.635,31.9,MEDIUM
System Administrator,Product,Production Database,4,1.97,1,0,0,0,0,7.09,0,0.215,97.5,HIGH
DevOps Engineer,Finance,Project Management System,1,9.21,0,1,1,1,0,4.87,1,0.874,5.3,LOW
Finance Analyst,Engineering,Project Management System,1,11.38,0,1,1,1,0,3.07,1,0.957,0.5,LOW
DevOps Engineer,Product,Finance System,3,22.88,1,0,1,0,2,12.3,1,0.329,100.0,HIGH
Finance Analyst,HR,Admin Panel,4,18.68,0,1,0,0,0,1.43,1,0.644,53.0,MEDIUM
QA Engineer,Engineering,Project Management System,1,19.14,0,0,1,1,0,1.81,1,0.69,27.1,LOW
Software Developer,Finance,Finance System,3,15.46,0,0,1,1,0,0.09,1,0.98,26.2,LOW
Software Developer,IT,GitHub Project Alpha,1,11.48,0,1,1,0,0,1.31,1,0.911,23.4,LOW
Contractor,Product,GitHub Project Alpha,1,19.19,0,1,1,1,0,4.74,1,0.84,3.5,LOW
DevOps Engineer,IT,GitHub Project Alpha,1,17.7,0,1,1,0,0,4.59,1,0.778,24.6,LOW
Contractor,IT,GitHub Project Alpha,1,0.76,1,1,0,0,3,12.49,1,0.437,100.0,HIGH
QA Engineer,IT,Project Management System,1,21.08,1,0,0,1,3,5.22,1,0.507,88.1,HIGH
Contractor,Finance,Production Database,4,11.25,0,0,1,0,0,0.07,1,0.741,53.1,MEDIUM
Finance Analyst,Product,Development Server,2,13.43,0,1,1,0,0,4.81,1,0.679,26.3,LOW
QA Engineer,Engineering,Admin Panel,4,14.46,0,1,0,0,1,3.03,1,0.98,59.5,MEDIUM
Software Developer,Finance,Finance System,3,11.93,0,1,0,1,0,2.42,1,0.763,30.4,MEDIUM
Finance Analyst,HR,Finance System,3,12.88,0,1,1,0,0,0.48,0,0.642,47.0,MEDIUM
System Administrator,HR,Finance System,3,21.31,1,0,0,0,2,8.85,1,0.206,100.0,HIGH
HR Specialist,Product,Production Database,4,2.31,1,1,0,0,0,8.82,1,0.555,91.6,HIGH
Contractor,Engineering,Production Database,4,15.41,0,1,1,1,0,3.67,1,0.667,10.8,LOW
Contractor,HR,Project Management System,1,9.87,0,1,1,1,1,1.87,1,0.778,12.4,LOW
Product Manager,Finance,GitHub Project Alpha,1,15.93,0,1,1,0,0,4.57,1,0.864,26.5,LOW
Product Manager,IT,HR Database,3,21.59,1,1,0,0,1,13.1,1,0.172,99.8,HIGH
Contractor,HR,Admin Panel,4,15.36,0,1,1,0,1,0.17,1,0.873,38.5,MEDIUM
QA Engineer,Product,HR Database,3,1.23,1,1,0,0,0,9.01,1,0.352,88.6,HIGH
HR Specialist,HR,HR Database,3,9.22,0,1,0,1,0,3.63,1,0.826,31.1,MEDIUM
DevOps Engineer,Finance,Admin Panel,4,8.7,0,1,1,0,0,1.82,1,0.855,31.3,MEDIUM
Finance Analyst,Finance,Production Database,4,17.1,0,1,0,0,1,4.77,1,0.763,63.2,MEDIUM
Product Manager,Engineering,HR Database,3,15.96,0,1,1,0,0,2.74,1,0.852,28.6,LOW
Finance Analyst,Finance,Development Server,2,17.15,0,1,1,0,0,0.12,1,0.821,29.4,LOW
Contractor,Finance,Production Database,4,16.02,0,0,1,0,0,3.52,1,0.857,47.5,MEDIUM
Software Developer,Engineering,Production Database,4,18.53,0,1,1,1,0,2.06,1,0.774,14.5,LOW
Finance Analyst,IT,Production Database,4,14.09,0,1,1,1,0,3.78,1,0.754,8.7,LOW
HR Specialist,Finance,Production Database,4,11.38,0,0,1,0,0,2.35,1,0.694,52.0,MEDIUM
Contractor,Finance,Production Database,4,9.88,0,1,1,0,0,4.43,1,0.833,32.2,MEDIUM
HR Specialist,IT,HR Database,3,18.1,0,1,1,0,0,2.58,1,0.964,25.3,LOW
Finance Analyst,IT,Project Management System,1,23.25,1,1,1,1,2,8.86,1,0.58,53.8,MEDIUM
QA Engineer,HR,Production Database,4,11.36,0,1,1,0,1,3.04,1,0.93,35.9,MEDIUM
DevOps Engineer,Product,Finance System,3,3.57,1,0,0,0,5,7.41,1,0.071,100.0,HIGH
Contractor,IT,Production Database,4,17.14,0,1,1,1,0,4.6,1,0.967,13.9,LOW
System Administrator,IT,Production Database,4,5.43,1,1,0,1,2,5.44,1,0.195,69.0,MEDIUM
Finance Analyst,Finance,GitHub Project Alpha,1,2.51,1,0,0,0,1,4.08,0,0.579,97.5,HIGH
Product Manager,IT,Finance System,3,23.42,1,0,0,0,2,13.16,1,0.522,97.2,HIGH
QA Engineer,Finance,HR Database,3,10.52,0,1,1,0,0,3.52,1,0.826,27.0,LOW
DevOps Engineer,IT,Admin Panel,4,16.42,0,1,1,1,0,3.59,1,0.79,11.8,LOW
Finance Analyst,HR,HR Database,3,15.26,0,1,1,1,0,0.46,1,0.867,7.4,LOW
Contractor,Finance,Production Database,4,9.78,0,1,0,0,0,1.29,1,0.689,55.4,MEDIUM
Software Developer,Finance,HR Database,3,18.95,0,0,1,0,0,2.09,1,0.778,53.3,MEDIUM
Software Developer,Product,GitHub Project Alpha,1,23.32,1,0,0,1,0,12.69,0,0.366,97.3,HIGH
DevOps Engineer,IT,Finance System,3,1.65,1,0,0,0,4,7.55,1,0.041,97.3,HIGH
Finance Analyst,Engineering,Project Management System,1,4.17,1,0,0,1,4,10.32,0,0.365,100.0,HIGH
Finance Analyst,IT,Development Server,2,8.54,0,1,1,0,0,4.63,1,0.719,28.4,LOW
DevOps Engineer,HR,Admin Panel,4,18.42,0,1,1,0,0,2.86,1,0.678,35.7,MEDIUM
Finance Analyst,Finance,HR Database,3,9.59,0,1,1,0,0,0.66,1,0.832,28.7,LOW
QA Engineer,Product,Admin Panel,4,22.25,1,0,0,0,5,13.77,1,0.287,100.0,HIGH
Finance Analyst,IT,HR Database,3,18.58,0,1,1,0,0,0.26,1,0.93,28.5,LOW
HR Specialist,HR,Admin Panel,4,17.99,0,1,1,0,0,0.57,1,0.923,29.4,LOW
System Administrator,Engineering,GitHub Project Alpha,1,18.73,0,1,1,1,0,4.35,1,0.619,7.3,LOW
System Administrator,Finance,Production Database,4,11.13,0,1,0,0,0,2.32,1,0.754,52.9,MEDIUM
QA Engineer,HR,Project Management System,1,17.01,0,1,1,1,0,0.56,1,0.736,7.4,LOW
Finance Analyst,Product,Development Server,2,14.89,0,1,1,0,0,0.69,1,0.751,30.8,MEDIUM
QA Engineer,Engineering,GitHub Project Alpha,1,10.34,0,1,1,1,0,1.34,1,0.889,2.4,LOW
Contractor,Engineering,Production Database,4,0.73,1,0,0,1,0,4.32,1,0.538,68.8,MEDIUM
Product Manager,HR,Development Server,2,11.24,0,1,1,0,0,0.97,1,0.687,28.3,LOW
HR Specialist,Finance,HR Database,3,12.0,0,1,1,0,0,0.54,1,0.777,30.6,MEDIUM
DevOps Engineer,Product,Development Server,2,5.23,1,1,0,0,5,4.59,1,0.016,100.0,HIGH
QA Engineer,Finance,Finance System,3,4.86,1,1,1,1,0,10.77,1,0.509,57.1,MEDIUM
Finance Analyst,Engineering,GitHub Project Alpha,1,14.41,0,1,1,1,0,2.63,1,0.82,6.7,LOW
QA Engineer,HR,HR Database,3,5.77,1,0,1,1,5,3.13,1,0.318,90.6,HIGH
QA Engineer,Engineering,Finance System,3,11.14,0,1,1,0,0,1.94,1,0.723,29.3,LOW
HR Specialist,IT,Project Management System,1,9.26,0,1,1,1,0,1.45,1,0.71,2.4,LOW
Product Manager,Finance,Admin Panel,4,12.63,0,1,1,0,1,2.35,1,0.687,37.4,MEDIUM
Finance Analyst,HR,Admin Panel,4,2.86,1,0,0,0,1,3.43,1,0.419,97.4,HIGH
DevOps Engineer,IT,Development Server,2,14.16,0,1,0,0,1,3.82,1,0.769,54.2,MEDIUM
DevOps Engineer,Product,Development Server,2,15.25,0,1,0,0,0,2.19,1,0.809,48.6,MEDIUM
Software Developer,Finance,Admin Panel,4,14.72,0,1,0,0,0,1.06,1,0.681,49.4,MEDIUM
DevOps Engineer,Product,Development Server,2,23.9,1,1,1,0,4,6.59,1,0.306,84.6,HIGH
System Administrator,Finance,Development Server,2,16.33,0,1,1,0,0,1.49,1,0.829,24.4,LOW
System Administrator,IT,Admin Panel,4,21.56,1,0,1,1,5,12.05,1,0.096,96.6,HIGH
Finance Analyst,Engineering,Production Database,4,9.46,0,1,1,1,1,2.27,1,0.774,18.8,LOW
Finance Analyst,Engineering,Finance System,3,1.15,1,0,0,0,2,3.06,1,0.22,100.0,HIGH
DevOps Engineer,Engineering,Project Management System,1,12.39,0,1,1,1,0,3.42,1,0.649,6.0,LOW
DevOps Engineer,Product,Development Server,2,22.39,1,1,0,0,1,12.29,1,0.291,98.1,HIGH
QA Engineer,Finance,Development Server,2,16.21,0,1,1,0,0,0.66,1,0.778,28.4,LOW
DevOps Engineer,Product,Production Database,4,15.9,0,1,0,0,0,0.74,1,0.956,53.9,MEDIUM
DevOps Engineer,HR,GitHub Project Alpha,1,18.06,0,1,1,0,0,4.44,1,0.934,23.3,LOW
DevOps Engineer,IT,Finance System,3,7.51,0,1,1,0,0,2.99,1,0.661,29.0,LOW
System Administrator,HR,Finance System,3,13.88,0,0,1,0,0,1.03,1,0.689,53.5,MEDIUM
QA Engineer,Product,Project Management System,1,23.64,1,0,1,1,3,10.19,1,0.29,91.0,HIGH
Product Manager,Engineering,Development Server,2,11.74,0,1,1,1,1,4.63,1,0.618,15.6,LOW
Product Manager,IT,GitHub Project Alpha,1,13.57,0,1,1,0,0,3.96,1,0.79,24.6,LOW
DevOps Engineer,Finance,Production Database,4,15.97,0,1,1,0,0,0.12,1,0.638,35.5,MEDIUM
Software Developer,Finance,Development Server,2,11.47,0,1,0,0,0,0.39,1,0.703,44.2,MEDIUM
QA Engineer,Product,Admin Panel,4,0.49,1,1,1,0,5,4.24,1,0.216,90.4,HIGH
Software Developer,Product,Finance System,3,7.37,0,1,1,0,0,0.08,1,0.852,32.9,MEDIUM
System Administrator,HR,GitHub Project Alpha,1,22.11,1,0,1,0,5,3.09,0,0.318,99.6,HIGH
Product Manager,HR,Admin Panel,4,18.79,0,1,1,0,0,3.51,1,0.936,27.3,LOW
Software Developer,IT,Finance System,3,19.01,0,1,1,0,0,2.82,1,0.886,31.8,MEDIUM
Finance Analyst,Finance,Development Server,2,9.82,0,1,1,0,0,2.23,1,0.699,24.9,LOW
Product Manager,Engineering,GitHub Project Alpha,1,15.81,0,1,1,1,0,0.56,1,0.821,4.6,LOW
System Administrator,Product,Project Management System,1,17.73,0,1,1,1,1,2.13,1,0.626,13.4,LOW
DevOps Engineer,Engineering,Development Server,2,15.14,0,1,1,1,0,0.68,1,0.989,1.7,LOW
Finance Analyst,Engineering,Production Database,4,9.47,0,1,0,1,0,2.71,1,0.833,30.7,MEDIUM
Finance Analyst,Engineering,Production Database,4,17.26,0,1,1,1,0,1.13,1,0.642,14.6,LOW
Finance Analyst,Finance,GitHub Project Alpha,1,13.99,0,1,0,0,0,1.15,1,0.919,43.9,MEDIUM
DevOps Engineer,Finance,Finance System,3,16.26,0,1,1,1,0,4.47,1,0.857,10.1,LOW
Contractor,Engineering,Admin Panel,4,8.9,0,1,1,0,1,0.53,1,0.823,43.0,MEDIUM
Product Manager,HR,Finance System,3,13.22,0,1,1,0,0,3.82,1,0.977,27.7,LOW
DevOps Engineer,Engineering,GitHub Project Alpha,1,1.06,1,1,1,1,0,11.91,0,0.148,74.6,HIGH
DevOps Engineer,Product,HR Database,3,8.14,0,1,1,0,0,4.38,1,0.724,27.5,LOW
Contractor,Engineering,GitHub Project Alpha,1,13.81,0,1,1,1,0,3.24,1,0.852,3.4,LOW
Contractor,HR,GitHub Project Alpha,1,17.95,0,1,0,0,0,2.04,1,0.629,42.7,MEDIUM
Finance Analyst,Engineering,GitHub Project Alpha,1,3.73,1,1,1,1,2,13.64,1,0.236,69.5,MEDIUM
Software Developer,HR,GitHub Project Alpha,1,9.26,0,1,1,0,0,0.18,1,0.976,20.0,LOW
HR Specialist,Engineering,HR Database,3,19.0,0,1,1,0,0,1.33,1,0.662,27.4,LOW
Software Developer,Engineering,Finance System,3,18.11,0,1,1,0,0,1.63,1,0.732,28.7,LOW
Product Manager,IT,Development Server,2,23.17,1,0,0,0,3,8.24,0,0.437,97.6,HIGH
DevOps Engineer,Product,Project Management System,1,11.89,0,1,1,1,0,0.63,1,0.645,6.9,LOW
DevOps Engineer,HR,Project Management System,1,2.87,1,0,1,1,2,12.56,1,0.455,88.4,HIGH
QA Engineer,Product,Project Management System,1,7.43,0,1,1,1,0,2.45,1,0.751,3.2,LOW
QA Engineer,Engineering,Finance System,3,7.06,0,1,1,0,0,0.41,1,0.855,28.2,LOW
DevOps Engineer,Engineering,Development Server,2,12.63,0,0,1,1,0,3.07,1,0.703,30.0,MEDIUM
Finance Analyst,Engineering,Development Server,2,14.22,0,1,1,1,0,4.77,1,0.759,11.1,LOW
Finance Analyst,Finance,Project Management System,1,15.81,0,1,1,1,0,3.55,1,0.785,1.6,LOW
Software Developer,HR,Admin Panel,4,15.51,0,0,1,0,1,0.68,1,0.806,57.9,MEDIUM
QA Engineer,Engineering,GitHub Project Alpha,1,15.52,0,1,1,1,0,3.16,1,0.884,0.2,LOW
Finance Analyst,Finance,Finance System,3,13.26,0,1,1,1,0,3.56,1,0.998,7.1,LOW
System Administrator,IT,Admin Panel,4,17.08,0,1,1,1,0,2.56,1,0.829,15.7,LOW
System Administrator,IT,Project Management System,1,10.85,0,1,1,1,1,4.28,1,0.692,12.0,LOW
DevOps Engineer,Product,HR Database,3,11.38,0,0,1,0,0,3.44,1,0.871,50.9,MEDIUM
Finance Analyst,Engineering,Development Server,2,19.24,0,1,1,1,0,2.82,1,0.608,6.8,LOW
System Administrator,Finance,HR Database,3,16.44,0,1,1,0,0,2.89,1,0.915,30.6,MEDIUM
DevOps Engineer,Product,Production Database,4,8.87,0,1,1,0,0,1.71,1,0.756,29.3,LOW
System Administrator,Product,Development Server,2,7.19,0,1,1,0,0,1.24,1,0.923,29.1,LOW
Contractor,Engineering,Finance System,3,18.54,0,1,1,0,0,2.98,0,0.756,42.2,MEDIUM
System Administrator,Engineering,HR Database,3,7.45,0,1,1,0,0,2.26,1,0.834,26.3,LOW
Finance Analyst,Engineering,HR Database,3,10.42,0,1,1,0,0,0.98,1,0.907,31.3,MEDIUM
QA Engineer,Product,HR Database,3,10.85,0,1,1,0,1,4.32,1,0.898,37.4,MEDIUM
HR Specialist,Product,Project Management System,1,2.21,1,0,0,1,2,13.42,1,0.572,96.8,HIGH
Finance Analyst,Engineering,Finance System,3,11.69,0,1,1,0,1,3.41,1,0.613,36.9,MEDIUM
System Administrator,Product,HR Database,3,3.33,1,0,1,0,4,10.13,1,0.538,98.3,HIGH
QA Engineer,IT,Finance System,3,8.04,0,1,0,0,0,2.61,1,0.973,46.8,MEDIUM
HR Specialist,HR,Admin Panel,4,17.78,0,1,0,0,0,3.29,1,0.903,47.4,MEDIUM
Product Manager,Finance,Admin Panel,4,8.1,0,1,1,0,0,0.42,1,0.659,33.2,MEDIUM
System Administrator,Finance,Production Database,4,10.4,0,1,1,0,0,3.81,1,0.87,34.8,MEDIUM
QA Engineer,HR,HR Database,3,18.62,0,1,1,1,0,1.69,1,0.637,13.2,LOW
Product Manager,Finance,Production Database,4,10.36,0,1,1,0,0,1.73,1,0.946,28.6,LOW
HR Specialist,IT,Finance System,3,15.34,0,1,1,0,0,2.79,1,0.756,30.6,MEDIUM
QA Engineer,Product,Project Management System,1,21.14,1,0,0,1,5,10.83,1,0.492,100.0,HIGH
Product Manager,IT,Project Management System,1,7.11,0,1,1,1,0,4.7,1,0.964,0.7,LOW
Product Manager,Engineering,Production Database,4,3.4,1,0,0,1,2,12.52,1,0.567,100.0,HIGH
Product Manager,HR,Project Management System,1,22.08,1,0,0,1,2,11.13,1,0.315,96.2,HIGH
Contractor,Finance,Project Management System,1,22.68,1,0,0,1,4,11.45,1,0.12,100.0,HIGH
Software Developer,IT,Admin Panel,4,21.25,1,0,0,1,0,14.78,1,0.211,100.0,HIGH
Software Developer,HR,Development Server,2,17.43,0,1,1,0,0,3.01,1,0.891,29.2,LOW
Contractor,HR,HR Database,3,14.51,0,1,1,1,1,4.38,1,0.98,13.4,LOW
HR Specialist,Product,Admin Panel,4,14.75,0,1,1,0,0,0.29,1,0.999,28.4,LOW
Product Manager,HR,Production Database,4,7.66,0,1,1,0,0,1.71,1,0.761,33.1,MEDIUM
DevOps Engineer,HR,Development Server,2,14.79,0,1,1,0,0,4.75,1,0.601,28.0,LOW
Contractor,Finance,Project Management System,1,5.97,1,1,0,1,4,14.88,1,0.204,96.4,HIGH
System Administrator,IT,HR Database,3,21.85,1,0,0,0,5,10.77,1,0.126,99.3,HIGH
Finance Analyst,IT,Admin Panel,4,15.53,0,1,1,1,0,1.34,1,0.836,8.6,LOW
Finance Analyst,Engineering,Admin Panel,4,18.02,0,1,1,0,1,0.67,1,0.816,38.3,MEDIUM
QA Engineer,HR,GitHub Project Alpha,1,10.09,0,1,1,0,0,1.31,1,0.737,25.8,LOW
DevOps Engineer,HR,Development Server,2,4.42,1,0,1,0,3,12.09,1,0.133,100.0,HIGH
DevOps Engineer,HR,Development Server,2,17.8,0,1,1,0,0,0.88,1,0.959,22.8,LOW
System Administrator,Engineering,GitHub Project Alpha,1,19.26,0,0,1,1,0,0.79,1,0.813,22.3,LOW
HR Specialist,Finance,Admin Panel,4,0.02,1,1,0,0,5,10.35,1,0.109,98.0,HIGH
Finance Analyst,Finance,HR Database,3,18.03,0,1,1,0,1,1.54,1,0.987,38.5,MEDIUM
System Administrator,Finance,Development Server,2,0.53,1,0,0,0,4,5.19,1,0.188,100.0,HIGH
Contractor,Finance,Project Management System,1,14.49,0,1,1,1,0,1.58,0,0.735,16.3,LOW
Contractor,HR,Production Database,4,13.11,0,1,0,0,1,0.18,1,0.947,58.0,MEDIUM
Contractor,IT,Admin Panel,4,4.07,1,0,0,1,1,6.31,1,0.022,93.3,HIGH
HR Specialist,Product,GitHub Project Alpha,1,17.05,0,1,1,1,0,4.27,1,0.765,8.8,LOW
QA Engineer,HR,Project Management System,1,15.6,0,1,1,1,0,2.57,1,0.633,2.6,LOW
System Administrator,Finance,HR Database,3,16.44,0,1,1,0,1,3.03,1,0.643,39.8,MEDIUM
System Administrator,HR,HR Database,3,17.67,0,1,1,1,0,3.34,1,0.995,3.9,LOW
Finance Analyst,IT,Admin Panel,4,10.66,0,1,1,1,0,1.03,1,0.8,11.6,LOW
QA Engineer,Finance,Production Database,4,10.45,0,1,1,0,0,2.26,1,0.717,36.8,MEDIUM
Software Developer,HR,Admin Panel,4,14.43,0,1,1,0,0,1.48,1,0.883,28.4,LOW
Contractor,Engineering,Development Server,2,22.17,1,0,0,1,5,7.47,0,0.49,100.0,HIGH
HR Specialist,Product,GitHub Project Alpha,1,14.45,0,1,1,1,0,1.11,1,0.714,7.5,LOW
System Administrator,HR,Project Management System,1,17.75,0,1,1,1,1,2.53,1,0.733,16.5,LOW
HR Specialist,Finance,GitHub Project Alpha,1,19.69,0,0,1,0,1,3.77,1,0.983,47.6,MEDIUM
Product Manager,Finance,Admin Panel,4,7.39,0,1,1,0,0,0.12,1,0.713,29.6,LOW
Finance Analyst,Product,Finance System,3,14.84,0,1,1,0,0,3.84,1,0.839,28.7,LOW
Contractor,Product,Production Database,4,16.15,0,1,1,0,1,0.47,1,0.941,36.1,MEDIUM
Contractor,Engineering,Development Server,2,14.99,0,1,1,1,0,2.62,1,0.662,4.6,LOW
Software Developer,IT,HR Database,3,9.29,0,1,1,0,0,3.56,1,0.912,31.0,MEDIUM
System Administrator,HR,Production Database,4,5.18,1,0,0,0,3,14.92,1,0.141,96.9,HIGH
System Administrator,IT,Development Server,2,1.3,1,1,0,0,4,12.15,1,0.368,98.1,HIGH
HR Specialist,Product,Development Server,2,15.98,0,1,1,0,0,4.18,1,0.657,31.4,MEDIUM
QA Engineer,HR,Production Database,4,11.28,0,1,1,0,0,3.11,1,0.843,28.7,LOW
Finance Analyst,Product,HR Database,3,18.79,0,1,1,0,0,3.82,1,0.852,28.2,LOW
Software Developer,IT,Project Management System,1,9.69,0,1,1,1,0,4.62,1,0.737,5.2,LOW
DevOps Engineer,IT,Production Database,4,23.4,1,0,0,1,1,10.22,1,0.014,97.2,HIGH
System Administrator,Finance,Development Server,2,16.11,0,1,1,0,0,4.36,1,0.686,28.3,LOW
DevOps Engineer,Product,Admin Panel,4,16.11,0,1,1,0,0,2.04,1,0.663,29.6,LOW
Software Developer,Engineering,Production Database,4,13.15,0,1,1,1,0,0.01,1,0.949,9.2,LOW
System Administrator,Engineering,Production Database,4,7.33,0,1,1,1,0,1.09,1,0.915,6.9,LOW
HR Specialist,Engineering,Development Server,2,10.44,0,0,0,1,0,4.82,1,0.962,42.4,MEDIUM
Contractor,HR,Production Database,4,7.55,0,1,1,0,0,3.68,1,0.854,28.8,LOW
System Administrator,Engineering,Project Management System,1,15.64,0,1,1,1,0,1.05,1,0.885,5.5,LOW
QA Engineer,HR,Admin Panel,4,22.12,1,1,1,0,0,5.72,1,0.457,54.6,MEDIUM
System Administrator,Finance,Project Management System,1,13.46,0,1,1,1,0,0.4,1,0.924,1.6,LOW
HR Specialist,IT,Project Management System,1,9.86,0,1,1,1,1,0.49,1,0.765,13.9,LOW
DevOps Engineer,Finance,HR Database,3,14.09,0,1,1,0,1,4.75,1,0.758,41.6,MEDIUM
DevOps Engineer,HR,HR Database,3,13.11,0,1,1,1,0,4.62,1,0.853,12.6,LOW
DevOps Engineer,Engineering,GitHub Project Alpha,1,8.92,0,1,1,1,0,3.87,1,0.705,5.0,LOW
Contractor,Product,Development Server,2,17.87,0,1,1,0,0,0.46,1,0.648,29.1,LOW
Software Developer,Finance,Production Database,4,14.76,0,1,1,0,0,2.74,1,0.922,27.4,LOW
System Administrator,Engineering,Project Management System,1,23.42,1,0,0,1,3,14.53,0,0.521,100.0,HIGH
System Administrator,IT,Finance System,3,16.06,0,1,1,0,0,1.81,1,0.657,29.6,LOW
Software Developer,HR,Admin Panel,4,22.12,1,0,1,0,4,14.94,1,0.367,99.2,HIGH
DevOps Engineer,Engineering,Development Server,2,14.53,0,1,1,1,0,3.6,1,0.715,4.2,LOW
HR Specialist,IT,Project Management System,1,16.7,0,1,1,1,0,3.06,1,0.882,7.4,LOW
Contractor,Finance,HR Database,3,12.78,0,1,1,0,0,2.65,1,0.651,31.8,MEDIUM
Software Developer,Product,GitHub Project Alpha,1,13.55,0,1,1,1,0,1.72,1,0.724,6.6,LOW
QA Engineer,Engineering,GitHub Project Alpha,1,7.48,0,1,1,1,0,1.62,1,0.998,5.8,LOW
System Administrator,Product,Finance System,3,7.7,0,1,1,0,1,4.45,1,0.751,37.5,MEDIUM
HR Specialist,Finance,Finance System,3,18.76,0,1,0,1,0,3.38,1,0.687,33.6,MEDIUM
Finance Analyst,Finance,HR Database,3,7.45,0,1,1,0,0,0.62,1,0.871,30.6,MEDIUM
Finance Analyst,HR,Admin Panel,4,13.67,0,1,0,0,0,0.27,1,0.819,50.2,MEDIUM
Software Developer,Finance,GitHub Project Alpha,1,7.79,0,1,1,0,1,1.37,1,0.757,35.8,MEDIUM
Contractor,HR,Admin Panel,4,22.15,1,0,0,0,4,6.18,1,0.478,100.0,HIGH
System Administrator,Product,Production Database,4,22.27,1,0,0,0,1,14.94,1,0.488,97.3,HIGH
HR Specialist,IT,Admin Panel,4,19.59,0,1,0,1,0,4.9,1,0.621,36.3,MEDIUM
Finance Analyst,Product,GitHub Project Alpha,1,3.48,1,0,1,1,1,14.51,1,0.501,82.6,HIGH
DevOps Engineer,IT,Development Server,2,11.81,0,1,1,0,0,2.49,1,0.654,29.2,LOW
Product Manager,Finance,Finance System,3,9.41,0,1,1,1,0,4.56,1,0.791,6.3,LOW
System Administrator,Engineering,Admin Panel,4,11.46,0,1,1,0,0,2.49,1,0.86,29.5,LOW
HR Specialist,IT,Development Server,2,13.46,0,1,1,0,0,3.96,1,0.836,23.4,LOW
HR Specialist,Finance,Project Management System,1,9.62,0,1,0,1,1,2.02,1,0.895,35.4,MEDIUM
System Administrator,HR,GitHub Project Alpha,1,15.71,0,1,1,0,0,2.2,1,0.812,23.4,LOW
Finance Analyst,Product,HR Database,3,22.63,1,1,0,0,4,9.81,1,0.195,100.0,HIGH
HR Specialist,HR,Production Database,4,2.87,1,1,1,0,3,5.91,1,0.544,77.9,HIGH
Finance Analyst,HR,HR Database,3,18.53,0,1,1,1,0,4.17,1,0.667,9.8,LOW
DevOps Engineer,Engineering,Admin Panel,4,21.54,1,0,0,0,3,6.2,1,0.483,100.0,HIGH
QA Engineer,HR,Admin Panel,4,13.96,0,0,1,0,0,2.45,1,0.732,51.5,MEDIUM
HR Specialist,HR,Production Database,4,11.03,0,1,1,0,0,2.03,1,0.795,31.0,MEDIUM
Software Developer,IT,HR Database,3,7.19,0,1,1,0,1,4.46,1,0.664,36.4,MEDIUM
DevOps Engineer,Finance,Project Management System,1,10.99,0,1,1,1,1,0.56,1,0.995,10.9,LOW
Product Manager,Engineering,Project Management System,1,23.32,1,0,0,1,5,11.85,0,0.459,100.0,HIGH
QA Engineer,Finance,Development Server,2,19.25,0,1,1,0,0,2.19,1,0.898,29.0,LOW
QA Engineer,Product,Project Management System,1,14.12,0,1,1,1,0,0.2,1,0.702,2.6,LOW
DevOps Engineer,IT,Production Database,4,10.52,0,1,1,1,0,4.79,1,0.607,11.1,LOW
HR Specialist,Engineering,Finance System,3,11.49,0,1,1,0,0,0.93,1,0.67,28.2,LOW
Software Developer,Finance,Production Database,4,23.21,1,0,0,0,0,11.86,1,0.208,100.0,HIGH
DevOps Engineer,Finance,GitHub Project Alpha,1,15.44,0,1,1,0,0,4.75,1,0.931,19.8,LOW
Software Developer,Engineering,Admin Panel,4,0.98,1,0,0,0,5,5.93,1,0.398,96.9,HIGH
Software Developer,Engineering,Admin Panel,4,9.37,0,1,1,0,0,3.94,1,0.98,28.0,LOW
DevOps Engineer,Engineering,GitHub Project Alpha,1,14.0,0,1,1,1,1,3.57,1,0.79,9.4,LOW
Contractor,Product,GitHub Project Alpha,1,17.84,0,1,1,1,1,4.78,1,0.629,11.5,LOW
HR Specialist,HR,Finance System,3,0.46,1,1,0,0,4,3.65,1,0.437,100.0,HIGH
Contractor,Finance,Finance System,3,8.64,0,1,1,1,0,4.01,1,0.872,11.2,LOW
DevOps Engineer,IT,Development Server,2,12.08,0,1,1,0,1,2.11,1,0.766,37.1,MEDIUM
Finance Analyst,Engineering,HR Database,3,10.48,0,1,1,0,1,0.75,1,0.922,36.8,MEDIUM
Software Developer,Engineering,HR Database,3,9.17,0,1,1,0,0,2.79,1,0.924,31.8,MEDIUM
Contractor,Product,HR Database,3,4.1,1,0,0,0,2,9.59,0,0.09,97.9,HIGH
Contractor,Engineering,Project Management System,1,11.36,0,1,1,1,0,4.4,1,0.955,3.8,LOW
Finance Analyst,Finance,Production Database,4,10.54,0,1,1,0,1,1.13,1,0.797,39.6,MEDIUM
Contractor,IT,Finance System,3,8.27,0,1,0,0,0,3.5,1,0.766,52.3,MEDIUM
Finance Analyst,IT,Production Database,4,8.31,0,0,1,1,1,3.48,1,0.634,41.1,MEDIUM
HR Specialist,Product,Project Management System,1,16.08,0,1,1,1,0,4.53,1,0.884,0.6,LOW
QA Engineer,HR,Admin Panel,4,18.97,0,1,1,0,0,2.21,1,0.785,32.0,MEDIUM
System Administrator,IT,HR Database,3,4.62,1,0,0,0,0,14.47,1,0.296,98.8,HIGH
Contractor,HR,Project Management System,1,2.65,1,0,0,1,0,4.54,1,0.385,62.8,MEDIUM
QA Engineer,IT,Project Management System,1,18.43,0,1,1,1,0,2.7,1,0.863,2.0,LOW
DevOps Engineer,Engineering,Production Database,4,18.94,0,1,1,1,1,3.49,1,0.793,21.1,LOW
Software Developer,IT,Admin Panel,4,14.02,0,1,1,1,0,0.38,1,0.686,14.4,LOW
Software Developer,IT,Production Database,4,15.29,0,1,1,1,1,1.3,1,0.675,17.5,LOW
Contractor,HR,Project Management System,1,9.72,0,1,0,1,0,1.79,1,0.763,26.9,LOW
System Administrator,Engineering,Production Database,4,10.17,0,0,1,1,0,4.17,1,0.661,34.2,MEDIUM
Finance Analyst,IT,HR Database,3,19.83,0,1,1,0,0,1.79,1,0.792,26.7,LOW
Contractor,Finance,HR Database,3,13.26,0,1,1,0,0,1.54,1,0.925,31.0,MEDIUM
Software Developer,Finance,HR Database,3,18.72,0,0,1,0,1,3.9,0,0.885,72.8,HIGH
Software Developer,Finance,GitHub Project Alpha,1,7.16,0,1,1,0,0,4.75,1,0.87,21.5,LOW
HR Specialist,HR,Finance System,3,12.14,0,1,1,0,0,4.55,1,0.712,26.9,LOW
System Administrator,HR,HR Database,3,22.82,1,0,0,1,0,4.38,1,0.257,70.4,HIGH
Contractor,IT,Finance System,3,22.62,1,1,1,0,5,11.1,1,0.03,99.1,HIGH
System Administrator,IT,Production Database,4,17.45,0,1,0,1,0,3.78,1,0.993,30.0,MEDIUM
Software Developer,IT,Admin Panel,4,15.1,0,1,1,1,0,3.86,1,0.963,14.1,LOW
DevOps Engineer,IT,Finance System,3,14.43,0,1,1,0,0,3.39,1,0.923,31.1,MEDIUM
Software Developer,Engineering,Production Database,4,0.43,1,0,0,1,3,5.68,1,0.289,100.0,HIGH
Software Developer,Product,Project Management System,1,12.65,0,0,1,1,0,3.73,1,0.749,27.4,LOW
Product Manager,Engineering,Finance System,3,9.71,0,1,1,0,0,2.11,1,0.931,27.9,LOW
QA Engineer,IT,Project Management System,1,14.91,0,1,1,1,1,1.51,1,0.941,13.0,LOW
DevOps Engineer,Engineering,GitHub Project Alpha,1,12.08,0,1,1,1,0,1.81,1,0.85,2.3,LOW
HR Specialist,Engineering,GitHub Project Alpha,1,23.14,1,0,0,1,3,12.52,0,0.53,100.0,HIGH
Finance Analyst,IT,Development Server,2,13.75,0,1,1,0,0,0.87,1,0.838,27.5,LOW
Software Developer,HR,HR Database,3,14.82,0,1,1,1,0,1.93,0,0.82,24.3,LOW
Finance Analyst,Product,Project Management System,1,13.96,0,1,1,1,0,3.25,1,0.842,0.3,LOW
Finance Analyst,IT,HR Database,3,8.66,0,1,1,0,0,3.32,1,0.717,31.7,MEDIUM
DevOps Engineer,IT,HR Database,3,14.48,0,1,1,0,1,4.77,1,0.728,38.8,MEDIUM
Contractor,Product,GitHub Project Alpha,1,4.51,1,1,0,1,3,5.06,1,0.285,67.7,MEDIUM
Contractor,HR,Production Database,4,9.5,0,1,1,0,0,2.89,1,0.684,36.4,MEDIUM
Finance Analyst,Finance,Production Database,4,14.98,0,1,1,0,0,1.48,1,0.93,30.9,MEDIUM
Contractor,Engineering,GitHub Project Alpha,1,4.94,1,1,1,1,3,4.67,1,0.36,49.6,MEDIUM
Product Manager,HR,Project Management System,1,15.98,0,1,0,1,0,1.99,1,0.954,21.4,LOW
Software Developer,HR,Admin Panel,4,12.4,0,1,1,0,0,1.65,1,0.975,33.0,MEDIUM
Finance Analyst,IT,Project Management System,1,19.86,0,1,1,1,0,0.01,1,0.866,3.8,LOW
Product Manager,Product,Finance System,3,14.95,0,1,1,0,0,4.42,1,0.837,25.7,LOW
Finance Analyst,IT,Finance System,3,16.33,0,1,1,0,0,2.13,1,0.735,31.6,MEDIUM
HR Specialist,Engineering,Production Database,4,10.47,0,1,1,1,0,2.07,1,0.776,12.9,LOW
DevOps Engineer,Finance,GitHub Project Alpha,1,18.63,0,1,1,0,0,1.4,1,0.965,25.1,LOW
Software Developer,Product,Admin Panel,4,0.77,1,0,0,0,3,12.18,1,0.091,97.5,HIGH
Finance Analyst,IT,Admin Panel,4,1.69,1,0,0,1,1,14.01,0,0.332,98.9,HIGH
System Administrator,Finance,Project Management System,1,21.69,1,0,0,1,4,14.14,1,0.152,96.2,HIGH
Product Manager,HR,Project Management System,1,10.63,0,1,0,1,0,0.72,1,0.794,28.0,LOW
System Administrator,Finance,GitHub Project Alpha,1,0.93,1,0,0,0,2,11.61,1,0.105,100.0,HIGH
DevOps Engineer,Finance,Admin Panel,4,18.2,0,1,1,0,0,0.38,1,0.815,28.2,LOW
System Administrator,Product,Production Database,4,13.22,0,1,1,0,0,2.1,1,0.981,31.0,MEDIUM
QA Engineer,Engineering,GitHub Project Alpha,1,23.21,1,1,0,1,5,7.07,1,0.266,97.2,HIGH
Contractor,IT,Production Database,4,19.61,0,1,1,1,0,2.22,1,0.67,11.3,LOW
System Administrator,Engineering,Admin Panel,4,9.47,0,1,1,0,0,1.17,1,0.719,36.3,MEDIUM
DevOps Engineer,Product,Project Management System,1,3.45,1,0,1,1,5,6.69,1,0.58,87.4,HIGH
Product Manager,IT,HR Database,3,23.54,1,1,0,0,1,7.62,1,0.57,89.3,HIGH
Product Manager,IT,Finance System,3,19.56,0,0,1,0,0,2.86,1,0.84,48.7,MEDIUM
Finance Analyst,HR,Development Server,2,13.68,0,1,1,0,0,4.78,1,0.983,28.8,LOW
Finance Analyst,Finance,GitHub Project Alpha,1,9.19,0,1,1,0,0,1.48,1,0.732,28.4,LOW
Finance Analyst,HR,Development Server,2,16.07,0,1,1,0,0,1.59,1,0.618,30.8,MEDIUM
System Administrator,Finance,Production Database,4,16.06,0,1,1,0,0,3.1,1,0.929,30.9,MEDIUM
Software Developer,Product,HR Database,3,16.55,0,1,1,0,0,4.87,1,0.748,29.7,LOW
System Administrator,HR,GitHub Project Alpha,1,18.97,0,1,1,0,0,2.11,1,0.614,26.8,LOW
Contractor,Product,GitHub Project Alpha,1,19.51,0,1,0,1,0,1.58,1,0.959,26.7,LOW
QA Engineer,Engineering,Production Database,4,22.33,1,0,0,1,5,3.49,1,0.437,100.0,HIGH
Software Developer,HR,Production Database,4,19.78,0,1,1,0,1,1.49,1,0.865,42.6,MEDIUM
System Administrator,Product,Production Database,4,3.79,1,0,0,0,3,5.27,1,0.497,99.9,HIGH
System Administrator,IT,Production Database,4,4.29,1,1,0,1,0,9.39,1,0.306,71.3,HIGH
Contractor,Finance,HR Database,3,8.23,0,1,1,0,0,1.55,1,0.986,30.3,MEDIUM
HR Specialist,Finance,Project Management System,1,18.94,0,1,1,1,0,0.8,1,0.652,9.1,LOW
Software Developer,Product,GitHub Project Alpha,1,18.81,0,1,1,1,0,2.95,1,0.649,8.3,LOW
Software Developer,HR,Development Server,2,0.98,1,1,0,0,3,4.43,1,0.521,89.3,HIGH
Finance Analyst,Engineering,Project Management System,1,14.94,0,1,0,1,0,2.59,1,0.87,24.5,LOW
System Administrator,IT,Production Database,4,23.34,1,0,0,1,1,7.64,1,0.366,90.6,HIGH
Finance Analyst,Engineering,Production Database,4,22.85,1,1,0,1,4,13.27,0,0.441,100.0,HIGH
Finance Analyst,IT,HR Database,3,19.16,0,1,1,0,0,0.4,1,0.895,26.3,LOW
QA Engineer,IT,Admin Panel,4,8.67,0,1,1,1,0,2.76,1,0.822,10.8,LOW
QA Engineer,Product,GitHub Project Alpha,1,14.55,0,1,1,1,1,3.91,1,0.864,12.9,LOW
HR Specialist,Finance,Production Database,4,17.13,0,1,1,0,0,3.22,1,0.735,30.2,MEDIUM
Software Developer,IT,Production Database,4,21.87,1,1,1,1,2,8.0,1,0.55,63.0,MEDIUM
System Administrator,Finance,Development Server,2,22.98,1,0,0,0,4,12.96,1,0.451,99.5,HIGH
HR Specialist,Engineering,HR Database,3,15.27,0,1,1,0,1,0.99,1,0.925,33.1,MEDIUM
HR Specialist,Finance,HR Database,3,0.47,1,0,1,0,2,9.17,1,0.49,97.9,HIGH
Software Developer,IT,Production Database,4,7.18,0,1,1,1,1,2.73,1,0.633,23.2,LOW
DevOps Engineer,IT,Production Database,4,17.2,0,1,1,1,0,2.29,1,0.988,8.0,LOW
QA Engineer,Product,HR Database,3,18.15,0,1,1,0,0,1.77,1,0.778,25.8,LOW
Software Developer,Product,Production Database,4,11.64,0,1,1,0,0,1.11,1,0.815,35.4,MEDIUM
Software Developer,IT,Finance System,3,13.03,0,1,1,0,0,0.53,1,0.814,31.6,MEDIUM
Product Manager,Engineering,Project Management System,1,9.68,0,1,1,1,0,3.82,1,0.896,3.7,LOW
Contractor,HR,Finance System,3,10.89,0,1,1,0,1,1.87,1,0.905,37.7,MEDIUM
QA Engineer,Product,Admin Panel,4,8.59,0,1,1,0,0,2.26,1,0.741,36.3,MEDIUM
Finance Analyst,Engineering,Finance System,3,5.89,1,0,0,0,3,3.79,1,0.266,97.2,HIGH
Contractor,Engineering,Production Database,4,0.64,1,0,1,1,1,13.63,1,0.452,89.5,HIGH
HR Specialist,Product,Finance System,3,13.32,0,1,1,0,1,4.34,1,0.841,33.6,MEDIUM
DevOps Engineer,Product,Production Database,4,15.59,0,1,1,0,0,3.96,1,0.993,29.3,LOW
HR Specialist,Product,HR Database,3,19.19,0,1,1,0,0,2.72,1,0.996,23.7,LOW
Contractor,HR,Finance System,3,11.18,0,1,1,0,0,3.64,0,0.949,43.5,MEDIUM
Finance Analyst,Engineering,GitHub Project Alpha,1,17.99,0,1,0,1,0,2.69,1,0.826,26.2,LOW
Software Developer,Finance,Production Database,4,13.38,0,1,1,0,0,4.23,1,0.863,30.8,MEDIUM
Finance Analyst,HR,Admin Panel,4,8.2,0,1,1,0,0,3.99,1,0.851,28.5,LOW
Product Manager,Finance,Production Database,4,7.73,0,1,1,0,0,0.74,1,0.922,31.2,MEDIUM
QA Engineer,HR,HR Database,3,9.18,0,1,1,1,0,2.1,1,0.912,4.9,LOW
HR Specialist,Engineering,HR Database,3,22.53,1,0,1,0,4,4.65,1,0.483,98.4,HIGH
Product Manager,Finance,GitHub Project Alpha,1,13.84,0,1,1,0,0,1.81,1,0.78,27.6,LOW
Product Manager,HR,GitHub Project Alpha,1,19.97,0,1,1,0,0,2.05,1,0.608,23.5,LOW
Software Developer,Product,HR Database,3,5.03,1,1,1,0,4,7.79,1,0.347,95.5,HIGH
HR Specialist,HR,HR Database,3,13.16,0,1,1,1,1,0.45,1,0.93,20.0,LOW
Product Manager,Engineering,Project Management System,1,18.5,0,1,1,1,0,4.43,1,0.992,4.3,LOW
HR Specialist,Finance,Finance System,3,22.67,1,0,1,1,3,8.73,1,0.176,93.7,HIGH
QA Engineer,IT,GitHub Project Alpha,1,7.01,0,1,1,0,0,2.78,1,0.836,25.4,LOW
Contractor,Product,Development Server,2,19.17,0,1,1,0,1,4.72,1,0.849,34.4,MEDIUM
Finance Analyst,IT,Project Management System,1,22.06,1,0,0,1,5,5.3,1,0.337,98.2,HIGH
Product Manager,Product,GitHub Project Alpha,1,3.62,1,0,0,1,5,6.77,1,0.094,100.0,HIGH
QA Engineer,HR,Development Server,2,3.5,1,0,0,0,2,12.94,1,0.263,100.0,HIGH
HR Specialist,Product,Development Server,2,16.14,0,1,1,0,0,2.01,1,0.745,26.6,LOW
HR Specialist,Finance,Finance System,3,18.4,0,1,1,1,0,2.66,1,0.886,7.6,LOW
Software Developer,HR,Production Database,4,23.63,1,0,1,0,0,3.04,0,0.573,83.2,HIGH
HR Specialist,Engineering,Project Management System,1,7.89,0,1,1,1,0,3.76,1,0.809,3.9,LOW
HR Specialist,Finance,Admin Panel,4,14.82,0,1,1,0,0,4.09,1,0.991,29.8,LOW
Software Developer,Product,GitHub Project Alpha,1,7.68,0,1,1,1,0,2.01,1,0.682,8.7,LOW
QA Engineer,Product,HR Database,3,15.34,0,1,1,0,1,1.37,1,0.612,37.1,MEDIUM
DevOps Engineer,Product,Admin Panel,4,9.86,0,0,1,0,0,0.31,1,0.927,52.0,MEDIUM
QA Engineer,HR,Development Server,2,19.71,0,1,1,0,0,3.3,1,0.79,24.9,LOW
Software Developer,Engineering,HR Database,3,7.56,0,1,1,0,1,4.93,1,0.984,32.4,MEDIUM
QA Engineer,Finance,Finance System,3,11.68,0,1,1,1,0,4.14,1,0.963,5.9,LOW
Contractor,Finance,Development Server,2,9.89,0,1,1,0,0,0.93,1,0.965,23.0,LOW
Finance Analyst,Product,Production Database,4,7.1,0,1,1,0,0,0.03,1,0.63,30.9,MEDIUM
DevOps Engineer,Product,Development Server,2,23.13,1,0,0,0,3,9.17,0,0.376,100.0,HIGH
Software Developer,IT,Project Management System,1,7.07,0,1,1,1,0,2.72,1,0.947,2.3,LOW
System Administrator,Finance,GitHub Project Alpha,1,19.67,0,1,1,0,0,3.63,1,0.945,26.0,LOW
DevOps Engineer,Engineering,Development Server,2,9.64,0,1,1,1,1,0.43,1,0.799,11.2,LOW
Software Developer,Product,Finance System,3,3.46,1,1,0,0,0,5.48,1,0.492,70.0,HIGH
Finance Analyst,IT,HR Database,3,17.95,0,1,1,0,1,3.08,1,0.613,39.6,MEDIUM
Finance Analyst,Engineering,Admin Panel,4,12.57,0,1,1,0,1,3.87,1,0.979,41.6,MEDIUM
System Administrator,Product,GitHub Project Alpha,1,18.19,0,1,1,1,0,0.22,1,0.706,1.5,LOW
HR Specialist,HR,Project Management System,1,13.98,0,1,1,1,0,3.91,1,0.771,2.3,LOW
DevOps Engineer,Engineering,HR Database,3,9.13,0,1,1,0,0,0.9,1,0.992,24.6,LOW
Contractor,HR,Project Management System,1,16.98,0,1,1,1,1,2.02,1,0.711,10.8,LOW
Product Manager,Finance,Admin Panel,4,23.44,1,1,0,0,5,13.06,1,0.27,98.1,HIGH
Contractor,Finance,Admin Panel,4,19.0,0,1,0,0,0,1.59,1,0.662,50.4,MEDIUM
Contractor,HR,GitHub Project Alpha,1,15.25,0,1,1,0,0,4.1,1,0.886,23.6,LOW
QA Engineer,Product,Finance System,3,18.7,0,1,1,0,0,3.33,1,0.854,31.0,MEDIUM
HR Specialist,Product,HR Database,3,12.24,0,1,0,0,1,4.52,1,0.658,57.4,MEDIUM
Contractor,IT,Production Database,4,0.74,1,1,1,1,5,4.63,1,0.516,70.8,HIGH
HR Specialist,Product,Finance System,3,2.21,1,0,1,0,4,6.81,1,0.563,96.6,HIGH
Product Manager,Product,Finance System,3,15.59,0,1,1,0,0,0.35,1,0.987,25.6,LOW
Contractor,IT,HR Database,3,3.0,1,0,0,0,4,13.03,1,0.57,99.6,HIGH
Contractor,HR,Production Database,4,11.27,0,1,1,0,0,3.2,1,0.822,34.9,MEDIUM
HR Specialist,Engineering,Production Database,4,21.32,1,1,0,1,1,6.3,1,0.058,65.1,MEDIUM
QA Engineer,Finance,Production Database,4,12.2,0,1,1,0,1,1.56,1,0.644,42.3,MEDIUM
Finance Analyst,Engineering,GitHub Project Alpha,1,23.75,1,0,1,1,5,8.56,1,0.585,98.1,HIGH
Finance Analyst,Finance,Production Database,4,13.69,0,1,1,0,0,1.81,1,0.851,35.2,MEDIUM
Product Manager,HR,Finance System,3,14.98,0,1,1,0,0,2.04,1,0.636,29.6,LOW
Software Developer,HR,Development Server,2,17.18,0,1,1,0,0,1.77,1,0.988,28.1,LOW
System Administrator,IT,HR Database,3,15.85,0,1,1,0,0,2.5,1,0.988,31.1,MEDIUM
Product Manager,Finance,Finance System,3,11.66,0,1,0,1,0,4.57,1,0.855,30.8,MEDIUM
System Administrator,HR,Project Management System,1,11.36,0,1,0,1,0,3.64,0,0.917,41.3,MEDIUM
Software Developer,IT,Production Database,4,23.21,1,1,0,1,0,9.37,1,0.151,73.9,HIGH
HR Specialist,Product,Production Database,4,10.76,0,1,1,0,0,1.4,1,0.684,31.4,MEDIUM
Software Developer,Product,Admin Panel,4,11.19,0,1,1,0,0,3.06,1,0.648,32.9,MEDIUM
Software Developer,HR,Production Database,4,16.44,0,1,1,0,0,4.01,1,0.876,28.6,LOW
Software Developer,Engineering,Development Server,2,4.11,1,0,0,1,2,3.62,1,0.546,82.0,HIGH
Contractor,Engineering,GitHub Project Alpha,1,17.03,0,1,1,1,0,3.59,1,0.767,3.3,LOW
Software Developer,Finance,Development Server,2,19.02,0,1,1,0,1,3.49,1,0.909,33.4,MEDIUM
Product Manager,Finance,GitHub Project Alpha,1,8.45,0,1,1,0,0,4.26,1,0.886,21.8,LOW
Product Manager,HR,GitHub Project Alpha,1,12.32,0,1,1,0,0,2.41,1,0.937,19.6,LOW
System Administrator,HR,Project Management System,1,22.4,1,0,1,1,2,13.6,1,0.295,90.5,HIGH
System Administrator,IT,Production Database,4,16.95,0,1,1,1,0,1.22,1,0.666,13.0,LOW
Software Developer,Engineering,Production Database,4,15.75,0,1,1,1,0,4.48,1,0.695,16.3,LOW
DevOps Engineer,IT,Production Database,4,18.7,0,1,0,1,0,0.98,1,0.997,26.1,LOW
Software Developer,Finance,Finance System,3,17.51,0,1,1,1,0,1.84,1,0.775,8.9,LOW
System Administrator,Finance,Development Server,2,21.09,1,1,0,0,4,8.69,1,0.105,99.3,HIGH
Contractor,HR,Admin Panel,4,0.28,1,0,1,0,0,14.23,1,0.304,100.0,HIGH
System Administrator,HR,GitHub Project Alpha,1,16.03,0,1,1,0,0,0.82,1,0.659,23.8,LOW
Software Developer,Finance,GitHub Project Alpha,1,0.16,1,1,0,0,4,3.66,1,0.111,100.0,HIGH
Product Manager,Product,Finance System,3,11.34,0,1,1,0,0,1.21,1,0.693,34.1,MEDIUM
Software Developer,Engineering,GitHub Project Alpha,1,17.12,0,1,1,1,1,1.83,1,0.943,14.1,LOW
HR Specialist,Engineering,Admin Panel,4,12.65,0,1,0,0,1,3.93,1,0.912,55.4,MEDIUM
Product Manager,Product,Development Server,2,9.58,0,1,1,0,0,4.18,1,0.716,31.2,MEDIUM
DevOps Engineer,IT,Admin Panel,4,10.07,0,1,1,1,0,2.36,1,0.666,11.6,LOW
Product Manager,Finance,Production Database,4,9.31,0,1,1,0,1,2.37,1,0.779,38.1,MEDIUM
Product Manager,HR,Development Server,2,7.43,0,1,1,0,0,3.06,1,0.723,29.9,LOW
HR Specialist,Engineering,Admin Panel,4,17.57,0,1,1,0,0,3.7,1,0.622,31.1,MEDIUM
Contractor,IT,Development Server,2,18.14,0,1,1,0,0,2.17,1,0.97,25.5,LOW
Software Developer,HR,Finance System,3,19.19,0,1,1,0,0,2.42,1,0.987,29.9,LOW
Finance Analyst,Finance,Production Database,4,16.53,0,1,1,0,0,0.51,1,0.91,32.8,MEDIUM
QA Engineer,IT,Development Server,2,14.62,0,1,1,0,1,2.34,1,0.925,35.0,MEDIUM
Contractor,HR,Development Server,2,8.02,0,1,1,0,0,0.31,1,0.728,26.9,LOW
Contractor,Engineering,Finance System,3,16.88,0,1,1,0,0,4.53,1,0.643,27.7,LOW
System Administrator,Product,Project Management System,1,22.21,1,1,0,1,1,7.48,1,0.513,60.2,MEDIUM
Contractor,Finance,Development Server,2,15.78,0,1,1,0,0,4.45,1,0.697,29.1,LOW
HR Specialist,Engineering,Finance System,3,12.79,0,1,0,0,0,0.69,1,0.761,49.2,MEDIUM
HR Specialist,IT,Project Management System,1,16.54,0,1,0,1,1,0.15,1,0.749,33.5,MEDIUM
Software Developer,Engineering,HR Database,3,21.27,1,0,0,0,1,14.46,1,0.037,100.0,HIGH
QA Engineer,Engineering,Production Database,4,12.36,0,1,1,1,0,1.98,1,0.863,8.6,LOW
HR Specialist,IT,Finance System,3,18.05,0,1,1,0,0,2.04,1,0.944,29.4,LOW
QA Engineer,Product,Admin Panel,4,16.67,0,0,1,0,0,3.13,1,0.968,49.7,MEDIUM
QA Engineer,Finance,HR Database,3,0.4,1,0,0,0,1,3.42,1,0.265,100.0,HIGH
HR Specialist,Finance,HR Database,3,7.86,0,1,1,0,0,3.21,1,0.928,27.3,LOW
System Administrator,Finance,GitHub Project Alpha,1,9.66,0,1,1,0,0,2.97,1,0.78,22.0,LOW
Finance Analyst,Product,HR Database,3,16.17,0,1,1,0,0,0.3,1,0.86,26.9,LOW
Finance Analyst,IT,HR Database,3,12.12,0,1,1,0,0,0.2,1,0.834,26.9,LOW
Product Manager,Engineering,Production Database,4,19.29,0,1,1,1,0,2.67,1,0.712,12.4,LOW
Finance Analyst,Engineering,GitHub Project Alpha,1,12.32,0,1,0,1,0,3.03,1,0.972,25.1,LOW
Contractor,Finance,Finance System,3,3.93,1,0,1,1,1,4.1,1,0.121,57.3,MEDIUM
Contractor,Product,HR Database,3,23.53,1,1,0,0,5,8.72,1,0.033,100.0,HIGH
Contractor,Engineering,HR Database,3,13.31,0,1,1,0,0,2.58,1,0.962,24.0,LOW
DevOps Engineer,Finance,Project Management System,1,11.22,0,1,1,1,0,1.92,1,0.617,10.3,LOW
QA Engineer,IT,GitHub Project Alpha,1,13.91,0,1,1,0,0,0.98,1,0.932,25.3,LOW
QA Engineer,Engineering,Development Server,2,7.64,0,1,0,1,1,2.86,1,0.81,38.4,MEDIUM
Product Manager,Product,Finance System,3,4.09,1,0,0,0,5,11.3,1,0.231,100.0,HIGH
System Administrator,Product,Production Database,4,16.49,0,0,0,0,0,1.72,1,0.766,73.2,HIGH
Contractor,Product,HR Database,3,4.14,1,0,0,0,1,11.03,1,0.199,97.7,HIGH
Contractor,IT,Production Database,4,0.73,1,0,0,1,2,5.34,1,0.173,91.8,HIGH
System Administrator,IT,HR Database,3,7.34,0,1,0,0,0,2.66,1,0.608,51.0,MEDIUM
HR Specialist,Product,GitHub Project Alpha,1,3.29,1,0,0,1,0,8.36,1,0.593,76.0,HIGH
HR Specialist,Finance,Admin Panel,4,11.5,0,1,0,0,0,2.42,1,0.769,55.9,MEDIUM
QA Engineer,Product,HR Database,3,7.07,0,1,1,0,0,0.65,1,0.727,26.9,LOW
Contractor,HR,Production Database,4,8.95,0,1,0,0,0,1.44,1,0.902,49.6,MEDIUM
Software Developer,Finance,Development Server,2,8.71,0,1,1,0,1,1.66,1,0.977,35.0,MEDIUM
Software Developer,Engineering,GitHub Project Alpha,1,4.21,1,0,1,1,4,6.02,1,0.307,81.1,HIGH
QA Engineer,Finance,Development Server,2,17.45,0,1,1,0,0,3.92,1,0.634,24.8,LOW
HR Specialist,Finance,Development Server,2,11.94,0,1,1,0,0,2.33,1,0.912,29.8,LOW
Product Manager,IT,Project Management System,1,22.5,1,0,1,1,4,7.41,1,0.274,88.1,HIGH
HR Specialist,IT,GitHub Project Alpha,1,9.08,0,1,1,0,0,0.71,1,0.852,25.1,LOW
HR Specialist,Finance,Finance System,3,17.33,0,1,1,1,1,3.65,1,0.946,13.5,LOW
Contractor,Engineering,Development Server,2,11.45,0,1,1,1,0,3.21,1,0.832,3.7,LOW
Software Developer,Product,Admin Panel,4,17.4,0,1,1,0,0,2.24,1,0.703,34.3,MEDIUM
Software Developer,Engineering,Admin Panel,4,9.37,0,1,1,0,0,1.12,1,0.766,31.2,MEDIUM
Product Manager,IT,Admin Panel,4,18.62,0,1,1,1,0,1.53,1,0.906,12.4,LOW
QA Engineer,Product,Project Management System,1,19.56,0,1,1,1,0,0.72,1,0.888,3.6,LOW
HR Specialist,IT,Project Management System,1,11.07,0,1,0,1,0,1.73,1,0.9,25.4,LOW
Product Manager,HR,Development Server,2,19.51,0,1,0,0,0,4.08,1,0.738,50.9,MEDIUM
System Administrator,Product,Development Server,2,19.62,0,1,1,0,0,3.31,1,0.905,22.4,LOW
Contractor,Product,GitHub Project Alpha,1,2.77,1,0,0,1,1,6.67,1,0.35,78.6,HIGH
HR Specialist,IT,Production Database,4,11.17,0,0,1,1,0,0.46,1,0.998,31.8,MEDIUM
Finance Analyst,HR,Project Management System,1,0.24,1,0,0,1,4,8.99,1,0.27,100.0,HIGH
System Administrator,IT,GitHub Project Alpha,1,15.47,0,1,1,0,0,0.16,1,0.788,26.4,LOW
System Administrator,Finance,Development Server,2,15.94,0,1,0,0,0,2.43,1,0.752,51.4,MEDIUM
Product Manager,HR,GitHub Project Alpha,1,1.11,1,0,1,0,0,6.62,1,0.435,68.3,MEDIUM
Product Manager,Product,Finance System,3,14.4,0,1,1,0,1,2.63,1,0.662,39.3,MEDIUM
Finance Analyst,IT,HR Database,3,18.81,0,1,1,0,0,1.42,1,0.782,28.2,LOW
Software Developer,Engineering,Project Management System,1,9.13,0,1,1,1,0,1.3,1,0.925,6.2,LOW
QA Engineer,IT,Project Management System,1,3.23,1,0,0,1,5,4.03,1,0.555,98.0,HIGH
System Administrator,Product,GitHub Project Alpha,1,18.3,0,1,1,1,1,3.85,1,0.622,14.9,LOW
DevOps Engineer,Product,Development Server,2,13.97,0,0,0,0,0,0.3,1,0.697,66.7,MEDIUM
QA Engineer,IT,Development Server,2,8.44,0,1,1,0,0,4.92,1,0.957,27.6,LOW
HR Specialist,HR,Production Database,4,14.53,0,1,1,0,0,3.68,1,0.647,37.5,MEDIUM
HR Specialist,Engineering,GitHub Project Alpha,1,19.34,0,1,0,1,0,0.39,1,0.883,22.5,LOW
QA Engineer,Engineering,Development Server,2,22.54,1,0,1,1,1,3.97,1,0.33,51.9,MEDIUM
Finance Analyst,Product,GitHub Project Alpha,1,18.1,0,1,1,1,0,1.05,1,0.766,3.7,LOW
DevOps Engineer,Finance,GitHub Project Alpha,1,17.91,0,1,1,0,0,1.76,1,0.943,20.0,LOW
Finance Analyst,IT,Finance System,3,15.9,0,1,1,0,0,2.9,1,0.708,27.3,LOW
System Administrator,Finance,Finance System,3,14.02,0,1,1,1,1,1.67,1,0.893,17.2,LOW
Software Developer,Finance,Project Management System,1,8.49,0,1,1,1,0,1.56,1,0.987,4.2,LOW
QA Engineer,IT,Admin Panel,4,13.42,0,1,1,1,1,1.31,1,0.803,22.9,LOW
System Administrator,Finance,Production Database,4,10.94,0,1,1,0,0,3.67,1,0.71,36.6,MEDIUM
Software Developer,Engineering,GitHub Project Alpha,1,17.07,0,1,1,1,0,0.1,1,0.772,2.5,LOW
Software Developer,HR,GitHub Project Alpha,1,8.04,0,1,1,0,0,3.72,1,0.997,24.0,LOW
HR Specialist,HR,Admin Panel,4,14.09,0,0,0,0,0,1.07,1,0.979,72.7,HIGH
QA Engineer,Engineering,GitHub Project Alpha,1,19.18,0,1,1,1,0,2.03,1,0.859,2.8,LOW
Finance Analyst,Finance,Production Database,4,11.46,0,1,1,0,1,3.01,1,0.938,40.5,MEDIUM
Product Manager,Product,Finance System,3,10.65,0,1,1,0,0,4.29,1,0.951,26.7,LOW
QA Engineer,Finance,Finance System,3,0.96,1,0,0,1,2,7.86,1,0.542,100.0,HIGH
System Administrator,Engineering,Production Database,4,13.69,0,1,1,1,1,3.0,1,0.927,18.8,LOW
Finance Analyst,HR,Project Management System,1,22.94,1,0,0,1,1,3.79,0,0.383,88.3,HIGH
System Administrator,Engineering,Admin Panel,4,0.81,1,0,1,0,4,11.12,1,0.246,100.0,HIGH
Finance Analyst,Engineering,GitHub Project Alpha,1,10.85,0,1,1,1,1,4.44,1,0.721,14.9,LOW
Contractor,Product,Project Management System,1,4.74,1,0,1,1,4,8.9,1,0.391,96.0,HIGH
QA Engineer,HR,Development Server,2,9.1,0,1,1,0,0,1.31,1,0.784,24.9,LOW
Finance Analyst,Product,HR Database,3,3.9,1,0,0,0,4,8.27,1,0.109,99.2,HIGH
System Administrator,Engineering,GitHub Project Alpha,1,5.6,1,0,0,1,1,7.17,1,0.429,81.2,HIGH
Contractor,Product,HR Database,3,0.2,1,0,0,0,2,6.69,1,0.506,100.0,HIGH
System Administrator,IT,Development Server,2,18.57,0,1,0,0,0,0.86,1,0.935,42.9,MEDIUM
Finance Analyst,Product,Development Server,2,19.94,0,1,1,0,0,1.41,1,0.929,24.1,LOW
DevOps Engineer,IT,Admin Panel,4,15.14,0,1,1,1,0,0.5,1,0.929,13.6,LOW
Finance Analyst,HR,Admin Panel,4,13.0,0,1,1,0,0,0.29,1,0.734,35.7,MEDIUM
System Administrator,IT,Production Database,4,5.09,1,0,0,1,0,5.44,1,0.589,67.6,MEDIUM
Finance Analyst,IT,Development Server,2,0.24,1,0,0,0,0,13.04,1,0.404,100.0,HIGH
DevOps Engineer,Engineering,Development Server,2,10.73,0,1,1,1,0,2.17,1,0.997,8.3,LOW
System Administrator,IT,HR Database,3,7.94,0,1,1,0,0,4.18,1,0.653,31.6,MEDIUM
Contractor,HR,Finance System,3,13.13,0,0,1,0,0,1.75,1,0.687,54.3,MEDIUM
Finance Analyst,Engineering,Development Server,2,18.66,0,1,1,1,1,2.34,1,0.916,15.5,LOW
DevOps Engineer,Finance,GitHub Project Alpha,1,1.43,1,0,0,0,3,10.13,1,0.504,100.0,HIGH
DevOps Engineer,Engineering,Development Server,2,9.03,0,1,1,1,0,1.32,1,0.914,2.7,LOW
Software Developer,Product,Project Management System,1,0.24,1,0,0,1,1,9.66,1,0.162,98.6,HIGH
HR Specialist,Engineering,GitHub Project Alpha,1,16.8,0,1,1,1,1,4.04,1,0.848,8.1,LOW
HR Specialist,HR,GitHub Project Alpha,1,21.64,1,0,1,0,3,14.48,1,0.574,97.0,HIGH
Software Developer,Engineering,Finance System,3,16.12,0,0,1,0,0,2.69,1,0.822,47.9,MEDIUM
Software Developer,Product,Development Server,2,19.92,0,1,1,0,0,4.33,1,0.675,24.8,LOW
System Administrator,Product,HR Database,3,4.41,1,0,0,0,4,10.96,1,0.3,96.1,HIGH
HR Specialist,Finance,Development Server,2,8.17,0,1,1,0,1,4.06,1,0.976,35.7,MEDIUM
QA Engineer,Engineering,GitHub Project Alpha,1,14.99,0,1,1,1,0,0.63,1,0.775,7.3,LOW
Contractor,Engineering,Production Database,4,14.09,0,1,1,1,0,4.97,1,0.656,13.8,LOW
DevOps Engineer,IT,HR Database,3,3.34,1,0,1,0,4,8.31,1,0.373,98.5,HIGH
DevOps Engineer,Engineering,HR Database,3,16.7,0,1,1,0,1,1.55,1,0.938,33.8,MEDIUM
HR Specialist,HR,Development Server,2,11.71,0,1,1,0,1,2.09,1,0.924,33.8,MEDIUM
System Administrator,HR,GitHub Project Alpha,1,7.66,0,1,1,0,0,4.64,1,0.938,24.3,LOW
QA Engineer,Product,Admin Panel,4,8.06,0,1,1,0,0,0.57,1,0.697,33.1,MEDIUM
System Administrator,IT,GitHub Project Alpha,1,13.89,0,1,1,0,1,1.87,1,0.616,33.0,MEDIUM
Contractor,HR,Production Database,4,18.07,0,0,1,0,0,4.87,1,0.864,53.2,MEDIUM
Finance Analyst,HR,Finance System,3,8.01,0,1,1,0,0,4.17,1,0.707,29.1,LOW
Contractor,Engineering,Production Database,4,11.57,0,0,0,1,0,3.4,1,0.961,51.0,MEDIUM
Software Developer,Engineering,HR Database,3,7.75,0,1,1,0,1,1.5,1,0.846,33.7,MEDIUM
System Administrator,HR,GitHub Project Alpha,1,4.62,1,0,1,0,3,12.72,1,0.113,100.0,HIGH
Finance Analyst,Finance,Finance System,3,7.53,0,1,1,1,0,0.08,1,0.924,10.9,LOW
Product Manager,Product,GitHub Project Alpha,1,23.36,1,0,0,1,0,9.57,1,0.154,92.3,HIGH
Contractor,HR,Development Server,2,10.99,0,1,1,0,1,3.92,1,0.702,38.0,MEDIUM
DevOps Engineer,Engineering,HR Database,3,14.44,0,1,0,0,0,0.88,1,0.781,48.6,MEDIUM
Software Developer,Engineering,Development Server,2,9.87,0,1,1,1,1,4.52,1,0.943,9.8,LOW
Product Manager,IT,Project Management System,1,9.05,0,1,0,1,0,1.41,1,0.884,20.0,LOW
Finance Analyst,Product,Project Management System,1,16.82,0,1,1,1,0,2.82,1,0.733,2.9,LOW
Product Manager,Finance,Production Database,4,9.95,0,1,1,0,0,4.9,1,0.848,34.7,MEDIUM
System Administrator,Product,GitHub Project Alpha,1,14.08,0,1,1,1,1,0.5,1,0.93,14.7,LOW
DevOps Engineer,Product,Development Server,2,4.4,1,0,0,0,5,11.74,1,0.538,96.8,HIGH
Contractor,Product,Production Database,4,5.66,1,0,0,0,1,14.08,0,0.462,97.5,HIGH
HR Specialist,Finance,Admin Panel,4,4.36,1,0,0,0,1,3.08,1,0.478,95.3,HIGH
Software Developer,Engineering,Production Database,4,23.44,1,0,0,1,1,13.99,1,0.378,100.0,HIGH
QA Engineer,Finance,Project Management System,1,19.7,0,1,1,1,0,1.38,1,0.965,0.0,LOW
QA Engineer,Finance,Development Server,2,15.52,0,1,1,0,0,3.27,1,0.747,28.4,LOW
System Administrator,Engineering,Admin Panel,4,7.22,0,1,1,0,1,2.19,1,0.882,35.2,MEDIUM
Software Developer,Product,Project Management System,1,21.16,1,0,0,1,0,6.95,1,0.534,71.5,HIGH
Finance Analyst,IT,GitHub Project Alpha,1,7.71,0,1,1,0,0,0.07,1,0.875,21.3,LOW
Contractor,HR,Production Database,4,9.89,0,1,1,0,1,3.18,1,0.703,41.3,MEDIUM
Contractor,Finance,Production Database,4,22.38,1,0,0,0,0,13.6,1,0.2,100.0,HIGH
System Administrator,Finance,Production Database,4,19.33,0,0,1,0,0,3.17,1,0.66,49.8,MEDIUM
Software Developer,IT,GitHub Project Alpha,1,22.6,1,0,1,0,5,9.05,1,0.47,100.0,HIGH
DevOps Engineer,Product,Admin Panel,4,0.81,1,1,1,0,5,13.87,1,0.408,97.1,HIGH
QA Engineer,HR,Admin Panel,4,2.74,1,1,0,0,5,13.58,0,0.37,97.0,HIGH
DevOps Engineer,HR,HR Database,3,7.95,0,1,1,1,0,0.57,1,0.768,7.6,LOW
Software Developer,Finance,Development Server,2,7.61,0,1,1,0,0,0.96,1,0.848,27.0,LOW
QA Engineer,Finance,Finance System,3,18.38,0,1,1,1,1,1.64,1,0.647,19.6,LOW
Contractor,Engineering,GitHub Project Alpha,1,16.83,0,1,1,1,0,1.59,1,0.662,4.3,LOW
System Administrator,Product,Development Server,2,10.3,0,1,1,0,0,0.6,1,0.779,24.9,LOW
Contractor,Finance,HR Database,3,22.45,1,0,1,0,0,6.53,0,0.31,92.2,HIGH
QA Engineer,Finance,GitHub Project Alpha,1,17.61,0,1,1,0,1,2.02,1,0.905,30.6,MEDIUM
System Administrator,Engineering,Development Server,2,9.53,0,1,1,1,0,0.45,1,0.649,11.6,LOW
HR Specialist,HR,Finance System,3,2.21,1,1,0,0,1,14.78,1,0.166,100.0,HIGH
Finance Analyst,IT,Development Server,2,8.35,0,1,1,0,0,1.35,1,0.665,27.1,LOW
Software Developer,IT,HR Database,3,18.05,0,1,1,0,0,2.62,1,0.689,29.3,LOW
Product Manager,Product,HR Database,3,7.2,0,1,1,0,0,3.17,1,0.611,35.3,MEDIUM
HR Specialist,HR,HR Database,3,16.59,0,1,1,1,1,4.93,1,0.893,14.6,LOW
Contractor,IT,Production Database,4,18.18,0,1,1,1,0,2.88,1,0.883,13.6,LOW
DevOps Engineer,HR,GitHub Project Alpha,1,15.83,0,1,0,0,0,3.12,1,0.662,45.3,MEDIUM
Finance Analyst,HR,Development Server,2,14.05,0,1,1,0,0,4.79,1,0.929,26.3,LOW
DevOps Engineer,Product,GitHub Project Alpha,1,16.54,0,1,1,1,0,1.09,1,0.993,0.2,LOW
DevOps Engineer,Engineering,Development Server,2,14.54,0,1,1,1,1,4.65,1,0.929,11.0,LOW
DevOps Engineer,Product,Production Database,4,19.46,0,1,0,0,0,2.36,1,0.971,53.1,MEDIUM
System Administrator,Engineering,HR Database,3,17.43,0,1,1,0,0,1.41,1,0.829,32.0,MEDIUM
System Administrator,Product,GitHub Project Alpha,1,19.78,0,1,1,1,0,2.47,1,0.681,8.5,LOW
QA Engineer,Finance,Project Management System,1,19.15,0,1,1,1,0,4.76,1,0.654,9.9,LOW
HR Specialist,IT,Finance System,3,9.01,0,1,1,0,0,2.65,0,0.638,45.4,MEDIUM
Contractor,Product,Development Server,2,8.95,0,1,1,0,0,1.56,1,0.666,24.8,LOW
QA Engineer,Product,Development Server,2,15.59,0,1,1,0,0,4.8,1,0.7,27.8,LOW
Finance Analyst,Engineering,GitHub Project Alpha,1,16.48,0,1,1,1,0,4.21,1,0.982,0.9,LOW
Finance Analyst,Product,Project Management System,1,9.82,0,1,1,1,1,1.61,1,0.988,12.6,LOW
Software Developer,HR,HR Database,3,18.89,0,1,1,1,0,3.48,1,0.782,8.0,LOW
Finance Analyst,HR,Project Management System,1,12.6,0,1,1,1,0,4.66,1,0.708,6.5,LOW
Contractor,Finance,Admin Panel,4,15.51,0,1,1,0,0,3.66,1,0.727,29.6,LOW
QA Engineer,Finance,Finance System,3,12.87,0,1,1,1,0,4.9,1,0.807,6.9,LOW
Contractor,Product,Production Database,4,10.6,0,1,1,0,1,3.71,1,0.814,40.8,MEDIUM
Contractor,Finance,Admin Panel,4,10.36,0,1,0,0,0,0.15,1,0.843,50.8,MEDIUM
DevOps Engineer,Product,Finance System,3,12.41,0,1,1,0,0,3.59,1,0.814,30.9,MEDIUM
Finance Analyst,HR,Admin Panel,4,12.51,0,1,1,0,0,3.98,1,0.919,31.2,MEDIUM
QA Engineer,HR,Production Database,4,10.4,0,1,1,0,1,0.11,1,0.871,40.7,MEDIUM
Product Manager,Engineering,Development Server,2,16.93,0,0,1,1,0,2.87,1,0.906,23.4,LOW
HR Specialist,Finance,Development Server,2,10.95,0,1,1,0,0,1.18,1,0.823,24.5,LOW
System Administrator,Finance,GitHub Project Alpha,1,19.87,0,1,0,0,0,2.07,1,0.61,47.7,MEDIUM
HR Specialist,Product,Project Management System,1,12.46,0,1,1,1,1,0.67,1,0.752,14.1,LOW
System Administrator,Finance,Finance System,3,18.86,0,1,1,1,0,2.53,1,0.869,11.8,LOW
Product Manager,HR,HR Database,3,9.13,0,1,1,1,0,0.71,1,0.617,13.5,LOW
Product Manager,Engineering,Admin Panel,4,23.88,1,1,1,0,3,14.81,1,0.26,99.4,HIGH
Software Developer,Engineering,HR Database,3,17.19,0,1,1,0,0,4.84,1,0.984,25.9,LOW
System Administrator,Product,Admin Panel,4,7.97,0,1,1,0,0,4.69,1,0.894,28.8,LOW
Product Manager,Product,Production Database,4,1.3,1,0,0,0,4,6.83,1,0.217,97.5,HIGH
Product Manager,Product,GitHub Project Alpha,1,23.94,1,0,0,1,0,11.29,1,0.309,95.2,HIGH
System Administrator,Finance,GitHub Project Alpha,1,14.49,0,0,1,0,0,1.18,1,0.686,46.4,MEDIUM
QA Engineer,Engineering,GitHub Project Alpha,1,17.18,0,0,1,1,1,3.95,1,0.794,34.7,MEDIUM
Software Developer,Engineering,Project Management System,1,2.07,1,0,0,1,2,10.81,1,0.087,100.0,HIGH
HR Specialist,IT,Admin Panel,4,19.59,0,1,1,1,1,0.71,1,0.95,14.9,LOW
System Administrator,Finance,Project Management System,1,18.82,0,1,1,1,0,0.25,1,0.728,2.2,LOW
Product Manager,HR,Admin Panel,4,18.99,0,1,1,0,0,2.11,1,0.711,29.6,LOW
Contractor,Finance,Admin Panel,4,1.01,1,1,0,0,5,8.88,1,0.061,99.5,HIGH
Contractor,Product,Finance System,3,8.28,0,0,1,0,1,0.43,1,0.711,60.3,MEDIUM
Software Developer,IT,GitHub Project Alpha,1,10.39,0,1,1,0,1,1.85,1,0.642,32.6,MEDIUM
QA Engineer,IT,Development Server,2,14.39,0,1,1,0,0,0.62,1,0.816,30.0,MEDIUM
Software Developer,Engineering,GitHub Project Alpha,1,10.07,0,1,1,1,0,0.46,1,0.904,1.5,LOW
Contractor,HR,HR Database,3,12.13,0,1,1,1,0,3.96,1,0.638,7.9,LOW
Finance Analyst,Product,Project Management System,1,11.54,0,1,1,1,1,4.38,1,0.887,9.7,LOW
Product Manager,IT,GitHub Project Alpha,1,16.06,0,1,0,0,0,2.07,1,0.717,48.5,MEDIUM
QA Engineer,HR,Production Database,4,1.61,1,0,1,0,2,14.32,1,0.323,100.0,HIGH
System Administrator,IT,Development Server,2,10.62,0,1,1,0,1,2.53,1,0.615,39.7,MEDIUM
Software Developer,IT,Development Server,2,21.3,1,1,1,0,4,6.01,1,0.109,89.5,HIGH
Finance Analyst,Engineering,Finance System,3,18.16,0,1,1,0,0,2.53,1,0.676,34.4,MEDIUM
Software Developer,HR,HR Database,3,19.04,0,1,1,1,0,0.95,1,0.927,4.7,LOW
Finance Analyst,HR,Project Management System,1,22.76,1,0,0,1,4,10.4,1,0.436,97.8,HIGH
QA Engineer,Engineering,Admin Panel,4,4.99,1,0,0,0,5,4.26,1,0.251,99.4,HIGH
DevOps Engineer,Engineering,Finance System,3,8.76,0,1,0,0,0,0.64,1,0.994,47.1,MEDIUM
Contractor,Engineering,Finance System,3,19.44,0,1,1,0,0,3.86,1,0.767,26.7,LOW
HR Specialist,Engineering,GitHub Project Alpha,1,21.49,1,0,1,1,4,14.06,1,0.048,99.0,HIGH
QA Engineer,Finance,HR Database,3,8.33,0,1,0,0,0,2.51,1,0.993,45.6,MEDIUM
Finance Analyst,HR,GitHub Project Alpha,1,1.45,1,1,1,0,2,10.74,0,0.229,97.0,HIGH
Software Developer,HR,Project Management System,1,16.28,0,1,1,1,0,2.48,1,0.829,2.2,LOW
QA Engineer,Engineering,Project Management System,1,11.79,0,1,0,1,0,2.6,1,0.624,24.3,LOW
Contractor,Engineering,Finance System,3,8.93,0,1,1,0,1,0.77,1,0.889,33.7,MEDIUM
System Administrator,Finance,Finance System,3,16.71,0,0,1,1,1,1.06,1,0.763,39.2,MEDIUM
Finance Analyst,Finance,HR Database,3,11.53,0,0,1,0,0,1.1,1,0.841,51.2,MEDIUM
Software Developer,IT,Finance System,3,12.13,0,1,0,0,0,1.35,1,0.846,52.8,MEDIUM
DevOps Engineer,HR,Production Database,4,16.87,0,1,1,0,1,2.78,1,0.638,40.8,MEDIUM
Software Developer,Product,Development Server,2,19.25,0,1,1,0,1,1.41,1,0.864,37.3,MEDIUM
Finance Analyst,Engineering,HR Database,3,13.0,0,1,0,0,0,3.12,1,0.835,46.8,MEDIUM
QA Engineer,HR,Development Server,2,18.32,0,1,1,0,0,2.76,1,0.878,27.5,LOW
Finance Analyst,Engineering,HR Database,3,8.14,0,1,1,0,0,0.66,1,0.816,28.4,LOW
Product Manager,Product,Development Server,2,12.53,0,1,1,0,1,0.8,1,0.818,36.5,MEDIUM
Finance Analyst,Finance,Development Server,2,8.59,0,1,1,0,0,2.86,1,0.652,27.4,LOW
Software Developer,IT,Project Management System,1,3.04,1,0,0,1,3,4.86,1,0.091,92.2,HIGH
Software Developer,Finance,Project Management System,1,15.31,0,1,1,1,0,1.03,1,0.716,5.0,LOW
DevOps Engineer,IT,HR Database,3,19.64,0,1,1,0,0,2.62,1,0.878,26.2,LOW
QA Engineer,HR,Project Management System,1,14.33,0,1,1,1,1,0.09,1,0.99,7.9,LOW
HR Specialist,HR,Development Server,2,7.61,0,1,1,0,1,2.99,1,0.943,34.2,MEDIUM
Finance Analyst,Finance,Finance System,3,19.92,0,1,1,1,1,3.81,1,0.853,20.0,LOW
HR Specialist,IT,HR Database,3,5.45,1,0,0,0,2,3.38,1,0.579,99.6,HIGH
QA Engineer,HR,HR Database,3,11.92,0,1,0,1,1,0.61,1,0.918,33.8,MEDIUM
System Administrator,HR,GitHub Project Alpha,1,2.34,1,0,0,0,4,13.09,0,0.394,98.9,HIGH
Product Manager,Product,Development Server,2,7.17,0,1,1,0,0,4.5,0,0.649,39.6,MEDIUM
DevOps Engineer,Engineering,Admin Panel,4,9.93,0,1,0,0,0,2.54,1,0.911,48.9,MEDIUM
QA Engineer,HR,GitHub Project Alpha,1,10.78,0,1,1,0,0,4.15,1,0.924,22.1,LOW
Contractor,IT,Admin Panel,4,13.07,0,1,1,1,1,2.43,1,0.892,18.5,LOW
QA Engineer,IT,Project Management System,1,13.83,0,1,1,1,0,1.59,1,0.601,8.0,LOW
Product Manager,IT,Production Database,4,18.88,0,1,1,1,0,2.07,1,0.892,13.2,LOW
Software Developer,Engineering,Admin Panel,4,7.61,0,1,1,0,0,3.0,1,0.83,30.2,MEDIUM
Product Manager,Product,Project Management System,1,3.94,1,0,0,1,1,4.88,1,0.365,74.9,HIGH
Product Manager,HR,Production Database,4,16.38,0,1,1,0,1,3.45,1,0.938,38.7,MEDIUM
Software Developer,IT,Production Database,4,12.06,0,1,1,1,0,4.12,1,0.848,15.2,LOW
DevOps Engineer,Finance,Project Management System,1,13.54,0,0,1,1,0,1.44,1,0.997,24.2,LOW
Finance Analyst,HR,Production Database,4,11.3,0,1,1,0,0,1.55,1,0.805,31.2,MEDIUM
Contractor,Product,Project Management System,1,15.7,0,1,1,1,0,0.13,1,0.78,5.4,LOW
System Administrator,Product,Project Management System,1,18.44,0,1,1,1,0,2.48,1,0.942,3.3,LOW
QA Engineer,IT,Project Management System,1,18.68,0,1,1,1,0,0.95,1,0.631,4.7,LOW
QA Engineer,Product,Admin Panel,4,0.26,1,0,0,0,2,9.16,1,0.135,100.0,HIGH
QA Engineer,Engineering,Production Database,4,12.33,0,1,1,1,0,0.22,1,0.693,16.9,LOW
Finance Analyst,IT,Project Management System,1,8.63,0,1,1,1,0,4.75,1,0.624,8.2,LOW
Contractor,HR,GitHub Project Alpha,1,8.16,0,0,1,0,0,4.54,1,0.66,43.8,MEDIUM
DevOps Engineer,IT,Finance System,3,5.8,1,0,0,0,1,10.0,1,0.379,100.0,HIGH
QA Engineer,Engineering,Project Management System,1,8.77,0,1,1,1,0,4.95,1,0.981,3.5,LOW
Finance Analyst,Finance,Finance System,3,17.76,0,1,1,1,1,1.35,1,0.786,15.7,LOW
Software Developer,Engineering,Development Server,2,23.22,1,0,0,1,4,8.89,1,0.396,97.4,HIGH
Contractor,HR,Production Database,4,1.12,1,0,0,0,4,13.43,1,0.571,100.0,HIGH
HR Specialist,IT,Finance System,3,8.01,0,1,1,0,1,0.22,1,0.75,41.6,MEDIUM
Finance Analyst,Finance,Production Database,4,22.72,1,0,1,0,0,12.98,1,0.323,100.0,HIGH
Finance Analyst,HR,Production Database,4,7.47,0,1,1,0,1,1.37,1,0.624,42.6,MEDIUM
HR Specialist,IT,GitHub Project Alpha,1,13.01,0,1,1,0,0,4.99,1,0.894,23.3,LOW
QA Engineer,Engineering,Production Database,4,22.19,1,0,0,1,2,4.21,1,0.13,92.1,HIGH
System Administrator,IT,HR Database,3,19.27,0,1,1,0,0,1.06,1,0.838,25.9,LOW
Finance Analyst,HR,HR Database,3,17.98,0,1,1,1,0,2.99,1,0.631,14.3,LOW
Finance Analyst,Engineering,Admin Panel,4,14.67,0,1,1,0,0,2.44,1,0.717,33.6,MEDIUM
Finance Analyst,Product,Production Database,4,1.81,1,0,0,0,5,10.97,1,0.407,100.0,HIGH
QA Engineer,IT,Finance System,3,2.33,1,0,0,0,5,8.57,1,0.436,97.0,HIGH
QA Engineer,Finance,Development Server,2,8.28,0,0,1,0,0,4.36,1,0.854,49.9,MEDIUM
HR Specialist,Product,GitHub Project Alpha,1,21.02,1,0,0,1,1,9.94,1,0.048,97.1,HIGH
DevOps Engineer,IT,HR Database,3,17.8,0,1,1,0,1,1.6,1,0.871,35.1,MEDIUM
QA Engineer,IT,Admin Panel,4,17.84,0,1,0,1,1,0.26,1,0.766,40.2,MEDIUM
Product Manager,HR,Finance System,3,15.79,0,0,1,0,0,3.2,1,0.631,54.4,MEDIUM
Product Manager,IT,Production Database,4,22.38,1,0,0,1,3,9.01,1,0.262,100.0,HIGH
Finance Analyst,Engineering,Production Database,4,14.96,0,1,1,1,1,4.94,1,0.621,22.7,LOW
Finance Analyst,Finance,HR Database,3,15.94,0,1,1,0,1,1.67,1,0.936,34.6,MEDIUM
System Administrator,HR,Finance System,3,21.22,1,0,0,0,3,7.98,1,0.493,100.0,HIGH
HR Specialist,IT,GitHub Project Alpha,1,1.85,1,0,0,0,5,5.02,1,0.032,100.0,HIGH
Finance Analyst,HR,Production Database,4,19.51,0,1,1,0,0,4.06,1,0.855,31.5,MEDIUM
Software Developer,Finance,Finance System,3,21.83,1,0,1,1,4,7.54,1,0.398,91.2,HIGH
System Administrator,Engineering,Project Management System,1,13.04,0,1,1,1,1,3.92,1,0.712,11.8,LOW
System Administrator,HR,GitHub Project Alpha,1,7.38,0,1,1,0,0,2.77,1,0.909,26.5,LOW
HR Specialist,Engineering,Development Server,2,11.43,0,1,1,1,0,1.51,1,0.831,7.4,LOW
QA Engineer,HR,Development Server,2,23.11,1,0,0,0,5,4.78,1,0.221,100.0,HIGH
Contractor,Product,Development Server,2,17.97,0,1,1,0,0,0.99,1,0.747,24.2,LOW
DevOps Engineer,Product,GitHub Project Alpha,1,3.44,1,1,1,1,4,3.22,1,0.287,60.0,MEDIUM
Software Developer,HR,HR Database,3,4.94,1,0,0,1,4,6.48,1,0.494,99.0,HIGH
Finance Analyst,Product,Project Management System,1,22.26,1,1,0,1,0,13.97,1,0.435,76.9,HIGH
Software Developer,Product,GitHub Project Alpha,1,13.69,0,1,1,1,0,0.48,1,0.713,5.5,LOW
Contractor,IT,HR Database,3,12.44,0,0,1,0,1,2.58,1,0.984,55.3,MEDIUM
DevOps Engineer,Product,Development Server,2,17.03,0,1,1,0,0,0.11,1,0.938,26.0,LOW
Contractor,Finance,Finance System,3,5.87,1,1,1,1,5,3.35,1,0.01,74.3,HIGH
DevOps Engineer,HR,Production Database,4,3.75,1,0,0,0,2,13.96,1,0.121,100.0,HIGH
Product Manager,Product,Production Database,4,5.84,1,0,0,0,5,4.53,1,0.223,100.0,HIGH
DevOps Engineer,Finance,Project Management System,1,7.19,0,1,1,1,0,3.83,1,0.654,9.9,LOW
DevOps Engineer,HR,GitHub Project Alpha,1,11.58,0,1,1,0,1,2.01,1,0.9,32.7,MEDIUM
Contractor,IT,GitHub Project Alpha,1,10.51,0,1,1,0,0,1.33,1,0.631,23.6,LOW
Software Developer,IT,HR Database,3,23.46,1,0,0,0,0,6.77,0,0.346,97.4,HIGH
Contractor,IT,Development Server,2,12.94,0,1,1,0,0,1.32,1,0.912,26.2,LOW
System Administrator,Product,Production Database,4,12.73,0,1,1,0,0,1.27,1,0.82,28.1,LOW
Contractor,Product,Admin Panel,4,7.18,0,1,1,0,0,1.16,1,0.853,30.4,MEDIUM
System Administrator,Product,Finance System,3,14.74,0,1,1,0,0,2.04,1,0.942,26.5,LOW
Finance Analyst,Product,Development Server,2,1.6,1,1,0,0,4,14.59,1,0.547,99.6,HIGH
Contractor,Product,GitHub Project Alpha,1,13.01,0,1,1,1,1,3.12,1,0.876,10.2,LOW
Finance Analyst,Product,Admin Panel,4,8.07,0,1,1,0,0,2.28,1,0.647,30.8,MEDIUM
Contractor,Engineering,Project Management System,1,21.86,1,0,0,1,2,5.02,0,0.363,98.1,HIGH
DevOps Engineer,Product,GitHub Project Alpha,1,21.02,1,0,1,1,4,14.36,1,0.081,100.0,HIGH
HR Specialist,IT,Admin Panel,4,18.74,0,1,1,1,0,0.82,1,0.818,13.3,LOW
System Administrator,Finance,GitHub Project Alpha,1,16.43,0,1,1,0,0,4.31,1,0.606,29.9,LOW
Product Manager,IT,Development Server,2,8.35,0,1,1,0,0,3.83,1,0.913,22.8,LOW
QA Engineer,Product,Project Management System,1,17.97,0,1,0,1,0,4.77,1,0.667,22.4,LOW
Software Developer,Finance,Production Database,4,19.36,0,1,1,0,0,0.85,1,0.997,31.9,MEDIUM
QA Engineer,HR,Admin Panel,4,23.06,1,0,0,0,4,11.48,1,0.028,100.0,HIGH
DevOps Engineer,Finance,GitHub Project Alpha,1,11.73,0,1,1,0,0,3.84,1,0.88,21.2,LOW
Product Manager,Finance,GitHub Project Alpha,1,15.74,0,1,1,0,0,4.1,1,0.846,21.7,LOW
Software Developer,Engineering,Development Server,2,22.08,1,0,1,1,4,4.64,1,0.391,78.2,HIGH
Software Developer,IT,HR Database,3,9.46,0,0,1,0,0,0.66,1,0.796,49.6,MEDIUM
Product Manager,Finance,Production Database,4,21.76,1,1,0,0,1,12.53,1,0.384,96.7,HIGH
Finance Analyst,HR,Production Database,4,9.36,0,1,1,0,0,0.07,1,0.704,31.5,MEDIUM
Contractor,Product,HR Database,3,23.64,1,0,0,0,3,9.16,1,0.088,100.0,HIGH
Contractor,IT,HR Database,3,19.73,0,1,1,0,0,3.74,1,0.813,29.5,LOW
Software Developer,HR,Development Server,2,12.78,0,1,1,0,0,0.32,1,0.821,30.3,MEDIUM
Contractor,Finance,Finance System,3,0.09,1,1,0,1,5,10.81,1,0.486,99.9,HIGH
Contractor,HR,Development Server,2,18.47,0,1,1,0,0,0.26,1,0.966,23.0,LOW
Product Manager,Finance,Project Management System,1,8.78,0,1,1,1,0,4.8,1,0.974,5.2,LOW
HR Specialist,HR,Project Management System,1,9.88,0,1,0,1,0,3.86,1,0.845,20.5,LOW
Software Developer,IT,Production Database,4,14.86,0,1,1,1,0,4.36,1,0.926,8.5,LOW
Software Developer,Engineering,GitHub Project Alpha,1,3.05,1,0,1,1,3,5.42,0,0.214,83.2,HIGH
QA Engineer,Engineering,HR Database,3,5.2,1,0,1,0,1,9.79,1,0.426,100.0,HIGH
System Administrator,IT,GitHub Project Alpha,1,15.47,0,1,1,0,0,3.64,1,0.894,23.4,LOW
Finance Analyst,HR,Admin Panel,4,21.86,1,1,0,0,4,12.74,0,0.35,100.0,HIGH
HR Specialist,Finance,Development Server,2,8.56,0,1,1,0,0,3.07,1,0.769,27.0,LOW
QA Engineer,IT,Project Management System,1,22.17,1,0,0,1,1,14.33,0,0.375,99.4,HIGH
DevOps Engineer,Finance,GitHub Project Alpha,1,13.87,0,1,1,0,0,0.51,1,0.797,24.0,LOW
Product Manager,Engineering,Finance System,3,13.53,0,1,0,0,0,4.71,1,0.695,49.3,MEDIUM
System Administrator,Product,Finance System,3,10.24,0,1,0,0,0,1.24,1,0.746,50.9,MEDIUM
Contractor,Finance,HR Database,3,19.44,0,1,1,0,0,3.86,1,0.711,26.6,LOW
QA Engineer,IT,Project Management System,1,13.92,0,1,1,1,0,0.8,1,0.955,1.7,LOW
Finance Analyst,Product,Finance System,3,19.03,0,1,1,0,0,3.35,1,0.644,31.6,MEDIUM
System Administrator,Engineering,Admin Panel,4,22.22,1,1,1,0,4,6.02,0,0.05,100.0,HIGH
QA Engineer,IT,GitHub Project Alpha,1,2.89,1,0,0,0,1,9.27,1,0.194,96.7,HIGH
Product Manager,Product,Production Database,4,18.37,0,1,1,0,0,1.55,1,0.896,33.9,MEDIUM
Finance Analyst,HR,Finance System,3,21.97,1,0,1,0,2,11.4,1,0.008,96.2,HIGH
HR Specialist,Engineering,GitHub Project Alpha,1,9.12,0,0,1,1,0,3.89,1,0.894,19.8,LOW
Contractor,Engineering,HR Database,3,8.7,0,1,1,0,0,0.5,1,0.687,34.1,MEDIUM
Contractor,HR,Development Server,2,10.22,0,1,1,0,1,0.9,1,0.727,39.2,MEDIUM
Product Manager,Finance,Project Management System,1,17.69,0,1,1,1,0,0.09,1,0.881,3.3,LOW
Contractor,Finance,Production Database,4,22.81,1,0,0,0,0,11.87,1,0.457,100.0,HIGH
Finance Analyst,Product,Production Database,4,3.95,1,0,0,0,3,13.23,1,0.11,96.9,HIGH
System Administrator,Product,Finance System,3,10.09,0,1,1,0,0,0.44,1,0.655,34.2,MEDIUM
Product Manager,Engineering,GitHub Project Alpha,1,3.81,1,0,0,1,1,12.54,0,0.594,100.0,HIGH
QA Engineer,IT,HR Database,3,11.95,0,1,1,0,1,3.99,1,0.883,39.4,MEDIUM
Product Manager,Engineering,Production Database,4,22.71,1,0,0,1,5,3.61,1,0.287,98.9,HIGH
Contractor,HR,HR Database,3,15.93,0,0,1,1,0,1.46,1,0.719,29.2,LOW
Software Developer,Finance,Production Database,4,1.1,1,1,1,0,5,7.27,1,0.043,100.0,HIGH
Software Developer,Engineering,Production Database,4,21.13,1,0,0,1,2,3.66,1,0.11,92.4,HIGH
Software Developer,Engineering,Admin Panel,4,19.75,0,1,1,0,0,2.62,1,0.729,36.4,MEDIUM
Software Developer,IT,Production Database,4,1.72,1,0,1,1,2,5.67,0,0.308,89.1,HIGH
DevOps Engineer,Product,Finance System,3,10.32,0,1,1,0,0,2.08,1,0.818,26.3,LOW
Software Developer,Engineering,GitHub Project Alpha,1,19.13,0,0,1,1,0,4.71,1,0.871,20.1,LOW
Contractor,Product,HR Database,3,23.77,1,0,1,0,2,7.48,1,0.357,98.6,HIGH
Finance Analyst,Finance,Production Database,4,11.89,0,1,1,0,0,4.58,0,0.986,46.8,MEDIUM
Product Manager,Engineering,Production Database,4,18.18,0,1,0,1,1,3.53,1,0.961,39.7,MEDIUM
Finance Analyst,Engineering,Admin Panel,4,8.1,0,1,1,0,0,2.75,1,0.605,36.8,MEDIUM
QA Engineer,Product,Project Management System,1,14.3,0,1,1,1,0,2.68,1,0.939,0.6,LOW
Contractor,IT,Production Database,4,4.06,1,0,1,1,4,10.99,1,0.462,97.2,HIGH
DevOps Engineer,Finance,Production Database,4,17.78,0,1,1,0,0,0.92,1,0.959,33.2,MEDIUM
QA Engineer,Engineering,Project Management System,1,10.38,0,1,0,1,0,0.87,1,0.799,28.4,LOW
DevOps Engineer,IT,Admin Panel,4,5.19,1,0,1,1,4,6.78,0,0.293,98.4,HIGH
DevOps Engineer,IT,Finance System,3,21.88,1,0,0,0,4,14.04,1,0.302,98.9,HIGH
System Administrator,Product,Project Management System,1,1.53,1,0,1,1,5,10.63,1,0.514,99.6,HIGH
Finance Analyst,HR,HR Database,3,15.88,0,1,0,1,0,1.88,1,0.624,34.4,MEDIUM
Software Developer,Finance,Project Management System,1,21.55,1,1,0,1,4,12.0,1,0.097,98.1,HIGH
HR Specialist,IT,HR Database,3,15.6,0,1,0,0,0,0.32,1,0.605,53.9,MEDIUM
Contractor,HR,Project Management System,1,4.08,1,0,0,1,1,13.03,1,0.155,100.0,HIGH
QA Engineer,HR,GitHub Project Alpha,1,14.41,0,1,1,0,0,3.03,1,0.777,27.8,LOW
DevOps Engineer,Product,Project Management System,1,11.84,0,1,1,1,0,1.24,1,0.69,5.5,LOW
Software Developer,Finance,Production Database,4,5.36,1,1,0,0,1,4.9,1,0.081,85.4,HIGH
DevOps Engineer,Product,Project Management System,1,15.03,0,0,1,1,0,2.61,1,0.968,23.2,LOW
QA Engineer,HR,GitHub Project Alpha,1,0.39,1,0,0,0,5,10.0,0,0.16,100.0,HIGH
HR Specialist,IT,HR Database,3,14.79,0,1,1,0,0,4.83,1,0.974,29.8,LOW
Finance Analyst,Engineering,GitHub Project Alpha,1,4.98,1,0,1,1,2,10.72,1,0.029,95.8,HIGH
Contractor,Engineering,Development Server,2,15.03,0,1,1,1,0,0.52,1,0.997,4.8,LOW
Product Manager,IT,Finance System,3,16.58,0,1,1,0,1,4.65,1,0.601,40.5,MEDIUM
HR Specialist,Finance,Production Database,4,21.29,1,0,0,0,0,13.78,1,0.404,99.1,HIGH
HR Specialist,Finance,GitHub Project Alpha,1,11.82,0,1,1,0,1,2.49,1,0.873,35.3,MEDIUM
QA Engineer,Engineering,GitHub Project Alpha,1,14.16,0,1,1,1,1,3.17,1,0.834,14.2,LOW
Product Manager,Finance,Finance System,3,19.64,0,1,1,1,0,0.68,1,0.687,11.1,LOW
QA Engineer,Product,HR Database,3,1.62,1,1,0,0,5,10.37,1,0.124,100.0,HIGH
QA Engineer,IT,HR Database,3,11.83,0,1,1,0,0,0.38,1,0.784,28.3,LOW
DevOps Engineer,IT,Production Database,4,22.77,1,1,0,1,4,6.49,1,0.169,96.4,HIGH
QA Engineer,IT,GitHub Project Alpha,1,15.85,0,1,0,0,1,4.44,1,0.609,52.3,MEDIUM
DevOps Engineer,Finance,GitHub Project Alpha,1,18.06,0,0,1,0,0,1.99,1,0.639,46.3,MEDIUM
Software Developer,HR,Development Server,2,21.12,1,0,0,0,3,11.64,1,0.068,100.0,HIGH
QA Engineer,HR,Finance System,3,17.1,0,1,1,0,0,1.62,1,0.742,33.4,MEDIUM
QA Engineer,IT,HR Database,3,13.05,0,1,1,0,0,1.15,1,0.934,28.0,LOW
QA Engineer,HR,Finance System,3,0.83,1,0,1,0,3,14.96,1,0.336,98.9,HIGH
DevOps Engineer,HR,Admin Panel,4,23.09,1,0,1,0,4,4.85,1,0.219,98.0,HIGH
Software Developer,IT,Project Management System,1,19.84,0,1,1,1,0,4.02,1,0.964,4.6,LOW
System Administrator,Engineering,Production Database,4,16.96,0,1,1,1,0,2.71,1,0.72,14.9,LOW
DevOps Engineer,HR,Finance System,3,21.66,1,0,0,0,0,12.59,0,0.211,100.0,HIGH
Finance Analyst,HR,Production Database,4,23.71,1,1,0,0,1,3.39,1,0.194,80.2,HIGH
System Administrator,HR,Finance System,3,11.14,0,1,1,0,0,0.8,1,0.627,28.2,LOW
System Administrator,IT,Finance System,3,13.35,0,1,1,0,0,1.54,1,0.929,28.2,LOW
QA Engineer,HR,Finance System,3,18.67,0,1,1,0,0,3.93,1,0.772,26.2,LOW
System Administrator,Engineering,Finance System,3,16.08,0,1,1,0,1,4.08,1,0.683,35.3,MEDIUM
Software Developer,Product,GitHub Project Alpha,1,22.23,1,0,1,1,1,14.35,1,0.22,85.8,HIGH
Contractor,Engineering,GitHub Project Alpha,1,13.57,0,1,1,1,0,0.73,1,0.881,6.2,LOW
Software Developer,Engineering,Admin Panel,4,18.74,0,1,1,0,0,3.25,1,0.661,34.4,MEDIUM
Contractor,IT,HR Database,3,19.29,0,1,0,0,0,1.1,1,0.725,53.0,MEDIUM
Software Developer,Engineering,GitHub Project Alpha,1,5.59,1,1,0,1,0,6.17,1,0.477,50.3,MEDIUM
Finance Analyst,Finance,Finance System,3,15.64,0,1,1,1,1,0.38,1,0.686,21.5,LOW
DevOps Engineer,Finance,Development Server,2,2.53,1,0,0,0,5,5.7,0,0.426,100.0,HIGH
Software Developer,HR,Development Server,2,9.7,0,1,1,0,0,2.14,1,0.692,25.2,LOW
Contractor,Engineering,Admin Panel,4,13.51,0,1,1,0,0,4.37,1,0.779,29.3,LOW
HR Specialist,HR,HR Database,3,22.63,1,0,0,1,1,3.6,0,0.227,90.2,HIGH
QA Engineer,IT,HR Database,3,23.83,1,0,1,0,2,6.62,1,0.295,95.8,HIGH
Software Developer,Finance,HR Database,3,19.88,0,1,1,0,0,3.04,1,0.853,25.2,LOW
HR Specialist,Finance,Finance System,3,14.68,0,1,1,1,1,3.86,1,0.994,11.7,LOW
System Administrator,Engineering,Development Server,2,21.43,1,1,1,1,1,12.51,1,0.317,64.8,MEDIUM
DevOps Engineer,Finance,Project Management System,1,5.82,1,1,0,1,1,6.31,1,0.085,58.0,MEDIUM
Product Manager,HR,HR Database,3,11.93,0,1,1,1,0,1.81,1,0.655,9.9,LOW
QA Engineer,HR,Development Server,2,1.99,1,0,0,0,4,14.6,1,0.155,100.0,HIGH
HR Specialist,Engineering,HR Database,3,15.03,0,1,1,0,0,2.88,1,0.726,30.5,MEDIUM
System Administrator,Product,HR Database,3,18.54,0,1,0,0,0,2.43,1,0.715,53.5,MEDIUM
Contractor,Product,HR Database,3,2.86,1,0,0,0,0,7.78,1,0.248,100.0,HIGH
System Administrator,Finance,Admin Panel,4,16.54,0,1,1,0,0,1.9,1,0.999,26.9,LOW
System Administrator,IT,Admin Panel,4,11.93,0,1,1,1,0,4.93,1,0.613,10.9,LOW
DevOps Engineer,HR,Project Management System,1,14.84,0,1,0,1,0,3.69,1,0.806,22.1,LOW
Finance Analyst,Product,Finance System,3,9.0,0,1,1,0,0,2.07,1,0.773,30.9,MEDIUM
QA Engineer,Product,HR Database,3,15.65,0,1,1,0,0,0.57,1,0.827,31.4,MEDIUM
Contractor,HR,Project Management System,1,5.32,1,0,1,1,5,10.85,1,0.47,100.0,HIGH
Software Developer,Finance,Development Server,2,11.1,0,1,1,0,0,2.14,1,0.731,27.7,LOW
Software Developer,HR,Project Management System,1,21.8,1,0,0,1,2,3.69,1,0.478,79.9,HIGH
Product Manager,Finance,Production Database,4,7.7,0,1,0,0,0,1.36,1,0.718,52.3,MEDIUM
DevOps Engineer,IT,Admin Panel,4,10.98,0,1,1,1,0,2.44,1,0.88,15.1,LOW
DevOps Engineer,Engineering,Finance System,3,18.29,0,1,1,0,0,4.48,1,0.963,31.4,MEDIUM
Software Developer,Engineering,Finance System,3,22.11,1,1,0,0,0,3.52,1,0.13,69.0,MEDIUM
Software Developer,HR,Production Database,4,7.42,0,1,1,0,0,1.79,1,0.638,29.8,LOW
Software Developer,Product,Project Management System,1,8.77,0,1,1,1,0,4.58,1,0.772,8.2,LOW
Contractor,HR,Development Server,2,19.1,0,0,1,0,0,2.79,1,0.674,44.9,MEDIUM
Finance Analyst,HR,GitHub Project Alpha,1,12.83,0,1,1,0,0,2.55,1,0.72,23.6,LOW
DevOps Engineer,Engineering,Development Server,2,12.16,0,0,0,1,0,4.93,1,0.716,44.2,MEDIUM
DevOps Engineer,HR,Production Database,4,10.99,0,1,0,0,0,3.7,1,0.709,50.7,MEDIUM
Product Manager,Product,GitHub Project Alpha,1,18.16,0,0,0,1,0,3.79,1,0.616,45.2,MEDIUM
DevOps Engineer,Engineering,HR Database,3,13.8,0,1,0,0,0,0.93,1,0.635,52.2,MEDIUM
HR Specialist,Finance,GitHub Project Alpha,1,14.12,0,1,1,0,0,2.37,1,0.672,22.7,LOW
Contractor,Product,Production Database,4,12.63,0,1,1,0,0,3.6,1,0.859,28.7,LOW
DevOps Engineer,Finance,Production Database,4,3.5,1,0,0,0,0,4.5,1,0.335,92.4,HIGH
Finance Analyst,IT,Development Server,2,8.36,0,1,0,0,0,4.29,1,0.964,42.0,MEDIUM
Finance Analyst,Engineering,Project Management System,1,11.82,0,0,1,1,1,4.01,1,0.844,34.9,MEDIUM
HR Specialist,IT,Finance System,3,17.37,0,1,1,0,0,0.96,1,0.996,26.4,LOW
Finance Analyst,HR,GitHub Project Alpha,1,17.63,0,1,1,0,0,3.66,1,0.7,22.7,LOW
Software Developer,HR,Admin Panel,4,4.52,1,0,1,0,1,3.42,1,0.479,80.6,HIGH
Product Manager,IT,Production Database,4,12.69,0,1,1,1,0,3.02,1,0.628,17.7,LOW
Software Developer,Finance,Development Server,2,14.92,0,1,1,0,0,4.59,1,0.859,27.4,LOW
HR Specialist,Finance,Project Management System,1,10.46,0,1,1,1,1,0.58,1,0.691,16.1,LOW
Software Developer,Finance,Admin Panel,4,3.92,1,1,0,0,0,14.1,1,0.439,100.0,HIGH
DevOps Engineer,Engineering,HR Database,3,8.12,0,1,1,0,0,1.37,1,0.637,31.9,MEDIUM
DevOps Engineer,Finance,Finance System,3,8.7,0,1,1,1,0,1.74,1,0.633,13.7,LOW
Software Developer,Product,Development Server,2,15.21,0,1,1,0,0,0.81,1,0.889,28.1,LOW
Finance Analyst,Finance,Production Database,4,13.57,0,1,1,0,0,1.36,1,0.645,31.8,MEDIUM
Software Developer,Finance,Admin Panel,4,19.32,0,1,1,0,1,2.98,1,0.735,42.4,MEDIUM
Product Manager,HR,GitHub Project Alpha,1,18.33,0,1,0,0,0,4.57,1,0.726,44.1,MEDIUM
Finance Analyst,IT,Admin Panel,4,16.78,0,1,1,1,0,2.34,1,0.8,10.0,LOW
Software Developer,IT,Project Management System,1,22.64,1,0,0,1,4,14.94,1,0.153,97.2,HIGH
DevOps Engineer,Finance,Project Management System,1,8.47,0,1,1,1,0,2.26,1,0.818,3.6,LOW
Contractor,Finance,Project Management System,1,12.98,0,1,1,1,0,3.38,1,0.827,4.5,LOW
Contractor,Finance,Development Server,2,16.68,0,1,1,0,0,3.89,1,0.718,27.2,LOW
Finance Analyst,Product,Development Server,2,14.54,0,1,1,0,0,0.72,1,0.824,27.4,LOW
Finance Analyst,HR,Admin Panel,4,21.29,1,1,0,0,0,13.19,0,0.037,100.0,HIGH
Finance Analyst,HR,Project Management System,1,23.73,1,0,0,1,5,3.42,1,0.257,100.0,HIGH
Product Manager,Product,Development Server,2,9.17,0,1,1,0,0,0.97,1,0.701,28.3,LOW
Finance Analyst,Engineering,Production Database,4,0.74,1,1,0,1,5,11.8,1,0.18,96.2,HIGH
System Administrator,Engineering,GitHub Project Alpha,1,3.48,1,0,0,1,4,11.71,1,0.548,97.9,HIGH
Finance Analyst,Finance,Project Management System,1,11.34,0,0,1,1,0,3.23,1,0.698,25.1,LOW
HR Specialist,HR,Production Database,4,11.07,0,1,1,0,0,2.2,1,0.962,28.7,LOW
DevOps Engineer,HR,Admin Panel,4,11.36,0,1,1,0,0,4.5,1,0.729,32.1,MEDIUM
System Administrator,Product,HR Database,3,8.63,0,1,1,0,0,0.64,1,0.908,25.9,LOW
DevOps Engineer,Product,Development Server,2,15.71,0,1,1,0,0,3.21,1,0.652,29.9,LOW
Finance Analyst,Product,Development Server,2,11.96,0,1,1,0,0,3.61,1,0.942,21.9,LOW
System Administrator,Finance,Development Server,2,15.1,0,1,1,0,0,3.47,1,0.752,30.4,MEDIUM
Finance Analyst,Finance,HR Database,3,18.94,0,1,1,0,0,1.84,1,0.635,34.1,MEDIUM
Contractor,Product,Development Server,2,17.62,0,1,1,0,0,4.31,1,0.927,28.1,LOW
QA Engineer,IT,Development Server,2,15.97,0,1,1,0,0,1.42,1,0.924,24.1,LOW
HR Specialist,Product,GitHub Project Alpha,1,0.83,1,1,0,1,1,6.87,1,0.242,66.2,MEDIUM
DevOps Engineer,Engineering,Production Database,4,9.7,0,0,1,1,1,2.39,1,0.709,38.8,MEDIUM
HR Specialist,IT,Project Management System,1,14.31,0,1,1,1,0,3.45,1,0.927,0.0,LOW
Software Developer,HR,Finance System,3,13.32,0,1,1,0,1,3.97,1,0.976,36.8,MEDIUM
Contractor,Finance,Development Server,2,16.69,0,1,1,0,1,4.77,1,0.851,36.8,MEDIUM
Software Developer,Finance,Admin Panel,4,1.91,1,0,1,0,2,6.25,1,0.523,89.1,HIGH
DevOps Engineer,IT,Development Server,2,15.93,0,0,1,0,0,1.95,1,0.772,45.3,MEDIUM
Contractor,Product,Finance System,3,14.84,0,1,1,0,1,4.5,1,0.994,39.2,MEDIUM
Product Manager,HR,GitHub Project Alpha,1,14.89,0,1,1,0,1,3.81,1,0.699,35.9,MEDIUM
QA Engineer,IT,HR Database,3,11.64,0,1,1,0,0,1.7,1,0.656,31.0,MEDIUM
HR Specialist,Product,Production Database,4,22.19,1,0,0,0,0,13.04,1,0.549,99.2,HIGH
Product Manager,Product,Finance System,3,13.61,0,1,1,0,0,2.21,0,0.647,44.8,MEDIUM
HR Specialist,Finance,GitHub Project Alpha,1,21.56,1,0,0,0,1,5.08,1,0.286,92.9,HIGH
Contractor,Engineering,Project Management System,1,8.7,0,1,0,1,0,3.62,1,0.88,25.1,LOW
Software Developer,Product,GitHub Project Alpha,1,22.78,1,0,1,1,0,11.06,1,0.097,77.6,HIGH
DevOps Engineer,IT,Production Database,4,21.57,1,0,0,1,3,7.05,1,0.298,100.0,HIGH
Software Developer,HR,Admin Panel,4,21.7,1,0,0,0,0,11.95,0,0.32,100.0,HIGH
Product Manager,Engineering,Project Management System,1,4.58,1,0,0,1,5,3.8,1,0.366,99.6,HIGH
Software Developer,Product,GitHub Project Alpha,1,9.4,0,1,1,1,0,2.22,1,0.972,5.1,LOW
DevOps Engineer,Product,Admin Panel,4,15.81,0,1,1,0,1,4.41,1,0.658,37.5,MEDIUM
DevOps Engineer,IT,Admin Panel,4,12.7,0,1,1,1,0,2.52,1,0.674,14.7,LOW
DevOps Engineer,Product,Admin Panel,4,4.91,1,0,1,0,4,12.93,1,0.199,100.0,HIGH
Software Developer,Product,GitHub Project Alpha,1,23.4,1,0,0,1,1,7.52,1,0.425,80.9,HIGH
DevOps Engineer,Finance,Finance System,3,7.46,0,1,1,1,0,0.22,1,0.889,5.6,LOW
QA Engineer,HR,GitHub Project Alpha,1,21.43,1,0,0,0,3,15.0,1,0.46,100.0,HIGH
Product Manager,Product,Production Database,4,7.93,0,1,1,0,0,3.23,1,0.69,31.5,MEDIUM
DevOps Engineer,Engineering,Project Management System,1,17.79,0,1,1,1,0,4.62,0,0.694,21.2,LOW
Contractor,HR,Production Database,4,12.11,0,1,1,0,0,4.49,1,0.966,33.2,MEDIUM
Software Developer,IT,Admin Panel,4,2.66,1,0,1,1,5,8.21,1,0.082,100.0,HIGH
Product Manager,Finance,GitHub Project Alpha,1,12.32,0,0,1,0,0,4.91,1,0.783,43.0,MEDIUM
DevOps Engineer,Engineering,Project Management System,1,7.87,0,1,0,1,0,2.19,1,0.661,28.4,LOW
Software Developer,IT,Development Server,2,13.3,0,1,1,0,1,0.42,1,0.695,38.8,MEDIUM
Contractor,IT,GitHub Project Alpha,1,21.66,1,0,0,0,3,12.85,1,0.203,99.2,HIGH
Contractor,Product,Production Database,4,17.63,0,1,1,0,0,2.79,1,0.687,29.7,LOW
HR Specialist,IT,GitHub Project Alpha,1,22.35,1,0,0,0,0,7.52,1,0.188,98.9,HIGH
Contractor,IT,Admin Panel,4,4.16,1,1,0,1,4,4.78,0,0.347,95.7,HIGH
HR Specialist,IT,HR Database,3,11.93,0,1,1,0,0,4.84,1,0.759,31.8,MEDIUM
System Administrator,HR,Project Management System,1,4.93,1,0,0,1,4,10.88,1,0.192,97.3,HIGH
HR Specialist,HR,Production Database,4,21.73,1,0,0,0,5,5.64,0,0.0,99.5,HIGH
QA Engineer,IT,Admin Panel,4,11.62,0,1,1,1,0,0.64,1,0.989,6.4,LOW
Product Manager,IT,Production Database,4,7.63,0,1,1,1,1,4.01,1,0.851,21.8,LOW
QA Engineer,IT,Finance System,3,10.21,0,1,1,0,0,0.02,1,0.845,29.9,LOW
HR Specialist,Engineering,Finance System,3,9.34,0,1,1,0,0,2.67,1,0.751,28.4,LOW
HR Specialist,Product,Admin Panel,4,21.61,1,0,0,0,2,10.26,1,0.371,98.6,HIGH
Contractor,Product,Development Server,2,7.59,0,1,1,0,0,2.67,1,0.705,24.0,LOW
HR Specialist,HR,GitHub Project Alpha,1,11.79,0,1,1,0,0,3.93,1,0.916,22.7,LOW
Product Manager,HR,Development Server,2,10.78,0,1,1,0,1,3.47,1,0.902,36.0,MEDIUM
System Administrator,Product,HR Database,3,3.53,1,0,1,0,3,11.65,1,0.019,100.0,HIGH
HR Specialist,HR,Admin Panel,4,21.78,1,1,0,0,2,11.86,1,0.213,100.0,HIGH
Software Developer,Engineering,Finance System,3,21.32,1,1,0,0,0,13.87,1,0.186,97.0,HIGH
HR Specialist,Finance,Finance System,3,11.61,0,1,1,1,0,4.06,1,0.676,14.7,LOW
QA Engineer,Finance,Project Management System,1,12.72,0,0,1,1,0,4.58,1,0.782,24.2,LOW
DevOps Engineer,HR,Production Database,4,1.61,1,1,0,0,5,13.71,1,0.005,96.4,HIGH
System Administrator,Engineering,Admin Panel,4,15.49,0,1,1,0,0,1.49,1,0.924,30.6,MEDIUM
Contractor,Finance,Admin Panel,4,10.89,0,1,1,0,0,4.71,1,0.903,27.0,LOW
Software Developer,HR,Production Database,4,21.37,1,0,0,0,4,14.39,1,0.287,100.0,HIGH
Contractor,HR,Admin Panel,4,11.05,0,1,1,0,0,4.59,1,0.907,32.1,MEDIUM
DevOps Engineer,Engineering,Development Server,2,9.55,0,1,1,1,0,4.45,1,0.74,10.0,LOW
Contractor,Product,Project Management System,1,17.86,0,1,1,1,0,1.75,1,0.737,7.7,LOW
DevOps Engineer,Product,HR Database,3,4.56,1,0,1,0,5,6.03,1,0.142,98.5,HIGH
DevOps Engineer,IT,GitHub Project Alpha,1,2.81,1,0,0,0,5,4.46,1,0.157,100.0,HIGH
Finance Analyst,Product,GitHub Project Alpha,1,21.08,1,0,0,1,3,14.99,0,0.025,100.0,HIGH
Software Developer,Product,GitHub Project Alpha,1,19.55,0,0,1,1,0,0.29,1,0.667,26.7,LOW
Finance Analyst,IT,Admin Panel,4,11.76,0,1,1,1,0,3.22,1,0.744,15.7,LOW
Contractor,HR,Finance System,3,12.73,0,1,1,0,0,4.82,1,0.992,26.2,LOW
System Administrator,IT,Admin Panel,4,14.34,0,1,1,1,0,2.77,1,0.962,8.7,LOW
QA Engineer,Finance,Admin Panel,4,11.32,0,1,0,0,1,3.61,1,0.987,55.9,MEDIUM
QA Engineer,Product,Development Server,2,23.4,1,1,1,0,0,10.01,1,0.329,73.8,HIGH
Product Manager,HR,Finance System,3,7.65,0,1,1,0,0,3.14,1,0.669,33.6,MEDIUM
Software Developer,Finance,HR Database,3,22.66,1,1,0,0,5,9.29,0,0.197,96.2,HIGH
Product Manager,Engineering,Development Server,2,10.91,0,1,0,1,0,2.87,1,0.795,24.7,LOW
Contractor,HR,HR Database,3,17.47,0,1,1,1,0,0.04,1,0.858,6.7,LOW
QA Engineer,Product,Project Management System,1,12.11,0,0,1,1,0,4.77,1,0.743,27.1,LOW
QA Engineer,Engineering,Admin Panel,4,8.34,0,1,1,0,0,4.04,1,0.784,33.1,MEDIUM
QA Engineer,Product,Project Management System,1,17.81,0,1,1,1,0,0.54,1,0.604,8.7,LOW
Software Developer,Product,GitHub Project Alpha,1,11.94,0,1,1,1,0,4.25,1,0.993,1.9,LOW
DevOps Engineer,Product,Development Server,2,18.67,0,1,1,0,0,3.75,1,0.939,27.7,LOW
Finance Analyst,Finance,Production Database,4,15.43,0,0,1,0,0,4.32,1,0.915,50.1,MEDIUM
System Administrator,HR,Finance System,3,12.39,0,1,0,0,0,4.49,1,0.708,48.8,MEDIUM
HR Specialist,Product,Development Server,2,16.17,0,1,0,0,0,4.67,1,0.902,46.1,MEDIUM
Software Developer,Product,HR Database,3,15.07,0,1,1,0,0,0.77,1,0.671,31.2,MEDIUM
Finance Analyst,Product,Production Database,4,15.68,0,0,1,0,0,0.07,1,0.963,50.8,MEDIUM
Finance Analyst,Product,Project Management System,1,21.05,1,1,0,1,5,14.46,1,0.304,96.7,HIGH
HR Specialist,HR,Development Server,2,23.49,1,0,0,0,3,4.13,1,0.347,100.0,HIGH
HR Specialist,IT,GitHub Project Alpha,1,9.52,0,1,1,0,0,0.74,1,0.757,26.8,LOW
QA Engineer,Product,GitHub Project Alpha,1,16.83,0,1,1,1,0,1.3,1,0.812,0.9,LOW
Product Manager,Product,Production Database,4,14.77,0,1,1,0,0,4.33,1,0.746,35.0,MEDIUM
Product Manager,Product,GitHub Project Alpha,1,10.16,0,1,1,1,0,3.69,1,0.807,2.6,LOW
QA Engineer,IT,GitHub Project Alpha,1,0.71,1,1,0,0,3,14.08,0,0.009,98.2,HIGH
HR Specialist,IT,Development Server,2,8.11,0,1,1,0,0,1.77,1,0.752,27.5,LOW
Contractor,Product,HR Database,3,7.38,0,1,1,0,0,0.36,1,0.728,29.2,LOW
HR Specialist,Engineering,Production Database,4,22.39,1,1,1,1,0,11.85,0,0.563,73.8,HIGH
Software Developer,IT,Development Server,2,4.8,1,0,0,0,1,3.75,1,0.54,89.2,HIGH
QA Engineer,Finance,Development Server,2,16.38,0,1,1,0,0,3.82,1,0.962,23.2,LOW
Contractor,IT,Admin Panel,4,2.67,1,1,0,1,4,9.61,1,0.486,99.1,HIGH
DevOps Engineer,IT,Production Database,4,17.99,0,1,0,1,0,0.03,1,0.989,33.0,MEDIUM
HR Specialist,IT,Admin Panel,4,21.73,1,0,1,1,2,4.38,1,0.106,71.0,HIGH
Software Developer,Product,GitHub Project Alpha,1,10.56,0,1,1,1,0,0.49,1,0.895,1.4,LOW
Finance Analyst,IT,Admin Panel,4,15.18,0,0,1,1,0,0.43,1,0.928,33.6,MEDIUM
DevOps Engineer,IT,HR Database,3,22.82,1,0,0,0,5,9.4,1,0.585,100.0,HIGH
Software Developer,HR,Development Server,2,9.13,0,0,1,0,0,1.02,1,0.652,48.5,MEDIUM
System Administrator,Product,GitHub Project Alpha,1,14.99,0,1,1,1,0,3.35,1,0.78,1.0,LOW
DevOps Engineer,HR,Development Server,2,0.21,1,0,0,0,0,14.68,0,0.519,99.7,HIGH
Finance Analyst,Engineering,GitHub Project Alpha,1,19.49,0,1,0,1,0,3.69,1,0.81,24.9,LOW
HR Specialist,Finance,GitHub Project Alpha,1,15.59,0,1,1,0,0,1.65,1,0.76,22.2,LOW
Contractor,HR,Production Database,4,21.61,1,0,0,0,1,5.21,0,0.422,100.0,HIGH
DevOps Engineer,Product,Project Management System,1,4.66,1,0,0,1,4,14.53,1,0.183,100.0,HIGH
Contractor,IT,Production Database,4,5.34,1,0,1,1,4,12.64,1,0.045,100.0,HIGH
System Administrator,Product,HR Database,3,19.89,0,1,1,0,0,4.96,1,0.85,31.0,MEDIUM
HR Specialist,Finance,HR Database,3,15.73,0,1,1,0,0,2.89,1,0.973,25.0,LOW
Product Manager,IT,Finance System,3,13.57,0,1,1,0,0,2.16,1,0.627,29.9,LOW
HR Specialist,HR,Development Server,2,22.48,1,0,1,0,5,11.41,1,0.269,98.4,HIGH
DevOps Engineer,HR,GitHub Project Alpha,1,15.85,0,1,1,0,0,1.37,1,0.737,28.5,LOW
HR Specialist,IT,Admin Panel,4,21.03,1,1,1,1,4,12.44,1,0.078,93.8,HIGH
Software Developer,Finance,Production Database,4,19.88,0,1,1,0,0,2.4,1,0.758,36.3,MEDIUM
System Administrator,Product,Admin Panel,4,23.22,1,1,1,0,0,12.29,1,0.509,81.5,HIGH
Product Manager,Engineering,Project Management System,1,23.41,1,0,0,1,2,6.25,1,0.576,81.7,HIGH
System Administrator,Finance,Development Server,2,3.57,1,0,1,0,2,12.65,1,0.381,100.0,HIGH
DevOps Engineer,IT,Production Database,4,7.06,0,1,0,1,0,2.11,1,0.729,35.0,MEDIUM
Contractor,HR,GitHub Project Alpha,1,5.75,1,1,0,0,5,3.34,1,0.007,96.5,HIGH
System Administrator,HR,Admin Panel,4,0.26,1,1,0,0,3,9.99,1,0.269,100.0,HIGH
Product Manager,Product,Finance System,3,15.25,0,1,1,0,0,1.89,1,0.997,30.9,MEDIUM
HR Specialist,Engineering,GitHub Project Alpha,1,9.11,0,1,1,1,1,1.29,1,0.621,15.4,LOW
Product Manager,HR,Production Database,4,14.17,0,1,1,0,0,1.67,1,0.966,27.7,LOW
DevOps Engineer,IT,Production Database,4,21.98,1,1,1,1,4,10.16,1,0.446,89.4,HIGH
QA Engineer,IT,Admin Panel,4,16.59,0,1,1,1,0,0.42,1,0.759,8.5,LOW
Product Manager,HR,Production Database,4,23.73,1,0,0,0,2,12.09,1,0.017,97.6,HIGH
HR Specialist,IT,Finance System,3,13.23,0,0,1,0,0,0.43,1,0.808,51.9,MEDIUM
Finance Analyst,HR,Finance System,3,17.04,0,1,1,0,0,1.28,1,0.765,26.9,LOW
Product Manager,HR,Finance System,3,10.49,0,1,1,0,0,1.95,1,0.767,32.6,MEDIUM
DevOps Engineer,Product,GitHub Project Alpha,1,4.78,1,0,1,1,3,10.13,0,0.023,96.7,HIGH
HR Specialist,Engineering,Production Database,4,10.73,0,1,1,1,1,0.26,1,0.995,19.0,LOW
HR Specialist,HR,Admin Panel,4,2.47,1,0,0,0,3,4.19,1,0.242,96.2,HIGH
DevOps Engineer,Finance,Finance System,3,3.93,1,0,0,1,4,4.71,1,0.036,100.0,HIGH
Software Developer,HR,Finance System,3,22.03,1,0,1,0,1,13.55,1,0.219,100.0,HIGH
System Administrator,Finance,Finance System,3,13.97,0,1,1,1,0,0.05,1,0.712,9.4,LOW
DevOps Engineer,HR,Project Management System,1,18.3,0,1,1,1,0,2.15,1,0.684,5.8,LOW
QA Engineer,IT,Project Management System,1,13.72,0,1,0,1,0,0.08,1,0.942,26.3,LOW
Finance Analyst,Engineering,Production Database,4,14.15,0,1,1,1,0,3.05,1,0.744,13.1,LOW
Finance Analyst,Engineering,Development Server,2,14.9,0,1,0,1,0,2.35,1,0.98,26.4,LOW
Software Developer,Product,Finance System,3,10.52,0,1,1,0,0,0.19,1,0.975,24.8,LOW
Product Manager,IT,Development Server,2,8.14,0,1,1,0,0,3.82,1,0.909,22.8,LOW
Contractor,Engineering,Finance System,3,21.24,1,0,1,0,0,14.6,0,0.593,97.4,HIGH
System Administrator,IT,Finance System,3,18.43,0,1,1,0,1,4.74,1,0.875,35.1,MEDIUM
Contractor,Finance,Production Database,4,18.81,0,1,1,0,0,2.64,1,0.716,30.8,MEDIUM
DevOps Engineer,HR,Project Management System,1,7.76,0,0,1,1,0,4.74,1,0.604,24.8,LOW
Finance Analyst,Finance,Finance System,3,22.81,1,0,0,1,1,7.62,1,0.309,89.8,HIGH
HR Specialist,HR,HR Database,3,12.77,0,1,1,1,0,3.45,1,0.717,7.0,LOW
DevOps Engineer,Product,GitHub Project Alpha,1,21.96,1,0,1,1,4,4.12,1,0.483,73.3,HIGH
QA Engineer,Product,HR Database,3,12.91,0,0,1,0,0,0.54,1,0.785,49.1,MEDIUM
Product Manager,HR,Production Database,4,14.8,0,1,1,0,0,1.93,1,0.973,29.0,LOW
DevOps Engineer,HR,Project Management System,1,8.55,0,1,0,1,0,1.71,1,0.856,26.3,LOW
Product Manager,Product,Finance System,3,19.56,0,1,1,0,1,4.9,1,0.867,34.1,MEDIUM
Contractor,Product,Development Server,2,3.29,1,0,0,0,3,12.86,1,0.486,96.8,HIGH
QA Engineer,Engineering,Finance System,3,8.79,0,1,1,0,0,1.26,1,0.758,30.2,MEDIUM
System Administrator,Engineering,HR Database,3,14.81,0,1,1,0,0,4.7,1,0.601,30.2,MEDIUM
Product Manager,HR,Production Database,4,16.24,0,1,1,0,0,1.29,1,0.628,31.1,MEDIUM
HR Specialist,Finance,Development Server,2,15.42,0,1,1,0,0,2.0,1,0.647,28.3,LOW
Software Developer,Product,GitHub Project Alpha,1,15.34,0,1,0,1,0,0.77,1,0.903,19.6,LOW
System Administrator,Engineering,HR Database,3,3.79,1,0,1,0,4,14.3,1,0.143,100.0,HIGH
Product Manager,Finance,HR Database,3,23.31,1,0,1,0,3,10.59,1,0.475,100.0,HIGH
Finance Analyst,HR,Project Management System,1,18.82,0,1,1,1,1,0.73,1,0.841,12.5,LOW
HR Specialist,IT,Admin Panel,4,22.01,1,1,0,1,4,11.38,1,0.465,100.0,HIGH
Finance Analyst,IT,Production Database,4,15.47,0,0,1,1,0,1.35,1,0.836,33.6,MEDIUM
Software Developer,Finance,HR Database,3,23.35,1,0,0,0,1,7.69,1,0.443,97.4,HIGH
DevOps Engineer,Engineering,Development Server,2,0.38,1,0,1,1,3,5.2,1,0.477,71.3,HIGH
HR Specialist,Engineering,Admin Panel,4,7.64,0,1,1,0,1,0.85,1,0.743,41.2,MEDIUM
Software Developer,Product,Admin Panel,4,10.47,0,1,1,0,0,3.54,0,0.614,51.7,MEDIUM
Finance Analyst,IT,Production Database,4,10.74,0,1,1,1,0,3.74,1,0.766,9.7,LOW
QA Engineer,Product,Production Database,4,23.46,1,0,0,0,0,8.7,1,0.421,100.0,HIGH
Contractor,IT,HR Database,3,8.14,0,1,1,0,0,1.71,1,0.879,32.0,MEDIUM
Contractor,Engineering,HR Database,3,15.68,0,1,1,0,0,1.92,1,0.915,24.6,LOW
Product Manager,Finance,Development Server,2,12.3,0,1,1,0,0,1.63,1,0.644,26.8,LOW
Software Developer,Engineering,HR Database,3,19.35,0,1,1,0,0,1.44,1,0.794,29.7,LOW
QA Engineer,HR,Production Database,4,23.92,1,1,0,0,3,4.99,1,0.206,99.7,HIGH
DevOps Engineer,Finance,Production Database,4,22.65,1,0,1,0,4,3.04,1,0.498,100.0,HIGH
Contractor,Finance,Production Database,4,11.84,0,1,1,0,1,2.81,1,0.782,38.5,MEDIUM
Finance Analyst,IT,Admin Panel,4,8.79,0,1,0,1,1,3.74,1,0.787,40.6,MEDIUM
HR Specialist,IT,Production Database,4,5.26,1,0,0,1,5,9.24,1,0.38,100.0,HIGH
DevOps Engineer,Product,GitHub Project Alpha,1,11.47,0,1,1,1,0,1.9,1,0.919,2.5,LOW
HR Specialist,HR,Finance System,3,2.0,1,1,0,0,5,3.26,1,0.021,100.0,HIGH
HR Specialist,Engineering,GitHub Project Alpha,1,23.44,1,0,0,1,1,8.97,0,0.469,100.0,HIGH
Finance Analyst,Engineering,Production Database,4,7.89,0,1,1,1,1,0.94,1,0.908,17.2,LOW
System Administrator,Product,Project Management System,1,17.89,0,0,1,1,1,2.66,1,0.657,31.5,MEDIUM
System Administrator,Engineering,Development Server,2,11.45,0,1,1,1,0,0.39,1,0.746,6.3,LOW
HR Specialist,Product,GitHub Project Alpha,1,21.07,1,0,0,1,1,5.1,1,0.329,71.4,HIGH
System Administrator,Engineering,GitHub Project Alpha,1,10.99,0,0,1,1,0,0.53,1,0.719,26.5,LOW
Finance Analyst,Engineering,Project Management System,1,10.67,0,1,1,1,0,1.26,1,0.98,0.0,LOW
System Administrator,HR,Finance System,3,15.54,0,1,0,0,0,0.74,1,0.662,49.5,MEDIUM
Product Manager,IT,Finance System,3,18.1,0,1,1,0,0,3.77,1,0.629,29.0,LOW
System Administrator,Product,HR Database,3,18.33,0,1,1,0,0,2.6,1,0.747,32.8,MEDIUM
Software Developer,HR,HR Database,3,17.72,0,1,1,1,0,1.98,0,0.814,26.6,LOW
HR Specialist,Engineering,GitHub Project Alpha,1,21.4,1,0,0,1,0,10.3,1,0.426,86.6,HIGH
Finance Analyst,Engineering,Production Database,4,16.21,0,1,1,1,0,4.9,1,0.824,9.7,LOW
Product Manager,HR,Development Server,2,7.22,0,1,1,0,0,1.54,1,0.667,26.1,LOW
HR Specialist,Engineering,Finance System,3,0.85,1,0,1,0,1,13.3,1,0.535,97.8,HIGH
System Administrator,Engineering,Admin Panel,4,18.02,0,1,1,0,0,1.57,1,0.884,30.7,MEDIUM
DevOps Engineer,IT,GitHub Project Alpha,1,18.11,0,1,1,0,0,0.06,1,0.818,28.0,LOW
System Administrator,Finance,Finance System,3,8.9,0,1,1,1,0,3.3,1,0.793,10.3,LOW
HR Specialist,IT,Finance System,3,17.46,0,1,1,0,1,3.34,1,0.979,38.0,MEDIUM
DevOps Engineer,Product,GitHub Project Alpha,1,17.97,0,1,1,1,0,4.13,1,0.955,1.4,LOW
Contractor,Finance,Development Server,2,18.77,0,1,1,0,1,2.11,1,0.769,31.6,MEDIUM
DevOps Engineer,Finance,Project Management System,1,22.39,1,1,1,1,1,4.28,1,0.407,33.9,MEDIUM
Finance Analyst,Finance,HR Database,3,14.6,0,1,1,0,1,2.87,1,0.722,41.2,MEDIUM
QA Engineer,IT,HR Database,3,16.95,0,1,1,0,1,1.57,1,0.695,39.1,MEDIUM
DevOps Engineer,Finance,Project Management System,1,19.14,0,1,0,1,0,1.99,1,0.906,27.4,LOW
System Administrator,Finance,Development Server,2,8.94,0,1,1,0,0,3.56,1,0.902,24.2,LOW
HR Specialist,IT,GitHub Project Alpha,1,12.07,0,1,1,0,1,1.62,1,0.979,27.7,LOW
Finance Analyst,Product,Production Database,4,18.47,0,1,1,0,1,4.96,1,0.635,43.4,MEDIUM
System Administrator,Engineering,HR Database,3,21.31,1,0,1,0,1,3.63,1,0.02,83.9,HIGH
QA Engineer,Finance,Admin Panel,4,22.79,1,0,0,0,1,13.34,1,0.519,100.0,HIGH
Software Developer,Product,Finance System,3,0.56,1,0,0,0,2,10.05,1,0.582,99.5,HIGH
Contractor,IT,Production Database,4,1.49,1,1,0,1,5,11.19,1,0.162,98.8,HIGH
System Administrator,Engineering,Development Server,2,23.22,1,0,0,1,2,8.9,1,0.319,97.6,HIGH
Finance Analyst,IT,Development Server,2,11.19,0,1,1,0,0,1.88,1,0.782,23.5,LOW
Software Developer,Product,GitHub Project Alpha,1,22.39,1,1,1,1,5,3.34,1,0.154,62.4,MEDIUM
System Administrator,IT,Admin Panel,4,1.48,1,0,0,1,0,9.07,1,0.036,94.4,HIGH
Finance Analyst,HR,Development Server,2,17.85,0,1,1,0,0,4.05,1,0.893,28.9,LOW
Finance Analyst,Product,Development Server,2,9.5,0,1,1,0,0,3.87,1,0.711,24.6,LOW
HR Specialist,Finance,HR Database,3,18.99,0,1,1,0,1,1.06,1,0.921,39.9,MEDIUM
Software Developer,Finance,Production Database,4,0.34,1,0,0,0,2,7.73,1,0.39,100.0,HIGH
HR Specialist,Product,Project Management System,1,5.89,1,0,0,1,5,7.5,1,0.3,100.0,HIGH
Finance Analyst,Engineering,Admin Panel,4,8.86,0,1,1,0,0,2.03,1,0.8,31.9,MEDIUM
Finance Analyst,Engineering,HR Database,3,23.46,1,0,0,0,5,11.11,0,0.439,97.8,HIGH
QA Engineer,Finance,HR Database,3,22.25,1,0,0,0,0,11.06,1,0.261,99.0,HIGH
Product Manager,Engineering,Production Database,4,15.46,0,1,1,1,0,0.83,1,0.691,15.0,LOW
Finance Analyst,Finance,Admin Panel,4,5.72,1,0,0,0,3,10.92,1,0.046,97.3,HIGH
Finance Analyst,Product,Admin Panel,4,12.03,0,1,1,0,0,4.58,1,0.888,34.8,MEDIUM
Finance Analyst,HR,Project Management System,1,18.59,0,1,1,1,1,2.72,1,0.663,12.1,LOW
Software Developer,IT,Finance System,3,14.89,0,1,1,0,0,3.67,1,0.892,26.5,LOW
Contractor,Engineering,Development Server,2,17.93,0,1,1,1,0,3.68,1,0.838,7.2,LOW
Finance Analyst,Engineering,Admin Panel,4,22.07,1,0,0,0,5,3.34,1,0.463,97.9,HIGH
DevOps Engineer,Finance,Project Management System,1,8.57,0,1,1,1,1,2.41,1,0.859,10.7,LOW
HR Specialist,HR,Project Management System,1,12.92,0,1,1,1,0,1.61,1,0.922,7.2,LOW
Contractor,HR,HR Database,3,15.19,0,1,1,1,0,0.03,1,0.939,4.7,LOW
Software Developer,IT,GitHub Project Alpha,1,14.34,0,1,1,0,0,4.88,1,0.891,23.2,LOW
QA Engineer,HR,Finance System,3,11.72,0,1,1,0,0,1.62,1,0.708,33.2,MEDIUM
Finance Analyst,Finance,HR Database,3,7.58,0,1,1,0,1,0.61,1,0.69,37.1,MEDIUM
Contractor,Finance,Project Management System,1,14.86,0,1,1,1,0,1.16,1,0.761,3.4,LOW
System Administrator,HR,GitHub Project Alpha,1,10.34,0,1,1,0,0,3.71,1,0.793,24.3,LOW
HR Specialist,Product,Project Management System,1,14.61,0,1,0,1,0,0.18,1,0.754,28.0,LOW
Software Developer,Product,Production Database,4,9.78,0,1,1,0,0,4.16,1,0.792,33.5,MEDIUM
Software Developer,Finance,Project Management System,1,16.04,0,1,1,1,0,3.93,1,0.609,9.2,LOW
Finance Analyst,IT,Admin Panel,4,22.92,1,0,0,1,4,13.39,1,0.459,100.0,HIGH
System Administrator,Product,Project Management System,1,10.86,0,1,1,1,1,3.53,1,0.81,13.8,LOW
Finance Analyst,Finance,Production Database,4,8.4,0,1,1,0,0,4.93,1,0.935,27.1,LOW
Finance Analyst,Finance,GitHub Project Alpha,1,23.73,1,0,0,0,4,12.25,1,0.025,99.4,HIGH
Product Manager,HR,Finance System,3,10.77,0,1,1,0,0,1.76,1,0.659,32.3,MEDIUM
Product Manager,Product,GitHub Project Alpha,1,22.84,1,0,0,1,4,13.92,0,0.549,97.9,HIGH
System Administrator,HR,Finance System,3,2.94,1,0,0,0,2,3.65,0,0.109,100.0,HIGH
Finance Analyst,Finance,Admin Panel,4,22.64,1,0,0,0,0,3.97,1,0.521,91.4,HIGH
System Administrator,Product,Development Server,2,12.33,0,1,0,0,1,3.12,1,0.82,53.1,MEDIUM
QA Engineer,IT,Development Server,2,7.84,0,1,1,0,0,2.88,1,0.711,24.9,LOW
Software Developer,Finance,GitHub Project Alpha,1,21.43,1,0,0,0,5,11.62,1,0.265,100.0,HIGH
DevOps Engineer,Product,Production Database,4,12.66,0,0,0,0,0,0.59,1,0.923,73.5,HIGH
Software Developer,IT,Admin Panel,4,21.56,1,0,0,1,2,5.54,1,0.433,87.2,HIGH
Contractor,HR,Development Server,2,5.98,1,1,1,0,1,6.47,1,0.148,60.6,MEDIUM
Software Developer,Engineering,Development Server,2,11.18,0,1,1,1,0,2.3,1,0.998,6.0,LOW
DevOps Engineer,Engineering,Development Server,2,15.34,0,1,1,1,0,2.24,1,0.693,8.4,LOW
QA Engineer,Product,Production Database,4,18.29,0,1,1,0,1,1.0,1,0.619,43.4,MEDIUM
System Administrator,Finance,Project Management System,1,10.85,0,1,1,1,0,3.88,1,0.712,6.7,LOW
System Administrator,Product,Project Management System,1,11.75,0,1,1,1,0,3.81,1,0.864,3.3,LOW
Finance Analyst,HR,Production Database,4,2.02,1,0,0,0,0,3.01,1,0.436,92.4,HIGH
Contractor,Product,Development Server,2,9.88,0,1,1,0,1,3.38,1,0.797,37.5,MEDIUM
QA Engineer,Product,Admin Panel,4,9.15,0,0,1,0,0,4.23,1,0.856,54.5,MEDIUM
HR Specialist,Product,Development Server,2,19.96,0,1,0,0,0,4.24,1,0.85,49.0,MEDIUM
DevOps Engineer,IT,Project Management System,1,15.76,0,1,1,1,0,1.06,1,0.752,8.3,LOW
DevOps Engineer,Product,GitHub Project Alpha,1,12.06,0,1,1,1,0,3.64,1,0.945,2.0,LOW
Finance Analyst,Engineering,Admin Panel,4,16.56,0,1,1,0,0,1.19,1,0.839,33.3,MEDIUM
Finance Analyst,IT,Project Management System,1,15.5,0,1,1,1,0,2.65,1,0.938,1.4,LOW
QA Engineer,Finance,Project Management System,1,22.11,1,0,0,1,4,4.02,1,0.336,93.9,HIGH
HR Specialist,Finance,Development Server,2,16.34,0,1,1,0,0,4.2,1,0.869,23.5,LOW
DevOps Engineer,Engineering,Development Server,2,11.77,0,1,1,1,1,2.64,1,0.695,15.5,LOW
DevOps Engineer,Finance,GitHub Project Alpha,1,19.33,0,1,1,0,0,4.5,1,0.913,24.7,LOW
System Administrator,Product,Finance System,3,22.92,1,0,0,0,0,3.73,1,0.397,84.7,HIGH
Finance Analyst,Product,Development Server,2,7.51,0,0,1,0,0,3.53,1,0.686,49.9,MEDIUM
Finance Analyst,Finance,Admin Panel,4,15.64,0,1,1,0,0,3.39,1,0.791,35.4,MEDIUM
System Administrator,IT,Project Management System,1,14.65,0,1,1,1,0,2.87,1,0.622,8.3,LOW
System Administrator,Product,Development Server,2,11.29,0,1,1,0,1,1.24,1,0.884,31.9,MEDIUM
HR Specialist,HR,GitHub Project Alpha,1,8.84,0,1,1,0,0,2.32,1,0.826,23.2,LOW
QA Engineer,Finance,HR Database,3,11.58,0,1,1,0,0,2.43,1,0.689,27.3,LOW
System Administrator,Engineering,Development Server,2,15.89,0,1,1,1,0,0.93,1,0.857,5.1,LOW
Finance Analyst,Finance,Production Database,4,22.09,1,0,1,0,2,11.38,1,0.551,99.1,HIGH
HR Specialist,HR,Finance System,3,1.44,1,0,1,0,2,10.43,1,0.235,97.6,HIGH
Product Manager,Finance,Production Database,4,17.55,0,1,1,0,0,3.23,1,0.79,32.9,MEDIUM
HR Specialist,HR,GitHub Project Alpha,1,21.89,1,0,0,0,0,5.78,1,0.495,90.1,HIGH
Contractor,Finance,GitHub Project Alpha,1,22.08,1,1,1,0,4,6.52,1,0.457,86.5,HIGH
QA Engineer,IT,HR Database,3,22.87,1,0,0,0,2,4.47,1,0.328,97.3,HIGH
Product Manager,Finance,GitHub Project Alpha,1,11.87,0,1,1,0,1,3.52,1,0.815,34.8,MEDIUM
Software Developer,Product,GitHub Project Alpha,1,11.9,0,1,1,1,0,2.46,1,0.81,6.4,LOW
Finance Analyst,IT,HR Database,3,9.16,0,1,1,0,0,0.88,1,0.697,27.2,LOW
System Administrator,Product,Project Management System,1,8.97,0,0,1,1,1,4.18,1,0.907,33.0,MEDIUM
HR Specialist,Product,GitHub Project Alpha,1,16.49,0,1,1,1,0,4.68,1,0.829,4.4,LOW
Finance Analyst,Engineering,Finance System,3,17.62,0,1,1,0,0,4.51,1,0.892,29.6,LOW
Contractor,Product,Admin Panel,4,18.32,0,1,1,0,0,1.99,1,0.674,35.1,MEDIUM
Finance Analyst,Finance,Finance System,3,13.05,0,1,1,1,0,3.22,1,0.919,7.2,LOW
Product Manager,Engineering,Project Management System,1,4.56,1,0,0,1,5,13.94,0,0.582,100.0,HIGH
Software Developer,Product,HR Database,3,5.47,1,1,0,0,4,10.01,1,0.045,100.0,HIGH
System Administrator,Product,Development Server,2,22.36,1,1,0,0,5,11.11,1,0.227,96.8,HIGH
Finance Analyst,HR,HR Database,3,9.58,0,1,1,1,0,2.07,1,0.961,9.1,LOW
DevOps Engineer,HR,Development Server,2,12.99,0,1,1,0,0,0.84,1,0.726,30.7,MEDIUM
QA Engineer,Product,Development Server,2,13.62,0,1,1,0,0,2.43,1,0.72,29.9,LOW
Software Developer,HR,Project Management System,1,21.46,1,1,0,1,3,12.5,1,0.432,99.4,HIGH
DevOps Engineer,IT,Admin Panel,4,13.03,0,1,0,1,0,3.24,1,0.76,33.6,MEDIUM
Software Developer,Engineering,Project Management System,1,9.6,0,1,1,1,0,0.31,1,0.859,5.3,LOW
System Administrator,Product,HR Database,3,16.04,0,1,1,0,0,4.88,1,0.822,32.3,MEDIUM
Contractor,Finance,Admin Panel,4,5.73,1,0,0,0,2,6.06,1,0.564,96.2,HIGH
Contractor,HR,Project Management System,1,11.98,0,1,1,1,0,0.38,1,0.856,3.0,LOW
System Administrator,Finance,Production Database,4,22.57,1,0,0,0,5,3.11,1,0.495,98.6,HIGH
Finance Analyst,Engineering,Project Management System,1,12.0,0,1,1,1,0,2.82,1,0.986,1.5,LOW
System Administrator,IT,Project Management System,1,14.33,0,1,1,1,0,4.35,1,0.905,0.0,LOW
Product Manager,Finance,HR Database,3,13.01,0,1,1,0,1,1.99,1,0.988,34.6,MEDIUM
DevOps Engineer,IT,Finance System,3,5.06,1,1,0,0,5,9.18,1,0.165,99.2,HIGH
DevOps Engineer,HR,Finance System,3,12.68,0,1,1,0,0,4.43,1,0.783,27.7,LOW
Contractor,Engineering,GitHub Project Alpha,1,23.87,1,0,0,1,0,7.41,1,0.119,77.0,HIGH
DevOps Engineer,Engineering,Admin Panel,4,21.43,1,0,0,0,3,9.07,1,0.022,98.2,HIGH
HR Specialist,HR,HR Database,3,13.04,0,1,1,1,0,2.09,1,0.916,8.0,LOW
Contractor,HR,Development Server,2,23.08,1,0,0,0,4,11.01,1,0.026,100.0,HIGH
Product Manager,HR,Development Server,2,4.02,1,0,0,0,2,13.21,1,0.099,98.3,HIGH
System Administrator,IT,Production Database,4,14.45,0,0,1,1,0,3.16,1,0.879,27.8,LOW
HR Specialist,IT,Finance System,3,10.52,0,1,0,0,0,3.64,1,0.62,48.1,MEDIUM
Finance Analyst,Product,Project Management System,1,7.8,0,1,1,1,0,4.37,1,0.867,5.6,LOW
DevOps Engineer,Product,Finance System,3,16.4,0,0,0,0,0,4.17,1,0.688,68.5,MEDIUM
System Administrator,Product,Development Server,2,8.17,0,1,1,0,0,0.73,1,0.733,28.1,LOW
QA Engineer,IT,Project Management System,1,11.33,0,0,1,1,0,0.02,1,0.916,23.6,LOW
System Administrator,IT,Finance System,3,19.72,0,1,1,0,0,1.86,1,0.706,31.3,MEDIUM
Contractor,Product,Admin Panel,4,12.42,0,1,0,0,1,2.53,1,0.871,61.6,MEDIUM
Finance Analyst,Finance,GitHub Project Alpha,1,10.5,0,1,1,0,0,0.76,1,0.8,25.6,LOW
System Administrator,Product,Finance System,3,0.25,1,0,1,0,0,11.36,1,0.467,94.4,HIGH
DevOps Engineer,Product,Finance System,3,12.52,0,1,1,0,1,0.3,1,0.71,40.5,MEDIUM
Finance Analyst,IT,HR Database,3,11.74,0,1,1,0,0,3.49,1,0.795,26.4,LOW
QA Engineer,Engineering,HR Database,3,23.88,1,0,0,0,5,13.45,1,0.576,98.7,HIGH
Contractor,Product,Finance System,3,5.5,1,0,0,0,5,8.4,1,0.509,98.4,HIGH
Product Manager,Finance,Development Server,2,4.32,1,0,0,0,2,7.16,1,0.293,100.0,HIGH
DevOps Engineer,Finance,Project Management System,1,16.33,0,1,1,1,0,4.25,1,0.908,1.6,LOW
DevOps Engineer,IT,Project Management System,1,21.81,1,1,0,1,5,4.68,1,0.293,82.6,HIGH
System Administrator,Finance,Finance System,3,4.18,1,0,0,1,0,7.42,1,0.577,80.4,HIGH
Product Manager,Engineering,Development Server,2,23.6,1,0,0,1,2,7.64,0,0.143,100.0,HIGH
Software Developer,HR,Development Server,2,11.49,0,1,1,0,0,3.87,1,0.936,23.7,LOW
Finance Analyst,IT,GitHub Project Alpha,1,16.79,0,0,1,0,0,2.3,1,0.704,41.8,MEDIUM
DevOps Engineer,Product,Finance System,3,13.53,0,1,1,0,0,4.96,1,0.636,34.3,MEDIUM
Contractor,Engineering,Development Server,2,19.3,0,1,1,1,0,1.79,1,0.755,8.6,LOW
QA Engineer,Engineering,Project Management System,1,9.41,0,1,1,1,1,1.54,1,0.961,13.1,LOW
Software Developer,Product,Project Management System,1,8.29,0,1,1,1,0,0.59,1,0.789,1.0,LOW
Contractor,Engineering,Project Management System,1,22.65,1,1,0,1,0,13.99,1,0.558,69.9,MEDIUM
Product Manager,Finance,Finance System,3,8.16,0,1,1,1,1,5.0,1,0.793,15.4,LOW
Contractor,Engineering,GitHub Project Alpha,1,0.35,1,0,1,1,3,9.43,1,0.34,91.2,HIGH
Product Manager,HR,Development Server,2,21.45,1,0,0,0,1,8.48,0,0.36,100.0,HIGH
Finance Analyst,Engineering,HR Database,3,16.56,0,1,1,0,0,1.91,1,0.6,27.9,LOW
Product Manager,HR,Finance System,3,18.39,0,1,1,0,1,0.42,1,0.933,34.5,MEDIUM
HR Specialist,Product,Production Database,4,17.96,0,0,1,0,0,4.37,1,0.929,50.3,MEDIUM
Product Manager,Finance,HR Database,3,19.08,0,1,1,0,0,2.38,1,0.93,31.4,MEDIUM
Contractor,Product,Production Database,4,13.5,0,1,1,0,0,0.84,1,0.843,32.4,MEDIUM
Contractor,Engineering,GitHub Project Alpha,1,15.75,0,1,1,1,0,4.89,1,0.634,5.8,LOW
HR Specialist,IT,HR Database,3,18.88,0,1,1,0,0,0.39,1,0.735,34.0,MEDIUM
Contractor,HR,Finance System,3,17.24,0,1,1,0,0,3.78,1,0.84,33.1,MEDIUM
Product Manager,Product,Project Management System,1,9.14,0,0,1,1,0,4.69,1,0.812,27.2,LOW
Contractor,HR,Development Server,2,17.68,0,1,1,0,0,3.08,0,0.773,40.3,MEDIUM
Finance Analyst,Product,GitHub Project Alpha,1,21.35,1,0,0,1,5,11.57,1,0.565,98.9,HIGH
DevOps Engineer,HR,Development Server,2,19.22,0,1,1,0,0,2.1,1,0.929,28.5,LOW
Product Manager,Product,Development Server,2,7.68,0,1,1,0,0,1.87,1,0.999,24.8,LOW
HR Specialist,HR,HR Database,3,11.67,0,1,1,1,0,4.76,1,0.956,4.8,LOW
System Administrator,IT,Admin Panel,4,4.71,1,0,0,1,2,5.5,1,0.362,91.2,HIGH
Finance Analyst,IT,GitHub Project Alpha,1,11.27,0,1,0,0,0,4.08,1,0.701,44.5,MEDIUM
System Administrator,HR,Finance System,3,16.68,0,1,1,0,0,0.64,1,0.861,25.9,LOW
Product Manager,IT,Development Server,2,0.35,1,0,0,0,2,11.84,1,0.225,100.0,HIGH
Finance Analyst,HR,GitHub Project Alpha,1,23.82,1,0,1,0,4,7.15,1,0.461,98.6,HIGH
Contractor,Finance,Admin Panel,4,22.55,1,1,0,0,4,5.14,1,0.479,96.3,HIGH
Contractor,Product,Production Database,4,1.51,1,0,1,0,0,14.62,1,0.548,97.2,HIGH
Contractor,Product,Project Management System,1,0.73,1,0,1,1,0,5.82,1,0.291,48.3,MEDIUM
Software Developer,IT,Project Management System,1,15.45,0,1,1,1,1,3.48,1,0.968,10.5,LOW
Product Manager,Product,HR Database,3,22.07,1,0,0,0,3,7.03,1,0.055,100.0,HIGH
HR Specialist,Finance,HR Database,3,9.92,0,1,1,0,0,1.53,1,0.621,33.3,MEDIUM
HR Specialist,IT,Admin Panel,4,19.99,0,1,1,1,0,1.39,1,0.988,9.8,LOW
DevOps Engineer,HR,HR Database,3,13.35,0,1,1,1,0,1.96,1,0.762,6.4,LOW
System Administrator,IT,Production Database,4,9.05,0,1,0,1,0,2.28,1,0.61,37.7,MEDIUM
System Administrator,HR,Development Server,2,23.94,1,1,0,0,2,8.61,1,0.309,100.0,HIGH
DevOps Engineer,IT,HR Database,3,21.83,1,0,1,0,3,10.82,1,0.347,100.0,HIGH
Finance Analyst,IT,GitHub Project Alpha,1,14.15,0,0,1,0,0,3.18,1,0.718,47.2,MEDIUM
Software Developer,Product,Finance System,3,5.21,1,1,0,0,2,7.28,1,0.322,96.8,HIGH
Product Manager,IT,Production Database,4,21.25,1,0,1,1,3,5.91,1,0.523,78.7,HIGH
System Administrator,IT,GitHub Project Alpha,1,11.97,0,1,1,0,0,2.1,0,0.963,41.4,MEDIUM
Contractor,HR,Production Database,4,1.27,1,0,1,0,0,11.48,0,0.582,98.9,HIGH
Contractor,Product,Production Database,4,11.32,0,1,1,0,0,2.66,1,0.668,29.8,LOW
Contractor,Product,Finance System,3,11.42,0,1,1,0,0,2.12,1,0.765,33.2,MEDIUM
Contractor,HR,Project Management System,1,7.81,0,1,1,1,0,3.56,1,0.884,4.0,LOW
Contractor,Engineering,HR Database,3,9.85,0,1,0,0,0,4.36,1,0.781,47.4,MEDIUM
HR Specialist,Product,Admin Panel,4,12.98,0,1,1,0,1,4.2,1,0.911,40.0,MEDIUM
Product Manager,HR,GitHub Project Alpha,1,22.98,1,0,0,0,3,13.82,1,0.511,100.0,HIGH
QA Engineer,IT,GitHub Project Alpha,1,14.12,0,1,1,0,0,0.3,1,0.909,21.8,LOW
HR Specialist,Engineering,Admin Panel,4,11.6,0,1,1,0,0,3.13,1,0.923,27.4,LOW
Contractor,Product,Finance System,3,18.51,0,1,1,0,1,3.48,1,0.729,37.8,MEDIUM
Product Manager,HR,HR Database,3,18.67,0,1,1,1,0,3.78,1,0.907,9.2,LOW
HR Specialist,HR,Development Server,2,23.64,1,0,0,0,0,14.2,1,0.316,100.0,HIGH
Contractor,IT,Admin Panel,4,17.13,0,0,1,1,0,3.54,1,0.792,29.9,LOW
System Administrator,Finance,GitHub Project Alpha,1,13.37,0,0,1,0,1,0.43,1,0.793,53.7,MEDIUM
HR Specialist,HR,Admin Panel,4,9.77,0,1,1,0,0,1.94,1,0.967,28.9,LOW
Contractor,IT,Project Management System,1,5.96,1,1,0,1,2,7.77,1,0.272,72.7,HIGH
QA Engineer,Finance,Production Database,4,2.26,1,0,1,0,1,3.24,1,0.205,81.2,HIGH
QA Engineer,IT,Admin Panel,4,14.46,0,1,1,1,0,4.12,1,0.718,14.9,LOW
System Administrator,HR,Finance System,3,19.98,0,1,1,0,0,3.44,1,0.638,32.7,MEDIUM
System Administrator,Engineering,Admin Panel,4,0.94,1,0,0,0,3,8.46,1,0.459,97.6,HIGH
Finance Analyst,Engineering,Admin Panel,4,13.07,0,1,1,0,0,2.06,1,0.93,29.7,LOW
System Administrator,Engineering,Development Server,2,11.11,0,1,1,1,0,1.6,1,0.629,8.5,LOW
Software Developer,Finance,GitHub Project Alpha,1,22.86,1,0,1,0,1,6.86,1,0.005,84.0,HIGH
HR Specialist,Product,HR Database,3,0.06,1,0,1,0,5,10.21,1,0.502,98.7,HIGH
QA Engineer,Product,GitHub Project Alpha,1,15.49,0,1,1,1,1,1.99,1,0.851,12.4,LOW
DevOps Engineer,Finance,Admin Panel,4,9.25,0,1,1,0,0,1.91,1,0.68,32.6,MEDIUM
System Administrator,IT,Development Server,2,15.81,0,1,1,0,0,3.41,1,0.64,27.7,LOW
Finance Analyst,IT,Project Management System,1,15.38,0,1,1,1,0,1.37,1,0.984,2.8,LOW
Finance Analyst,HR,Project Management System,1,13.73,0,1,1,1,0,1.6,1,0.945,6.5,LOW
System Administrator,HR,Project Management System,1,1.08,1,0,0,1,3,5.38,1,0.256,94.8,HIGH
QA Engineer,Product,Development Server,2,23.4,1,1,1,0,3,5.12,0,0.104,85.3,HIGH
Software Developer,IT,Production Database,4,12.14,0,1,1,1,1,0.53,1,0.623,18.5,LOW
DevOps Engineer,Finance,HR Database,3,22.11,1,0,1,0,0,8.87,1,0.019,95.4,HIGH
Software Developer,Finance,HR Database,3,1.56,1,1,0,0,2,7.72,1,0.445,99.6,HIGH
HR Specialist,Product,Development Server,2,8.54,0,1,1,0,0,0.98,1,0.674,31.9,MEDIUM
System Administrator,Product,Admin Panel,4,9.75,0,1,1,0,0,3.94,1,0.95,28.9,LOW
QA Engineer,IT,Development Server,2,0.35,1,0,0,0,2,8.77,1,0.045,100.0,HIGH
System Administrator,IT,Admin Panel,4,17.65,0,1,1,1,0,4.47,1,0.986,11.8,LOW
System Administrator,Product,Production Database,4,23.47,1,0,0,0,5,13.38,1,0.034,98.3,HIGH
Product Manager,Engineering,Production Database,4,12.66,0,1,1,1,0,4.46,0,0.854,25.0,LOW
QA Engineer,Engineering,Finance System,3,14.12,0,1,1,0,0,2.2,1,0.762,30.9,MEDIUM
Product Manager,Engineering,Admin Panel,4,23.86,1,1,0,0,2,9.07,1,0.37,99.8,HIGH
QA Engineer,Engineering,Development Server,2,8.57,0,1,1,1,0,0.47,1,0.617,9.2,LOW
System Administrator,Engineering,Development Server,2,9.99,0,1,1,1,1,1.88,1,0.868,10.9,LOW
Contractor,Engineering,Admin Panel,4,23.16,1,0,1,0,0,4.18,1,0.27,71.0,HIGH
System Administrator,Product,Development Server,2,7.52,0,1,1,0,1,3.31,1,0.699,32.0,MEDIUM
QA Engineer,HR,HR Database,3,7.53,0,1,1,1,1,4.94,1,0.603,21.5,LOW
Product Manager,HR,Development Server,2,7.65,0,1,1,0,0,3.95,1,0.712,28.8,LOW
Software Developer,Product,Development Server,2,15.05,0,1,1,0,0,3.88,1,0.68,26.8,LOW
QA Engineer,Finance,GitHub Project Alpha,1,11.23,0,1,1,0,0,4.3,1,0.808,22.2,LOW
Product Manager,Product,HR Database,3,21.12,1,0,0,0,2,4.26,0,0.523,97.1,HIGH
HR Specialist,IT,GitHub Project Alpha,1,19.49,0,1,1,0,1,0.23,1,0.754,35.2,MEDIUM
HR Specialist,IT,Production Database,4,19.56,0,1,1,1,0,0.79,1,0.742,16.4,LOW
DevOps Engineer,IT,Project Management System,1,8.8,0,1,1,1,0,2.14,1,0.913,3.8,LOW
Contractor,Engineering,Project Management System,1,4.94,1,0,1,1,0,7.33,1,0.388,57.1,MEDIUM
Finance Analyst,HR,HR Database,3,17.01,0,1,0,1,1,4.41,1,0.836,34.9,MEDIUM
System Administrator,Engineering,Project Management System,1,15.48,0,1,1,1,1,1.11,1,0.99,13.2,LOW
Product Manager,Engineering,Finance System,3,10.32,0,1,1,0,0,3.18,1,0.807,32.6,MEDIUM
Product Manager,Finance,Development Server,2,2.78,1,0,1,0,1,6.71,0,0.487,96.4,HIGH
Product Manager,Product,GitHub Project Alpha,1,22.26,1,0,1,1,4,9.7,1,0.581,96.7,HIGH
Contractor,HR,HR Database,3,12.24,0,1,1,1,0,3.5,1,0.865,11.8,LOW
HR Specialist,Finance,Development Server,2,16.1,0,1,1,0,0,4.98,1,0.94,27.4,LOW
DevOps Engineer,Engineering,Project Management System,1,8.08,0,1,0,1,0,3.37,1,0.767,21.7,LOW
System Administrator,IT,Production Database,4,7.11,0,1,1,1,0,0.11,1,0.651,14.6,LOW
Finance Analyst,Engineering,Finance System,3,19.44,0,1,1,0,0,4.32,1,0.69,26.7,LOW
System Administrator,IT,GitHub Project Alpha,1,3.06,1,1,0,0,4,12.64,1,0.16,96.0,HIGH
HR Specialist,Engineering,Production Database,4,18.98,0,1,1,1,0,1.89,1,0.682,15.3,LOW
Product Manager,HR,Admin Panel,4,11.63,0,1,1,0,0,4.03,1,0.857,33.5,MEDIUM
HR Specialist,Finance,GitHub Project Alpha,1,8.17,0,1,1,0,0,0.57,1,0.605,26.9,LOW
Contractor,Product,GitHub Project Alpha,1,0.36,1,0,0,1,3,11.77,1,0.563,97.2,HIGH
DevOps Engineer,Finance,Finance System,3,14.17,0,1,1,1,0,4.77,1,0.673,8.2,LOW
Contractor,Product,Finance System,3,14.72,0,1,1,0,0,0.04,1,0.815,27.1,LOW
System Administrator,IT,Admin Panel,4,18.65,0,1,1,1,1,4.28,1,0.94,16.9,LOW
Finance Analyst,Engineering,Admin Panel,4,18.58,0,1,1,0,0,1.72,1,0.736,34.4,MEDIUM
HR Specialist,Product,Project Management System,1,16.47,0,1,1,1,0,1.59,1,0.659,5.1,LOW
Software Developer,Engineering,Finance System,3,12.05,0,1,1,0,0,2.46,1,0.72,33.5,MEDIUM
Software Developer,HR,Project Management System,1,16.96,0,1,1,1,0,3.38,1,0.985,4.2,LOW
QA Engineer,Product,Project Management System,1,17.03,0,1,1,1,1,4.65,1,0.752,15.4,LOW
HR Specialist,Engineering,Admin Panel,4,1.41,1,0,0,0,3,3.32,1,0.428,98.3,HIGH
Contractor,Engineering,Production Database,4,22.94,1,0,0,1,1,14.56,1,0.068,99.0,HIGH
HR Specialist,Product,Production Database,4,10.36,0,1,1,0,0,0.79,1,0.968,29.1,LOW
HR Specialist,Product,Admin Panel,4,23.31,1,0,0,0,5,12.18,1,0.59,100.0,HIGH
QA Engineer,Product,Project Management System,1,7.11,0,1,1,1,0,1.29,1,0.709,7.4,LOW
Contractor,Engineering,GitHub Project Alpha,1,9.66,0,1,1,1,1,1.63,1,0.952,7.1,LOW
System Administrator,Finance,Finance System,3,3.54,1,0,0,1,2,13.82,1,0.572,96.2,HIGH
Contractor,Finance,HR Database,3,7.82,0,1,1,0,0,3.05,1,0.912,28.2,LOW
Contractor,HR,Admin Panel,4,1.73,1,0,1,0,4,7.34,1,0.251,100.0,HIGH
HR Specialist,Finance,Admin Panel,4,21.97,1,0,1,0,0,11.78,1,0.364,100.0,HIGH
System Administrator,IT,GitHub Project Alpha,1,10.27,0,1,1,0,0,2.59,1,0.609,28.6,LOW
System Administrator,Finance,Admin Panel,4,10.08,0,1,1,0,0,4.03,1,0.766,32.6,MEDIUM
QA Engineer,HR,GitHub Project Alpha,1,13.24,0,1,1,0,0,1.04,1,0.799,23.6,LOW
Product Manager,Engineering,Development Server,2,13.77,0,1,1,1,0,3.99,1,0.803,3.1,LOW
Contractor,Engineering,Admin Panel,4,9.63,0,1,1,0,0,2.3,1,0.634,37.1,MEDIUM
Product Manager,HR,Development Server,2,7.99,0,1,1,0,1,3.42,1,0.752,31.8,MEDIUM
Finance Analyst,Engineering,Development Server,2,15.28,0,1,1,1,0,3.18,1,0.624,11.8,LOW
System Administrator,HR,Finance System,3,8.25,0,0,1,0,1,0.75,1,0.717,54.4,MEDIUM
System Administrator,HR,HR Database,3,4.97,1,0,1,1,2,14.61,1,0.268,97.4,HIGH
QA Engineer,Engineering,GitHub Project Alpha,1,2.45,1,0,1,1,1,13.82,0,0.478,93.7,HIGH
Finance Analyst,HR,GitHub Project Alpha,1,3.27,1,1,0,0,4,6.73,1,0.437,100.0,HIGH
DevOps Engineer,Engineering,Project Management System,1,19.48,0,1,1,1,0,0.42,1,0.766,8.1,LOW
Software Developer,IT,Project Management System,1,12.61,0,1,1,1,0,4.19,1,0.762,4.1,LOW
System Administrator,Engineering,Admin Panel,4,22.11,1,0,1,0,5,10.04,1,0.177,98.6,HIGH
Finance Analyst,Product,GitHub Project Alpha,1,5.23,1,1,1,1,5,7.82,1,0.31,76.6,HIGH
Product Manager,Product,GitHub Project Alpha,1,11.81,0,1,1,1,1,4.14,1,0.757,15.6,LOW
Contractor,Finance,GitHub Project Alpha,1,16.81,0,1,1,0,0,4.04,1,0.961,20.3,LOW
Software Developer,Engineering,Development Server,2,21.5,1,0,0,1,5,11.61,1,0.168,100.0,HIGH
Finance Analyst,IT,Project Management System,1,21.32,1,0,0,1,2,10.34,1,0.264,100.0,HIGH
Finance Analyst,Engineering,HR Database,3,9.6,0,1,1,0,0,4.26,0,0.97,42.0,MEDIUM
HR Specialist,Engineering,Development Server,2,3.67,1,0,0,1,2,14.54,1,0.062,98.7,HIGH
QA Engineer,Product,HR Database,3,23.15,1,1,0,0,4,3.08,1,0.073,100.0,HIGH
System Administrator,HR,Production Database,4,19.76,0,0,1,0,0,3.46,1,0.721,56.3,MEDIUM
Software Developer,HR,Development Server,2,21.46,1,0,1,0,4,8.98,1,0.19,100.0,HIGH
Software Developer,IT,GitHub Project Alpha,1,18.76,0,1,1,0,0,2.9,1,0.618,23.7,LOW
Software Developer,IT,Project Management System,1,18.61,0,1,1,1,0,2.02,1,0.961,0.9,LOW
QA Engineer,Engineering,Production Database,4,7.84,0,1,1,1,0,2.76,1,0.671,10.5,LOW
DevOps Engineer,Finance,Development Server,2,22.22,1,0,1,0,5,6.39,1,0.538,99.8,HIGH
Finance Analyst,Engineering,GitHub Project Alpha,1,0.47,1,1,0,1,5,8.49,1,0.594,99.2,HIGH
Software Developer,Product,Finance System,3,12.43,0,1,1,0,0,3.91,1,0.96,25.3,LOW
Product Manager,IT,Development Server,2,9.54,0,1,1,0,1,0.45,1,0.898,34.2,MEDIUM
DevOps Engineer,IT,Project Management System,1,13.83,0,1,1,1,0,3.57,1,0.868,4.0,LOW
DevOps Engineer,HR,Project Management System,1,21.86,1,0,0,1,3,7.81,1,0.343,97.6,HIGH
DevOps Engineer,Finance,GitHub Project Alpha,1,8.9,0,1,1,0,0,4.67,1,0.879,24.7,LOW
Product Manager,IT,GitHub Project Alpha,1,15.66,0,1,0,0,0,0.17,1,0.7,45.8,MEDIUM
Software Developer,Finance,Production Database,4,12.08,0,1,0,0,0,0.6,1,0.715,56.4,MEDIUM
QA Engineer,HR,GitHub Project Alpha,1,4.97,1,0,0,0,5,5.65,1,0.284,100.0,HIGH
DevOps Engineer,IT,Production Database,4,10.35,0,1,1,1,0,3.97,1,0.944,14.3,LOW
Software Developer,Product,Development Server,2,7.14,0,1,1,0,1,1.88,1,0.977,32.0,MEDIUM
QA Engineer,Engineering,Development Server,2,15.56,0,1,1,1,0,3.88,1,0.899,9.7,LOW
DevOps Engineer,IT,HR Database,3,8.78,0,1,1,0,0,4.53,1,0.67,30.6,MEDIUM
DevOps Engineer,Finance,GitHub Project Alpha,1,5.39,1,0,0,0,2,8.36,1,0.256,96.2,HIGH
Finance Analyst,IT,HR Database,3,10.25,0,1,1,0,0,2.07,1,0.899,24.5,LOW
DevOps Engineer,Engineering,Development Server,2,8.18,0,0,1,1,0,3.75,1,0.771,27.8,LOW
DevOps Engineer,Finance,Finance System,3,14.52,0,1,1,1,0,2.26,1,0.742,10.4,LOW
HR Specialist,IT,Finance System,3,17.08,0,1,1,0,0,3.8,0,0.708,42.2,MEDIUM
Contractor,Finance,GitHub Project Alpha,1,19.02,0,1,1,0,0,4.97,1,0.686,24.2,LOW
Product Manager,HR,Project Management System,1,16.31,0,1,1,1,1,0.16,1,0.678,10.5,LOW
Product Manager,Finance,Finance System,3,23.66,1,0,0,1,4,4.35,1,0.357,98.9,HIGH
Software Developer,HR,GitHub Project Alpha,1,17.87,0,1,1,0,0,3.36,1,0.931,25.1,LOW
Software Developer,IT,GitHub Project Alpha,1,13.35,0,1,1,0,0,1.44,1,0.703,22.0,LOW
System Administrator,HR,Project Management System,1,17.03,0,1,1,1,1,0.43,1,0.937,7.2,LOW
Software Developer,IT,Project Management System,1,1.55,1,1,0,1,1,8.53,1,0.538,69.7,MEDIUM
DevOps Engineer,HR,HR Database,3,16.07,0,1,1,1,0,3.38,1,0.978,10.4,LOW
QA Engineer,HR,Development Server,2,15.0,0,0,0,0,0,3.15,1,0.898,63.2,MEDIUM
Product Manager,Finance,Production Database,4,17.8,0,1,1,0,0,4.66,1,0.758,29.3,LOW
Finance Analyst,HR,Admin Panel,4,8.01,0,1,1,0,0,4.52,1,0.702,33.5,MEDIUM
HR Specialist,Finance,Production Database,4,13.78,0,1,1,0,1,0.09,1,0.707,39.3,MEDIUM
Software Developer,Engineering,Project Management System,1,7.19,0,1,1,1,1,3.12,1,0.67,14.0,LOW
DevOps Engineer,Finance,GitHub Project Alpha,1,15.01,0,1,1,0,0,4.62,1,0.702,22.0,LOW
Contractor,Product,Production Database,4,11.29,0,1,0,0,0,3.84,1,0.812,54.3,MEDIUM
QA Engineer,HR,Project Management System,1,22.92,1,0,1,1,3,3.5,1,0.013,71.3,HIGH
Contractor,HR,GitHub Project Alpha,1,5.13,1,0,1,0,3,6.6,1,0.186,100.0,HIGH
DevOps Engineer,Finance,Admin Panel,4,18.95,0,1,1,0,0,1.23,1,0.936,33.6,MEDIUM
System Administrator,Finance,Development Server,2,15.45,0,1,1,0,0,1.01,1,0.647,29.9,LOW
System Administrator,IT,Finance System,3,23.91,1,0,0,0,5,14.08,1,0.118,99.6,HIGH
System Administrator,Finance,HR Database,3,21.7,1,1,0,0,4,8.44,1,0.108,100.0,HIGH
DevOps Engineer,Finance,Admin Panel,4,22.78,1,0,1,0,5,14.43,0,0.537,100.0,HIGH
Software Developer,Finance,Admin Panel,4,21.68,1,0,0,0,3,12.59,1,0.371,98.7,HIGH
QA Engineer,Product,GitHub Project Alpha,1,14.42,0,1,1,1,0,4.4,1,0.611,4.9,LOW
HR Specialist,Finance,Development Server,2,9.72,0,1,1,0,0,4.66,1,0.887,28.8,LOW
DevOps Engineer,Engineering,HR Database,3,14.51,0,1,1,0,0,1.61,1,0.682,31.0,MEDIUM
QA Engineer,Product,Finance System,3,17.57,0,1,1,0,0,4.17,1,0.82,29.4,LOW
DevOps Engineer,Product,HR Database,3,18.09,0,1,1,0,0,1.53,1,0.868,25.8,LOW
HR Specialist,IT,Development Server,2,23.83,1,0,0,0,5,14.54,1,0.576,100.0,HIGH
Contractor,IT,Development Server,2,10.69,0,1,1,0,0,1.8,1,0.63,26.4,LOW
DevOps Engineer,IT,Production Database,4,17.59,0,1,1,1,0,3.67,1,0.934,7.7,LOW
Finance Analyst,Finance,Finance System,3,21.96,1,0,0,1,3,8.23,1,0.198,100.0,HIGH
System Administrator,Engineering,Development Server,2,7.35,0,1,1,1,0,0.26,1,0.909,7.9,LOW
Finance Analyst,Product,Finance System,3,17.0,0,1,1,0,1,2.88,1,0.651,43.0,MEDIUM
QA Engineer,HR,Finance System,3,21.94,1,0,0,0,1,5.17,1,0.474,92.9,HIGH
DevOps Engineer,Product,Project Management System,1,1.66,1,0,1,1,1,8.4,1,0.25,69.8,MEDIUM
Contractor,Product,Project Management System,1,10.66,0,1,1,1,0,4.04,1,0.647,8.3,LOW
System Administrator,Finance,GitHub Project Alpha,1,14.32,0,1,1,0,0,2.72,1,0.854,26.5,LOW
System Administrator,Finance,Production Database,4,15.95,0,1,1,0,0,2.46,1,0.761,28.5,LOW
Software Developer,Finance,Finance System,3,14.51,0,1,1,1,0,2.63,1,0.607,9.0,LOW
QA Engineer,IT,Project Management System,1,13.43,0,1,1,1,0,1.03,1,0.861,4.8,LOW
QA Engineer,Product,GitHub Project Alpha,1,8.45,0,1,1,1,0,2.41,1,0.995,0.0,LOW
QA Engineer,IT,Project Management System,1,23.2,1,1,0,1,1,10.58,1,0.126,80.4,HIGH
Software Developer,Engineering,Development Server,2,18.3,0,1,1,1,0,3.37,1,0.791,8.8,LOW
HR Specialist,IT,Admin Panel,4,21.61,1,0,0,1,2,6.61,1,0.016,95.8,HIGH
QA Engineer,Engineering,Admin Panel,4,2.69,1,0,1,0,0,6.01,1,0.114,79.9,HIGH
Product Manager,Engineering,HR Database,3,18.94,0,1,1,0,0,0.23,1,0.878,29.1,LOW
Product Manager,Product,Production Database,4,16.13,0,1,1,0,0,4.74,1,0.932,27.4,LOW
Contractor,IT,Admin Panel,4,12.94,0,1,1,1,0,0.35,1,0.641,15.2,LOW
Software Developer,Product,Development Server,2,1.18,1,0,0,0,3,3.59,1,0.116,100.0,HIGH
Software Developer,Finance,Finance System,3,7.09,0,1,1,1,0,4.39,1,0.882,6.9,LOW
HR Specialist,Product,Project Management System,1,11.82,0,1,1,1,0,2.7,1,0.746,6.0,LOW
DevOps Engineer,Product,GitHub Project Alpha,1,13.83,0,0,1,1,1,4.31,1,0.876,32.4,MEDIUM
Contractor,Finance,Development Server,2,13.28,0,1,1,0,0,1.78,1,0.631,26.1,LOW
Contractor,IT,GitHub Project Alpha,1,14.54,0,1,1,0,1,2.42,1,0.912,35.4,MEDIUM
Software Developer,Engineering,Project Management System,1,12.74,0,1,1,1,0,1.7,1,0.913,5.3,LOW
HR Specialist,Finance,Development Server,2,4.57,1,0,0,0,1,11.12,0,0.287,96.1,HIGH
System Administrator,Product,Project Management System,1,7.22,0,1,1,1,0,3.83,1,0.608,8.6,LOW
Contractor,Finance,Development Server,2,8.85,0,1,1,0,0,2.29,1,0.963,28.4,LOW
Product Manager,Engineering,Production Database,4,17.26,0,1,1,1,0,2.52,1,0.929,10.9,LOW
Software Developer,IT,Admin Panel,4,8.62,0,1,1,1,0,3.1,1,0.767,13.5,LOW
System Administrator,Finance,Production Database,4,10.21,0,1,0,0,0,4.06,1,0.978,46.6,MEDIUM
Finance Analyst,Product,HR Database,3,18.69,0,1,0,0,0,1.95,1,0.741,47.5,MEDIUM
DevOps Engineer,Engineering,GitHub Project Alpha,1,14.93,0,1,1,1,0,2.38,1,0.753,4.3,LOW
QA Engineer,Finance,Project Management System,1,21.45,1,0,0,1,5,12.87,1,0.116,99.4,HIGH
Software Developer,Engineering,GitHub Project Alpha,1,5.68,1,0,1,1,5,7.86,1,0.469,100.0,HIGH
Finance Analyst,HR,GitHub Project Alpha,1,8.07,0,1,1,0,0,2.95,1,0.673,25.9,LOW
Product Manager,HR,Finance System,3,23.45,1,0,1,0,5,6.65,1,0.241,100.0,HIGH
System Administrator,Finance,Finance System,3,19.9,0,1,1,1,0,3.0,1,0.807,11.5,LOW
System Administrator,Engineering,GitHub Project Alpha,1,8.68,0,1,1,1,0,4.44,1,0.618,6.1,LOW
QA Engineer,IT,Production Database,4,7.43,0,1,0,1,0,2.05,1,0.752,35.9,MEDIUM
DevOps Engineer,Finance,Project Management System,1,12.2,0,1,1,1,0,1.78,1,0.819,3.1,LOW
Contractor,Product,GitHub Project Alpha,1,13.41,0,1,1,1,0,1.23,1,0.655,5.5,LOW
Product Manager,HR,Admin Panel,4,11.77,0,1,1,0,0,3.2,1,0.683,30.2,MEDIUM
QA Engineer,IT,Admin Panel,4,3.74,1,0,0,1,3,6.72,0,0.307,97.7,HIGH
Contractor,Product,Project Management System,1,19.29,0,1,1,1,1,3.2,1,0.782,11.0,LOW
QA Engineer,Product,HR Database,3,18.19,0,1,1,0,1,3.56,1,0.799,40.0,MEDIUM
Finance Analyst,HR,GitHub Project Alpha,1,14.02,0,1,0,0,1,2.95,1,0.869,48.3,MEDIUM
DevOps Engineer,Product,HR Database,3,12.03,0,1,1,0,1,2.07,1,0.999,33.4,MEDIUM
Finance Analyst,Engineering,Finance System,3,10.17,0,0,1,0,1,4.02,1,0.677,56.8,MEDIUM
System Administrator,HR,Production Database,4,23.52,1,0,0,0,5,11.84,1,0.08,99.5,HIGH
Product Manager,HR,Development Server,2,13.42,0,1,1,0,0,1.87,1,0.645,29.4,LOW
Finance Analyst,Product,Finance System,3,17.27,0,1,1,0,1,3.97,1,0.639,39.4,MEDIUM
HR Specialist,HR,Admin Panel,4,13.65,0,1,1,0,0,2.13,1,0.869,32.3,MEDIUM
DevOps Engineer,Product,GitHub Project Alpha,1,10.25,0,1,1,1,0,4.85,1,0.82,2.7,LOW
HR Specialist,Product,Admin Panel,4,5.4,1,0,1,0,5,11.98,1,0.484,100.0,HIGH
System Administrator,Product,Production Database,4,15.13,0,1,1,0,0,0.09,1,0.691,35.9,MEDIUM
HR Specialist,IT,Finance System,3,12.73,0,1,0,0,0,3.2,1,0.679,51.1,MEDIUM
Software Developer,Product,GitHub Project Alpha,1,14.18,0,1,1,1,0,3.84,1,0.694,2.0,LOW
System Administrator,IT,Finance System,3,14.83,0,1,1,0,0,2.55,1,0.784,30.2,MEDIUM
Software Developer,Product,Development Server,2,13.3,0,1,1,0,0,1.52,1,0.713,27.7,LOW
Finance Analyst,Finance,Project Management System,1,19.89,0,1,1,1,0,3.83,1,0.662,2.9,LOW
Finance Analyst,IT,Admin Panel,4,17.0,0,1,1,1,0,0.61,1,0.601,13.7,LOW
QA Engineer,Finance,HR Database,3,4.88,1,0,0,0,4,10.73,1,0.159,97.1,HIGH
Finance Analyst,Engineering,Admin Panel,4,9.91,0,1,1,0,0,1.85,1,0.801,31.5,MEDIUM
System Administrator,Engineering,Development Server,2,17.67,0,1,1,1,0,2.22,1,0.717,7.7,LOW
DevOps Engineer,HR,Development Server,2,10.22,0,1,1,0,0,3.8,1,0.966,28.6,LOW
HR Specialist,Engineering,Finance System,3,5.05,1,0,0,0,1,6.22,1,0.087,100.0,HIGH
DevOps Engineer,Finance,GitHub Project Alpha,1,14.11,0,1,1,0,1,2.59,1,0.832,31.4,MEDIUM
Product Manager,Product,Production Database,4,13.88,0,1,1,0,1,3.74,1,0.756,39.6,MEDIUM
Product Manager,Engineering,Project Management System,1,0.23,1,1,0,1,0,4.69,1,0.536,39.9,MEDIUM
System Administrator,Product,Finance System,3,15.46,0,1,1,0,0,2.87,1,0.707,34.2,MEDIUM
QA Engineer,HR,Finance System,3,4.78,1,0,0,0,4,13.95,1,0.104,97.0,HIGH
Finance Analyst,Finance,Production Database,4,0.19,1,0,1,0,1,7.15,1,0.409,85.8,HIGH
Product Manager,Product,Admin Panel,4,12.24,0,1,1,0,0,3.5,1,0.865,31.1,MEDIUM
Software Developer,Finance,Finance System,3,2.03,1,1,0,1,5,7.51,1,0.109,99.2,HIGH
DevOps Engineer,Finance,GitHub Project Alpha,1,7.2,0,1,1,0,0,2.64,1,0.866,25.3,LOW
Contractor,IT,GitHub Project Alpha,1,21.26,1,1,1,0,0,3.83,1,0.005,43.7,MEDIUM
Product Manager,IT,Production Database,4,16.06,0,1,1,1,0,4.99,1,0.659,15.8,LOW
QA Engineer,Finance,Finance System,3,18.74,0,1,1,1,0,2.86,1,0.997,6.8,LOW
HR Specialist,Engineering,Project Management System,1,1.29,1,0,1,1,3,12.75,1,0.066,98.0,HIGH
Software Developer,IT,HR Database,3,21.41,1,0,0,0,0,9.73,1,0.513,97.2,HIGH
Product Manager,Product,Admin Panel,4,17.53,0,1,1,0,0,3.78,0,0.714,44.4,MEDIUM
Finance Analyst,HR,Project Management System,1,15.37,0,1,1,1,1,4.43,1,0.715,12.7,LOW
Product Manager,Product,HR Database,3,15.03,0,1,1,0,0,2.34,1,0.663,33.0,MEDIUM
QA Engineer,Product,Admin Panel,4,16.36,0,1,1,0,0,0.76,1,0.748,35.7,MEDIUM
Product Manager,IT,Finance System,3,10.05,0,1,1,0,0,4.22,1,0.742,28.0,LOW
Finance Analyst,HR,HR Database,3,14.94,0,1,1,1,1,0.67,1,0.839,20.9,LOW
Contractor,HR,Project Management System,1,15.18,0,1,1,1,0,0.79,1,0.931,2.4,LOW
QA Engineer,HR,Admin Panel,4,11.73,0,1,1,0,0,2.37,0,0.812,43.1,MEDIUM
System Administrator,Product,Development Server,2,19.0,0,1,1,0,0,4.87,1,0.653,25.9,LOW
QA Engineer,Finance,Finance System,3,2.18,1,1,1,1,0,6.22,1,0.109,35.3,MEDIUM
System Administrator,Product,GitHub Project Alpha,1,13.26,0,1,1,1,0,0.46,1,0.925,1.7,LOW
Contractor,Engineering,Admin Panel,4,19.03,0,1,1,0,0,4.19,1,0.636,32.1,MEDIUM
Product Manager,HR,Project Management System,1,14.03,0,1,1,1,1,0.09,1,0.869,11.7,LOW
DevOps Engineer,Product,HR Database,3,21.42,1,1,1,0,5,14.25,0,0.367,99.4,HIGH
System Administrator,Engineering,GitHub Project Alpha,1,8.21,0,1,1,1,0,2.19,1,0.663,7.7,LOW
Product Manager,HR,GitHub Project Alpha,1,23.41,1,0,1,0,1,5.52,1,0.457,71.2,HIGH
HR Specialist,Engineering,Finance System,3,21.71,1,0,0,0,4,14.32,1,0.132,97.3,HIGH
Finance Analyst,HR,Finance System,3,18.3,0,1,1,0,1,2.46,1,0.635,39.7,MEDIUM
System Administrator,IT,Production Database,4,13.02,0,1,1,1,0,3.08,1,0.949,10.2,LOW
DevOps Engineer,HR,Project Management System,1,12.01,0,1,1,1,0,0.95,1,0.79,4.4,LOW
Finance Analyst,Product,Development Server,2,7.46,0,1,1,0,0,4.93,1,0.613,26.4,LOW
QA Engineer,Product,Production Database,4,19.64,0,1,1,0,1,2.09,1,0.889,41.2,MEDIUM
Product Manager,Product,HR Database,3,19.46,0,1,1,0,1,2.55,1,0.914,36.9,MEDIUM
Contractor,Engineering,Admin Panel,4,9.13,0,1,1,0,1,3.47,1,0.943,41.2,MEDIUM
System Administrator,Finance,Project Management System,1,15.9,0,1,1,1,0,2.87,1,0.846,0.6,LOW
Finance Analyst,HR,Project Management System,1,19.54,0,1,1,1,0,1.32,1,0.714,6.1,LOW
Product Manager,Product,Finance System,3,4.68,1,0,0,0,5,5.8,0,0.378,100.0,HIGH
HR Specialist,IT,GitHub Project Alpha,1,18.27,0,1,1,0,1,1.74,1,0.856,29.2,LOW
Contractor,HR,Finance System,3,3.27,1,0,0,0,0,5.26,0,0.429,100.0,HIGH
Finance Analyst,Finance,GitHub Project Alpha,1,18.82,0,1,1,0,0,4.54,1,0.987,26.3,LOW
DevOps Engineer,IT,Admin Panel,4,4.49,1,0,0,1,3,6.23,1,0.533,98.7,HIGH
Product Manager,HR,Development Server,2,9.29,0,0,1,0,0,3.85,1,0.676,44.4,MEDIUM
Software Developer,Finance,Project Management System,1,11.81,0,1,0,1,1,4.49,1,0.66,37.8,MEDIUM
Product Manager,HR,Admin Panel,4,0.93,1,1,1,0,1,3.21,1,0.373,61.9,MEDIUM
Product Manager,HR,Finance System,3,2.93,1,0,0,0,0,11.4,1,0.06,96.6,HIGH
Contractor,Engineering,HR Database,3,17.14,0,1,0,0,0,2.7,1,0.7,51.8,MEDIUM
Software Developer,Product,Project Management System,1,15.63,0,1,1,1,0,4.47,1,0.639,3.9,LOW
DevOps Engineer,Product,Project Management System,1,15.63,0,1,1,1,0,0.37,1,0.818,6.1,LOW
DevOps Engineer,Engineering,Admin Panel,4,16.76,0,1,1,0,0,3.3,1,0.886,27.5,LOW
System Administrator,Product,Production Database,4,22.16,1,1,0,0,1,8.38,1,0.09,100.0,HIGH
Product Manager,Finance,Finance System,3,17.17,0,0,1,1,0,2.67,1,0.87,28.7,LOW
Contractor,Finance,HR Database,3,18.46,0,1,1,0,1,2.19,1,0.894,33.7,MEDIUM
QA Engineer,HR,Admin Panel,4,23.33,1,0,0,0,5,14.98,1,0.003,97.2,HIGH
Contractor,Engineering,GitHub Project Alpha,1,2.8,1,0,0,1,5,11.92,1,0.59,100.0,HIGH
Finance Analyst,IT,HR Database,3,16.9,0,1,1,0,0,3.51,1,0.928,27.4,LOW
Product Manager,IT,HR Database,3,16.74,0,1,1,0,0,1.72,1,0.881,31.0,MEDIUM
Software Developer,HR,Project Management System,1,14.92,0,1,1,1,0,2.76,1,0.939,1.5,LOW
Software Developer,Product,Project Management System,1,7.26,0,1,1,1,1,0.48,1,0.901,11.7,LOW
DevOps Engineer,Finance,Admin Panel,4,19.8,0,1,1,0,0,4.25,1,0.86,28.5,LOW
DevOps Engineer,IT,Production Database,4,10.49,0,1,1,1,0,1.52,1,0.967,9.2,LOW
System Administrator,IT,Development Server,2,13.74,0,1,0,0,0,4.36,1,0.773,44.8,MEDIUM
System Administrator,Engineering,Production Database,4,23.04,1,0,1,1,1,14.05,1,0.36,88.4,HIGH
QA Engineer,Product,Finance System,3,23.51,1,0,1,0,5,11.76,1,0.458,100.0,HIGH
Product Manager,Finance,Admin Panel,4,3.23,1,0,1,0,2,12.74,1,0.436,100.0,HIGH
Product Manager,Engineering,Admin Panel,4,15.7,0,1,1,0,0,4.78,1,0.71,36.1,MEDIUM
QA Engineer,Finance,Finance System,3,14.93,0,1,1,1,0,3.87,1,0.835,12.4,LOW
DevOps Engineer,Product,Production Database,4,12.01,0,1,0,0,0,0.6,1,0.704,56.0,MEDIUM
System Administrator,HR,Admin Panel,4,18.49,0,1,0,0,0,2.54,1,0.732,51.3,MEDIUM
System Administrator,Engineering,Finance System,3,16.16,0,1,1,0,0,3.97,1,0.937,28.8,LOW
Contractor,Engineering,Admin Panel,4,7.44,0,1,1,0,0,4.9,1,0.813,31.8,MEDIUM
HR Specialist,HR,Production Database,4,5.6,1,0,0,0,3,9.81,1,0.417,97.8,HIGH
Finance Analyst,Finance,Finance System,3,16.47,0,1,1,1,0,4.67,1,0.914,11.2,LOW
Product Manager,Engineering,GitHub Project Alpha,1,2.88,1,0,0,1,1,3.17,1,0.555,66.3,MEDIUM
Software Developer,Finance,GitHub Project Alpha,1,8.9,0,1,1,0,0,3.76,1,0.624,22.7,LOW
QA Engineer,Product,HR Database,3,21.21,1,0,0,0,2,7.74,1,0.404,100.0,HIGH
QA Engineer,Product,Finance System,3,17.67,0,1,1,0,0,2.6,1,0.648,33.3,MEDIUM
Contractor,IT,GitHub Project Alpha,1,23.23,1,1,1,0,5,5.14,1,0.091,86.5,HIGH
Software Developer,Product,Admin Panel,4,10.82,0,0,1,0,0,2.27,1,0.657,53.5,MEDIUM
System Administrator,Product,Project Management System,1,19.02,0,0,1,1,1,3.84,1,0.719,30.3,MEDIUM
QA Engineer,HR,Development Server,2,0.51,1,0,1,0,5,9.29,0,0.286,99.4,HIGH
Product Manager,Engineering,Admin Panel,4,11.27,0,1,1,0,0,0.29,1,0.973,26.3,LOW
System Administrator,IT,Admin Panel,4,2.91,1,0,0,1,1,7.22,1,0.133,95.6,HIGH
Finance Analyst,Engineering,Admin Panel,4,12.44,0,1,1,0,1,2.19,1,0.875,37.7,MEDIUM
Product Manager,Finance,Admin Panel,4,21.98,1,0,0,0,5,12.24,1,0.327,97.8,HIGH
System Administrator,Finance,GitHub Project Alpha,1,10.26,0,1,0,0,0,3.13,1,0.948,43.8,MEDIUM
Finance Analyst,Engineering,Admin Panel,4,17.22,0,1,1,0,0,1.53,1,0.648,34.2,MEDIUM
QA Engineer,IT,HR Database,3,11.16,0,1,1,0,0,3.61,1,0.778,27.2,LOW
Product Manager,Product,Development Server,2,15.83,0,1,1,0,1,1.9,1,0.63,36.7,MEDIUM
QA Engineer,HR,GitHub Project Alpha,1,13.9,0,1,1,0,1,1.03,1,0.678,32.8,MEDIUM
Contractor,IT,Production Database,4,16.06,0,1,1,1,0,3.55,1,0.962,13.3,LOW
Contractor,IT,Production Database,4,14.48,0,1,1,1,1,1.0,1,0.849,23.2,LOW
QA Engineer,Finance,Finance System,3,9.23,0,1,1,1,0,2.52,1,0.718,10.4,LOW
DevOps Engineer,Finance,Production Database,4,18.49,0,1,1,0,1,0.5,1,0.73,43.2,MEDIUM
Contractor,Product,Development Server,2,4.68,1,0,0,0,4,14.39,1,0.515,96.1,HIGH
System Administrator,Engineering,GitHub Project Alpha,1,10.25,0,1,1,1,0,0.86,1,0.616,2.5,LOW
QA Engineer,Engineering,Finance System,3,12.97,0,0,1,0,0,2.19,1,0.694,46.6,MEDIUM
Finance Analyst,Engineering,HR Database,3,22.49,1,0,1,0,4,10.58,0,0.419,96.1,HIGH
HR Specialist,HR,HR Database,3,21.86,1,0,0,1,4,6.92,1,0.173,98.0,HIGH
DevOps Engineer,Engineering,Admin Panel,4,8.99,0,1,1,0,0,4.48,1,0.714,32.3,MEDIUM
HR Specialist,Finance,Admin Panel,4,10.93,0,1,1,0,1,0.62,1,0.727,43.4,MEDIUM
Finance Analyst,Product,Development Server,2,5.74,1,0,0,0,5,14.23,1,0.472,100.0,HIGH
QA Engineer,IT,Project Management System,1,18.53,0,1,1,1,0,0.43,1,0.99,4.4,LOW
Finance Analyst,Engineering,Project Management System,1,11.29,0,1,1,1,0,1.39,1,0.796,5.0,LOW
Product Manager,Engineering,Development Server,2,15.78,0,1,0,1,0,0.91,1,0.721,27.5,LOW
System Administrator,Product,GitHub Project Alpha,1,20.0,0,1,1,1,0,3.3,1,0.684,5.5,LOW
System Administrator,Product,GitHub Project Alpha,1,17.44,0,1,0,1,0,3.59,1,0.838,23.7,LOW
Product Manager,Product,HR Database,3,10.23,0,1,1,0,0,0.79,1,0.961,26.1,LOW
DevOps Engineer,HR,Development Server,2,21.16,1,1,0,0,4,14.22,1,0.456,100.0,HIGH
DevOps Engineer,IT,Development Server,2,23.16,1,0,0,0,2,13.92,1,0.029,97.0,HIGH
System Administrator,HR,Project Management System,1,8.56,0,1,1,1,0,3.82,1,0.823,4.9,LOW
DevOps Engineer,Engineering,Project Management System,1,23.88,1,1,0,1,2,7.89,1,0.462,69.6,MEDIUM
Finance Analyst,Finance,GitHub Project Alpha,1,18.91,0,1,0,0,0,4.98,1,0.994,39.3,MEDIUM
Software Developer,Finance,GitHub Project Alpha,1,11.51,0,0,1,0,0,4.39,1,0.96,40.1,MEDIUM
Product Manager,Engineering,HR Database,3,5.88,1,0,1,0,0,14.39,0,0.127,96.8,HIGH
Product Manager,IT,Project Management System,1,22.83,1,0,0,1,0,11.14,1,0.384,92.7,HIGH
Finance Analyst,HR,Development Server,2,9.73,0,0,1,0,0,2.94,1,0.94,48.7,MEDIUM
Software Developer,IT,Project Management System,1,18.22,0,0,1,1,0,1.0,1,0.865,27.5,LOW
QA Engineer,Engineering,Development Server,2,19.51,0,1,1,1,0,0.75,1,0.62,8.1,LOW
HR Specialist,Product,Project Management System,1,16.97,0,1,1,1,0,4.83,1,0.719,7.0,LOW
DevOps Engineer,IT,HR Database,3,10.39,0,1,1,0,0,4.24,1,0.807,32.5,MEDIUM
Software Developer,IT,GitHub Project Alpha,1,23.02,1,1,0,0,2,11.27,1,0.563,100.0,HIGH
System Administrator,Product,Development Server,2,12.76,0,1,1,0,0,1.82,1,0.956,21.9,LOW
Contractor,Engineering,GitHub Project Alpha,1,11.66,0,1,1,1,0,2.77,1,0.915,6.5,LOW
System Administrator,HR,GitHub Project Alpha,1,14.16,0,1,1,0,0,3.98,1,0.782,25.5,LOW
System Administrator,HR,Admin Panel,4,18.69,0,1,1,0,0,5.0,1,0.828,32.3,MEDIUM
QA Engineer,HR,GitHub Project Alpha,1,10.89,0,1,1,0,0,0.43,1,0.7,22.4,LOW
System Administrator,Engineering,Admin Panel,4,5.7,1,0,1,0,3,12.73,0,0.322,100.0,HIGH
Finance Analyst,Product,GitHub Project Alpha,1,16.81,0,1,1,1,0,0.45,1,0.707,8.4,LOW
HR Specialist,IT,Production Database,4,3.56,1,0,1,1,0,3.93,0,0.015,67.4,MEDIUM
Product Manager,Product,GitHub Project Alpha,1,12.04,0,1,1,1,1,4.52,1,0.926,14.6,LOW
HR Specialist,Finance,Development Server,2,13.83,0,1,1,0,0,4.92,1,0.818,30.7,MEDIUM
Finance Analyst,Engineering,Production Database,4,15.27,0,1,0,1,0,3.26,1,0.698,36.5,MEDIUM
DevOps Engineer,HR,Development Server,2,15.34,0,1,0,0,0,1.89,1,0.695,46.1,MEDIUM
Finance Analyst,IT,Finance System,3,17.77,0,1,1,0,0,1.48,1,0.725,30.4,MEDIUM
Contractor,Finance,HR Database,3,11.37,0,1,1,0,0,1.28,1,0.691,34.3,MEDIUM
System Administrator,Finance,Finance System,3,14.32,0,1,1,1,0,4.33,1,0.608,14.3,LOW
DevOps Engineer,HR,Project Management System,1,11.97,0,1,1,1,0,3.21,1,0.687,8.2,LOW
DevOps Engineer,Engineering,Finance System,3,15.7,0,1,1,0,0,1.08,1,0.756,26.6,LOW
HR Specialist,Finance,GitHub Project Alpha,1,11.47,0,1,1,0,0,2.04,1,0.991,26.6,LOW
Product Manager,HR,Development Server,2,12.03,0,1,0,0,0,0.58,1,0.675,46.4,MEDIUM
QA Engineer,Engineering,GitHub Project Alpha,1,15.01,0,1,1,1,0,0.14,1,0.881,4.9,LOW
HR Specialist,Finance,GitHub Project Alpha,1,18.15,0,1,1,0,0,3.98,1,0.836,23.6,LOW
Product Manager,Finance,Finance System,3,16.7,0,1,1,1,0,2.33,1,0.867,11.3,LOW
System Administrator,Finance,HR Database,3,10.68,0,1,1,0,0,1.81,1,0.824,27.3,LOW
Contractor,IT,Production Database,4,16.87,0,1,1,1,0,3.2,1,0.92,11.5,LOW
Software Developer,Product,Project Management System,1,18.23,0,1,1,1,0,0.09,1,0.601,8.2,LOW
Finance Analyst,HR,Admin Panel,4,5.08,1,0,0,0,2,6.31,0,0.15,100.0,HIGH
DevOps Engineer,HR,GitHub Project Alpha,1,18.38,0,1,1,0,0,0.66,1,0.918,19.6,LOW
Software Developer,Product,GitHub Project Alpha,1,23.64,1,1,0,1,5,11.68,0,0.497,98.2,HIGH
System Administrator,Finance,GitHub Project Alpha,1,3.14,1,0,0,0,2,9.78,1,0.114,96.0,HIGH
Contractor,Product,Development Server,2,19.42,0,1,1,0,1,2.75,1,0.962,31.0,MEDIUM
QA Engineer,HR,GitHub Project Alpha,1,0.93,1,0,0,0,2,6.45,1,0.343,100.0,HIGH
HR Specialist,Product,GitHub Project Alpha,1,5.39,1,0,0,1,0,6.69,1,0.066,78.5,HIGH
Product Manager,Engineering,GitHub Project Alpha,1,15.32,0,1,1,1,0,0.25,1,0.823,7.7,LOW
QA Engineer,Product,GitHub Project Alpha,1,14.22,0,1,1,1,0,4.78,0,0.831,18.2,LOW
System Administrator,Engineering,Project Management System,1,17.32,0,1,1,1,0,1.8,1,0.665,5.9,LOW
QA Engineer,Finance,Finance System,3,15.9,0,1,1,1,0,1.45,1,0.658,13.2,LOW
Contractor,Product,GitHub Project Alpha,1,18.63,0,0,1,1,0,3.11,1,0.664,26.5,LOW
System Administrator,Finance,Admin Panel,4,8.01,0,1,1,0,1,4.8,1,0.687,43.6,MEDIUM
HR Specialist,IT,Admin Panel,4,0.35,1,0,0,1,0,9.06,1,0.427,92.0,HIGH
HR Specialist,Engineering,Development Server,2,7.03,0,1,1,1,0,3.96,1,0.927,2.0,LOW
HR Specialist,Finance,HR Database,3,8.79,0,1,1,0,0,1.33,1,0.773,27.5,LOW
Software Developer,Finance,HR Database,3,11.31,0,1,1,0,0,1.04,1,0.679,27.5,LOW
Software Developer,Engineering,Development Server,2,16.32,0,1,1,1,0,4.41,1,0.627,7.1,LOW
HR Specialist,IT,Production Database,4,11.21,0,1,1,1,0,0.55,1,0.998,13.3,LOW
QA Engineer,Product,Project Management System,1,16.15,0,1,1,1,1,1.45,1,0.819,12.3,LOW
Product Manager,HR,Development Server,2,1.68,1,0,0,0,4,11.24,0,0.521,100.0,HIGH
System Administrator,Finance,HR Database,3,1.03,1,0,0,0,0,12.21,1,0.534,98.8,HIGH
Finance Analyst,HR,Project Management System,1,18.05,0,1,1,1,1,1.46,1,0.921,9.6,LOW
Product Manager,IT,Admin Panel,4,19.24,0,1,1,1,1,4.85,1,0.629,24.0,LOW
Software Developer,HR,GitHub Project Alpha,1,23.7,1,0,1,0,4,9.96,1,0.515,100.0,HIGH
Software Developer,Product,Admin Panel,4,7.59,0,1,1,0,0,3.75,1,0.664,35.8,MEDIUM
System Administrator,IT,Finance System,3,9.83,0,1,1,0,0,2.06,1,0.714,33.9,MEDIUM
Finance Analyst,IT,Finance System,3,22.82,1,0,0,0,5,3.33,1,0.509,97.7,HIGH
Product Manager,HR,Finance System,3,10.44,0,1,1,0,0,3.76,1,0.787,27.2,LOW
DevOps Engineer,HR,Finance System,3,21.49,1,0,0,0,0,3.97,1,0.274,91.7,HIGH
HR Specialist,HR,Development Server,2,0.54,1,0,1,0,4,6.7,1,0.362,100.0,HIGH
Contractor,Engineering,Development Server,2,18.02,0,0,1,1,0,2.99,1,0.817,24.4,LOW
Software Developer,Engineering,Project Management System,1,7.59,0,1,1,1,0,4.11,1,0.935,4.0,LOW
System Administrator,Product,HR Database,3,18.66,0,1,1,0,1,4.99,1,0.884,35.1,MEDIUM
QA Engineer,Product,Project Management System,1,19.53,0,0,1,1,0,1.69,1,0.654,29.6,LOW
HR Specialist,Engineering,HR Database,3,22.22,1,1,1,0,0,8.16,1,0.022,69.1,MEDIUM
System Administrator,IT,Production Database,4,15.17,0,1,1,1,1,2.3,1,0.739,17.9,LOW
Product Manager,Engineering,Production Database,4,8.04,0,1,0,1,0,2.52,1,0.632,33.4,MEDIUM
System Administrator,Product,Production Database,4,10.78,0,1,1,0,0,0.57,1,0.967,30.4,MEDIUM
Software Developer,Product,HR Database,3,10.85,0,1,0,0,0,1.64,1,0.935,51.3,MEDIUM
HR Specialist,Finance,Finance System,3,15.51,0,1,1,1,1,3.68,1,0.978,12.3,LOW
Product Manager,IT,Project Management System,1,11.46,0,1,1,1,0,3.3,1,0.929,3.6,LOW
QA Engineer,Engineering,HR Database,3,13.01,0,1,1,0,0,0.77,1,0.807,30.4,MEDIUM
Product Manager,IT,GitHub Project Alpha,1,10.52,0,1,1,0,0,4.77,1,0.889,24.1,LOW
DevOps Engineer,IT,Production Database,4,21.43,1,0,0,1,2,3.3,1,0.386,90.7,HIGH
Finance Analyst,HR,Admin Panel,4,10.9,0,1,1,0,1,1.44,1,0.771,42.5,MEDIUM
Software Developer,Engineering,Finance System,3,10.83,0,1,1,0,0,2.67,1,0.783,26.6,LOW
Software Developer,IT,HR Database,3,7.04,0,1,1,0,1,0.74,1,0.718,36.8,MEDIUM
Contractor,HR,Finance System,3,18.11,0,1,1,0,0,0.76,1,0.77,30.5,MEDIUM
HR Specialist,Finance,Finance System,3,16.55,0,1,1,1,0,0.1,1,0.931,12.1,LOW
QA Engineer,Finance,HR Database,3,21.29,1,0,0,0,5,7.76,1,0.257,100.0,HIGH
Contractor,Finance,Production Database,4,11.06,0,1,1,0,0,4.42,1,0.723,36.6,MEDIUM
Software Developer,HR,HR Database,3,9.05,0,1,1,1,0,0.53,1,0.972,11.1,LOW
Product Manager,HR,Finance System,3,23.55,1,1,1,0,0,13.92,1,0.068,81.3,HIGH
System Administrator,Engineering,HR Database,3,22.33,1,0,0,0,4,14.07,1,0.207,100.0,HIGH
Product Manager,Product,GitHub Project Alpha,1,18.36,0,1,1,1,0,1.29,1,0.786,0.8,LOW
Product Manager,Engineering,Finance System,3,14.27,0,1,0,0,0,1.06,1,0.758,48.3,MEDIUM
QA Engineer,Product,HR Database,3,13.82,0,1,1,0,0,3.59,1,0.925,25.1,LOW
QA Engineer,Product,Project Management System,1,15.82,0,1,1,1,1,1.29,1,0.779,13.8,LOW
Contractor,HR,Production Database,4,9.44,0,1,0,0,0,2.75,1,0.985,51.1,MEDIUM
HR Specialist,Product,Admin Panel,4,13.73,0,1,1,0,0,3.31,1,0.767,35.9,MEDIUM
Finance Analyst,Engineering,Finance System,3,12.75,0,1,1,0,1,2.08,1,0.612,38.0,MEDIUM
QA Engineer,HR,HR Database,3,12.16,0,1,1,1,0,0.23,1,0.971,8.2,LOW
Finance Analyst,HR,Development Server,2,7.16,0,1,1,0,1,0.73,1,0.907,32.6,MEDIUM
Finance Analyst,IT,GitHub Project Alpha,1,17.11,0,1,1,0,1,0.16,1,0.998,29.7,LOW
System Administrator,Product,HR Database,3,17.85,0,1,1,0,1,4.46,1,0.679,35.4,MEDIUM
HR Specialist,Product,GitHub Project Alpha,1,3.48,1,0,0,1,3,4.02,1,0.343,88.9,HIGH
Product Manager,HR,Development Server,2,23.22,1,0,0,0,0,4.61,1,0.542,85.7,HIGH
Product Manager,Product,Production Database,4,14.82,0,1,1,0,0,4.0,1,0.614,37.6,MEDIUM
Product Manager,IT,GitHub Project Alpha,1,5.63,1,0,0,0,2,7.59,1,0.361,100.0,HIGH
Product Manager,Engineering,HR Database,3,22.21,1,1,0,0,5,8.14,1,0.401,96.8,HIGH
DevOps Engineer,Finance,Project Management System,1,18.04,0,1,1,1,0,4.82,1,0.63,8.1,LOW
Contractor,IT,Development Server,2,12.4,0,1,1,0,0,2.09,1,0.749,26.5,LOW
HR Specialist,Product,GitHub Project Alpha,1,1.4,1,0,0,1,5,5.34,1,0.07,100.0,HIGH
Product Manager,Finance,Development Server,2,16.55,0,1,0,0,0,0.78,1,0.897,43.7,MEDIUM
System Administrator,IT,Project Management System,1,22.99,1,0,0,1,5,3.75,1,0.473,100.0,HIGH
QA Engineer,IT,Admin Panel,4,0.21,1,0,0,1,1,11.49,1,0.532,100.0,HIGH
HR Specialist,Engineering,Production Database,4,17.87,0,1,1,1,0,1.75,1,0.725,9.1,LOW
Contractor,Product,GitHub Project Alpha,1,11.8,0,1,0,1,0,4.24,1,0.619,27.9,LOW
DevOps Engineer,Product,Finance System,3,1.93,1,1,0,0,4,7.33,1,0.472,100.0,HIGH
System Administrator,IT,HR Database,3,14.76,0,1,1,0,1,0.35,1,0.707,38.9,MEDIUM
System Administrator,Product,GitHub Project Alpha,1,15.05,0,1,1,1,0,4.87,1,0.702,8.5,LOW
Finance Analyst,Finance,Admin Panel,4,15.39,0,1,1,0,0,4.77,1,0.843,30.2,MEDIUM
HR Specialist,IT,Project Management System,1,17.11,0,1,1,1,0,0.2,1,0.813,2.0,LOW
Finance Analyst,Finance,Admin Panel,4,4.11,1,0,0,0,1,10.39,1,0.168,100.0,HIGH
DevOps Engineer,IT,Admin Panel,4,17.02,0,1,1,1,0,0.87,1,0.645,16.8,LOW
DevOps Engineer,HR,Production Database,4,19.08,0,1,1,0,0,2.94,1,0.618,36.6,MEDIUM
QA Engineer,Finance,Admin Panel,4,10.75,0,1,1,0,1,0.09,1,0.94,38.9,MEDIUM
HR Specialist,Engineering,Finance System,3,19.93,0,1,0,0,0,1.59,1,0.816,50.6,MEDIUM
Finance Analyst,HR,Production Database,4,8.91,0,1,1,0,1,4.4,1,0.846,41.5,MEDIUM
Software Developer,Finance,Development Server,2,8.29,0,1,1,0,0,2.09,1,0.802,28.6,LOW
Contractor,HR,Admin Panel,4,18.12,0,1,0,0,0,2.49,1,0.605,54.7,MEDIUM
Contractor,Engineering,Project Management System,1,17.5,0,1,1,1,0,1.44,1,0.988,0.0,LOW
Contractor,Engineering,Production Database,4,16.6,0,0,1,1,0,4.38,1,0.944,33.3,MEDIUM
Software Developer,Product,Development Server,2,23.08,1,0,0,0,4,11.74,0,0.431,100.0,HIGH
HR Specialist,IT,HR Database,3,8.74,0,1,1,0,0,4.88,1,0.969,30.1,MEDIUM
DevOps Engineer,HR,Project Management System,1,14.99,0,1,1,1,0,1.55,1,0.905,2.1,LOW
Finance Analyst,IT,Project Management System,1,7.18,0,1,1,1,1,0.18,1,0.913,10.9,LOW
Contractor,HR,Admin Panel,4,19.13,0,1,1,0,0,4.36,1,0.782,28.4,LOW
DevOps Engineer,Engineering,HR Database,3,10.44,0,1,1,0,0,0.9,1,0.889,32.1,MEDIUM
HR Specialist,Finance,Project Management System,1,1.42,1,1,0,1,0,14.71,0,0.298,93.5,HIGH
Product Manager,HR,GitHub Project Alpha,1,13.33,0,1,0,0,0,1.69,1,0.613,48.2,MEDIUM
System Administrator,Product,Production Database,4,7.19,0,0,1,0,0,3.13,1,0.992,47.4,MEDIUM
QA Engineer,HR,Production Database,4,10.36,0,1,1,0,1,0.72,1,0.896,35.9,MEDIUM
Software Developer,Product,Admin Panel,4,10.61,0,1,1,0,0,4.49,1,0.638,35.8,MEDIUM
Finance Analyst,Product,Admin Panel,4,0.18,1,0,1,0,4,9.71,1,0.119,100.0,HIGH
System Administrator,Engineering,Development Server,2,1.62,1,0,1,1,2,13.6,1,0.186,92.6,HIGH
Finance Analyst,HR,Finance System,3,19.62,0,1,1,0,0,4.64,1,0.854,30.5,MEDIUM
QA Engineer,Product,HR Database,3,14.69,0,1,1,0,0,3.9,1,0.924,26.1,LOW
Finance Analyst,IT,Admin Panel,4,3.87,1,0,0,1,1,13.94,1,0.496,99.1,HIGH
DevOps Engineer,Engineering,Project Management System,1,10.21,0,1,1,1,0,1.4,1,0.654,4.8,LOW
Contractor,Product,HR Database,3,12.19,0,1,1,0,0,3.18,1,0.747,28.7,LOW
Finance Analyst,Engineering,Production Database,4,19.6,0,1,1,1,0,0.59,1,0.618,12.0,LOW
Software Developer,HR,Production Database,4,23.65,1,1,0,0,5,10.02,1,0.294,96.4,HIGH
Contractor,Product,HR Database,3,8.97,0,1,1,0,0,0.36,1,0.909,24.7,LOW
Product Manager,IT,Development Server,2,15.8,0,1,1,0,0,1.07,1,0.94,22.1,LOW
Finance Analyst,Engineering,Development Server,2,3.09,1,0,1,1,1,13.15,1,0.541,81.5,HIGH
HR Specialist,HR,Admin Panel,4,18.65,0,1,1,0,0,3.19,1,0.945,33.9,MEDIUM
Contractor,Product,Admin Panel,4,10.18,0,1,1,0,0,0.63,1,0.602,30.6,MEDIUM
QA Engineer,Finance,HR Database,3,0.13,1,0,0,0,3,12.08,1,0.429,99.0,HIGH
Software Developer,HR,HR Database,3,22.02,1,0,0,1,5,5.66,1,0.427,96.7,HIGH
System Administrator,Product,Finance System,3,12.15,0,1,0,0,1,2.62,1,0.709,59.1,MEDIUM
QA Engineer,Product,Finance System,3,12.59,0,1,1,0,0,3.42,1,0.779,25.9,LOW
Contractor,Finance,Admin Panel,4,8.7,0,1,1,0,1,3.82,1,0.613,43.0,MEDIUM
QA Engineer,IT,Development Server,2,11.63,0,1,0,0,0,0.85,1,0.917,46.9,MEDIUM
DevOps Engineer,IT,Admin Panel,4,12.32,0,1,1,1,1,3.99,1,0.661,20.5,LOW
System Administrator,Engineering,GitHub Project Alpha,1,14.7,0,1,1,1,0,1.18,1,0.793,7.4,LOW
Product Manager,HR,Production Database,4,9.64,0,1,1,0,0,4.75,1,0.96,32.8,MEDIUM
Software Developer,HR,Project Management System,1,16.06,0,1,1,1,0,2.63,1,0.849,2.9,LOW
System Administrator,Product,Project Management System,1,17.41,0,1,1,1,0,3.77,1,0.684,4.9,LOW
Software Developer,Engineering,Project Management System,1,8.64,0,1,0,1,0,2.86,1,0.747,21.9,LOW
HR Specialist,Finance,Admin Panel,4,12.14,0,1,1,0,0,1.17,1,0.64,31.2,MEDIUM
System Administrator,HR,Project Management System,1,9.61,0,1,1,1,0,3.66,1,0.892,2.4,LOW
System Administrator,Product,Finance System,3,18.75,0,1,1,0,1,4.21,1,0.925,39.1,MEDIUM
Product Manager,HR,Admin Panel,4,18.22,0,0,1,0,0,0.48,1,0.841,50.2,MEDIUM
HR Specialist,IT,GitHub Project Alpha,1,14.98,0,1,1,0,0,2.99,1,0.675,24.1,LOW
Contractor,Engineering,Project Management System,1,10.24,0,1,1,1,0,0.55,1,0.709,3.4,LOW
Finance Analyst,Product,Project Management System,1,7.73,0,1,0,1,0,0.89,1,0.761,27.2,LOW
Product Manager,Engineering,Production Database,4,10.73,0,1,1,1,0,2.79,1,0.855,13.6,LOW
QA Engineer,IT,Admin Panel,4,16.42,0,0,1,1,0,0.86,1,0.759,35.8,MEDIUM
Product Manager,Finance,Admin Panel,4,9.13,0,1,1,0,0,0.98,1,0.857,35.1,MEDIUM
QA Engineer,Finance,Finance System,3,19.08,0,1,1,1,1,2.12,1,0.722,18.4,LOW
Product Manager,Engineering,HR Database,3,13.85,0,1,1,0,0,2.77,1,0.841,28.4,LOW
DevOps Engineer,HR,Production Database,4,11.44,0,1,0,0,0,1.33,1,0.792,49.9,MEDIUM
Contractor,IT,GitHub Project Alpha,1,11.45,0,1,1,0,0,4.2,1,0.892,26.8,LOW
System Administrator,Product,GitHub Project Alpha,1,21.01,1,0,0,1,2,4.76,1,0.0,86.7,HIGH
DevOps Engineer,Engineering,Finance System,3,0.26,1,1,0,0,0,4.84,1,0.022,75.7,HIGH
Product Manager,Product,Admin Panel,4,7.65,0,1,1,0,1,4.74,1,0.734,37.4,MEDIUM
Contractor,Product,Production Database,4,8.12,0,1,1,0,0,1.45,1,0.896,33.0,MEDIUM
HR Specialist,Product,HR Database,3,14.47,0,1,1,0,0,1.57,1,0.838,30.1,MEDIUM
Contractor,Finance,Finance System,3,12.96,0,1,1,1,0,2.19,1,0.934,9.2,LOW
Finance Analyst,IT,Project Management System,1,11.63,0,1,1,1,0,3.39,1,0.945,6.6,LOW
DevOps Engineer,Product,HR Database,3,12.52,0,1,1,0,0,2.65,1,0.695,30.7,MEDIUM
DevOps Engineer,Engineering,HR Database,3,9.05,0,1,1,0,0,1.74,1,0.608,31.2,MEDIUM
Finance Analyst,Product,GitHub Project Alpha,1,4.32,1,0,0,1,3,11.68,1,0.298,100.0,HIGH
DevOps Engineer,Finance,GitHub Project Alpha,1,4.21,1,1,0,0,2,9.76,1,0.534,96.2,HIGH
DevOps Engineer,HR,Finance System,3,10.77,0,1,1,0,0,4.0,1,0.683,30.3,MEDIUM
Finance Analyst,Product,Development Server,2,22.19,1,0,0,0,2,9.86,1,0.052,99.1,HIGH
QA Engineer,Finance,HR Database,3,12.83,0,1,1,0,1,1.46,1,0.917,36.5,MEDIUM
DevOps Engineer,Finance,HR Database,3,3.71,1,1,1,0,3,8.81,1,0.223,96.9,HIGH
QA Engineer,HR,Development Server,2,10.92,0,1,1,0,0,2.47,1,0.756,26.7,LOW
DevOps Engineer,Product,GitHub Project Alpha,1,8.49,0,1,1,1,0,4.67,1,0.624,2.7,LOW
System Administrator,Product,GitHub Project Alpha,1,19.49,0,1,1,1,0,0.47,1,0.809,3.8,LOW
Finance Analyst,Engineering,Development Server,2,9.38,0,1,1,1,1,3.8,1,0.782,14.9,LOW
Contractor,Engineering,GitHub Project Alpha,1,15.99,0,1,1,1,0,4.52,1,0.74,1.2,LOW
System Administrator,HR,Admin Panel,4,22.62,1,0,0,0,2,14.57,1,0.16,100.0,HIGH
HR Specialist,HR,Admin Panel,4,14.77,0,1,1,0,1,1.9,1,0.71,37.5,MEDIUM
Software Developer,Finance,Project Management System,1,8.77,0,1,1,1,0,3.07,1,0.704,2.9,LOW
Product Manager,Product,Project Management System,1,13.81,0,1,1,1,0,1.4,1,0.833,0.7,LOW
QA Engineer,Engineering,Admin Panel,4,5.86,1,1,0,0,4,14.74,1,0.516,99.7,HIGH
HR Specialist,Product,Development Server,2,11.76,0,0,1,0,0,3.42,1,0.666,44.9,MEDIUM
HR Specialist,Finance,GitHub Project Alpha,1,17.1,0,1,1,0,0,3.76,1,0.839,27.5,LOW
Software Developer,IT,Admin Panel,4,13.42,0,1,1,1,0,3.68,1,0.697,12.3,LOW
QA Engineer,Finance,GitHub Project Alpha,1,18.62,0,1,1,0,1,0.79,1,0.915,31.0,MEDIUM
Contractor,IT,HR Database,3,13.3,0,1,1,0,0,4.33,1,0.943,24.7,LOW
Software Developer,Product,Development Server,2,18.53,0,1,1,0,0,2.32,1,0.738,29.1,LOW
Product Manager,Product,Admin Panel,4,16.47,0,1,1,0,0,1.69,1,0.758,34.7,MEDIUM
Software Developer,Product,GitHub Project Alpha,1,11.23,0,1,1,1,0,2.71,1,0.969,3.0,LOW
System Administrator,Finance,GitHub Project Alpha,1,10.2,0,1,1,0,0,2.5,1,0.849,26.5,LOW
DevOps Engineer,IT,Admin Panel,4,8.82,0,1,1,1,0,2.26,1,0.879,13.8,LOW
DevOps Engineer,IT,Admin Panel,4,8.9,0,1,1,1,0,1.71,1,0.9,10.4,LOW
Contractor,HR,GitHub Project Alpha,1,4.56,1,0,1,0,4,13.67,1,0.446,100.0,HIGH
DevOps Engineer,IT,GitHub Project Alpha,1,21.35,1,0,0,0,5,7.8,1,0.203,100.0,HIGH
System Administrator,HR,Production Database,4,0.56,1,1,1,0,0,11.39,0,0.285,99.5,HIGH
Product Manager,HR,Project Management System,1,15.77,0,0,1,1,0,2.47,1,0.61,29.0,LOW
DevOps Engineer,IT,Development Server,2,23.96,1,0,0,0,4,14.29,1,0.248,100.0,HIGH
Contractor,IT,Development Server,2,9.83,0,1,1,0,0,3.12,1,0.691,31.2,MEDIUM
HR Specialist,Finance,HR Database,3,18.33,0,1,1,0,0,0.11,1,0.91,24.8,LOW
Finance Analyst,IT,HR Database,3,13.68,0,1,1,0,0,3.37,1,0.656,34.1,MEDIUM
Product Manager,Engineering,Admin Panel,4,0.5,1,0,1,0,5,14.41,1,0.208,97.8,HIGH
System Administrator,Finance,Finance System,3,7.81,0,1,1,1,0,3.16,1,0.934,5.6,LOW
Software Developer,HR,HR Database,3,14.27,0,1,1,1,0,4.11,1,0.851,11.0,LOW
Finance Analyst,IT,GitHub Project Alpha,1,13.81,0,1,1,0,0,0.52,1,0.904,26.5,LOW
System Administrator,Product,Project Management System,1,8.76,0,1,1,1,0,1.85,1,0.955,3.7,LOW
DevOps Engineer,Finance,GitHub Project Alpha,1,16.39,0,1,1,0,0,1.04,1,0.64,24.0,LOW
System Administrator,Product,Development Server,2,14.77,0,1,1,0,0,3.35,1,0.64,26.7,LOW
Finance Analyst,Product,HR Database,3,7.81,0,1,1,0,0,2.95,1,0.952,30.7,MEDIUM
Contractor,HR,Finance System,3,23.55,1,1,0,0,5,13.26,1,0.034,100.0,HIGH
Software Developer,Finance,Project Management System,1,13.39,0,1,1,1,0,3.41,1,0.851,3.3,LOW
HR Specialist,HR,Production Database,4,18.0,0,1,1,0,0,2.22,1,0.818,30.0,MEDIUM
HR Specialist,Finance,Development Server,2,18.4,0,1,1,0,1,0.92,1,0.889,35.2,MEDIUM
QA Engineer,Finance,Finance System,3,23.42,1,0,0,1,0,11.69,1,0.007,100.0,HIGH
System Administrator,HR,Finance System,3,1.48,1,1,0,0,5,4.74,0,0.514,100.0,HIGH
Finance Analyst,IT,Development Server,2,11.18,0,0,1,0,0,1.64,1,0.875,49.3,MEDIUM
Product Manager,IT,Admin Panel,4,19.65,0,1,0,1,0,2.6,1,0.701,34.1,MEDIUM
QA Engineer,HR,Finance System,3,13.99,0,1,1,0,0,3.81,1,0.749,31.7,MEDIUM
System Administrator,Engineering,Project Management System,1,10.81,0,1,1,1,0,1.19,1,0.945,6.8,LOW
HR Specialist,Finance,Admin Panel,4,4.62,1,1,0,0,1,14.02,1,0.293,100.0,HIGH
Finance Analyst,Finance,Development Server,2,19.45,0,1,1,0,0,0.94,1,0.813,30.2,MEDIUM
Contractor,IT,Finance System,3,7.07,0,1,1,0,0,1.41,1,0.851,31.9,MEDIUM
Software Developer,Product,Project Management System,1,10.85,0,1,1,1,1,1.63,1,0.687,13.9,LOW
Contractor,Engineering,HR Database,3,13.15,0,1,1,0,0,1.95,1,0.887,30.4,MEDIUM
DevOps Engineer,Finance,Development Server,2,22.41,1,0,1,0,0,11.2,0,0.335,96.4,HIGH
Software Developer,Finance,Project Management System,1,10.86,0,0,0,1,0,3.52,1,0.875,42.9,MEDIUM
Software Developer,Engineering,Finance System,3,21.35,1,1,0,0,1,7.36,1,0.213,88.5,HIGH
Software Developer,Engineering,Project Management System,1,10.43,0,1,1,1,0,3.59,0,0.929,21.5,LOW
Software Developer,Engineering,Finance System,3,22.04,1,0,0,0,1,3.51,1,0.25,99.1,HIGH
Finance Analyst,HR,Finance System,3,18.7,0,1,1,0,0,0.62,1,0.671,32.6,MEDIUM
Software Developer,Finance,Development Server,2,17.6,0,1,1,0,1,3.82,1,0.758,31.8,MEDIUM
QA Engineer,Finance,Finance System,3,22.97,1,0,1,1,4,3.98,1,0.252,84.0,HIGH
System Administrator,Engineering,Project Management System,1,21.18,1,0,0,1,4,7.78,1,0.223,100.0,HIGH
System Administrator,IT,HR Database,3,23.94,1,0,0,0,0,13.16,1,0.52,96.1,HIGH
Contractor,Finance,HR Database,3,14.22,0,1,1,0,0,1.48,1,0.902,28.9,LOW
Contractor,Product,Production Database,4,15.47,0,1,0,0,1,1.26,1,0.903,60.6,MEDIUM
HR Specialist,HR,Admin Panel,4,5.25,1,0,0,0,5,12.06,1,0.094,97.9,HIGH
HR Specialist,HR,Finance System,3,18.15,0,1,1,0,0,1.02,1,0.964,27.0,LOW
DevOps Engineer,Engineering,GitHub Project Alpha,1,9.51,0,1,1,1,0,4.29,1,0.934,2.2,LOW
System Administrator,Product,Development Server,2,0.07,1,0,1,0,2,4.52,1,0.415,81.1,HIGH
System Administrator,Product,GitHub Project Alpha,1,10.46,0,1,1,1,0,1.1,1,0.656,5.2,LOW
System Administrator,IT,HR Database,3,17.34,0,1,1,0,0,2.41,1,0.98,31.3,MEDIUM
Finance Analyst,Product,Finance System,3,1.32,1,1,0,0,3,7.24,1,0.042,100.0,HIGH
QA Engineer,HR,Finance System,3,18.37,0,1,1,0,1,4.7,1,0.746,35.1,MEDIUM
HR Specialist,IT,HR Database,3,8.03,0,1,1,0,0,1.43,1,0.6,28.4,LOW
Contractor,HR,Project Management System,1,23.99,1,0,1,1,4,12.83,1,0.272,99.1,HIGH
HR Specialist,IT,Development Server,2,13.23,0,1,0,0,0,0.94,1,0.971,47.8,MEDIUM
Contractor,Finance,Finance System,3,16.42,0,1,1,1,0,0.84,1,0.614,10.1,LOW
Product Manager,HR,Development Server,2,18.59,0,1,1,0,0,0.7,1,0.648,27.4,LOW
Software Developer,IT,Production Database,4,0.13,1,1,0,1,3,7.5,1,0.542,83.3,HIGH
QA Engineer,HR,Admin Panel,4,10.42,0,1,1,0,0,3.46,1,0.91,27.7,LOW
QA Engineer,Product,Project Management System,1,8.57,0,1,1,1,1,0.99,1,0.859,14.2,LOW
Finance Analyst,IT,HR Database,3,13.14,0,1,0,0,0,0.75,1,0.958,50.3,MEDIUM
Product Manager,IT,GitHub Project Alpha,1,23.31,1,0,0,0,3,6.13,1,0.242,97.7,HIGH
Finance Analyst,Engineering,Admin Panel,4,10.1,0,1,1,0,0,1.63,1,0.802,30.8,MEDIUM
DevOps Engineer,Engineering,HR Database,3,17.51,0,1,1,0,0,2.29,1,0.898,31.6,MEDIUM
Product Manager,HR,HR Database,3,10.35,0,1,1,1,0,4.37,1,0.782,7.7,LOW
Contractor,Product,Production Database,4,10.35,0,1,0,0,0,1.76,1,0.937,48.0,MEDIUM
DevOps Engineer,Product,Admin Panel,4,19.92,0,1,1,0,0,3.87,1,0.999,32.3,MEDIUM
Product Manager,IT,Project Management System,1,12.11,0,1,1,1,0,3.39,1,1.0,0.0,LOW
Product Manager,Product,Development Server,2,22.9,1,0,0,0,0,8.36,1,0.316,97.9,HIGH
QA Engineer,IT,Admin Panel,4,17.85,0,1,1,1,0,1.16,1,1.0,12.6,LOW
HR Specialist,Product,Development Server,2,2.1,1,0,0,0,0,10.98,1,0.455,100.0,HIGH
Finance Analyst,Finance,Development Server,2,5.19,1,0,1,0,2,14.91,1,0.279,97.4,HIGH
DevOps Engineer,Engineering,Production Database,4,9.71,0,0,1,1,0,3.39,1,0.977,30.9,MEDIUM
Product Manager,IT,Development Server,2,14.64,0,0,1,0,1,0.82,1,0.733,57.3,MEDIUM
Product Manager,HR,Finance System,3,5.82,1,0,0,0,0,5.56,1,0.421,94.6,HIGH
System Administrator,Engineering,GitHub Project Alpha,1,13.95,0,1,0,1,0,4.02,1,0.958,19.4,LOW
Contractor,Product,GitHub Project Alpha,1,8.33,0,1,1,1,1,2.26,1,0.662,14.8,LOW
DevOps Engineer,Product,Finance System,3,13.53,0,1,1,0,1,1.38,1,0.714,38.1,MEDIUM
Product Manager,Finance,HR Database,3,9.89,0,1,1,0,0,3.55,1,0.919,27.5,LOW
DevOps Engineer,Product,HR Database,3,12.16,0,1,1,0,0,0.66,1,0.939,29.2,LOW
QA Engineer,Finance,Admin Panel,4,13.58,0,1,1,0,0,2.39,1,0.718,30.6,MEDIUM
QA Engineer,Product,HR Database,3,18.13,0,1,1,0,0,0.65,1,0.698,31.9,MEDIUM
Product Manager,Product,Admin Panel,4,14.17,0,1,1,0,0,0.23,1,0.738,30.5,MEDIUM
DevOps Engineer,IT,Admin Panel,4,1.62,1,0,0,1,3,8.69,1,0.441,96.5,HIGH
QA Engineer,HR,Production Database,4,17.04,0,1,1,0,0,3.36,1,0.997,29.6,LOW
QA Engineer,Product,Finance System,3,11.93,0,1,1,0,1,4.9,1,0.813,40.1,MEDIUM
HR Specialist,Finance,Project Management System,1,16.86,0,1,1,1,0,2.13,1,0.682,9.6,LOW
System Administrator,IT,Admin Panel,4,18.72,0,1,1,1,0,2.53,1,0.687,13.3,LOW
HR Specialist,Engineering,HR Database,3,3.32,1,0,0,0,1,4.99,1,0.424,94.0,HIGH
Finance Analyst,Finance,HR Database,3,16.76,0,0,1,0,1,3.35,1,0.685,58.9,MEDIUM
System Administrator,Product,Production Database,4,18.01,0,1,1,0,0,2.48,1,0.642,31.5,MEDIUM
DevOps Engineer,HR,Production Database,4,10.94,0,1,1,0,0,2.79,1,0.789,29.7,LOW
System Administrator,Finance,Production Database,4,10.48,0,1,1,0,0,3.61,1,0.701,36.2,MEDIUM
Contractor,Finance,GitHub Project Alpha,1,18.54,0,1,1,0,0,1.21,1,0.703,24.0,LOW
Finance Analyst,Finance,GitHub Project Alpha,1,23.97,1,0,0,0,5,8.66,1,0.233,100.0,HIGH
System Administrator,HR,Production Database,4,17.96,0,1,1,0,0,0.39,1,0.945,28.3,LOW
System Administrator,Engineering,Project Management System,1,17.8,0,1,1,1,1,4.53,1,0.779,8.9,LOW
DevOps Engineer,Finance,Project Management System,1,10.01,0,1,1,1,0,1.91,1,0.732,2.4,LOW
QA Engineer,Engineering,Project Management System,1,17.89,0,1,1,1,1,4.54,1,0.676,16.4,LOW
DevOps Engineer,IT,HR Database,3,21.78,1,0,0,0,4,13.08,1,0.157,97.2,HIGH
System Administrator,Engineering,Production Database,4,12.08,0,1,1,1,1,1.54,1,0.656,19.8,LOW
System Administrator,HR,Finance System,3,17.36,0,1,1,0,1,4.74,1,0.747,36.6,MEDIUM
Software Developer,Finance,Admin Panel,4,9.02,0,1,1,0,0,2.17,1,0.71,33.1,MEDIUM
Contractor,HR,Project Management System,1,9.28,0,1,1,1,1,3.12,1,0.66,15.5,LOW
QA Engineer,Engineering,GitHub Project Alpha,1,11.74,0,1,1,1,0,0.12,1,0.777,4.3,LOW
Product Manager,Engineering,Finance System,3,11.36,0,1,0,0,0,3.38,1,0.815,47.5,MEDIUM
Software Developer,IT,Development Server,2,13.13,0,1,1,0,0,2.16,1,0.606,29.2,LOW
DevOps Engineer,Finance,Development Server,2,12.81,0,1,1,0,1,2.77,1,0.95,31.9,MEDIUM
Product Manager,IT,Admin Panel,4,13.27,0,1,1,1,0,3.42,1,0.618,10.1,LOW
Contractor,IT,Production Database,4,16.96,0,1,1,1,0,0.34,1,0.707,10.9,LOW
DevOps Engineer,IT,Production Database,4,9.49,0,1,1,1,0,4.83,1,0.988,8.3,LOW
DevOps Engineer,IT,Production Database,4,19.19,0,1,1,1,0,4.14,1,0.954,9.6,LOW
Software Developer,Engineering,Project Management System,1,0.5,1,1,0,1,0,11.12,1,0.167,73.8,HIGH
Contractor,HR,Finance System,3,15.14,0,1,0,0,0,3.23,1,0.678,46.7,MEDIUM
Product Manager,Engineering,Finance System,3,23.65,1,1,1,0,4,12.74,1,0.358,100.0,HIGH
Product Manager,HR,Project Management System,1,18.83,0,1,1,1,0,3.98,1,0.776,1.2,LOW
QA Engineer,Product,GitHub Project Alpha,1,12.97,0,1,1,1,0,1.8,1,0.936,6.3,LOW
QA Engineer,Engineering,Project Management System,1,19.37,0,1,1,1,0,0.22,1,0.652,2.0,LOW
Contractor,Finance,Development Server,2,23.37,1,0,0,0,2,9.47,0,0.185,98.1,HIGH
Product Manager,IT,Finance System,3,22.87,1,1,0,0,0,14.13,0,0.275,100.0,HIGH
HR Specialist,Product,Development Server,2,19.08,0,1,1,0,0,2.14,1,0.976,26.1,LOW
Product Manager,Finance,Project Management System,1,1.34,1,1,0,1,0,6.91,1,0.536,53.1,MEDIUM
Software Developer,Engineering,Finance System,3,18.95,0,1,1,0,0,0.33,1,0.765,28.2,LOW
Product Manager,Product,Development Server,2,18.35,0,1,1,0,0,2.16,1,0.868,26.2,LOW
Contractor,Finance,GitHub Project Alpha,1,10.73,0,1,1,0,0,0.24,0,0.685,41.0,MEDIUM
Product Manager,Finance,Finance System,3,7.98,0,1,1,1,0,1.81,1,0.905,8.2,LOW
HR Specialist,IT,Finance System,3,13.64,0,1,1,0,1,3.95,1,0.971,36.6,MEDIUM
Product Manager,HR,GitHub Project Alpha,1,1.95,1,0,1,0,5,8.05,1,0.374,100.0,HIGH
Software Developer,HR,Production Database,4,19.18,0,1,1,0,0,4.0,1,0.811,32.1,MEDIUM
DevOps Engineer,IT,Finance System,3,12.54,0,1,1,0,1,4.1,1,0.74,41.6,MEDIUM
HR Specialist,IT,HR Database,3,12.53,0,1,1,0,0,3.98,1,0.843,32.5,MEDIUM
QA Engineer,Finance,Admin Panel,4,18.63,0,1,1,0,1,1.15,1,0.673,37.7,MEDIUM
Product Manager,Engineering,HR Database,3,19.54,0,1,1,0,0,4.85,1,0.801,26.5,LOW
HR Specialist,Engineering,Project Management System,1,23.53,1,0,0,1,4,8.45,1,0.288,99.1,HIGH
QA Engineer,HR,HR Database,3,16.15,0,0,1,1,0,3.05,1,0.798,28.2,LOW
Product Manager,IT,Production Database,4,23.51,1,1,0,1,5,12.63,1,0.081,97.6,HIGH
HR Specialist,Finance,Project Management System,1,16.77,0,0,1,1,0,3.8,1,0.974,21.1,LOW
Contractor,IT,GitHub Project Alpha,1,9.31,0,1,1,0,1,2.58,1,0.624,35.9,MEDIUM
Contractor,Engineering,Project Management System,1,13.08,0,1,1,1,1,1.47,1,0.774,14.4,LOW
HR Specialist,Engineering,Development Server,2,11.58,0,1,1,1,0,3.17,1,0.605,7.2,LOW
Product Manager,Finance,Project Management System,1,11.38,0,1,1,1,0,4.92,1,0.709,7.9,LOW
Product Manager,Finance,HR Database,3,7.1,0,1,1,0,0,4.2,1,0.631,34.1,MEDIUM
System Administrator,IT,Admin Panel,4,13.76,0,1,1,1,0,0.4,1,0.782,9.3,LOW
HR Specialist,Engineering,Production Database,4,11.02,0,1,1,1,0,2.84,1,0.723,13.1,LOW
Product Manager,IT,Production Database,4,19.69,0,1,1,1,0,3.3,1,0.898,14.4,LOW
DevOps Engineer,Finance,Production Database,4,14.05,0,1,1,0,0,0.4,1,0.828,28.3,LOW
Finance Analyst,HR,HR Database,3,11.45,0,0,1,1,0,1.66,1,0.743,30.3,MEDIUM
Finance Analyst,Product,Development Server,2,23.35,1,1,1,0,5,4.5,1,0.352,88.1,HIGH
Product Manager,HR,Development Server,2,9.73,0,1,1,0,0,1.11,1,0.971,25.3,LOW
Finance Analyst,HR,Production Database,4,9.74,0,1,1,0,1,3.84,1,0.777,39.2,MEDIUM
QA Engineer,HR,Project Management System,1,7.17,0,1,1,1,0,1.99,1,0.994,0.0,LOW
Contractor,Product,Project Management System,1,9.57,0,1,1,1,1,1.43,1,0.923,13.7,LOW
DevOps Engineer,Engineering,Admin Panel,4,14.56,0,1,1,0,1,2.93,1,0.601,42.0,MEDIUM
DevOps Engineer,IT,GitHub Project Alpha,1,7.53,0,1,1,0,0,3.48,1,0.605,28.7,LOW
Product Manager,HR,Development Server,2,19.17,0,1,1,0,0,3.1,1,0.822,23.3,LOW
HR Specialist,Finance,Production Database,4,13.15,0,1,1,0,1,0.91,1,0.838,36.2,MEDIUM
DevOps Engineer,Finance,Development Server,2,11.8,0,1,1,0,0,0.49,1,0.971,25.7,LOW
Software Developer,Engineering,Project Management System,1,22.52,1,0,0,1,3,13.27,1,0.247,96.2,HIGH
Finance Analyst,Engineering,Production Database,4,1.37,1,1,0,1,2,4.37,1,0.583,61.9,MEDIUM
HR Specialist,Engineering,Project Management System,1,16.52,0,0,0,1,0,4.3,1,0.653,46.0,MEDIUM
Product Manager,HR,HR Database,3,8.95,0,1,1,1,0,0.94,1,0.655,13.7,LOW
System Administrator,Product,HR Database,3,16.42,0,1,1,0,0,0.71,1,0.655,33.3,MEDIUM
Finance Analyst,IT,Admin Panel,4,8.44,0,1,1,1,0,4.12,1,0.748,13.2,LOW
HR Specialist,Product,Development Server,2,8.52,0,1,1,0,1,2.77,1,0.93,32.0,MEDIUM
System Administrator,IT,Production Database,4,7.84,0,1,1,1,1,0.49,1,0.851,16.5,LOW
System Administrator,IT,Production Database,4,1.19,1,0,1,1,4,14.76,1,0.161,99.1,HIGH
HR Specialist,IT,Production Database,4,11.73,0,1,1,1,0,1.8,1,0.864,10.7,LOW
HR Specialist,Finance,Production Database,4,4.12,1,0,1,0,2,11.89,1,0.081,97.5,HIGH
Finance Analyst,IT,Production Database,4,18.07,0,1,1,1,0,4.84,1,0.81,15.2,LOW
System Administrator,Finance,Project Management System,1,23.45,1,0,0,1,2,14.01,1,0.513,100.0,HIGH
QA Engineer,Finance,Finance System,3,9.3,0,1,1,1,0,1.05,1,0.977,10.5,LOW
Product Manager,IT,GitHub Project Alpha,1,8.48,0,1,1,0,0,3.25,1,0.843,25.1,LOW
QA Engineer,Engineering,Production Database,4,11.05,0,0,1,1,0,1.84,1,0.699,34.3,MEDIUM
DevOps Engineer,Product,Development Server,2,12.43,0,1,1,0,0,1.13,1,0.711,30.5,MEDIUM
QA Engineer,Engineering,HR Database,3,8.72,0,1,1,0,0,2.09,1,0.838,28.7,LOW
DevOps Engineer,HR,Admin Panel,4,11.61,0,1,1,0,0,1.51,1,0.73,34.5,MEDIUM
Finance Analyst,HR,Development Server,2,1.18,1,0,0,0,0,9.6,1,0.223,99.7,HIGH
System Administrator,Product,Production Database,4,12.48,0,1,1,0,0,4.42,1,0.829,32.0,MEDIUM
System Administrator,Finance,Project Management System,1,18.65,0,1,1,1,0,3.71,1,0.994,0.4,LOW
Software Developer,IT,Project Management System,1,3.85,1,0,0,1,3,8.25,1,0.478,100.0,HIGH
QA Engineer,Finance,GitHub Project Alpha,1,1.26,1,0,0,0,4,13.17,1,0.291,96.4,HIGH
Software Developer,Product,Development Server,2,16.04,0,1,1,0,0,3.63,1,0.875,22.7,LOW
Finance Analyst,IT,Development Server,2,14.71,0,1,1,0,0,3.41,1,0.974,26.2,LOW
Finance Analyst,Finance,Production Database,4,5.42,1,0,1,0,3,4.43,1,0.049,100.0,HIGH
QA Engineer,IT,Production Database,4,12.04,0,1,1,1,0,0.56,1,0.997,11.4,LOW
Software Developer,HR,Development Server,2,17.72,0,1,1,0,0,1.38,1,0.893,29.7,LOW
Product Manager,Product,HR Database,3,11.18,0,1,1,0,0,0.7,1,0.612,34.3,MEDIUM
QA Engineer,Engineering,Development Server,2,16.61,0,1,0,1,0,1.24,1,0.602,30.9,MEDIUM
Software Developer,IT,Admin Panel,4,17.22,0,1,1,1,1,4.0,1,0.937,16.9,LOW
Software Developer,Engineering,Production Database,4,4.77,1,1,0,1,2,4.45,1,0.25,68.3,MEDIUM
QA Engineer,Engineering,Finance System,3,18.77,0,1,1,0,0,3.22,1,0.911,25.7,LOW
System Administrator,Finance,Project Management System,1,19.59,0,1,0,1,1,2.79,1,0.655,33.9,MEDIUM
Software Developer,Finance,HR Database,3,7.24,0,1,1,0,1,2.92,1,0.805,34.9,MEDIUM
Finance Analyst,IT,GitHub Project Alpha,1,8.22,0,1,1,0,0,0.08,1,0.844,20.5,LOW
Finance Analyst,IT,Development Server,2,14.56,0,1,1,0,1,3.92,1,0.789,35.0,MEDIUM
System Administrator,Product,Production Database,4,19.55,0,1,1,0,1,0.88,1,0.727,41.9,MEDIUM
Contractor,HR,Project Management System,1,17.15,0,0,1,1,0,4.37,1,0.745,28.4,LOW
System Administrator,Finance,HR Database,3,17.98,0,1,1,0,0,2.48,1,0.64,28.3,LOW
Finance Analyst,HR,GitHub Project Alpha,1,16.47,0,1,0,0,0,1.66,1,0.682,47.5,MEDIUM
HR Specialist,Finance,Project Management System,1,15.98,0,0,1,1,0,3.59,1,0.73,28.8,LOW
Finance Analyst,Product,Admin Panel,4,15.32,0,1,1,0,0,2.24,1,0.963,26.4,LOW
Software Developer,Engineering,Development Server,2,16.51,0,1,1,1,1,0.49,1,0.815,17.8,LOW
Software Developer,Engineering,GitHub Project Alpha,1,8.08,0,1,1,1,0,3.09,1,0.886,7.1,LOW
Contractor,HR,GitHub Project Alpha,1,13.77,0,0,1,0,0,1.16,1,0.668,43.2,MEDIUM
QA Engineer,Engineering,Admin Panel,4,22.3,1,1,1,0,4,9.14,1,0.415,97.6,HIGH
System Administrator,Finance,HR Database,3,12.54,0,1,1,0,0,4.58,1,0.724,31.5,MEDIUM
Product Manager,Engineering,Finance System,3,18.41,0,1,1,0,0,4.47,1,0.654,31.6,MEDIUM
HR Specialist,HR,GitHub Project Alpha,1,14.23,0,1,1,0,0,0.38,1,0.892,25.4,LOW
HR Specialist,Engineering,Development Server,2,21.42,1,0,0,1,4,5.86,1,0.48,100.0,HIGH
System Administrator,IT,GitHub Project Alpha,1,5.76,1,0,0,0,3,9.25,1,0.271,100.0,HIGH
Software Developer,HR,Production Database,4,16.44,0,1,1,0,1,0.15,1,0.802,37.2,MEDIUM
QA Engineer,IT,GitHub Project Alpha,1,3.64,1,0,0,0,4,6.61,1,0.225,100.0,HIGH
QA Engineer,HR,Admin Panel,4,13.73,0,1,1,0,0,1.47,1,0.636,31.4,MEDIUM
DevOps Engineer,IT,Project Management System,1,12.27,0,1,1,1,0,4.79,1,0.855,0.8,LOW
Contractor,Engineering,HR Database,3,18.84,0,1,1,0,1,4.34,1,0.764,40.1,MEDIUM
Contractor,Engineering,Finance System,3,19.94,0,1,1,0,0,1.55,1,0.663,31.3,MEDIUM
QA Engineer,Product,Development Server,2,5.89,1,0,1,0,0,5.08,1,0.21,71.2,HIGH
DevOps Engineer,Finance,Project Management System,1,15.27,0,1,0,1,0,1.62,1,0.794,24.6,LOW
Software Developer,IT,Finance System,3,9.61,0,1,1,0,0,4.03,1,0.843,32.6,MEDIUM
Contractor,Finance,Finance System,3,9.13,0,1,1,1,1,0.89,1,0.914,14.6,LOW
Finance Analyst,HR,Development Server,2,22.13,1,0,0,0,1,14.47,1,0.048,100.0,HIGH
Finance Analyst,Product,Development Server,2,18.64,0,1,1,0,0,2.26,1,0.829,22.8,LOW
Contractor,Engineering,Project Management System,1,10.36,0,1,1,1,0,2.14,1,0.902,0.7,LOW
DevOps Engineer,Engineering,GitHub Project Alpha,1,3.95,1,0,0,1,1,8.92,1,0.321,91.2,HIGH
Contractor,Engineering,Development Server,2,17.96,0,1,0,1,0,3.93,1,0.844,25.1,LOW
Product Manager,IT,Project Management System,1,8.04,0,1,1,1,0,4.95,1,0.677,7.7,LOW
Finance Analyst,HR,Development Server,2,22.28,1,1,0,0,5,8.21,1,0.191,96.8,HIGH
Contractor,Product,Development Server,2,3.31,1,0,0,0,2,9.9,1,0.416,100.0,HIGH
DevOps Engineer,Finance,GitHub Project Alpha,1,11.53,0,1,1,0,1,3.42,1,0.643,34.1,MEDIUM
HR Specialist,Engineering,Project Management System,1,19.73,0,1,1,1,0,1.49,1,0.959,3.0,LOW
Contractor,Product,Production Database,4,15.4,0,1,1,0,1,3.99,1,0.812,42.7,MEDIUM
DevOps Engineer,HR,Finance System,3,7.88,0,1,1,0,1,0.86,1,0.718,37.7,MEDIUM
Software Developer,IT,GitHub Project Alpha,1,8.28,0,1,1,0,0,3.75,0,0.92,41.5,MEDIUM
DevOps Engineer,IT,Finance System,3,12.26,0,1,1,0,0,1.01,1,0.623,35.2,MEDIUM
HR Specialist,Finance,Development Server,2,21.46,1,0,1,0,3,14.08,1,0.429,100.0,HIGH
System Administrator,IT,Production Database,4,5.02,1,1,0,1,3,10.0,1,0.435,99.3,HIGH
Finance Analyst,Product,GitHub Project Alpha,1,22.39,1,0,1,1,2,8.22,1,0.565,71.5,HIGH
Finance Analyst,Finance,Finance System,3,12.33,0,1,1,1,0,3.59,1,0.997,7.9,LOW
QA Engineer,HR,Project Management System,1,10.72,0,1,1,1,0,1.29,1,0.926,1.0,LOW
QA Engineer,Product,HR Database,3,13.45,0,1,1,0,0,4.24,1,0.752,33.0,MEDIUM
Finance Analyst,HR,Finance System,3,22.55,1,1,1,0,3,11.32,1,0.022,100.0,HIGH
Finance Analyst,Product,Admin Panel,4,0.85,1,0,0,0,2,13.14,1,0.568,97.4,HIGH
DevOps Engineer,Product,Development Server,2,8.22,0,1,1,0,0,4.04,1,0.852,27.7,LOW
Contractor,Product,Development Server,2,18.57,0,1,1,0,0,4.97,1,0.642,28.5,LOW
Contractor,Product,Production Database,4,5.58,1,0,0,0,2,7.26,1,0.376,96.5,HIGH
System Administrator,IT,HR Database,3,22.78,1,0,1,0,5,3.14,1,0.225,100.0,HIGH
HR Specialist,Finance,Development Server,2,5.31,1,1,0,0,1,8.96,1,0.448,93.6,HIGH
HR Specialist,HR,HR Database,3,17.87,0,1,1,1,0,3.84,1,0.912,7.6,LOW
QA Engineer,IT,Project Management System,1,14.66,0,1,1,1,0,4.35,1,0.842,0.4,LOW
Contractor,IT,Development Server,2,19.68,0,1,1,0,0,3.62,1,0.934,23.1,LOW
Contractor,HR,Finance System,3,12.13,0,1,1,0,0,2.05,1,0.837,32.9,MEDIUM
DevOps Engineer,Engineering,GitHub Project Alpha,1,23.85,1,0,0,1,3,4.47,1,0.153,86.8,HIGH
QA Engineer,Product,Admin Panel,4,7.08,0,1,0,0,0,1.41,1,0.631,54.8,MEDIUM
Software Developer,Product,GitHub Project Alpha,1,9.3,0,1,0,1,1,2.45,1,0.921,32.7,MEDIUM
QA Engineer,HR,Finance System,3,22.9,1,0,0,0,0,6.05,1,0.48,91.7,HIGH
Product Manager,IT,GitHub Project Alpha,1,13.77,0,1,1,0,0,1.76,1,0.816,24.6,LOW
Product Manager,Product,Production Database,4,23.01,1,1,0,0,4,11.7,1,0.599,100.0,HIGH
Product Manager,Product,Project Management System,1,15.59,0,1,1,1,1,2.05,1,0.768,10.3,LOW
DevOps Engineer,HR,GitHub Project Alpha,1,3.43,1,0,0,0,3,3.98,1,0.455,98.5,HIGH
HR Specialist,Product,Finance System,3,12.23,0,1,1,0,0,4.87,1,0.997,28.7,LOW
Finance Analyst,HR,Finance System,3,16.79,0,1,1,0,1,2.6,1,0.649,38.1,MEDIUM
System Administrator,Engineering,Project Management System,1,22.11,1,0,0,1,4,11.99,0,0.482,98.2,HIGH
Product Manager,Finance,HR Database,3,11.39,0,1,0,0,0,3.53,1,0.616,48.6,MEDIUM
DevOps Engineer,IT,Development Server,2,19.94,0,1,1,0,0,4.21,1,0.922,29.5,LOW
Software Developer,Engineering,HR Database,3,10.68,0,1,0,0,0,0.71,1,0.705,47.5,MEDIUM
Product Manager,IT,Admin Panel,4,18.08,0,0,1,1,0,2.84,1,0.66,30.4,MEDIUM
Software Developer,Engineering,Admin Panel,4,8.56,0,1,1,0,0,1.45,1,0.928,27.8,LOW
Product Manager,Product,GitHub Project Alpha,1,18.18,0,1,1,1,0,1.88,1,0.725,4.7,LOW
System Administrator,HR,Project Management System,1,3.56,1,1,0,1,3,5.56,0,0.6,80.9,HIGH
Product Manager,IT,HR Database,3,8.32,0,1,1,0,0,0.31,1,0.693,27.2,LOW
System Administrator,Product,Finance System,3,21.82,1,1,0,0,0,12.06,1,0.17,100.0,HIGH
DevOps Engineer,Engineering,Development Server,2,3.25,1,0,0,1,2,9.01,0,0.114,99.6,HIGH
QA Engineer,IT,Finance System,3,0.16,1,0,0,0,1,4.69,1,0.074,100.0,HIGH
Product Manager,Product,GitHub Project Alpha,1,18.26,0,1,1,1,0,1.76,1,0.999,3.0,LOW
DevOps Engineer,IT,Project Management System,1,22.74,1,0,0,1,1,12.19,0,0.129,100.0,HIGH
Product Manager,Engineering,Development Server,2,23.25,1,0,0,1,0,7.61,0,0.418,91.6,HIGH
Contractor,Finance,GitHub Project Alpha,1,8.02,0,1,1,0,0,3.76,1,0.656,26.9,LOW
QA Engineer,IT,Production Database,4,2.95,1,1,0,1,5,3.13,1,0.03,91.9,HIGH
Product Manager,Engineering,GitHub Project Alpha,1,19.08,0,1,1,1,0,1.52,1,0.655,4.3,LOW
QA Engineer,IT,Development Server,2,14.88,0,1,1,0,0,4.17,1,0.83,30.6,MEDIUM
System Administrator,Finance,HR Database,3,23.79,1,1,0,0,1,5.55,1,0.356,81.5,HIGH
HR Specialist,Engineering,GitHub Project Alpha,1,21.8,1,0,1,1,4,9.64,1,0.005,99.9,HIGH
Product Manager,Product,Admin Panel,4,12.74,0,1,1,0,0,2.78,1,0.621,30.4,MEDIUM
HR Specialist,Engineering,Admin Panel,4,0.97,1,0,0,0,5,14.52,1,0.004,99.9,HIGH
System Administrator,Product,Project Management System,1,19.16,0,1,1,1,1,0.56,1,0.875,11.8,LOW
System Administrator,Finance,Production Database,4,13.21,0,1,0,0,0,3.17,1,0.948,52.0,MEDIUM
Contractor,IT,Admin Panel,4,23.52,1,1,1,1,3,11.91,1,0.21,86.5,HIGH
System Administrator,Finance,GitHub Project Alpha,1,11.96,0,1,1,0,1,2.21,1,0.826,33.7,MEDIUM
System Administrator,IT,Finance System,3,8.99,0,1,1,0,0,1.47,1,0.669,27.8,LOW
Contractor,Engineering,HR Database,3,10.41,0,1,0,0,0,1.75,1,0.652,50.4,MEDIUM
Contractor,Finance,Development Server,2,4.58,1,1,0,0,2,8.95,1,0.005,100.0,HIGH
Finance Analyst,Product,Project Management System,1,23.56,1,0,0,1,0,8.04,1,0.361,82.0,HIGH
HR Specialist,HR,Production Database,4,14.27,0,1,1,0,1,4.64,1,0.936,35.2,MEDIUM
HR Specialist,Finance,Finance System,3,23.91,1,0,0,1,1,11.72,1,0.164,100.0,HIGH
HR Specialist,Product,Project Management System,1,5.94,1,0,1,1,3,8.44,1,0.173,84.4,HIGH
Product Manager,Engineering,Production Database,4,12.77,0,1,1,1,0,1.52,1,0.951,13.6,LOW
